ISO-10303-21;
HEADER;
FILE_DESCRIPTION((''),'2;1');
FILE_NAME('HLW_S-2A7_LF','2008-04-04T',('gohd'),('FCI - CDC Division'),
'PRO/ENGINEER BY PARAMETRIC TECHNOLOGY CORPORATION, 2006020',
'PRO/ENGINEER BY PARAMETRIC TECHNOLOGY CORPORATION, 2006020','');
FILE_SCHEMA(('CONFIG_CONTROL_DESIGN'));
ENDSEC;
DATA;
#2=DIRECTION('',(0.E0,0.E0,1.E0));
#3=VECTOR('',#2,3.9E0);
#4=CARTESIAN_POINT('',(6.3E0,1.95E0,-2.95E0));
#5=LINE('257162',#4,#3);
#6=DIRECTION('',(0.E0,-1.E0,-1.978215571150E-14));
#7=VECTOR('',#6,1.1E0);
#8=CARTESIAN_POINT('',(5.5E0,1.95E0,-2.05E0));
#9=LINE('257186',#8,#7);
#10=DIRECTION('',(-1.E0,0.E0,0.E0));
#11=VECTOR('',#10,2.2E1);
#12=CARTESIAN_POINT('',(5.5E0,1.95E0,-2.05E0));
#13=LINE('259150',#12,#11);
#14=DIRECTION('',(0.E0,-1.E0,0.E0));
#15=VECTOR('',#14,4.E-1);
#16=CARTESIAN_POINT('',(-1.65E1,1.95E0,-2.05E0));
#17=LINE('258486',#16,#15);
#18=DIRECTION('',(0.E0,-1.E0,-3.045183153258E-14));
#19=VECTOR('',#18,7.E-1);
#20=CARTESIAN_POINT('',(-1.65E1,1.55E0,-2.05E0));
#21=LINE('258470',#20,#19);
#22=DIRECTION('',(0.E0,7.071067811867E-1,7.071067811864E-1));
#23=VECTOR('',#22,3.535533905934E-1);
#24=CARTESIAN_POINT('',(-1.5725E1,4.499999999999E-1,-2.45E0));
#25=LINE('257483',#24,#23);
#26=DIRECTION('',(1.E0,0.E0,0.E0));
#27=VECTOR('',#26,4.5E-1);
#28=CARTESIAN_POINT('',(-1.5725E1,7.E-1,-2.2E0));
#29=LINE('257482',#28,#27);
#30=DIRECTION('',(0.E0,7.071067811867E-1,7.071067811864E-1));
#31=VECTOR('',#30,3.535533905934E-1);
#32=CARTESIAN_POINT('',(-1.5275E1,4.499999999999E-1,-2.45E0));
#33=LINE('257481',#32,#31);
#34=DIRECTION('',(0.E0,7.071067811867E-1,7.071067811864E-1));
#35=VECTOR('',#34,3.535533905934E-1);
#36=CARTESIAN_POINT('',(-1.3725E1,4.499999999999E-1,-2.45E0));
#37=LINE('257467',#36,#35);
#38=DIRECTION('',(1.E0,0.E0,0.E0));
#39=VECTOR('',#38,4.5E-1);
#40=CARTESIAN_POINT('',(-1.3725E1,7.E-1,-2.2E0));
#41=LINE('257466',#40,#39);
#42=DIRECTION('',(0.E0,7.071067811867E-1,7.071067811864E-1));
#43=VECTOR('',#42,3.535533905934E-1);
#44=CARTESIAN_POINT('',(-1.3275E1,4.499999999999E-1,-2.45E0));
#45=LINE('257465',#44,#43);
#46=DIRECTION('',(0.E0,7.071067811867E-1,7.071067811864E-1));
#47=VECTOR('',#46,3.535533905934E-1);
#48=CARTESIAN_POINT('',(-1.1725E1,4.499999999999E-1,-2.45E0));
#49=LINE('257451',#48,#47);
#50=DIRECTION('',(1.E0,0.E0,0.E0));
#51=VECTOR('',#50,4.5E-1);
#52=CARTESIAN_POINT('',(-1.1725E1,7.E-1,-2.2E0));
#53=LINE('257450',#52,#51);
#54=DIRECTION('',(0.E0,7.071067811867E-1,7.071067811864E-1));
#55=VECTOR('',#54,3.535533905934E-1);
#56=CARTESIAN_POINT('',(-1.1275E1,4.499999999999E-1,-2.45E0));
#57=LINE('257449',#56,#55);
#58=DIRECTION('',(0.E0,7.071067811867E-1,7.071067811864E-1));
#59=VECTOR('',#58,3.535533905934E-1);
#60=CARTESIAN_POINT('',(-9.725E0,4.499999999999E-1,-2.45E0));
#61=LINE('257435',#60,#59);
#62=DIRECTION('',(1.E0,0.E0,0.E0));
#63=VECTOR('',#62,4.5E-1);
#64=CARTESIAN_POINT('',(-9.725E0,7.E-1,-2.2E0));
#65=LINE('257434',#64,#63);
#66=DIRECTION('',(0.E0,7.071067811867E-1,7.071067811864E-1));
#67=VECTOR('',#66,3.535533905934E-1);
#68=CARTESIAN_POINT('',(-9.275E0,4.499999999999E-1,-2.45E0));
#69=LINE('257433',#68,#67);
#70=DIRECTION('',(0.E0,7.071067811867E-1,7.071067811864E-1));
#71=VECTOR('',#70,3.535533905934E-1);
#72=CARTESIAN_POINT('',(-7.725E0,4.499999999999E-1,-2.45E0));
#73=LINE('257419',#72,#71);
#74=DIRECTION('',(1.E0,0.E0,0.E0));
#75=VECTOR('',#74,4.5E-1);
#76=CARTESIAN_POINT('',(-7.725E0,7.E-1,-2.2E0));
#77=LINE('257418',#76,#75);
#78=DIRECTION('',(0.E0,7.071067811867E-1,7.071067811864E-1));
#79=VECTOR('',#78,3.535533905934E-1);
#80=CARTESIAN_POINT('',(-7.275E0,4.499999999999E-1,-2.45E0));
#81=LINE('257417',#80,#79);
#82=DIRECTION('',(0.E0,7.071067811867E-1,7.071067811864E-1));
#83=VECTOR('',#82,3.535533905934E-1);
#84=CARTESIAN_POINT('',(-5.725E0,4.499999999999E-1,-2.45E0));
#85=LINE('257403',#84,#83);
#86=DIRECTION('',(1.E0,0.E0,0.E0));
#87=VECTOR('',#86,4.5E-1);
#88=CARTESIAN_POINT('',(-5.725E0,7.E-1,-2.2E0));
#89=LINE('257402',#88,#87);
#90=DIRECTION('',(0.E0,7.071067811867E-1,7.071067811864E-1));
#91=VECTOR('',#90,3.535533905934E-1);
#92=CARTESIAN_POINT('',(-5.275E0,4.499999999999E-1,-2.45E0));
#93=LINE('257401',#92,#91);
#94=DIRECTION('',(0.E0,7.071067811867E-1,7.071067811864E-1));
#95=VECTOR('',#94,3.535533905934E-1);
#96=CARTESIAN_POINT('',(-3.725E0,4.499999999999E-1,-2.45E0));
#97=LINE('257387',#96,#95);
#98=DIRECTION('',(1.E0,0.E0,0.E0));
#99=VECTOR('',#98,4.5E-1);
#100=CARTESIAN_POINT('',(-3.725E0,7.E-1,-2.2E0));
#101=LINE('257386',#100,#99);
#102=DIRECTION('',(0.E0,7.071067811867E-1,7.071067811864E-1));
#103=VECTOR('',#102,3.535533905934E-1);
#104=CARTESIAN_POINT('',(-3.275E0,4.499999999999E-1,-2.45E0));
#105=LINE('257385',#104,#103);
#106=DIRECTION('',(0.E0,7.071067811867E-1,7.071067811864E-1));
#107=VECTOR('',#106,3.535533905934E-1);
#108=CARTESIAN_POINT('',(-1.725E0,4.499999999999E-1,-2.45E0));
#109=LINE('257371',#108,#107);
#110=DIRECTION('',(1.E0,0.E0,0.E0));
#111=VECTOR('',#110,4.5E-1);
#112=CARTESIAN_POINT('',(-1.725E0,7.E-1,-2.2E0));
#113=LINE('257370',#112,#111);
#114=DIRECTION('',(0.E0,7.071067811867E-1,7.071067811864E-1));
#115=VECTOR('',#114,3.535533905934E-1);
#116=CARTESIAN_POINT('',(-1.275E0,4.499999999999E-1,-2.45E0));
#117=LINE('257369',#116,#115);
#118=DIRECTION('',(0.E0,7.071067811867E-1,7.071067811864E-1));
#119=VECTOR('',#118,3.535533905934E-1);
#120=CARTESIAN_POINT('',(2.75E-1,4.499999999999E-1,-2.45E0));
#121=LINE('257355',#120,#119);
#122=DIRECTION('',(1.E0,0.E0,0.E0));
#123=VECTOR('',#122,4.5E-1);
#124=CARTESIAN_POINT('',(2.75E-1,7.E-1,-2.2E0));
#125=LINE('257354',#124,#123);
#126=DIRECTION('',(0.E0,7.071067811867E-1,7.071067811864E-1));
#127=VECTOR('',#126,3.535533905934E-1);
#128=CARTESIAN_POINT('',(7.25E-1,4.499999999999E-1,-2.45E0));
#129=LINE('257353',#128,#127);
#130=DIRECTION('',(0.E0,7.071067811867E-1,7.071067811864E-1));
#131=VECTOR('',#130,3.535533905934E-1);
#132=CARTESIAN_POINT('',(2.275E0,4.499999999999E-1,-2.45E0));
#133=LINE('257339',#132,#131);
#134=DIRECTION('',(1.E0,0.E0,0.E0));
#135=VECTOR('',#134,4.5E-1);
#136=CARTESIAN_POINT('',(2.275E0,7.E-1,-2.2E0));
#137=LINE('257338',#136,#135);
#138=DIRECTION('',(0.E0,7.071067811867E-1,7.071067811864E-1));
#139=VECTOR('',#138,3.535533905934E-1);
#140=CARTESIAN_POINT('',(2.725E0,4.499999999999E-1,-2.45E0));
#141=LINE('257337',#140,#139);
#142=DIRECTION('',(0.E0,7.071067811867E-1,7.071067811864E-1));
#143=VECTOR('',#142,3.535533905934E-1);
#144=CARTESIAN_POINT('',(4.275E0,4.499999999999E-1,-2.45E0));
#145=LINE('257323',#144,#143);
#146=DIRECTION('',(1.E0,0.E0,0.E0));
#147=VECTOR('',#146,4.5E-1);
#148=CARTESIAN_POINT('',(4.275E0,7.E-1,-2.2E0));
#149=LINE('257322',#148,#147);
#150=DIRECTION('',(0.E0,7.071067811867E-1,7.071067811864E-1));
#151=VECTOR('',#150,3.535533905934E-1);
#152=CARTESIAN_POINT('',(4.725E0,4.499999999999E-1,-2.45E0));
#153=LINE('257321',#152,#151);
#154=DIRECTION('',(-1.E0,0.E0,0.E0));
#155=VECTOR('',#154,2.2E1);
#156=CARTESIAN_POINT('',(5.5E0,8.5E-1,-2.05E0));
#157=LINE('259151',#156,#155);
#158=DIRECTION('',(0.E0,1.E0,0.E0));
#159=VECTOR('',#158,2.500001673519E-1);
#160=CARTESIAN_POINT('',(-1.4275E1,-1.200000167352E0,-2.45E0));
#161=LINE('257686',#160,#159);
#162=DIRECTION('',(1.E0,0.E0,0.E0));
#163=VECTOR('',#162,4.5E-1);
#164=CARTESIAN_POINT('',(-1.4725E1,-1.200000167352E0,-2.45E0));
#165=LINE('257688',#164,#163);
#166=DIRECTION('',(0.E0,-1.E0,0.E0));
#167=VECTOR('',#166,2.500001673519E-1);
#168=CARTESIAN_POINT('',(-1.4725E1,-9.5E-1,-2.45E0));
#169=LINE('257689',#168,#167);
#170=DIRECTION('',(-1.E0,0.E0,0.E0));
#171=VECTOR('',#170,4.5E-1);
#172=CARTESIAN_POINT('',(-1.4275E1,-9.5E-1,-2.45E0));
#173=LINE('257687',#172,#171);
#174=DIRECTION('',(0.E0,1.E0,0.E0));
#175=VECTOR('',#174,2.500001673519E-1);
#176=CARTESIAN_POINT('',(-1.2275E1,-1.200000167352E0,-2.45E0));
#177=LINE('257674',#176,#175);
#178=DIRECTION('',(1.E0,0.E0,0.E0));
#179=VECTOR('',#178,4.5E-1);
#180=CARTESIAN_POINT('',(-1.2725E1,-1.200000167352E0,-2.45E0));
#181=LINE('257676',#180,#179);
#182=DIRECTION('',(0.E0,-1.E0,0.E0));
#183=VECTOR('',#182,2.500001673519E-1);
#184=CARTESIAN_POINT('',(-1.2725E1,-9.5E-1,-2.45E0));
#185=LINE('257677',#184,#183);
#186=DIRECTION('',(-1.E0,0.E0,0.E0));
#187=VECTOR('',#186,4.5E-1);
#188=CARTESIAN_POINT('',(-1.2275E1,-9.5E-1,-2.45E0));
#189=LINE('257675',#188,#187);
#190=DIRECTION('',(0.E0,1.E0,0.E0));
#191=VECTOR('',#190,2.500001673519E-1);
#192=CARTESIAN_POINT('',(-1.0275E1,-1.200000167352E0,-2.45E0));
#193=LINE('257662',#192,#191);
#194=DIRECTION('',(1.E0,0.E0,0.E0));
#195=VECTOR('',#194,4.5E-1);
#196=CARTESIAN_POINT('',(-1.0725E1,-1.200000167352E0,-2.45E0));
#197=LINE('257664',#196,#195);
#198=DIRECTION('',(0.E0,-1.E0,0.E0));
#199=VECTOR('',#198,2.500001673519E-1);
#200=CARTESIAN_POINT('',(-1.0725E1,-9.5E-1,-2.45E0));
#201=LINE('257665',#200,#199);
#202=DIRECTION('',(-1.E0,0.E0,0.E0));
#203=VECTOR('',#202,4.5E-1);
#204=CARTESIAN_POINT('',(-1.0275E1,-9.5E-1,-2.45E0));
#205=LINE('257663',#204,#203);
#206=DIRECTION('',(0.E0,1.E0,0.E0));
#207=VECTOR('',#206,2.500001673519E-1);
#208=CARTESIAN_POINT('',(-8.275E0,-1.200000167352E0,-2.45E0));
#209=LINE('257650',#208,#207);
#210=DIRECTION('',(1.E0,0.E0,0.E0));
#211=VECTOR('',#210,4.5E-1);
#212=CARTESIAN_POINT('',(-8.725E0,-1.200000167352E0,-2.45E0));
#213=LINE('257652',#212,#211);
#214=DIRECTION('',(0.E0,-1.E0,0.E0));
#215=VECTOR('',#214,2.500001673519E-1);
#216=CARTESIAN_POINT('',(-8.725E0,-9.5E-1,-2.45E0));
#217=LINE('257653',#216,#215);
#218=DIRECTION('',(-1.E0,0.E0,0.E0));
#219=VECTOR('',#218,4.5E-1);
#220=CARTESIAN_POINT('',(-8.275E0,-9.5E-1,-2.45E0));
#221=LINE('257651',#220,#219);
#222=DIRECTION('',(0.E0,1.E0,0.E0));
#223=VECTOR('',#222,2.500001673519E-1);
#224=CARTESIAN_POINT('',(-6.275E0,-1.200000167352E0,-2.45E0));
#225=LINE('257638',#224,#223);
#226=DIRECTION('',(1.E0,0.E0,0.E0));
#227=VECTOR('',#226,4.5E-1);
#228=CARTESIAN_POINT('',(-6.725E0,-1.200000167352E0,-2.45E0));
#229=LINE('257640',#228,#227);
#230=DIRECTION('',(0.E0,-1.E0,0.E0));
#231=VECTOR('',#230,2.500001673519E-1);
#232=CARTESIAN_POINT('',(-6.725E0,-9.5E-1,-2.45E0));
#233=LINE('257641',#232,#231);
#234=DIRECTION('',(-1.E0,0.E0,0.E0));
#235=VECTOR('',#234,4.5E-1);
#236=CARTESIAN_POINT('',(-6.275E0,-9.5E-1,-2.45E0));
#237=LINE('257639',#236,#235);
#238=DIRECTION('',(0.E0,1.E0,0.E0));
#239=VECTOR('',#238,2.500001673519E-1);
#240=CARTESIAN_POINT('',(-4.275E0,-1.200000167352E0,-2.45E0));
#241=LINE('257626',#240,#239);
#242=DIRECTION('',(1.E0,0.E0,0.E0));
#243=VECTOR('',#242,4.5E-1);
#244=CARTESIAN_POINT('',(-4.725E0,-1.200000167352E0,-2.45E0));
#245=LINE('257628',#244,#243);
#246=DIRECTION('',(0.E0,-1.E0,0.E0));
#247=VECTOR('',#246,2.500001673519E-1);
#248=CARTESIAN_POINT('',(-4.725E0,-9.5E-1,-2.45E0));
#249=LINE('257629',#248,#247);
#250=DIRECTION('',(-1.E0,0.E0,0.E0));
#251=VECTOR('',#250,4.5E-1);
#252=CARTESIAN_POINT('',(-4.275E0,-9.5E-1,-2.45E0));
#253=LINE('257627',#252,#251);
#254=DIRECTION('',(0.E0,1.E0,0.E0));
#255=VECTOR('',#254,2.500001673519E-1);
#256=CARTESIAN_POINT('',(-2.275E0,-1.200000167352E0,-2.45E0));
#257=LINE('257614',#256,#255);
#258=DIRECTION('',(1.E0,0.E0,0.E0));
#259=VECTOR('',#258,4.5E-1);
#260=CARTESIAN_POINT('',(-2.725E0,-1.200000167352E0,-2.45E0));
#261=LINE('257616',#260,#259);
#262=DIRECTION('',(0.E0,-1.E0,0.E0));
#263=VECTOR('',#262,2.500001673519E-1);
#264=CARTESIAN_POINT('',(-2.725E0,-9.5E-1,-2.45E0));
#265=LINE('257617',#264,#263);
#266=DIRECTION('',(-1.E0,0.E0,0.E0));
#267=VECTOR('',#266,4.5E-1);
#268=CARTESIAN_POINT('',(-2.275E0,-9.5E-1,-2.45E0));
#269=LINE('257615',#268,#267);
#270=DIRECTION('',(0.E0,1.E0,0.E0));
#271=VECTOR('',#270,2.500001673519E-1);
#272=CARTESIAN_POINT('',(-2.75E-1,-1.200000167352E0,-2.45E0));
#273=LINE('257602',#272,#271);
#274=DIRECTION('',(1.E0,0.E0,0.E0));
#275=VECTOR('',#274,4.5E-1);
#276=CARTESIAN_POINT('',(-7.25E-1,-1.200000167352E0,-2.45E0));
#277=LINE('257604',#276,#275);
#278=DIRECTION('',(0.E0,-1.E0,0.E0));
#279=VECTOR('',#278,2.500001673519E-1);
#280=CARTESIAN_POINT('',(-7.25E-1,-9.5E-1,-2.45E0));
#281=LINE('257605',#280,#279);
#282=DIRECTION('',(-1.E0,0.E0,0.E0));
#283=VECTOR('',#282,4.5E-1);
#284=CARTESIAN_POINT('',(-2.75E-1,-9.5E-1,-2.45E0));
#285=LINE('257603',#284,#283);
#286=DIRECTION('',(0.E0,1.E0,0.E0));
#287=VECTOR('',#286,2.500001673519E-1);
#288=CARTESIAN_POINT('',(1.725E0,-1.200000167352E0,-2.45E0));
#289=LINE('257590',#288,#287);
#290=DIRECTION('',(1.E0,0.E0,0.E0));
#291=VECTOR('',#290,4.5E-1);
#292=CARTESIAN_POINT('',(1.275E0,-1.200000167352E0,-2.45E0));
#293=LINE('257592',#292,#291);
#294=DIRECTION('',(0.E0,-1.E0,0.E0));
#295=VECTOR('',#294,2.500001673519E-1);
#296=CARTESIAN_POINT('',(1.275E0,-9.5E-1,-2.45E0));
#297=LINE('257593',#296,#295);
#298=DIRECTION('',(-1.E0,0.E0,0.E0));
#299=VECTOR('',#298,4.5E-1);
#300=CARTESIAN_POINT('',(1.725E0,-9.5E-1,-2.45E0));
#301=LINE('257591',#300,#299);
#302=DIRECTION('',(0.E0,1.E0,0.E0));
#303=VECTOR('',#302,2.500001673519E-1);
#304=CARTESIAN_POINT('',(3.725E0,-1.200000167352E0,-2.45E0));
#305=LINE('257578',#304,#303);
#306=DIRECTION('',(1.E0,0.E0,0.E0));
#307=VECTOR('',#306,4.5E-1);
#308=CARTESIAN_POINT('',(3.275E0,-1.200000167352E0,-2.45E0));
#309=LINE('257580',#308,#307);
#310=DIRECTION('',(0.E0,-1.E0,0.E0));
#311=VECTOR('',#310,2.500001673519E-1);
#312=CARTESIAN_POINT('',(3.275E0,-9.5E-1,-2.45E0));
#313=LINE('257581',#312,#311);
#314=DIRECTION('',(-1.E0,0.E0,0.E0));
#315=VECTOR('',#314,4.5E-1);
#316=CARTESIAN_POINT('',(3.725E0,-9.5E-1,-2.45E0));
#317=LINE('257579',#316,#315);
#318=DIRECTION('',(0.E0,-1.E0,4.504333414193E-14));
#319=VECTOR('',#318,1.4E0);
#320=CARTESIAN_POINT('',(5.5E0,-5.5E-1,-2.45E0));
#321=LINE('257181',#320,#319);
#322=DIRECTION('',(-1.E0,0.E0,0.E0));
#323=VECTOR('',#322,8.E-1);
#324=CARTESIAN_POINT('',(6.3E0,-5.5E-1,-2.45E0));
#325=LINE('257207',#324,#323);
#326=DIRECTION('',(0.E0,-1.E0,0.E0));
#327=VECTOR('',#326,1.E0);
#328=CARTESIAN_POINT('',(6.3E0,4.5E-1,-2.45E0));
#329=LINE('257169',#328,#327);
#330=DIRECTION('',(-1.E0,-1.153199399772E-13,3.896524679975E-14));
#331=VECTOR('',#330,7.75E-1);
#332=CARTESIAN_POINT('',(5.5E0,4.5E-1,-2.45E0));
#333=LINE('257336',#332,#331);
#334=DIRECTION('',(1.449001252392E-12,1.E0,2.225523814969E-12));
#335=VECTOR('',#334,3.499996130519E-1);
#336=CARTESIAN_POINT('',(4.725E0,4.499999999999E-1,-2.45E0));
#337=LINE('257331',#336,#335);
#338=DIRECTION('',(-1.E0,0.E0,0.E0));
#339=VECTOR('',#338,1.55E0);
#340=CARTESIAN_POINT('',(4.275E0,4.499999999999E-1,-2.45E0));
#341=LINE('257352',#340,#339);
#342=DIRECTION('',(1.447732424675E-12,1.E0,2.225523814969E-12));
#343=VECTOR('',#342,3.499996130519E-1);
#344=CARTESIAN_POINT('',(2.725E0,4.499999999999E-1,-2.45E0));
#345=LINE('257347',#344,#343);
#346=DIRECTION('',(-1.E0,0.E0,0.E0));
#347=VECTOR('',#346,1.55E0);
#348=CARTESIAN_POINT('',(2.275E0,4.499999999999E-1,-2.45E0));
#349=LINE('257368',#348,#347);
#350=DIRECTION('',(1.449001252392E-12,1.E0,2.225523814969E-12));
#351=VECTOR('',#350,3.499996130519E-1);
#352=CARTESIAN_POINT('',(7.25E-1,4.499999999999E-1,-2.45E0));
#353=LINE('257363',#352,#351);
#354=DIRECTION('',(-1.E0,0.E0,0.E0));
#355=VECTOR('',#354,1.55E0);
#356=CARTESIAN_POINT('',(2.75E-1,4.499999999999E-1,-2.45E0));
#357=LINE('257384',#356,#355);
#358=DIRECTION('',(-3.584438299480E-13,1.E0,2.224254987252E-12));
#359=VECTOR('',#358,3.499996130519E-1);
#360=CARTESIAN_POINT('',(-1.275E0,4.499999999999E-1,-2.45E0));
#361=LINE('257379',#360,#359);
#362=DIRECTION('',(-1.E0,0.E0,0.E0));
#363=VECTOR('',#362,1.55E0);
#364=CARTESIAN_POINT('',(-1.725E0,4.499999999999E-1,-2.45E0));
#365=LINE('257400',#364,#363);
#366=DIRECTION('',(-3.590782438063E-13,1.E0,2.226792642686E-12));
#367=VECTOR('',#366,3.499996130519E-1);
#368=CARTESIAN_POINT('',(-3.275E0,4.499999999999E-1,-2.45E0));
#369=LINE('257395',#368,#367);
#370=DIRECTION('',(-1.E0,0.E0,0.E0));
#371=VECTOR('',#370,1.55E0);
#372=CARTESIAN_POINT('',(-3.725E0,4.499999999999E-1,-2.45E0));
#373=LINE('257416',#372,#371);
#374=DIRECTION('',(-3.628847269562E-13,1.E0,2.225523814969E-12));
#375=VECTOR('',#374,3.499996130519E-1);
#376=CARTESIAN_POINT('',(-5.275E0,4.499999999999E-1,-2.45E0));
#377=LINE('257411',#376,#375);
#378=DIRECTION('',(-1.E0,0.E0,0.E0));
#379=VECTOR('',#378,1.55E0);
#380=CARTESIAN_POINT('',(-5.725E0,4.499999999999E-1,-2.45E0));
#381=LINE('257432',#380,#379);
#382=DIRECTION('',(-3.628847269562E-13,1.E0,2.225523814969E-12));
#383=VECTOR('',#382,3.499996130519E-1);
#384=CARTESIAN_POINT('',(-7.275E0,4.499999999999E-1,-2.45E0));
#385=LINE('257427',#384,#383);
#386=DIRECTION('',(-1.E0,0.E0,0.E0));
#387=VECTOR('',#386,1.55E0);
#388=CARTESIAN_POINT('',(-7.725E0,4.499999999999E-1,-2.45E0));
#389=LINE('257448',#388,#387);
#390=DIRECTION('',(-3.654223823895E-13,1.E0,2.225523814969E-12));
#391=VECTOR('',#390,3.499996130519E-1);
#392=CARTESIAN_POINT('',(-9.275E0,4.499999999999E-1,-2.45E0));
#393=LINE('257443',#392,#391);
#394=DIRECTION('',(-1.E0,0.E0,0.E0));
#395=VECTOR('',#394,1.55E0);
#396=CARTESIAN_POINT('',(-9.725E0,4.499999999999E-1,-2.45E0));
#397=LINE('257464',#396,#395);
#398=DIRECTION('',(0.E0,1.E0,2.225523814969E-12));
#399=VECTOR('',#398,3.499996130519E-1);
#400=CARTESIAN_POINT('',(-1.1275E1,4.499999999999E-1,-2.45E0));
#401=LINE('257459',#400,#399);
#402=DIRECTION('',(-1.E0,0.E0,0.E0));
#403=VECTOR('',#402,1.55E0);
#404=CARTESIAN_POINT('',(-1.1725E1,4.499999999999E-1,-2.45E0));
#405=LINE('257480',#404,#403);
#406=DIRECTION('',(-3.603470715229E-13,1.E0,2.225523814969E-12));
#407=VECTOR('',#406,3.499996130519E-1);
#408=CARTESIAN_POINT('',(-1.3275E1,4.499999999999E-1,-2.45E0));
#409=LINE('257475',#408,#407);
#410=DIRECTION('',(-1.E0,0.E0,0.E0));
#411=VECTOR('',#410,1.55E0);
#412=CARTESIAN_POINT('',(-1.3725E1,4.499999999999E-1,-2.45E0));
#413=LINE('257496',#412,#411);
#414=DIRECTION('',(-3.603470715229E-13,1.E0,2.224254987252E-12));
#415=VECTOR('',#414,3.499996130519E-1);
#416=CARTESIAN_POINT('',(-1.5275E1,4.499999999999E-1,-2.45E0));
#417=LINE('257491',#416,#415);
#418=DIRECTION('',(-1.E0,1.151766853934E-13,-4.011128347033E-14));
#419=VECTOR('',#418,7.75E-1);
#420=CARTESIAN_POINT('',(-1.5725E1,4.499999999999E-1,-2.45E0));
#421=LINE('263329',#420,#419);
#422=DIRECTION('',(0.E0,1.E0,0.E0));
#423=VECTOR('',#422,1.E0);
#424=CARTESIAN_POINT('',(-1.73E1,-5.5E-1,-2.45E0));
#425=LINE('258482',#424,#423);
#426=DIRECTION('',(-1.E0,0.E0,0.E0));
#427=VECTOR('',#426,8.E-1);
#428=CARTESIAN_POINT('',(-1.65E1,-5.5E-1,-2.45E0));
#429=LINE('258474',#428,#427);
#430=DIRECTION('',(0.E0,1.E0,-4.599495387733E-14));
#431=VECTOR('',#430,1.4E0);
#432=CARTESIAN_POINT('',(-1.65E1,-1.95E0,-2.45E0));
#433=LINE('258467',#432,#431);
#434=DIRECTION('',(-1.057270763256E-13,3.809781629647E-1,-9.245840358475E-1));
#435=VECTOR('',#434,1.192895329943E0);
#436=CARTESIAN_POINT('',(-1.4275E1,2.5E-1,1.759483844583E0));
#437=LINE('257695',#436,#435);
#438=DIRECTION('',(0.E0,-6.247562038888E-1,-7.808198804477E-1));
#439=VECTOR('',#438,2.764455862066E-1);
#440=CARTESIAN_POINT('',(-1.4275E1,7.044670714111E-1,6.565518660802E-1));
#441=LINE('256866',#440,#439);
#442=DIRECTION('',(1.719181244372E-13,-3.840663340635E-1,9.233055025500E-1));
#443=VECTOR('',#442,7.336127939405E-1);
#444=CARTESIAN_POINT('',(-1.4275E1,5.317559763908E-1,4.406976565081E-1));
#445=LINE('257694',#444,#443);
#446=DIRECTION('',(3.503370433262E-14,0.E0,1.E0));
#447=VECTOR('',#446,3.599999999999E0);
#448=CARTESIAN_POINT('',(-1.4275E1,-9.5E-1,-6.049999999999E0));
#449=LINE('257293',#448,#447);
#450=DIRECTION('',(3.454027187723E-14,0.E0,-1.E0));
#451=VECTOR('',#450,3.6E0);
#452=CARTESIAN_POINT('',(-1.4725E1,-9.5E-1,-2.45E0));
#453=LINE('257295',#452,#451);
#454=DIRECTION('',(-3.454027187723E-14,1.519262027911E-7,1.E0));
#455=VECTOR('',#454,3.6E0);
#456=CARTESIAN_POINT('',(-1.4725E1,-1.200000714286E0,-6.05E0));
#457=LINE('257296',#456,#455);
#458=DIRECTION('',(0.E0,-1.E0,-8.064637009039E-13));
#459=VECTOR('',#458,2.500007142863E-1);
#460=CARTESIAN_POINT('',(-1.4725E1,-9.5E-1,-6.05E0));
#461=LINE('256873',#460,#459);
#462=DIRECTION('',(1.694967424027E-13,3.840663340629E-1,-9.233055025502E-1));
#463=VECTOR('',#462,7.336127939416E-1);
#464=CARTESIAN_POINT('',(-1.4725E1,2.5E-1,1.118046385894E0));
#465=LINE('257696',#464,#463);
#466=DIRECTION('',(0.E0,6.247562038889E-1,7.808198804477E-1));
#467=VECTOR('',#466,2.764455862066E-1);
#468=CARTESIAN_POINT('',(-1.4725E1,5.317559763908E-1,4.406976565069E-1));
#469=LINE('256871',#468,#467);
#470=DIRECTION('',(-1.042379625745E-13,-3.809781629643E-1,9.245840358476E-1));
#471=VECTOR('',#470,1.192895329945E0);
#472=CARTESIAN_POINT('',(-1.4725E1,7.044670714111E-1,6.565518660790E-1));
#473=LINE('257697',#472,#471);
#474=DIRECTION('',(-3.552713678801E-14,-1.519262027911E-7,-1.E0));
#475=VECTOR('',#474,3.6E0);
#476=CARTESIAN_POINT('',(-1.4275E1,-1.200000167352E0,-2.45E0));
#477=LINE('257294',#476,#475);
#478=DIRECTION('',(0.E0,1.E0,8.029109973757E-13));
#479=VECTOR('',#478,2.500007142863E-1);
#480=CARTESIAN_POINT('',(-1.4275E1,-1.200000714286E0,-6.05E0));
#481=LINE('256867',#480,#479);
#482=DIRECTION('',(-1.E0,0.E0,-4.361942905641E-13));
#483=VECTOR('',#482,4.499999999997E-1);
#484=CARTESIAN_POINT('',(-1.4275E1,-9.5E-1,-6.049999999999E0));
#485=LINE('256868',#484,#483);
#486=DIRECTION('',(1.E0,0.E0,4.381680203856E-13));
#487=VECTOR('',#486,4.499999999997E-1);
#488=CARTESIAN_POINT('',(-1.4725E1,-1.200000714286E0,-6.05E0));
#489=LINE('256872',#488,#487);
#490=DIRECTION('',(0.E0,0.E0,1.E0));
#491=VECTOR('',#490,6.414374586886E-1);
#492=CARTESIAN_POINT('',(-1.4275E1,2.5E-1,1.118046385894E0));
#493=LINE('257690',#492,#491);
#494=DIRECTION('',(1.E0,0.E0,0.E0));
#495=VECTOR('',#494,4.5E-1);
#496=CARTESIAN_POINT('',(-1.4725E1,2.5E-1,1.118046385894E0));
#497=LINE('257692',#496,#495);
#498=DIRECTION('',(0.E0,0.E0,1.E0));
#499=VECTOR('',#498,6.414374586886E-1);
#500=CARTESIAN_POINT('',(-1.4725E1,2.5E-1,1.118046385894E0));
#501=LINE('257693',#500,#499);
#502=DIRECTION('',(-1.E0,0.E0,0.E0));
#503=VECTOR('',#502,4.5E-1);
#504=CARTESIAN_POINT('',(-1.4275E1,2.5E-1,1.759483844583E0));
#505=LINE('257691',#504,#503);
#506=DIRECTION('',(0.E0,0.E0,1.E0));
#507=VECTOR('',#506,6.414374586886E-1);
#508=CARTESIAN_POINT('',(-1.2275E1,2.5E-1,1.118046385894E0));
#509=LINE('257678',#508,#507);
#510=DIRECTION('',(1.E0,0.E0,0.E0));
#511=VECTOR('',#510,4.5E-1);
#512=CARTESIAN_POINT('',(-1.2725E1,2.5E-1,1.118046385894E0));
#513=LINE('257680',#512,#511);
#514=DIRECTION('',(0.E0,0.E0,1.E0));
#515=VECTOR('',#514,6.414374586886E-1);
#516=CARTESIAN_POINT('',(-1.2725E1,2.5E-1,1.118046385894E0));
#517=LINE('257681',#516,#515);
#518=DIRECTION('',(-1.E0,0.E0,0.E0));
#519=VECTOR('',#518,4.5E-1);
#520=CARTESIAN_POINT('',(-1.2275E1,2.5E-1,1.759483844583E0));
#521=LINE('257679',#520,#519);
#522=DIRECTION('',(0.E0,0.E0,1.E0));
#523=VECTOR('',#522,6.414374586886E-1);
#524=CARTESIAN_POINT('',(-1.0275E1,2.5E-1,1.118046385894E0));
#525=LINE('257666',#524,#523);
#526=DIRECTION('',(1.E0,0.E0,0.E0));
#527=VECTOR('',#526,4.5E-1);
#528=CARTESIAN_POINT('',(-1.0725E1,2.5E-1,1.118046385894E0));
#529=LINE('257668',#528,#527);
#530=DIRECTION('',(0.E0,0.E0,1.E0));
#531=VECTOR('',#530,6.414374586886E-1);
#532=CARTESIAN_POINT('',(-1.0725E1,2.5E-1,1.118046385894E0));
#533=LINE('257669',#532,#531);
#534=DIRECTION('',(-1.E0,0.E0,0.E0));
#535=VECTOR('',#534,4.5E-1);
#536=CARTESIAN_POINT('',(-1.0275E1,2.5E-1,1.759483844583E0));
#537=LINE('257667',#536,#535);
#538=DIRECTION('',(0.E0,0.E0,1.E0));
#539=VECTOR('',#538,6.414374586886E-1);
#540=CARTESIAN_POINT('',(-8.275E0,2.5E-1,1.118046385894E0));
#541=LINE('257654',#540,#539);
#542=DIRECTION('',(1.E0,0.E0,0.E0));
#543=VECTOR('',#542,4.5E-1);
#544=CARTESIAN_POINT('',(-8.725E0,2.5E-1,1.118046385894E0));
#545=LINE('257656',#544,#543);
#546=DIRECTION('',(0.E0,0.E0,1.E0));
#547=VECTOR('',#546,6.414374586886E-1);
#548=CARTESIAN_POINT('',(-8.725E0,2.5E-1,1.118046385894E0));
#549=LINE('257657',#548,#547);
#550=DIRECTION('',(-1.E0,0.E0,0.E0));
#551=VECTOR('',#550,4.5E-1);
#552=CARTESIAN_POINT('',(-8.275E0,2.5E-1,1.759483844583E0));
#553=LINE('257655',#552,#551);
#554=DIRECTION('',(0.E0,0.E0,1.E0));
#555=VECTOR('',#554,6.414374586886E-1);
#556=CARTESIAN_POINT('',(-6.275E0,2.5E-1,1.118046385894E0));
#557=LINE('257642',#556,#555);
#558=DIRECTION('',(1.E0,0.E0,0.E0));
#559=VECTOR('',#558,4.5E-1);
#560=CARTESIAN_POINT('',(-6.725E0,2.5E-1,1.118046385894E0));
#561=LINE('257644',#560,#559);
#562=DIRECTION('',(0.E0,0.E0,1.E0));
#563=VECTOR('',#562,6.414374586886E-1);
#564=CARTESIAN_POINT('',(-6.725E0,2.5E-1,1.118046385894E0));
#565=LINE('257645',#564,#563);
#566=DIRECTION('',(-1.E0,0.E0,0.E0));
#567=VECTOR('',#566,4.5E-1);
#568=CARTESIAN_POINT('',(-6.275E0,2.5E-1,1.759483844583E0));
#569=LINE('257643',#568,#567);
#570=DIRECTION('',(0.E0,0.E0,1.E0));
#571=VECTOR('',#570,6.414374586886E-1);
#572=CARTESIAN_POINT('',(-4.275E0,2.5E-1,1.118046385894E0));
#573=LINE('257630',#572,#571);
#574=DIRECTION('',(1.E0,0.E0,0.E0));
#575=VECTOR('',#574,4.5E-1);
#576=CARTESIAN_POINT('',(-4.725E0,2.5E-1,1.118046385894E0));
#577=LINE('257632',#576,#575);
#578=DIRECTION('',(0.E0,0.E0,1.E0));
#579=VECTOR('',#578,6.414374586886E-1);
#580=CARTESIAN_POINT('',(-4.725E0,2.5E-1,1.118046385894E0));
#581=LINE('257633',#580,#579);
#582=DIRECTION('',(-1.E0,0.E0,0.E0));
#583=VECTOR('',#582,4.5E-1);
#584=CARTESIAN_POINT('',(-4.275E0,2.5E-1,1.759483844583E0));
#585=LINE('257631',#584,#583);
#586=DIRECTION('',(0.E0,0.E0,1.E0));
#587=VECTOR('',#586,6.414374586886E-1);
#588=CARTESIAN_POINT('',(-2.275E0,2.5E-1,1.118046385894E0));
#589=LINE('257618',#588,#587);
#590=DIRECTION('',(1.E0,0.E0,0.E0));
#591=VECTOR('',#590,4.5E-1);
#592=CARTESIAN_POINT('',(-2.725E0,2.5E-1,1.118046385894E0));
#593=LINE('257620',#592,#591);
#594=DIRECTION('',(0.E0,0.E0,1.E0));
#595=VECTOR('',#594,6.414374586886E-1);
#596=CARTESIAN_POINT('',(-2.725E0,2.5E-1,1.118046385894E0));
#597=LINE('257621',#596,#595);
#598=DIRECTION('',(-1.E0,0.E0,0.E0));
#599=VECTOR('',#598,4.5E-1);
#600=CARTESIAN_POINT('',(-2.275E0,2.5E-1,1.759483844583E0));
#601=LINE('257619',#600,#599);
#602=DIRECTION('',(0.E0,0.E0,1.E0));
#603=VECTOR('',#602,6.414374586886E-1);
#604=CARTESIAN_POINT('',(-2.75E-1,2.5E-1,1.118046385894E0));
#605=LINE('257606',#604,#603);
#606=DIRECTION('',(1.E0,0.E0,0.E0));
#607=VECTOR('',#606,4.5E-1);
#608=CARTESIAN_POINT('',(-7.25E-1,2.5E-1,1.118046385894E0));
#609=LINE('257608',#608,#607);
#610=DIRECTION('',(0.E0,0.E0,1.E0));
#611=VECTOR('',#610,6.414374586886E-1);
#612=CARTESIAN_POINT('',(-7.25E-1,2.5E-1,1.118046385894E0));
#613=LINE('257609',#612,#611);
#614=DIRECTION('',(-1.E0,0.E0,0.E0));
#615=VECTOR('',#614,4.5E-1);
#616=CARTESIAN_POINT('',(-2.75E-1,2.5E-1,1.759483844583E0));
#617=LINE('257607',#616,#615);
#618=DIRECTION('',(0.E0,0.E0,1.E0));
#619=VECTOR('',#618,6.414374586886E-1);
#620=CARTESIAN_POINT('',(1.725E0,2.5E-1,1.118046385894E0));
#621=LINE('257594',#620,#619);
#622=DIRECTION('',(1.E0,0.E0,0.E0));
#623=VECTOR('',#622,4.5E-1);
#624=CARTESIAN_POINT('',(1.275E0,2.5E-1,1.118046385894E0));
#625=LINE('257596',#624,#623);
#626=DIRECTION('',(0.E0,0.E0,1.E0));
#627=VECTOR('',#626,6.414374586886E-1);
#628=CARTESIAN_POINT('',(1.275E0,2.5E-1,1.118046385894E0));
#629=LINE('257597',#628,#627);
#630=DIRECTION('',(-1.E0,0.E0,0.E0));
#631=VECTOR('',#630,4.5E-1);
#632=CARTESIAN_POINT('',(1.725E0,2.5E-1,1.759483844583E0));
#633=LINE('257595',#632,#631);
#634=DIRECTION('',(0.E0,0.E0,1.E0));
#635=VECTOR('',#634,6.414374586886E-1);
#636=CARTESIAN_POINT('',(3.725E0,2.5E-1,1.118046385894E0));
#637=LINE('257582',#636,#635);
#638=DIRECTION('',(1.E0,0.E0,0.E0));
#639=VECTOR('',#638,4.5E-1);
#640=CARTESIAN_POINT('',(3.275E0,2.5E-1,1.118046385894E0));
#641=LINE('257584',#640,#639);
#642=DIRECTION('',(0.E0,0.E0,1.E0));
#643=VECTOR('',#642,6.414374586886E-1);
#644=CARTESIAN_POINT('',(3.275E0,2.5E-1,1.118046385894E0));
#645=LINE('257585',#644,#643);
#646=DIRECTION('',(-1.E0,0.E0,0.E0));
#647=VECTOR('',#646,4.5E-1);
#648=CARTESIAN_POINT('',(3.725E0,2.5E-1,1.759483844583E0));
#649=LINE('257583',#648,#647);
#650=DIRECTION('',(0.E0,0.E0,1.E0));
#651=VECTOR('',#650,6.414374586886E-1);
#652=CARTESIAN_POINT('',(-1.5275E1,2.5E-1,1.118046385894E0));
#653=LINE('257484',#652,#651);
#654=DIRECTION('',(1.E0,0.E0,0.E0));
#655=VECTOR('',#654,4.5E-1);
#656=CARTESIAN_POINT('',(-1.5725E1,2.5E-1,1.118046385894E0));
#657=LINE('257486',#656,#655);
#658=DIRECTION('',(0.E0,0.E0,1.E0));
#659=VECTOR('',#658,6.414374586886E-1);
#660=CARTESIAN_POINT('',(-1.5725E1,2.5E-1,1.118046385894E0));
#661=LINE('257487',#660,#659);
#662=DIRECTION('',(-1.E0,0.E0,0.E0));
#663=VECTOR('',#662,4.5E-1);
#664=CARTESIAN_POINT('',(-1.5275E1,2.5E-1,1.759483844583E0));
#665=LINE('257485',#664,#663);
#666=DIRECTION('',(0.E0,0.E0,1.E0));
#667=VECTOR('',#666,6.414374586886E-1);
#668=CARTESIAN_POINT('',(-1.3275E1,2.5E-1,1.118046385894E0));
#669=LINE('257468',#668,#667);
#670=DIRECTION('',(1.E0,0.E0,0.E0));
#671=VECTOR('',#670,4.5E-1);
#672=CARTESIAN_POINT('',(-1.3725E1,2.5E-1,1.118046385894E0));
#673=LINE('257470',#672,#671);
#674=DIRECTION('',(0.E0,0.E0,1.E0));
#675=VECTOR('',#674,6.414374586886E-1);
#676=CARTESIAN_POINT('',(-1.3725E1,2.5E-1,1.118046385894E0));
#677=LINE('257471',#676,#675);
#678=DIRECTION('',(-1.E0,0.E0,0.E0));
#679=VECTOR('',#678,4.5E-1);
#680=CARTESIAN_POINT('',(-1.3275E1,2.5E-1,1.759483844583E0));
#681=LINE('257469',#680,#679);
#682=DIRECTION('',(0.E0,0.E0,1.E0));
#683=VECTOR('',#682,6.414374586886E-1);
#684=CARTESIAN_POINT('',(-1.1275E1,2.5E-1,1.118046385894E0));
#685=LINE('257452',#684,#683);
#686=DIRECTION('',(1.E0,0.E0,0.E0));
#687=VECTOR('',#686,4.5E-1);
#688=CARTESIAN_POINT('',(-1.1725E1,2.5E-1,1.118046385894E0));
#689=LINE('257454',#688,#687);
#690=DIRECTION('',(0.E0,0.E0,1.E0));
#691=VECTOR('',#690,6.414374586886E-1);
#692=CARTESIAN_POINT('',(-1.1725E1,2.5E-1,1.118046385894E0));
#693=LINE('257455',#692,#691);
#694=DIRECTION('',(-1.E0,0.E0,0.E0));
#695=VECTOR('',#694,4.5E-1);
#696=CARTESIAN_POINT('',(-1.1275E1,2.5E-1,1.759483844583E0));
#697=LINE('257453',#696,#695);
#698=DIRECTION('',(0.E0,0.E0,1.E0));
#699=VECTOR('',#698,6.414374586886E-1);
#700=CARTESIAN_POINT('',(-9.275E0,2.5E-1,1.118046385894E0));
#701=LINE('257436',#700,#699);
#702=DIRECTION('',(1.E0,0.E0,0.E0));
#703=VECTOR('',#702,4.5E-1);
#704=CARTESIAN_POINT('',(-9.725E0,2.5E-1,1.118046385894E0));
#705=LINE('257438',#704,#703);
#706=DIRECTION('',(0.E0,0.E0,1.E0));
#707=VECTOR('',#706,6.414374586886E-1);
#708=CARTESIAN_POINT('',(-9.725E0,2.5E-1,1.118046385894E0));
#709=LINE('257439',#708,#707);
#710=DIRECTION('',(-1.E0,0.E0,0.E0));
#711=VECTOR('',#710,4.5E-1);
#712=CARTESIAN_POINT('',(-9.275E0,2.5E-1,1.759483844583E0));
#713=LINE('257437',#712,#711);
#714=DIRECTION('',(0.E0,0.E0,1.E0));
#715=VECTOR('',#714,6.414374586886E-1);
#716=CARTESIAN_POINT('',(-7.275E0,2.5E-1,1.118046385894E0));
#717=LINE('257420',#716,#715);
#718=DIRECTION('',(1.E0,0.E0,0.E0));
#719=VECTOR('',#718,4.5E-1);
#720=CARTESIAN_POINT('',(-7.725E0,2.5E-1,1.118046385894E0));
#721=LINE('257422',#720,#719);
#722=DIRECTION('',(0.E0,0.E0,1.E0));
#723=VECTOR('',#722,6.414374586886E-1);
#724=CARTESIAN_POINT('',(-7.725E0,2.5E-1,1.118046385894E0));
#725=LINE('257423',#724,#723);
#726=DIRECTION('',(-1.E0,0.E0,0.E0));
#727=VECTOR('',#726,4.5E-1);
#728=CARTESIAN_POINT('',(-7.275E0,2.5E-1,1.759483844583E0));
#729=LINE('257421',#728,#727);
#730=DIRECTION('',(0.E0,0.E0,1.E0));
#731=VECTOR('',#730,6.414374586886E-1);
#732=CARTESIAN_POINT('',(-5.275E0,2.5E-1,1.118046385894E0));
#733=LINE('257404',#732,#731);
#734=DIRECTION('',(1.E0,0.E0,0.E0));
#735=VECTOR('',#734,4.5E-1);
#736=CARTESIAN_POINT('',(-5.725E0,2.5E-1,1.118046385894E0));
#737=LINE('257406',#736,#735);
#738=DIRECTION('',(0.E0,0.E0,1.E0));
#739=VECTOR('',#738,6.414374586886E-1);
#740=CARTESIAN_POINT('',(-5.725E0,2.5E-1,1.118046385894E0));
#741=LINE('257407',#740,#739);
#742=DIRECTION('',(-1.E0,0.E0,0.E0));
#743=VECTOR('',#742,4.5E-1);
#744=CARTESIAN_POINT('',(-5.275E0,2.5E-1,1.759483844583E0));
#745=LINE('257405',#744,#743);
#746=DIRECTION('',(0.E0,0.E0,1.E0));
#747=VECTOR('',#746,6.414374586886E-1);
#748=CARTESIAN_POINT('',(-3.275E0,2.5E-1,1.118046385894E0));
#749=LINE('257388',#748,#747);
#750=DIRECTION('',(1.E0,0.E0,0.E0));
#751=VECTOR('',#750,4.5E-1);
#752=CARTESIAN_POINT('',(-3.725E0,2.5E-1,1.118046385894E0));
#753=LINE('257390',#752,#751);
#754=DIRECTION('',(0.E0,0.E0,1.E0));
#755=VECTOR('',#754,6.414374586886E-1);
#756=CARTESIAN_POINT('',(-3.725E0,2.5E-1,1.118046385894E0));
#757=LINE('257391',#756,#755);
#758=DIRECTION('',(-1.E0,0.E0,0.E0));
#759=VECTOR('',#758,4.5E-1);
#760=CARTESIAN_POINT('',(-3.275E0,2.5E-1,1.759483844583E0));
#761=LINE('257389',#760,#759);
#762=DIRECTION('',(0.E0,0.E0,1.E0));
#763=VECTOR('',#762,6.414374586886E-1);
#764=CARTESIAN_POINT('',(-1.275E0,2.5E-1,1.118046385894E0));
#765=LINE('257372',#764,#763);
#766=DIRECTION('',(1.E0,0.E0,0.E0));
#767=VECTOR('',#766,4.5E-1);
#768=CARTESIAN_POINT('',(-1.725E0,2.5E-1,1.118046385894E0));
#769=LINE('257374',#768,#767);
#770=DIRECTION('',(0.E0,0.E0,1.E0));
#771=VECTOR('',#770,6.414374586886E-1);
#772=CARTESIAN_POINT('',(-1.725E0,2.5E-1,1.118046385894E0));
#773=LINE('257375',#772,#771);
#774=DIRECTION('',(-1.E0,0.E0,0.E0));
#775=VECTOR('',#774,4.5E-1);
#776=CARTESIAN_POINT('',(-1.275E0,2.5E-1,1.759483844583E0));
#777=LINE('257373',#776,#775);
#778=DIRECTION('',(0.E0,0.E0,1.E0));
#779=VECTOR('',#778,6.414374586886E-1);
#780=CARTESIAN_POINT('',(7.25E-1,2.5E-1,1.118046385894E0));
#781=LINE('257356',#780,#779);
#782=DIRECTION('',(1.E0,0.E0,0.E0));
#783=VECTOR('',#782,4.5E-1);
#784=CARTESIAN_POINT('',(2.75E-1,2.5E-1,1.118046385894E0));
#785=LINE('257358',#784,#783);
#786=DIRECTION('',(0.E0,0.E0,1.E0));
#787=VECTOR('',#786,6.414374586886E-1);
#788=CARTESIAN_POINT('',(2.75E-1,2.5E-1,1.118046385894E0));
#789=LINE('257359',#788,#787);
#790=DIRECTION('',(-1.E0,0.E0,0.E0));
#791=VECTOR('',#790,4.5E-1);
#792=CARTESIAN_POINT('',(7.25E-1,2.5E-1,1.759483844583E0));
#793=LINE('257357',#792,#791);
#794=DIRECTION('',(0.E0,0.E0,1.E0));
#795=VECTOR('',#794,6.414374586886E-1);
#796=CARTESIAN_POINT('',(2.725E0,2.5E-1,1.118046385894E0));
#797=LINE('257340',#796,#795);
#798=DIRECTION('',(1.E0,0.E0,0.E0));
#799=VECTOR('',#798,4.5E-1);
#800=CARTESIAN_POINT('',(2.275E0,2.5E-1,1.118046385894E0));
#801=LINE('257342',#800,#799);
#802=DIRECTION('',(0.E0,0.E0,1.E0));
#803=VECTOR('',#802,6.414374586886E-1);
#804=CARTESIAN_POINT('',(2.275E0,2.5E-1,1.118046385894E0));
#805=LINE('257343',#804,#803);
#806=DIRECTION('',(-1.E0,0.E0,0.E0));
#807=VECTOR('',#806,4.5E-1);
#808=CARTESIAN_POINT('',(2.725E0,2.5E-1,1.759483844583E0));
#809=LINE('257341',#808,#807);
#810=DIRECTION('',(0.E0,0.E0,1.E0));
#811=VECTOR('',#810,6.414374586886E-1);
#812=CARTESIAN_POINT('',(4.725E0,2.5E-1,1.118046385894E0));
#813=LINE('257324',#812,#811);
#814=DIRECTION('',(1.E0,0.E0,0.E0));
#815=VECTOR('',#814,4.5E-1);
#816=CARTESIAN_POINT('',(4.275E0,2.5E-1,1.118046385894E0));
#817=LINE('257326',#816,#815);
#818=DIRECTION('',(0.E0,0.E0,1.E0));
#819=VECTOR('',#818,6.414374586886E-1);
#820=CARTESIAN_POINT('',(4.275E0,2.5E-1,1.118046385894E0));
#821=LINE('257327',#820,#819);
#822=DIRECTION('',(-1.E0,0.E0,0.E0));
#823=VECTOR('',#822,4.5E-1);
#824=CARTESIAN_POINT('',(4.725E0,2.5E-1,1.759483844583E0));
#825=LINE('257325',#824,#823);
#826=DIRECTION('',(3.279428011200E-14,0.E0,-1.E0));
#827=VECTOR('',#826,3.25E0);
#828=CARTESIAN_POINT('',(-1.656E1,2.5E-1,2.45E0));
#829=LINE('258510',#828,#827);
#830=DIRECTION('',(1.E0,0.E0,2.773090399288E-12));
#831=VECTOR('',#830,4.499999999997E-1);
#832=CARTESIAN_POINT('',(-1.4725E1,5.317559763908E-1,4.406976565069E-1));
#833=LINE('256869',#832,#831);
#834=DIRECTION('',(1.E0,0.E0,2.850312578556E-12));
#835=VECTOR('',#834,4.499999999997E-1);
#836=CARTESIAN_POINT('',(-1.4725E1,7.044670714111E-1,6.565518660790E-1));
#837=LINE('256870',#836,#835);
#838=DIRECTION('',(-1.057270763256E-13,3.809781629647E-1,-9.245840358475E-1));
#839=VECTOR('',#838,1.192895329943E0);
#840=CARTESIAN_POINT('',(-1.2275E1,2.5E-1,1.759483844583E0));
#841=LINE('257683',#840,#839);
#842=DIRECTION('',(0.E0,-6.247562038888E-1,-7.808198804477E-1));
#843=VECTOR('',#842,2.764455862066E-1);
#844=CARTESIAN_POINT('',(-1.2275E1,7.044670714111E-1,6.565518660802E-1));
#845=LINE('256858',#844,#843);
#846=DIRECTION('',(1.719181244372E-13,-3.840663340635E-1,9.233055025500E-1));
#847=VECTOR('',#846,7.336127939405E-1);
#848=CARTESIAN_POINT('',(-1.2275E1,5.317559763908E-1,4.406976565081E-1));
#849=LINE('257682',#848,#847);
#850=DIRECTION('',(3.503370433262E-14,0.E0,1.E0));
#851=VECTOR('',#850,3.599999999999E0);
#852=CARTESIAN_POINT('',(-1.2275E1,-9.5E-1,-6.049999999999E0));
#853=LINE('257289',#852,#851);
#854=DIRECTION('',(3.454027187723E-14,0.E0,-1.E0));
#855=VECTOR('',#854,3.6E0);
#856=CARTESIAN_POINT('',(-1.2725E1,-9.5E-1,-2.45E0));
#857=LINE('257291',#856,#855);
#858=DIRECTION('',(-3.454027187723E-14,1.519262027911E-7,1.E0));
#859=VECTOR('',#858,3.6E0);
#860=CARTESIAN_POINT('',(-1.2725E1,-1.200000714286E0,-6.05E0));
#861=LINE('257292',#860,#859);
#862=DIRECTION('',(0.E0,-1.E0,-8.064637009039E-13));
#863=VECTOR('',#862,2.500007142863E-1);
#864=CARTESIAN_POINT('',(-1.2725E1,-9.5E-1,-6.05E0));
#865=LINE('256865',#864,#863);
#866=DIRECTION('',(1.694967424027E-13,3.840663340629E-1,-9.233055025502E-1));
#867=VECTOR('',#866,7.336127939416E-1);
#868=CARTESIAN_POINT('',(-1.2725E1,2.5E-1,1.118046385894E0));
#869=LINE('257684',#868,#867);
#870=DIRECTION('',(0.E0,6.247562038889E-1,7.808198804477E-1));
#871=VECTOR('',#870,2.764455862066E-1);
#872=CARTESIAN_POINT('',(-1.2725E1,5.317559763908E-1,4.406976565069E-1));
#873=LINE('256863',#872,#871);
#874=DIRECTION('',(-1.042379625745E-13,-3.809781629643E-1,9.245840358476E-1));
#875=VECTOR('',#874,1.192895329945E0);
#876=CARTESIAN_POINT('',(-1.2725E1,7.044670714111E-1,6.565518660790E-1));
#877=LINE('257685',#876,#875);
#878=DIRECTION('',(-3.503370433262E-14,-1.519262027911E-7,-1.E0));
#879=VECTOR('',#878,3.6E0);
#880=CARTESIAN_POINT('',(-1.2275E1,-1.200000167352E0,-2.45E0));
#881=LINE('257290',#880,#879);
#882=DIRECTION('',(0.E0,1.E0,8.029109973757E-13));
#883=VECTOR('',#882,2.500007142863E-1);
#884=CARTESIAN_POINT('',(-1.2275E1,-1.200000714286E0,-6.05E0));
#885=LINE('256859',#884,#883);
#886=DIRECTION('',(-1.E0,0.E0,-4.361942905641E-13));
#887=VECTOR('',#886,4.499999999997E-1);
#888=CARTESIAN_POINT('',(-1.2275E1,-9.5E-1,-6.049999999999E0));
#889=LINE('256860',#888,#887);
#890=DIRECTION('',(1.E0,0.E0,4.381680203856E-13));
#891=VECTOR('',#890,4.499999999997E-1);
#892=CARTESIAN_POINT('',(-1.2725E1,-1.200000714286E0,-6.05E0));
#893=LINE('256864',#892,#891);
#894=DIRECTION('',(1.E0,0.E0,2.773090399288E-12));
#895=VECTOR('',#894,4.499999999997E-1);
#896=CARTESIAN_POINT('',(-1.2725E1,5.317559763908E-1,4.406976565069E-1));
#897=LINE('256861',#896,#895);
#898=DIRECTION('',(1.E0,0.E0,2.850806011011E-12));
#899=VECTOR('',#898,4.499999999997E-1);
#900=CARTESIAN_POINT('',(-1.2725E1,7.044670714111E-1,6.565518660790E-1));
#901=LINE('256862',#900,#899);
#902=DIRECTION('',(0.E0,3.809781629647E-1,-9.245840358475E-1));
#903=VECTOR('',#902,1.192895329943E0);
#904=CARTESIAN_POINT('',(-1.0275E1,2.5E-1,1.759483844583E0));
#905=LINE('257671',#904,#903);
#906=DIRECTION('',(0.E0,-6.247562038888E-1,-7.808198804477E-1));
#907=VECTOR('',#906,2.764455862066E-1);
#908=CARTESIAN_POINT('',(-1.0275E1,7.044670714111E-1,6.565518660802E-1));
#909=LINE('256850',#908,#907);
#910=DIRECTION('',(0.E0,-3.840663340635E-1,9.233055025500E-1));
#911=VECTOR('',#910,7.336127939405E-1);
#912=CARTESIAN_POINT('',(-1.0275E1,5.317559763908E-1,4.406976565081E-1));
#913=LINE('257670',#912,#911);
#914=DIRECTION('',(0.E0,0.E0,1.E0));
#915=VECTOR('',#914,3.599999999999E0);
#916=CARTESIAN_POINT('',(-1.0275E1,-9.5E-1,-6.049999999999E0));
#917=LINE('257285',#916,#915);
#918=DIRECTION('',(0.E0,0.E0,-1.E0));
#919=VECTOR('',#918,3.6E0);
#920=CARTESIAN_POINT('',(-1.0725E1,-9.5E-1,-2.45E0));
#921=LINE('257287',#920,#919);
#922=DIRECTION('',(0.E0,1.519262027911E-7,1.E0));
#923=VECTOR('',#922,3.6E0);
#924=CARTESIAN_POINT('',(-1.0725E1,-1.200000714286E0,-6.05E0));
#925=LINE('257288',#924,#923);
#926=DIRECTION('',(0.E0,-1.E0,-8.064637009039E-13));
#927=VECTOR('',#926,2.500007142863E-1);
#928=CARTESIAN_POINT('',(-1.0725E1,-9.5E-1,-6.05E0));
#929=LINE('256857',#928,#927);
#930=DIRECTION('',(0.E0,3.840663340629E-1,-9.233055025502E-1));
#931=VECTOR('',#930,7.336127939416E-1);
#932=CARTESIAN_POINT('',(-1.0725E1,2.5E-1,1.118046385894E0));
#933=LINE('257672',#932,#931);
#934=DIRECTION('',(0.E0,6.247562038889E-1,7.808198804477E-1));
#935=VECTOR('',#934,2.764455862066E-1);
#936=CARTESIAN_POINT('',(-1.0725E1,5.317559763908E-1,4.406976565069E-1));
#937=LINE('256855',#936,#935);
#938=DIRECTION('',(0.E0,-3.809781629643E-1,9.245840358476E-1));
#939=VECTOR('',#938,1.192895329945E0);
#940=CARTESIAN_POINT('',(-1.0725E1,7.044670714111E-1,6.565518660790E-1));
#941=LINE('257673',#940,#939);
#942=DIRECTION('',(0.E0,-1.519262027911E-7,-1.E0));
#943=VECTOR('',#942,3.6E0);
#944=CARTESIAN_POINT('',(-1.0275E1,-1.200000167352E0,-2.45E0));
#945=LINE('257286',#944,#943);
#946=DIRECTION('',(0.E0,1.E0,8.029109973757E-13));
#947=VECTOR('',#946,2.500007142863E-1);
#948=CARTESIAN_POINT('',(-1.0275E1,-1.200000714286E0,-6.05E0));
#949=LINE('256851',#948,#947);
#950=DIRECTION('',(-1.E0,0.E0,-4.361942905638E-13));
#951=VECTOR('',#950,4.5E-1);
#952=CARTESIAN_POINT('',(-1.0275E1,-9.5E-1,-6.049999999999E0));
#953=LINE('256852',#952,#951);
#954=DIRECTION('',(1.E0,0.E0,4.381680203854E-13));
#955=VECTOR('',#954,4.5E-1);
#956=CARTESIAN_POINT('',(-1.0725E1,-1.200000714286E0,-6.05E0));
#957=LINE('256856',#956,#955);
#958=DIRECTION('',(1.E0,0.E0,2.772967041172E-12));
#959=VECTOR('',#958,4.5E-1);
#960=CARTESIAN_POINT('',(-1.0725E1,5.317559763908E-1,4.406976565069E-1));
#961=LINE('256853',#960,#959);
#962=DIRECTION('',(1.E0,0.E0,2.850806011010E-12));
#963=VECTOR('',#962,4.5E-1);
#964=CARTESIAN_POINT('',(-1.0725E1,7.044670714111E-1,6.565518660790E-1));
#965=LINE('256854',#964,#963);
#966=DIRECTION('',(-1.072161900767E-13,3.809781629647E-1,-9.245840358475E-1));
#967=VECTOR('',#966,1.192895329943E0);
#968=CARTESIAN_POINT('',(-8.275E0,2.5E-1,1.759483844583E0));
#969=LINE('257659',#968,#967);
#970=DIRECTION('',(0.E0,-6.247562038888E-1,-7.808198804477E-1));
#971=VECTOR('',#970,2.764455862066E-1);
#972=CARTESIAN_POINT('',(-8.275E0,7.044670714111E-1,6.565518660802E-1));
#973=LINE('256842',#972,#971);
#974=DIRECTION('',(1.743395064716E-13,-3.840663340635E-1,9.233055025500E-1));
#975=VECTOR('',#974,7.336127939405E-1);
#976=CARTESIAN_POINT('',(-8.275E0,5.317559763908E-1,4.406976565081E-1));
#977=LINE('257658',#976,#975);
#978=DIRECTION('',(3.552713678801E-14,0.E0,1.E0));
#979=VECTOR('',#978,3.599999999999E0);
#980=CARTESIAN_POINT('',(-8.275E0,-9.5E-1,-6.049999999999E0));
#981=LINE('257281',#980,#979);
#982=DIRECTION('',(3.503370433262E-14,0.E0,-1.E0));
#983=VECTOR('',#982,3.6E0);
#984=CARTESIAN_POINT('',(-8.725E0,-9.5E-1,-2.45E0));
#985=LINE('257283',#984,#983);
#986=DIRECTION('',(-3.503370433262E-14,1.519262027911E-7,1.E0));
#987=VECTOR('',#986,3.6E0);
#988=CARTESIAN_POINT('',(-8.725E0,-1.200000714286E0,-6.05E0));
#989=LINE('257284',#988,#987);
#990=DIRECTION('',(0.E0,-1.E0,-8.029109973757E-13));
#991=VECTOR('',#990,2.500007142863E-1);
#992=CARTESIAN_POINT('',(-8.725E0,-9.5E-1,-6.05E0));
#993=LINE('256849',#992,#991);
#994=DIRECTION('',(1.719181244370E-13,3.840663340629E-1,-9.233055025502E-1));
#995=VECTOR('',#994,7.336127939416E-1);
#996=CARTESIAN_POINT('',(-8.725E0,2.5E-1,1.118046385894E0));
#997=LINE('257660',#996,#995);
#998=DIRECTION('',(0.E0,6.247562038889E-1,7.808198804477E-1));
#999=VECTOR('',#998,2.764455862066E-1);
#1000=CARTESIAN_POINT('',(-8.725E0,5.317559763908E-1,4.406976565069E-1));
#1001=LINE('256847',#1000,#999);
#1002=DIRECTION('',(-1.057270763255E-13,-3.809781629643E-1,9.245840358476E-1));
#1003=VECTOR('',#1002,1.192895329945E0);
#1004=CARTESIAN_POINT('',(-8.725E0,7.044670714111E-1,6.565518660790E-1));
#1005=LINE('257661',#1004,#1003);
#1006=DIRECTION('',(-3.552713678801E-14,-1.519262027911E-7,-1.E0));
#1007=VECTOR('',#1006,3.6E0);
#1008=CARTESIAN_POINT('',(-8.275E0,-1.200000167352E0,-2.45E0));
#1009=LINE('257282',#1008,#1007);
#1010=DIRECTION('',(0.E0,1.E0,8.029109973757E-13));
#1011=VECTOR('',#1010,2.500007142863E-1);
#1012=CARTESIAN_POINT('',(-8.275E0,-1.200000714286E0,-6.05E0));
#1013=LINE('256843',#1012,#1011);
#1014=DIRECTION('',(-1.E0,0.E0,-4.361942905641E-13));
#1015=VECTOR('',#1014,4.499999999997E-1);
#1016=CARTESIAN_POINT('',(-8.275E0,-9.5E-1,-6.049999999999E0));
#1017=LINE('256844',#1016,#1015);
#1018=DIRECTION('',(1.E0,0.E0,4.381680203856E-13));
#1019=VECTOR('',#1018,4.499999999997E-1);
#1020=CARTESIAN_POINT('',(-8.725E0,-1.200000714286E0,-6.05E0));
#1021=LINE('256848',#1020,#1019);
#1022=DIRECTION('',(1.E0,0.E0,2.772720324946E-12));
#1023=VECTOR('',#1022,4.499999999997E-1);
#1024=CARTESIAN_POINT('',(-8.725E0,5.317559763908E-1,4.406976565069E-1));
#1025=LINE('256845',#1024,#1023);
#1026=DIRECTION('',(1.E0,0.E0,2.850559294784E-12));
#1027=VECTOR('',#1026,4.499999999997E-1);
#1028=CARTESIAN_POINT('',(-8.725E0,7.044670714111E-1,6.565518660790E-1));
#1029=LINE('256846',#1028,#1027);
#1030=DIRECTION('',(-1.064716332012E-13,3.809781629647E-1,-9.245840358475E-1));
#1031=VECTOR('',#1030,1.192895329943E0);
#1032=CARTESIAN_POINT('',(-6.275E0,2.5E-1,1.759483844583E0));
#1033=LINE('257647',#1032,#1031);
#1034=DIRECTION('',(0.E0,-6.247562038888E-1,-7.808198804477E-1));
#1035=VECTOR('',#1034,2.764455862066E-1);
#1036=CARTESIAN_POINT('',(-6.275E0,7.044670714111E-1,6.565518660802E-1));
#1037=LINE('256834',#1036,#1035);
#1038=DIRECTION('',(1.731288154544E-13,-3.840663340635E-1,9.233055025500E-1));
#1039=VECTOR('',#1038,7.336127939405E-1);
#1040=CARTESIAN_POINT('',(-6.275E0,5.317559763908E-1,4.406976565081E-1));
#1041=LINE('257646',#1040,#1039);
#1042=DIRECTION('',(3.552713678801E-14,0.E0,1.E0));
#1043=VECTOR('',#1042,3.599999999999E0);
#1044=CARTESIAN_POINT('',(-6.275E0,-9.5E-1,-6.049999999999E0));
#1045=LINE('257277',#1044,#1043);
#1046=DIRECTION('',(3.503370433262E-14,0.E0,-1.E0));
#1047=VECTOR('',#1046,3.6E0);
#1048=CARTESIAN_POINT('',(-6.725E0,-9.5E-1,-2.45E0));
#1049=LINE('257279',#1048,#1047);
#1050=DIRECTION('',(-3.503370433262E-14,1.519262027911E-7,1.E0));
#1051=VECTOR('',#1050,3.6E0);
#1052=CARTESIAN_POINT('',(-6.725E0,-1.200000714286E0,-6.05E0));
#1053=LINE('257280',#1052,#1051);
#1054=DIRECTION('',(0.E0,-1.E0,-8.029109973757E-13));
#1055=VECTOR('',#1054,2.500007142863E-1);
#1056=CARTESIAN_POINT('',(-6.725E0,-9.5E-1,-6.05E0));
#1057=LINE('256841',#1056,#1055);
#1058=DIRECTION('',(1.719181244370E-13,3.840663340629E-1,-9.233055025502E-1));
#1059=VECTOR('',#1058,7.336127939416E-1);
#1060=CARTESIAN_POINT('',(-6.725E0,2.5E-1,1.118046385894E0));
#1061=LINE('257648',#1060,#1059);
#1062=DIRECTION('',(0.E0,6.247562038889E-1,7.808198804477E-1));
#1063=VECTOR('',#1062,2.764455862066E-1);
#1064=CARTESIAN_POINT('',(-6.725E0,5.317559763908E-1,4.406976565069E-1));
#1065=LINE('256839',#1064,#1063);
#1066=DIRECTION('',(-1.057270763255E-13,-3.809781629643E-1,9.245840358476E-1));
#1067=VECTOR('',#1066,1.192895329945E0);
#1068=CARTESIAN_POINT('',(-6.725E0,7.044670714111E-1,6.565518660790E-1));
#1069=LINE('257649',#1068,#1067);
#1070=DIRECTION('',(-3.528042056031E-14,-1.519262027911E-7,-1.E0));
#1071=VECTOR('',#1070,3.6E0);
#1072=CARTESIAN_POINT('',(-6.275E0,-1.200000167352E0,-2.45E0));
#1073=LINE('257278',#1072,#1071);
#1074=DIRECTION('',(0.E0,1.E0,8.100164044321E-13));
#1075=VECTOR('',#1074,2.500007142863E-1);
#1076=CARTESIAN_POINT('',(-6.275E0,-1.200000714286E0,-6.05E0));
#1077=LINE('256835',#1076,#1075);
#1078=DIRECTION('',(-1.E0,0.E0,-4.361942905641E-13));
#1079=VECTOR('',#1078,4.499999999997E-1);
#1080=CARTESIAN_POINT('',(-6.275E0,-9.5E-1,-6.049999999999E0));
#1081=LINE('256836',#1080,#1079);
#1082=DIRECTION('',(1.E0,0.E0,4.342205607425E-13));
#1083=VECTOR('',#1082,4.499999999997E-1);
#1084=CARTESIAN_POINT('',(-6.725E0,-1.200000714286E0,-6.05E0));
#1085=LINE('256840',#1084,#1083);
#1086=DIRECTION('',(1.E0,0.E0,2.772843683060E-12));
#1087=VECTOR('',#1086,4.499999999997E-1);
#1088=CARTESIAN_POINT('',(-6.725E0,5.317559763908E-1,4.406976565069E-1));
#1089=LINE('256837',#1088,#1087);
#1090=DIRECTION('',(1.E0,0.E0,2.850559294784E-12));
#1091=VECTOR('',#1090,4.499999999997E-1);
#1092=CARTESIAN_POINT('',(-6.725E0,7.044670714111E-1,6.565518660790E-1));
#1093=LINE('256838',#1092,#1091);
#1094=DIRECTION('',(-1.064716332012E-13,3.809781629647E-1,-9.245840358475E-1));
#1095=VECTOR('',#1094,1.192895329943E0);
#1096=CARTESIAN_POINT('',(-4.275E0,2.5E-1,1.759483844583E0));
#1097=LINE('257635',#1096,#1095);
#1098=DIRECTION('',(0.E0,-6.247562038888E-1,-7.808198804477E-1));
#1099=VECTOR('',#1098,2.764455862066E-1);
#1100=CARTESIAN_POINT('',(-4.275E0,7.044670714111E-1,6.565518660802E-1));
#1101=LINE('256826',#1100,#1099);
#1102=DIRECTION('',(1.731288154544E-13,-3.840663340635E-1,9.233055025500E-1));
#1103=VECTOR('',#1102,7.336127939405E-1);
#1104=CARTESIAN_POINT('',(-4.275E0,5.317559763908E-1,4.406976565081E-1));
#1105=LINE('257634',#1104,#1103);
#1106=DIRECTION('',(3.552713678801E-14,0.E0,1.E0));
#1107=VECTOR('',#1106,3.599999999999E0);
#1108=CARTESIAN_POINT('',(-4.275E0,-9.5E-1,-6.049999999999E0));
#1109=LINE('257273',#1108,#1107);
#1110=DIRECTION('',(3.478698810492E-14,0.E0,-1.E0));
#1111=VECTOR('',#1110,3.6E0);
#1112=CARTESIAN_POINT('',(-4.725E0,-9.5E-1,-2.45E0));
#1113=LINE('257275',#1112,#1111);
#1114=DIRECTION('',(-3.503370433262E-14,1.519262027911E-7,1.E0));
#1115=VECTOR('',#1114,3.6E0);
#1116=CARTESIAN_POINT('',(-4.725E0,-1.200000714286E0,-6.05E0));
#1117=LINE('257276',#1116,#1115);
#1118=DIRECTION('',(0.E0,-1.E0,-8.029109973757E-13));
#1119=VECTOR('',#1118,2.500007142863E-1);
#1120=CARTESIAN_POINT('',(-4.725E0,-9.5E-1,-6.05E0));
#1121=LINE('256833',#1120,#1119);
#1122=DIRECTION('',(1.719181244370E-13,3.840663340629E-1,-9.233055025502E-1));
#1123=VECTOR('',#1122,7.336127939416E-1);
#1124=CARTESIAN_POINT('',(-4.725E0,2.5E-1,1.118046385894E0));
#1125=LINE('257636',#1124,#1123);
#1126=DIRECTION('',(0.E0,6.247562038889E-1,7.808198804477E-1));
#1127=VECTOR('',#1126,2.764455862066E-1);
#1128=CARTESIAN_POINT('',(-4.725E0,5.317559763908E-1,4.406976565069E-1));
#1129=LINE('256831',#1128,#1127);
#1130=DIRECTION('',(-1.057270763255E-13,-3.809781629643E-1,9.245840358476E-1));
#1131=VECTOR('',#1130,1.192895329945E0);
#1132=CARTESIAN_POINT('',(-4.725E0,7.044670714111E-1,6.565518660790E-1));
#1133=LINE('257637',#1132,#1131);
#1134=DIRECTION('',(-3.552713678801E-14,-1.519262027911E-7,-1.E0));
#1135=VECTOR('',#1134,3.6E0);
#1136=CARTESIAN_POINT('',(-4.275E0,-1.200000167352E0,-2.45E0));
#1137=LINE('257274',#1136,#1135);
#1138=DIRECTION('',(0.E0,1.E0,8.064637009039E-13));
#1139=VECTOR('',#1138,2.500007142863E-1);
#1140=CARTESIAN_POINT('',(-4.275E0,-1.200000714286E0,-6.05E0));
#1141=LINE('256827',#1140,#1139);
#1142=DIRECTION('',(-1.E0,0.E0,-4.342205607425E-13));
#1143=VECTOR('',#1142,4.499999999997E-1);
#1144=CARTESIAN_POINT('',(-4.275E0,-9.5E-1,-6.049999999999E0));
#1145=LINE('256828',#1144,#1143);
#1146=DIRECTION('',(1.E0,0.E0,4.342205607425E-13));
#1147=VECTOR('',#1146,4.499999999997E-1);
#1148=CARTESIAN_POINT('',(-4.725E0,-1.200000714286E0,-6.05E0));
#1149=LINE('256832',#1148,#1147);
#1150=DIRECTION('',(1.E0,0.E0,2.772967041174E-12));
#1151=VECTOR('',#1150,4.499999999997E-1);
#1152=CARTESIAN_POINT('',(-4.725E0,5.317559763908E-1,4.406976565069E-1));
#1153=LINE('256829',#1152,#1151);
#1154=DIRECTION('',(1.E0,0.E0,2.850312578556E-12));
#1155=VECTOR('',#1154,4.499999999997E-1);
#1156=CARTESIAN_POINT('',(-4.725E0,7.044670714111E-1,6.565518660790E-1));
#1157=LINE('256830',#1156,#1155);
#1158=DIRECTION('',(-1.064716332012E-13,3.809781629647E-1,-9.245840358475E-1));
#1159=VECTOR('',#1158,1.192895329943E0);
#1160=CARTESIAN_POINT('',(-2.275E0,2.5E-1,1.759483844583E0));
#1161=LINE('257623',#1160,#1159);
#1162=DIRECTION('',(0.E0,-6.247562038888E-1,-7.808198804477E-1));
#1163=VECTOR('',#1162,2.764455862066E-1);
#1164=CARTESIAN_POINT('',(-2.275E0,7.044670714111E-1,6.565518660802E-1));
#1165=LINE('256818',#1164,#1163);
#1166=DIRECTION('',(1.737341609630E-13,-3.840663340635E-1,9.233055025500E-1));
#1167=VECTOR('',#1166,7.336127939405E-1);
#1168=CARTESIAN_POINT('',(-2.275E0,5.317559763908E-1,4.406976565081E-1));
#1169=LINE('257622',#1168,#1167);
#1170=DIRECTION('',(3.528042056032E-14,0.E0,1.E0));
#1171=VECTOR('',#1170,3.599999999999E0);
#1172=CARTESIAN_POINT('',(-2.275E0,-9.5E-1,-6.049999999999E0));
#1173=LINE('257269',#1172,#1171);
#1174=DIRECTION('',(3.503370433262E-14,0.E0,-1.E0));
#1175=VECTOR('',#1174,3.6E0);
#1176=CARTESIAN_POINT('',(-2.725E0,-9.5E-1,-2.45E0));
#1177=LINE('257271',#1176,#1175);
#1178=DIRECTION('',(-3.503370433262E-14,1.519262027911E-7,1.E0));
#1179=VECTOR('',#1178,3.6E0);
#1180=CARTESIAN_POINT('',(-2.725E0,-1.200000714286E0,-6.05E0));
#1181=LINE('257272',#1180,#1179);
#1182=DIRECTION('',(0.E0,-1.E0,-8.064637009039E-13));
#1183=VECTOR('',#1182,2.500007142863E-1);
#1184=CARTESIAN_POINT('',(-2.725E0,-9.5E-1,-6.05E0));
#1185=LINE('256825',#1184,#1183);
#1186=DIRECTION('',(1.731288154541E-13,3.840663340629E-1,-9.233055025502E-1));
#1187=VECTOR('',#1186,7.336127939416E-1);
#1188=CARTESIAN_POINT('',(-2.725E0,2.5E-1,1.118046385894E0));
#1189=LINE('257624',#1188,#1187);
#1190=DIRECTION('',(0.E0,6.247562038889E-1,7.808198804477E-1));
#1191=VECTOR('',#1190,2.764455862066E-1);
#1192=CARTESIAN_POINT('',(-2.725E0,5.317559763908E-1,4.406976565069E-1));
#1193=LINE('256823',#1192,#1191);
#1194=DIRECTION('',(-1.064716332011E-13,-3.809781629643E-1,9.245840358476E-1));
#1195=VECTOR('',#1194,1.192895329945E0);
#1196=CARTESIAN_POINT('',(-2.725E0,7.044670714111E-1,6.565518660790E-1));
#1197=LINE('257625',#1196,#1195);
#1198=DIRECTION('',(-3.528042056031E-14,-1.519262027911E-7,-1.E0));
#1199=VECTOR('',#1198,3.6E0);
#1200=CARTESIAN_POINT('',(-2.275E0,-1.200000167352E0,-2.45E0));
#1201=LINE('257270',#1200,#1199);
#1202=DIRECTION('',(0.E0,1.E0,8.064637009039E-13));
#1203=VECTOR('',#1202,2.500007142863E-1);
#1204=CARTESIAN_POINT('',(-2.275E0,-1.200000714286E0,-6.05E0));
#1205=LINE('256819',#1204,#1203);
#1206=DIRECTION('',(-1.E0,0.E0,-4.342205607425E-13));
#1207=VECTOR('',#1206,4.499999999997E-1);
#1208=CARTESIAN_POINT('',(-2.275E0,-9.5E-1,-6.049999999999E0));
#1209=LINE('256820',#1208,#1207);
#1210=DIRECTION('',(1.E0,0.E0,4.342205607425E-13));
#1211=VECTOR('',#1210,4.499999999997E-1);
#1212=CARTESIAN_POINT('',(-2.725E0,-1.200000714286E0,-6.05E0));
#1213=LINE('256824',#1212,#1211);
#1214=DIRECTION('',(1.E0,0.E0,2.772967041174E-12));
#1215=VECTOR('',#1214,4.499999999997E-1);
#1216=CARTESIAN_POINT('',(-2.725E0,5.317559763908E-1,4.406976565069E-1));
#1217=LINE('256821',#1216,#1215);
#1218=DIRECTION('',(1.E0,0.E0,2.850312578556E-12));
#1219=VECTOR('',#1218,4.499999999997E-1);
#1220=CARTESIAN_POINT('',(-2.725E0,7.044670714111E-1,6.565518660790E-1));
#1221=LINE('256822',#1220,#1219);
#1222=DIRECTION('',(4.246766278819E-13,3.809781629647E-1,-9.245840358475E-1));
#1223=VECTOR('',#1222,1.192895329943E0);
#1224=CARTESIAN_POINT('',(-2.75E-1,2.5E-1,1.759483844583E0));
#1225=LINE('257611',#1224,#1223);
#1226=DIRECTION('',(0.E0,-6.247562038888E-1,-7.808198804477E-1));
#1227=VECTOR('',#1226,2.764455862066E-1);
#1228=CARTESIAN_POINT('',(-2.749999999995E-1,7.044670714111E-1,
6.565518660802E-1));
#1229=LINE('256810',#1228,#1227);
#1230=DIRECTION('',(-6.905478889147E-13,-3.840663340635E-1,9.233055025500E-1));
#1231=VECTOR('',#1230,7.336127939405E-1);
#1232=CARTESIAN_POINT('',(-2.749999999995E-1,5.317559763908E-1,
4.406976565081E-1));
#1233=LINE('257610',#1232,#1231);
#1234=DIRECTION('',(-1.407053486070E-13,0.E0,1.E0));
#1235=VECTOR('',#1234,3.599999999999E0);
#1236=CARTESIAN_POINT('',(-2.749999999995E-1,-9.5E-1,-6.049999999999E0));
#1237=LINE('257265',#1236,#1235);
#1238=DIRECTION('',(-1.408132869566E-13,0.E0,-1.E0));
#1239=VECTOR('',#1238,3.6E0);
#1240=CARTESIAN_POINT('',(-7.25E-1,-9.5E-1,-2.45E0));
#1241=LINE('257267',#1240,#1239);
#1242=DIRECTION('',(1.408441264851E-13,1.519262027911E-7,1.E0));
#1243=VECTOR('',#1242,3.6E0);
#1244=CARTESIAN_POINT('',(-7.250000000005E-1,-1.200000714286E0,-6.05E0));
#1245=LINE('257268',#1244,#1243);
#1246=DIRECTION('',(0.E0,-1.E0,-8.064637009039E-13));
#1247=VECTOR('',#1246,2.500007142863E-1);
#1248=CARTESIAN_POINT('',(-7.250000000005E-1,-9.5E-1,-6.05E0));
#1249=LINE('256817',#1248,#1247);
#1250=DIRECTION('',(-6.913045707994E-13,3.840663340629E-1,-9.233055025502E-1));
#1251=VECTOR('',#1250,7.336127939416E-1);
#1252=CARTESIAN_POINT('',(-7.25E-1,2.5E-1,1.118046385894E0));
#1253=LINE('257612',#1252,#1251);
#1254=DIRECTION('',(0.E0,6.247562038889E-1,7.808198804477E-1));
#1255=VECTOR('',#1254,2.764455862066E-1);
#1256=CARTESIAN_POINT('',(-7.250000000005E-1,5.317559763908E-1,
4.406976565069E-1));
#1257=LINE('256815',#1256,#1255);
#1258=DIRECTION('',(4.250489063193E-13,-3.809781629643E-1,9.245840358476E-1));
#1259=VECTOR('',#1258,1.192895329945E0);
#1260=CARTESIAN_POINT('',(-7.250000000005E-1,7.044670714111E-1,
6.565518660790E-1));
#1261=LINE('257613',#1260,#1259);
#1262=DIRECTION('',(1.407053486070E-13,-1.519262027911E-7,-1.E0));
#1263=VECTOR('',#1262,3.6E0);
#1264=CARTESIAN_POINT('',(-2.75E-1,-1.200000167352E0,-2.45E0));
#1265=LINE('257266',#1264,#1263);
#1266=DIRECTION('',(0.E0,1.E0,8.064637009039E-13));
#1267=VECTOR('',#1266,2.500007142863E-1);
#1268=CARTESIAN_POINT('',(-2.749999999995E-1,-1.200000714286E0,-6.05E0));
#1269=LINE('256811',#1268,#1267);
#1270=DIRECTION('',(-1.E0,0.E0,-4.361942905629E-13));
#1271=VECTOR('',#1270,4.500000000010E-1);
#1272=CARTESIAN_POINT('',(-2.749999999995E-1,-9.5E-1,-6.049999999999E0));
#1273=LINE('256812',#1272,#1271);
#1274=DIRECTION('',(1.E0,0.E0,4.361942905629E-13));
#1275=VECTOR('',#1274,4.500000000010E-1);
#1276=CARTESIAN_POINT('',(-7.250000000005E-1,-1.200000714286E0,-6.05E0));
#1277=LINE('256816',#1276,#1275);
#1278=DIRECTION('',(1.E0,0.E0,2.773090399280E-12));
#1279=VECTOR('',#1278,4.500000000010E-1);
#1280=CARTESIAN_POINT('',(-7.250000000005E-1,5.317559763908E-1,
4.406976565069E-1));
#1281=LINE('256813',#1280,#1279);
#1282=DIRECTION('',(1.E0,0.E0,2.850312578548E-12));
#1283=VECTOR('',#1282,4.500000000010E-1);
#1284=CARTESIAN_POINT('',(-7.250000000005E-1,7.044670714111E-1,
6.565518660790E-1));
#1285=LINE('256814',#1284,#1283);
#1286=DIRECTION('',(4.249558367102E-13,3.809781629647E-1,-9.245840358475E-1));
#1287=VECTOR('',#1286,1.192895329943E0);
#1288=CARTESIAN_POINT('',(1.725E0,2.5E-1,1.759483844583E0));
#1289=LINE('257599',#1288,#1287);
#1290=DIRECTION('',(0.E0,-6.247562038888E-1,-7.808198804477E-1));
#1291=VECTOR('',#1290,2.764455862066E-1);
#1292=CARTESIAN_POINT('',(1.725000000001E0,7.044670714111E-1,
6.565518660802E-1));
#1293=LINE('256922',#1292,#1291);
#1294=DIRECTION('',(-6.906992252919E-13,-3.840663340635E-1,9.233055025500E-1));
#1295=VECTOR('',#1294,7.336127939405E-1);
#1296=CARTESIAN_POINT('',(1.725000000001E0,5.317559763908E-1,
4.406976565081E-1));
#1297=LINE('257598',#1296,#1295);
#1298=DIRECTION('',(-1.406899288428E-13,0.E0,1.E0));
#1299=VECTOR('',#1298,3.599999999999E0);
#1300=CARTESIAN_POINT('',(1.725000000001E0,-9.5E-1,-6.049999999999E0));
#1301=LINE('257261',#1300,#1299);
#1302=DIRECTION('',(-1.407516078997E-13,0.E0,-1.E0));
#1303=VECTOR('',#1302,3.6E0);
#1304=CARTESIAN_POINT('',(1.275E0,-9.5E-1,-2.45E0));
#1305=LINE('257263',#1304,#1303);
#1306=DIRECTION('',(1.406899288428E-13,1.519262027911E-7,1.E0));
#1307=VECTOR('',#1306,3.6E0);
#1308=CARTESIAN_POINT('',(1.274999999999E0,-1.200000714286E0,-6.05E0));
#1309=LINE('257264',#1308,#1307);
#1310=DIRECTION('',(0.E0,-1.E0,-8.064637009039E-13));
#1311=VECTOR('',#1310,2.500007142863E-1);
#1312=CARTESIAN_POINT('',(1.274999999999E0,-9.5E-1,-6.05E0));
#1313=LINE('256929',#1312,#1311);
#1314=DIRECTION('',(-6.913045707994E-13,3.840663340629E-1,-9.233055025502E-1));
#1315=VECTOR('',#1314,7.336127939416E-1);
#1316=CARTESIAN_POINT('',(1.275E0,2.5E-1,1.118046385894E0));
#1317=LINE('257600',#1316,#1315);
#1318=DIRECTION('',(0.E0,6.247562038889E-1,7.808198804477E-1));
#1319=VECTOR('',#1318,2.764455862066E-1);
#1320=CARTESIAN_POINT('',(1.274999999999E0,5.317559763908E-1,
4.406976565069E-1));
#1321=LINE('256927',#1320,#1319);
#1322=DIRECTION('',(4.251419759287E-13,-3.809781629643E-1,9.245840358476E-1));
#1323=VECTOR('',#1322,1.192895329945E0);
#1324=CARTESIAN_POINT('',(1.274999999999E0,7.044670714111E-1,
6.565518660790E-1));
#1325=LINE('257601',#1324,#1323);
#1326=DIRECTION('',(1.407516078997E-13,-1.519262027911E-7,-1.E0));
#1327=VECTOR('',#1326,3.6E0);
#1328=CARTESIAN_POINT('',(1.725E0,-1.200000167352E0,-2.45E0));
#1329=LINE('257262',#1328,#1327);
#1330=DIRECTION('',(0.E0,1.E0,8.064637009039E-13));
#1331=VECTOR('',#1330,2.500007142863E-1);
#1332=CARTESIAN_POINT('',(1.725000000001E0,-1.200000714286E0,-6.05E0));
#1333=LINE('256923',#1332,#1331);
#1334=DIRECTION('',(-1.E0,0.E0,-4.361942905629E-13));
#1335=VECTOR('',#1334,4.500000000010E-1);
#1336=CARTESIAN_POINT('',(1.725000000001E0,-9.5E-1,-6.049999999999E0));
#1337=LINE('256924',#1336,#1335);
#1338=DIRECTION('',(1.E0,0.E0,4.361942905629E-13));
#1339=VECTOR('',#1338,4.500000000010E-1);
#1340=CARTESIAN_POINT('',(1.274999999999E0,-1.200000714286E0,-6.05E0));
#1341=LINE('256928',#1340,#1339);
#1342=DIRECTION('',(1.E0,0.E0,2.773090399280E-12));
#1343=VECTOR('',#1342,4.500000000010E-1);
#1344=CARTESIAN_POINT('',(1.274999999999E0,5.317559763908E-1,
4.406976565069E-1));
#1345=LINE('256925',#1344,#1343);
#1346=DIRECTION('',(1.E0,0.E0,2.850806011003E-12));
#1347=VECTOR('',#1346,4.500000000010E-1);
#1348=CARTESIAN_POINT('',(1.274999999999E0,7.044670714111E-1,
6.565518660790E-1));
#1349=LINE('256926',#1348,#1347);
#1350=DIRECTION('',(4.247696974913E-13,3.809781629647E-1,-9.245840358475E-1));
#1351=VECTOR('',#1350,1.192895329943E0);
#1352=CARTESIAN_POINT('',(3.725E0,2.5E-1,1.759483844583E0));
#1353=LINE('257587',#1352,#1351);
#1354=DIRECTION('',(0.E0,-6.247562038888E-1,-7.808198804477E-1));
#1355=VECTOR('',#1354,2.764455862066E-1);
#1356=CARTESIAN_POINT('',(3.725000000001E0,7.044670714111E-1,
6.565518660802E-1));
#1357=LINE('256930',#1356,#1355);
#1358=DIRECTION('',(-6.906992252919E-13,-3.840663340635E-1,9.233055025500E-1));
#1359=VECTOR('',#1358,7.336127939405E-1);
#1360=CARTESIAN_POINT('',(3.725000000001E0,5.317559763908E-1,
4.406976565081E-1));
#1361=LINE('257586',#1360,#1359);
#1362=DIRECTION('',(-1.408749660136E-13,0.E0,1.E0));
#1363=VECTOR('',#1362,3.599999999999E0);
#1364=CARTESIAN_POINT('',(3.725000000001E0,-9.5E-1,-6.049999999999E0));
#1365=LINE('257257',#1364,#1363);
#1366=DIRECTION('',(-1.407516078997E-13,0.E0,-1.E0));
#1367=VECTOR('',#1366,3.6E0);
#1368=CARTESIAN_POINT('',(3.275E0,-9.5E-1,-2.45E0));
#1369=LINE('257259',#1368,#1367);
#1370=DIRECTION('',(1.407516078997E-13,1.519262027911E-7,1.E0));
#1371=VECTOR('',#1370,3.6E0);
#1372=CARTESIAN_POINT('',(3.274999999999E0,-1.200000714286E0,-6.05E0));
#1373=LINE('257260',#1372,#1371);
#1374=DIRECTION('',(0.E0,-1.E0,-8.064637009039E-13));
#1375=VECTOR('',#1374,2.500007142863E-1);
#1376=CARTESIAN_POINT('',(3.274999999999E0,-9.5E-1,-6.05E0));
#1377=LINE('256937',#1376,#1375);
#1378=DIRECTION('',(-6.919099163080E-13,3.840663340629E-1,-9.233055025502E-1));
#1379=VECTOR('',#1378,7.336127939416E-1);
#1380=CARTESIAN_POINT('',(3.275E0,2.5E-1,1.118046385894E0));
#1381=LINE('257588',#1380,#1379);
#1382=DIRECTION('',(0.E0,6.247562038889E-1,7.808198804477E-1));
#1383=VECTOR('',#1382,2.764455862066E-1);
#1384=CARTESIAN_POINT('',(3.274999999999E0,5.317559763908E-1,
4.406976565069E-1));
#1385=LINE('256935',#1384,#1383);
#1386=DIRECTION('',(4.236528621776E-13,-3.809781629643E-1,9.245840358476E-1));
#1387=VECTOR('',#1386,1.192895329945E0);
#1388=CARTESIAN_POINT('',(3.274999999999E0,7.044670714111E-1,
6.565518660790E-1));
#1389=LINE('257589',#1388,#1387);
#1390=DIRECTION('',(1.408749660136E-13,-1.519262027911E-7,-1.E0));
#1391=VECTOR('',#1390,3.6E0);
#1392=CARTESIAN_POINT('',(3.725E0,-1.200000167352E0,-2.45E0));
#1393=LINE('257258',#1392,#1391);
#1394=DIRECTION('',(0.E0,1.E0,8.064637009039E-13));
#1395=VECTOR('',#1394,2.500007142863E-1);
#1396=CARTESIAN_POINT('',(3.725000000001E0,-1.200000714286E0,-6.05E0));
#1397=LINE('256931',#1396,#1395);
#1398=DIRECTION('',(-1.E0,0.E0,-4.361942905629E-13));
#1399=VECTOR('',#1398,4.500000000010E-1);
#1400=CARTESIAN_POINT('',(3.725000000001E0,-9.5E-1,-6.049999999999E0));
#1401=LINE('256932',#1400,#1399);
#1402=DIRECTION('',(1.E0,0.E0,4.361942905629E-13));
#1403=VECTOR('',#1402,4.500000000010E-1);
#1404=CARTESIAN_POINT('',(3.274999999999E0,-1.200000714286E0,-6.05E0));
#1405=LINE('256936',#1404,#1403);
#1406=DIRECTION('',(1.E0,0.E0,2.773090399280E-12));
#1407=VECTOR('',#1406,4.500000000010E-1);
#1408=CARTESIAN_POINT('',(3.274999999999E0,5.317559763908E-1,
4.406976565069E-1));
#1409=LINE('256933',#1408,#1407);
#1410=DIRECTION('',(1.E0,0.E0,2.850806011003E-12));
#1411=VECTOR('',#1410,4.500000000010E-1);
#1412=CARTESIAN_POINT('',(3.274999999999E0,7.044670714111E-1,
6.565518660790E-1));
#1413=LINE('256934',#1412,#1411);
#1414=DIRECTION('',(-1.057270763256E-13,3.809781629648E-1,-9.245840358475E-1));
#1415=VECTOR('',#1414,1.192895329943E0);
#1416=CARTESIAN_POINT('',(-1.5275E1,2.5E-1,1.759483844583E0));
#1417=LINE('257490',#1416,#1415);
#1418=DIRECTION('',(0.E0,-6.247562038889E-1,-7.808198804477E-1));
#1419=VECTOR('',#1418,2.764455862066E-1);
#1420=CARTESIAN_POINT('',(-1.5275E1,7.044670714111E-1,6.565518660802E-1));
#1421=LINE('257121',#1420,#1419);
#1422=DIRECTION('',(1.719181244372E-13,-3.840663340636E-1,9.233055025499E-1));
#1423=VECTOR('',#1422,7.336127939405E-1);
#1424=CARTESIAN_POINT('',(-1.5275E1,5.317559763909E-1,4.406976565081E-1));
#1425=LINE('257489',#1424,#1423);
#1426=DIRECTION('',(1.E0,0.E0,1.894780628695E-12));
#1427=VECTOR('',#1426,4.499999999997E-1);
#1428=CARTESIAN_POINT('',(-1.5725E1,1.049999613052E0,-2.2E0));
#1429=LINE('257124',#1428,#1427);
#1430=DIRECTION('',(3.603470715229E-13,-1.E0,-2.342255964899E-12));
#1431=VECTOR('',#1430,3.499996130520E-1);
#1432=CARTESIAN_POINT('',(-1.5275E1,1.049999613052E0,-2.199999999999E0));
#1433=LINE('257488',#1432,#1431);
#1434=DIRECTION('',(-3.552717606564E-13,-1.E0,9.516207874725E-14));
#1435=VECTOR('',#1434,3.499996130519E-1);
#1436=CARTESIAN_POINT('',(-1.5725E1,7.999996130518E-1,-2.45E0));
#1437=LINE('257495',#1436,#1435);
#1438=DIRECTION('',(0.E0,0.E0,1.E0));
#1439=VECTOR('',#1438,3.6E0);
#1440=CARTESIAN_POINT('',(-1.5725E1,7.999996130518E-1,-6.05E0));
#1441=LINE('257132',#1440,#1439);
#1442=DIRECTION('',(0.E0,-1.E0,0.E0));
#1443=VECTOR('',#1442,2.500000000001E-1);
#1444=CARTESIAN_POINT('',(-1.5725E1,1.049999613052E0,-6.05E0));
#1445=LINE('257133',#1444,#1443);
#1446=DIRECTION('',(0.E0,-1.770589447065E-14,-1.E0));
#1447=VECTOR('',#1446,3.85E0);
#1448=CARTESIAN_POINT('',(-1.5725E1,1.049999613052E0,-2.2E0));
#1449=LINE('257125',#1448,#1447);
#1450=DIRECTION('',(3.552717606564E-13,1.E0,-9.389325103061E-14));
#1451=VECTOR('',#1450,3.499996130520E-1);
#1452=CARTESIAN_POINT('',(-1.5725E1,7.E-1,-2.2E0));
#1453=LINE('257492',#1452,#1451);
#1454=DIRECTION('',(1.694967424026E-13,3.840663340630E-1,-9.233055025502E-1));
#1455=VECTOR('',#1454,7.336127939417E-1);
#1456=CARTESIAN_POINT('',(-1.5725E1,2.5E-1,1.118046385894E0));
#1457=LINE('257493',#1456,#1455);
#1458=DIRECTION('',(0.E0,6.247562038889E-1,7.808198804477E-1));
#1459=VECTOR('',#1458,2.764455862066E-1);
#1460=CARTESIAN_POINT('',(-1.5725E1,5.317559763909E-1,4.406976565069E-1));
#1461=LINE('257129',#1460,#1459);
#1462=DIRECTION('',(-1.042379625745E-13,-3.809781629644E-1,9.245840358476E-1));
#1463=VECTOR('',#1462,1.192895329945E0);
#1464=CARTESIAN_POINT('',(-1.5725E1,7.044670714111E-1,6.565518660790E-1));
#1465=LINE('257494',#1464,#1463);
#1466=DIRECTION('',(0.E0,0.E0,-1.E0));
#1467=VECTOR('',#1466,3.600000000001E0);
#1468=CARTESIAN_POINT('',(-1.5275E1,7.999996130518E-1,-2.449999999999E0));
#1469=LINE('257122',#1468,#1467);
#1470=DIRECTION('',(1.E0,0.E0,1.803989056903E-12));
#1471=VECTOR('',#1470,4.499999999997E-1);
#1472=CARTESIAN_POINT('',(-1.5725E1,7.999996130518E-1,-2.45E0));
#1473=LINE('257130',#1472,#1471);
#1474=DIRECTION('',(0.E0,1.E0,0.E0));
#1475=VECTOR('',#1474,2.500000000001E-1);
#1476=CARTESIAN_POINT('',(-1.5275E1,7.999996130518E-1,-6.05E0));
#1477=LINE('257123',#1476,#1475);
#1478=DIRECTION('',(-1.E0,0.E0,-4.361942905641E-13));
#1479=VECTOR('',#1478,4.499999999997E-1);
#1480=CARTESIAN_POINT('',(-1.5275E1,1.049999613052E0,-6.05E0));
#1481=LINE('257126',#1480,#1479);
#1482=DIRECTION('',(1.E0,0.E0,4.361942905641E-13));
#1483=VECTOR('',#1482,4.499999999997E-1);
#1484=CARTESIAN_POINT('',(-1.5725E1,7.999996130518E-1,-6.05E0));
#1485=LINE('257131',#1484,#1483);
#1486=DIRECTION('',(0.E0,1.770589447064E-14,1.E0));
#1487=VECTOR('',#1486,3.850000000001E0);
#1488=CARTESIAN_POINT('',(-1.5275E1,1.049999613052E0,-6.05E0));
#1489=LINE('257120',#1488,#1487);
#1490=DIRECTION('',(1.E0,0.E0,2.772967041174E-12));
#1491=VECTOR('',#1490,4.499999999997E-1);
#1492=CARTESIAN_POINT('',(-1.5725E1,5.317559763909E-1,4.406976565069E-1));
#1493=LINE('257127',#1492,#1491);
#1494=DIRECTION('',(1.E0,0.E0,2.850806011011E-12));
#1495=VECTOR('',#1494,4.499999999997E-1);
#1496=CARTESIAN_POINT('',(-1.5725E1,7.044670714111E-1,6.565518660790E-1));
#1497=LINE('257128',#1496,#1495);
#1498=DIRECTION('',(-1.057270763256E-13,3.809781629648E-1,-9.245840358475E-1));
#1499=VECTOR('',#1498,1.192895329943E0);
#1500=CARTESIAN_POINT('',(-1.3275E1,2.5E-1,1.759483844583E0));
#1501=LINE('257474',#1500,#1499);
#1502=DIRECTION('',(0.E0,-6.247562038889E-1,-7.808198804477E-1));
#1503=VECTOR('',#1502,2.764455862066E-1);
#1504=CARTESIAN_POINT('',(-1.3275E1,7.044670714111E-1,6.565518660802E-1));
#1505=LINE('257037',#1504,#1503);
#1506=DIRECTION('',(1.719181244372E-13,-3.840663340636E-1,9.233055025499E-1));
#1507=VECTOR('',#1506,7.336127939405E-1);
#1508=CARTESIAN_POINT('',(-1.3275E1,5.317559763909E-1,4.406976565081E-1));
#1509=LINE('257473',#1508,#1507);
#1510=DIRECTION('',(1.E0,0.E0,1.896754358516E-12));
#1511=VECTOR('',#1510,4.499999999997E-1);
#1512=CARTESIAN_POINT('',(-1.3725E1,1.049999613052E0,-2.2E0));
#1513=LINE('257040',#1512,#1511);
#1514=DIRECTION('',(3.603470715229E-13,-1.E0,-2.343524792615E-12));
#1515=VECTOR('',#1514,3.499996130520E-1);
#1516=CARTESIAN_POINT('',(-1.3275E1,1.049999613052E0,-2.199999999999E0));
#1517=LINE('257472',#1516,#1515);
#1518=DIRECTION('',(-3.552717606564E-13,-1.E0,9.516207874725E-14));
#1519=VECTOR('',#1518,3.499996130519E-1);
#1520=CARTESIAN_POINT('',(-1.3725E1,7.999996130518E-1,-2.45E0));
#1521=LINE('257479',#1520,#1519);
#1522=DIRECTION('',(0.E0,0.E0,1.E0));
#1523=VECTOR('',#1522,3.6E0);
#1524=CARTESIAN_POINT('',(-1.3725E1,7.999996130518E-1,-6.05E0));
#1525=LINE('257048',#1524,#1523);
#1526=DIRECTION('',(0.E0,-1.E0,0.E0));
#1527=VECTOR('',#1526,2.500000000001E-1);
#1528=CARTESIAN_POINT('',(-1.3725E1,1.049999613052E0,-6.05E0));
#1529=LINE('257049',#1528,#1527);
#1530=DIRECTION('',(0.E0,-1.770589447065E-14,-1.E0));
#1531=VECTOR('',#1530,3.85E0);
#1532=CARTESIAN_POINT('',(-1.3725E1,1.049999613052E0,-2.2E0));
#1533=LINE('257041',#1532,#1531);
#1534=DIRECTION('',(3.552717606564E-13,1.E0,-9.643090646387E-14));
#1535=VECTOR('',#1534,3.499996130520E-1);
#1536=CARTESIAN_POINT('',(-1.3725E1,7.E-1,-2.2E0));
#1537=LINE('257476',#1536,#1535);
#1538=DIRECTION('',(1.694967424026E-13,3.840663340630E-1,-9.233055025502E-1));
#1539=VECTOR('',#1538,7.336127939417E-1);
#1540=CARTESIAN_POINT('',(-1.3725E1,2.5E-1,1.118046385894E0));
#1541=LINE('257477',#1540,#1539);
#1542=DIRECTION('',(0.E0,6.247562038889E-1,7.808198804477E-1));
#1543=VECTOR('',#1542,2.764455862066E-1);
#1544=CARTESIAN_POINT('',(-1.3725E1,5.317559763909E-1,4.406976565069E-1));
#1545=LINE('257045',#1544,#1543);
#1546=DIRECTION('',(-1.042379625745E-13,-3.809781629644E-1,9.245840358476E-1));
#1547=VECTOR('',#1546,1.192895329945E0);
#1548=CARTESIAN_POINT('',(-1.3725E1,7.044670714111E-1,6.565518660790E-1));
#1549=LINE('257478',#1548,#1547);
#1550=DIRECTION('',(0.E0,0.E0,-1.E0));
#1551=VECTOR('',#1550,3.600000000001E0);
#1552=CARTESIAN_POINT('',(-1.3275E1,7.999996130518E-1,-2.449999999999E0));
#1553=LINE('257038',#1552,#1551);
#1554=DIRECTION('',(1.E0,0.E0,1.804975921814E-12));
#1555=VECTOR('',#1554,4.499999999997E-1);
#1556=CARTESIAN_POINT('',(-1.3725E1,7.999996130518E-1,-2.45E0));
#1557=LINE('257046',#1556,#1555);
#1558=DIRECTION('',(0.E0,1.E0,0.E0));
#1559=VECTOR('',#1558,2.500000000001E-1);
#1560=CARTESIAN_POINT('',(-1.3275E1,7.999996130518E-1,-6.05E0));
#1561=LINE('257039',#1560,#1559);
#1562=DIRECTION('',(-1.E0,0.E0,-4.401417502072E-13));
#1563=VECTOR('',#1562,4.499999999997E-1);
#1564=CARTESIAN_POINT('',(-1.3275E1,1.049999613052E0,-6.05E0));
#1565=LINE('257042',#1564,#1563);
#1566=DIRECTION('',(1.E0,0.E0,4.401417502072E-13));
#1567=VECTOR('',#1566,4.499999999997E-1);
#1568=CARTESIAN_POINT('',(-1.3725E1,7.999996130518E-1,-6.05E0));
#1569=LINE('257047',#1568,#1567);
#1570=DIRECTION('',(0.E0,1.770589447064E-14,1.E0));
#1571=VECTOR('',#1570,3.850000000001E0);
#1572=CARTESIAN_POINT('',(-1.3275E1,1.049999613052E0,-6.05E0));
#1573=LINE('257036',#1572,#1571);
#1574=DIRECTION('',(1.E0,0.E0,2.772720324946E-12));
#1575=VECTOR('',#1574,4.499999999997E-1);
#1576=CARTESIAN_POINT('',(-1.3725E1,5.317559763909E-1,4.406976565069E-1));
#1577=LINE('257043',#1576,#1575);
#1578=DIRECTION('',(1.E0,0.E0,2.850806011011E-12));
#1579=VECTOR('',#1578,4.499999999997E-1);
#1580=CARTESIAN_POINT('',(-1.3725E1,7.044670714111E-1,6.565518660790E-1));
#1581=LINE('257044',#1580,#1579);
#1582=DIRECTION('',(0.E0,3.809781629648E-1,-9.245840358475E-1));
#1583=VECTOR('',#1582,1.192895329943E0);
#1584=CARTESIAN_POINT('',(-1.1275E1,2.5E-1,1.759483844583E0));
#1585=LINE('257458',#1584,#1583);
#1586=DIRECTION('',(0.E0,-6.247562038889E-1,-7.808198804477E-1));
#1587=VECTOR('',#1586,2.764455862066E-1);
#1588=CARTESIAN_POINT('',(-1.1275E1,7.044670714111E-1,6.565518660802E-1));
#1589=LINE('257023',#1588,#1587);
#1590=DIRECTION('',(0.E0,-3.840663340636E-1,9.233055025499E-1));
#1591=VECTOR('',#1590,7.336127939405E-1);
#1592=CARTESIAN_POINT('',(-1.1275E1,5.317559763909E-1,4.406976565081E-1));
#1593=LINE('257457',#1592,#1591);
#1594=DIRECTION('',(1.E0,0.E0,1.894780628694E-12));
#1595=VECTOR('',#1594,4.5E-1);
#1596=CARTESIAN_POINT('',(-1.1725E1,1.049999613052E0,-2.2E0));
#1597=LINE('257026',#1596,#1595);
#1598=DIRECTION('',(0.E0,-1.E0,-2.343524792615E-12));
#1599=VECTOR('',#1598,3.499996130520E-1);
#1600=CARTESIAN_POINT('',(-1.1275E1,1.049999613052E0,-2.199999999999E0));
#1601=LINE('257456',#1600,#1599);
#1602=DIRECTION('',(0.E0,-1.E0,9.643090646388E-14));
#1603=VECTOR('',#1602,3.499996130519E-1);
#1604=CARTESIAN_POINT('',(-1.1725E1,7.999996130518E-1,-2.45E0));
#1605=LINE('257463',#1604,#1603);
#1606=DIRECTION('',(0.E0,0.E0,1.E0));
#1607=VECTOR('',#1606,3.6E0);
#1608=CARTESIAN_POINT('',(-1.1725E1,7.999996130518E-1,-6.05E0));
#1609=LINE('257034',#1608,#1607);
#1610=DIRECTION('',(0.E0,-1.E0,0.E0));
#1611=VECTOR('',#1610,2.500000000001E-1);
#1612=CARTESIAN_POINT('',(-1.1725E1,1.049999613052E0,-6.05E0));
#1613=LINE('257035',#1612,#1611);
#1614=DIRECTION('',(0.E0,-1.770589447065E-14,-1.E0));
#1615=VECTOR('',#1614,3.85E0);
#1616=CARTESIAN_POINT('',(-1.1725E1,1.049999613052E0,-2.2E0));
#1617=LINE('257027',#1616,#1615);
#1618=DIRECTION('',(0.E0,1.E0,-9.516207874724E-14));
#1619=VECTOR('',#1618,3.499996130520E-1);
#1620=CARTESIAN_POINT('',(-1.1725E1,7.E-1,-2.2E0));
#1621=LINE('257460',#1620,#1619);
#1622=DIRECTION('',(0.E0,3.840663340630E-1,-9.233055025502E-1));
#1623=VECTOR('',#1622,7.336127939417E-1);
#1624=CARTESIAN_POINT('',(-1.1725E1,2.5E-1,1.118046385894E0));
#1625=LINE('257461',#1624,#1623);
#1626=DIRECTION('',(0.E0,6.247562038889E-1,7.808198804477E-1));
#1627=VECTOR('',#1626,2.764455862066E-1);
#1628=CARTESIAN_POINT('',(-1.1725E1,5.317559763909E-1,4.406976565069E-1));
#1629=LINE('257031',#1628,#1627);
#1630=DIRECTION('',(0.E0,-3.809781629644E-1,9.245840358476E-1));
#1631=VECTOR('',#1630,1.192895329945E0);
#1632=CARTESIAN_POINT('',(-1.1725E1,7.044670714111E-1,6.565518660790E-1));
#1633=LINE('257462',#1632,#1631);
#1634=DIRECTION('',(0.E0,0.E0,-1.E0));
#1635=VECTOR('',#1634,3.600000000001E0);
#1636=CARTESIAN_POINT('',(-1.1275E1,7.999996130518E-1,-2.449999999999E0));
#1637=LINE('257024',#1636,#1635);
#1638=DIRECTION('',(1.E0,0.E0,1.803989056902E-12));
#1639=VECTOR('',#1638,4.5E-1);
#1640=CARTESIAN_POINT('',(-1.1725E1,7.999996130518E-1,-2.45E0));
#1641=LINE('257032',#1640,#1639);
#1642=DIRECTION('',(0.E0,1.E0,0.E0));
#1643=VECTOR('',#1642,2.500000000001E-1);
#1644=CARTESIAN_POINT('',(-1.1275E1,7.999996130518E-1,-6.05E0));
#1645=LINE('257025',#1644,#1643);
#1646=DIRECTION('',(-1.E0,0.E0,-4.381680203854E-13));
#1647=VECTOR('',#1646,4.5E-1);
#1648=CARTESIAN_POINT('',(-1.1275E1,1.049999613052E0,-6.05E0));
#1649=LINE('257028',#1648,#1647);
#1650=DIRECTION('',(1.E0,0.E0,4.381680203854E-13));
#1651=VECTOR('',#1650,4.5E-1);
#1652=CARTESIAN_POINT('',(-1.1725E1,7.999996130518E-1,-6.05E0));
#1653=LINE('257033',#1652,#1651);
#1654=DIRECTION('',(0.E0,1.770589447064E-14,1.E0));
#1655=VECTOR('',#1654,3.850000000001E0);
#1656=CARTESIAN_POINT('',(-1.1275E1,1.049999613052E0,-6.05E0));
#1657=LINE('257022',#1656,#1655);
#1658=DIRECTION('',(1.E0,0.E0,2.773090399286E-12));
#1659=VECTOR('',#1658,4.5E-1);
#1660=CARTESIAN_POINT('',(-1.1725E1,5.317559763909E-1,4.406976565069E-1));
#1661=LINE('257029',#1660,#1659);
#1662=DIRECTION('',(1.E0,0.E0,2.850559294782E-12));
#1663=VECTOR('',#1662,4.5E-1);
#1664=CARTESIAN_POINT('',(-1.1725E1,7.044670714111E-1,6.565518660790E-1));
#1665=LINE('257030',#1664,#1663);
#1666=DIRECTION('',(-1.072161900767E-13,3.809781629648E-1,-9.245840358475E-1));
#1667=VECTOR('',#1666,1.192895329943E0);
#1668=CARTESIAN_POINT('',(-9.275E0,2.5E-1,1.759483844583E0));
#1669=LINE('257442',#1668,#1667);
#1670=DIRECTION('',(0.E0,-6.247562038889E-1,-7.808198804477E-1));
#1671=VECTOR('',#1670,2.764455862066E-1);
#1672=CARTESIAN_POINT('',(-9.275E0,7.044670714111E-1,6.565518660802E-1));
#1673=LINE('257009',#1672,#1671);
#1674=DIRECTION('',(1.743395064716E-13,-3.840663340636E-1,9.233055025499E-1));
#1675=VECTOR('',#1674,7.336127939405E-1);
#1676=CARTESIAN_POINT('',(-9.275E0,5.317559763909E-1,4.406976565081E-1));
#1677=LINE('257441',#1676,#1675);
#1678=DIRECTION('',(1.E0,0.E0,1.894780628695E-12));
#1679=VECTOR('',#1678,4.499999999997E-1);
#1680=CARTESIAN_POINT('',(-9.725E0,1.049999613052E0,-2.2E0));
#1681=LINE('257012',#1680,#1679);
#1682=DIRECTION('',(3.654223823894E-13,-1.E0,-2.343524792615E-12));
#1683=VECTOR('',#1682,3.499996130520E-1);
#1684=CARTESIAN_POINT('',(-9.275E0,1.049999613052E0,-2.199999999999E0));
#1685=LINE('257440',#1684,#1683);
#1686=DIRECTION('',(-3.603470715229E-13,-1.E0,9.643090646388E-14));
#1687=VECTOR('',#1686,3.499996130519E-1);
#1688=CARTESIAN_POINT('',(-9.725E0,7.999996130518E-1,-2.45E0));
#1689=LINE('257447',#1688,#1687);
#1690=DIRECTION('',(0.E0,0.E0,1.E0));
#1691=VECTOR('',#1690,3.6E0);
#1692=CARTESIAN_POINT('',(-9.725E0,7.999996130518E-1,-6.05E0));
#1693=LINE('257020',#1692,#1691);
#1694=DIRECTION('',(0.E0,-1.E0,0.E0));
#1695=VECTOR('',#1694,2.500000000001E-1);
#1696=CARTESIAN_POINT('',(-9.725E0,1.049999613052E0,-6.05E0));
#1697=LINE('257021',#1696,#1695);
#1698=DIRECTION('',(0.E0,-1.770589447065E-14,-1.E0));
#1699=VECTOR('',#1698,3.85E0);
#1700=CARTESIAN_POINT('',(-9.725E0,1.049999613052E0,-2.2E0));
#1701=LINE('257013',#1700,#1699);
#1702=DIRECTION('',(3.603470715229E-13,1.E0,-9.516207874724E-14));
#1703=VECTOR('',#1702,3.499996130520E-1);
#1704=CARTESIAN_POINT('',(-9.725E0,7.E-1,-2.2E0));
#1705=LINE('257444',#1704,#1703);
#1706=DIRECTION('',(1.719181244370E-13,3.840663340630E-1,-9.233055025502E-1));
#1707=VECTOR('',#1706,7.336127939417E-1);
#1708=CARTESIAN_POINT('',(-9.725E0,2.5E-1,1.118046385894E0));
#1709=LINE('257445',#1708,#1707);
#1710=DIRECTION('',(0.E0,6.247562038889E-1,7.808198804477E-1));
#1711=VECTOR('',#1710,2.764455862066E-1);
#1712=CARTESIAN_POINT('',(-9.725E0,5.317559763909E-1,4.406976565069E-1));
#1713=LINE('257017',#1712,#1711);
#1714=DIRECTION('',(-1.057270763255E-13,-3.809781629644E-1,9.245840358476E-1));
#1715=VECTOR('',#1714,1.192895329945E0);
#1716=CARTESIAN_POINT('',(-9.725E0,7.044670714111E-1,6.565518660790E-1));
#1717=LINE('257446',#1716,#1715);
#1718=DIRECTION('',(0.E0,0.E0,-1.E0));
#1719=VECTOR('',#1718,3.600000000001E0);
#1720=CARTESIAN_POINT('',(-9.275E0,7.999996130518E-1,-2.449999999999E0));
#1721=LINE('257010',#1720,#1719);
#1722=DIRECTION('',(1.E0,0.E0,1.803002191992E-12));
#1723=VECTOR('',#1722,4.499999999997E-1);
#1724=CARTESIAN_POINT('',(-9.725E0,7.999996130518E-1,-2.45E0));
#1725=LINE('257018',#1724,#1723);
#1726=DIRECTION('',(0.E0,1.E0,0.E0));
#1727=VECTOR('',#1726,2.500000000001E-1);
#1728=CARTESIAN_POINT('',(-9.275E0,7.999996130518E-1,-6.05E0));
#1729=LINE('257011',#1728,#1727);
#1730=DIRECTION('',(-1.E0,0.E0,-4.381680203856E-13));
#1731=VECTOR('',#1730,4.499999999997E-1);
#1732=CARTESIAN_POINT('',(-9.275E0,1.049999613052E0,-6.05E0));
#1733=LINE('257014',#1732,#1731);
#1734=DIRECTION('',(1.E0,0.E0,4.381680203856E-13));
#1735=VECTOR('',#1734,4.499999999997E-1);
#1736=CARTESIAN_POINT('',(-9.725E0,7.999996130518E-1,-6.05E0));
#1737=LINE('257019',#1736,#1735);
#1738=DIRECTION('',(0.E0,1.770589447064E-14,1.E0));
#1739=VECTOR('',#1738,3.850000000001E0);
#1740=CARTESIAN_POINT('',(-9.275E0,1.049999613052E0,-6.05E0));
#1741=LINE('257008',#1740,#1739);
#1742=DIRECTION('',(1.E0,0.E0,2.773090399288E-12));
#1743=VECTOR('',#1742,4.499999999997E-1);
#1744=CARTESIAN_POINT('',(-9.725E0,5.317559763909E-1,4.406976565069E-1));
#1745=LINE('257015',#1744,#1743);
#1746=DIRECTION('',(1.E0,0.E0,2.851052727239E-12));
#1747=VECTOR('',#1746,4.499999999997E-1);
#1748=CARTESIAN_POINT('',(-9.725E0,7.044670714111E-1,6.565518660790E-1));
#1749=LINE('257016',#1748,#1747);
#1750=DIRECTION('',(-1.064716332012E-13,3.809781629648E-1,-9.245840358475E-1));
#1751=VECTOR('',#1750,1.192895329943E0);
#1752=CARTESIAN_POINT('',(-7.275E0,2.5E-1,1.759483844583E0));
#1753=LINE('257426',#1752,#1751);
#1754=DIRECTION('',(0.E0,-6.247562038889E-1,-7.808198804477E-1));
#1755=VECTOR('',#1754,2.764455862066E-1);
#1756=CARTESIAN_POINT('',(-7.275E0,7.044670714111E-1,6.565518660802E-1));
#1757=LINE('256995',#1756,#1755);
#1758=DIRECTION('',(1.731288154544E-13,-3.840663340636E-1,9.233055025499E-1));
#1759=VECTOR('',#1758,7.336127939405E-1);
#1760=CARTESIAN_POINT('',(-7.275E0,5.317559763909E-1,4.406976565081E-1));
#1761=LINE('257425',#1760,#1759);
#1762=DIRECTION('',(1.E0,0.E0,1.894780628695E-12));
#1763=VECTOR('',#1762,4.499999999997E-1);
#1764=CARTESIAN_POINT('',(-7.725E0,1.049999613052E0,-2.2E0));
#1765=LINE('256998',#1764,#1763);
#1766=DIRECTION('',(3.628847269561E-13,-1.E0,-2.343524792615E-12));
#1767=VECTOR('',#1766,3.499996130520E-1);
#1768=CARTESIAN_POINT('',(-7.275E0,1.049999613052E0,-2.199999999999E0));
#1769=LINE('257424',#1768,#1767);
#1770=DIRECTION('',(-3.603470715229E-13,-1.E0,9.643090646388E-14));
#1771=VECTOR('',#1770,3.499996130519E-1);
#1772=CARTESIAN_POINT('',(-7.725E0,7.999996130518E-1,-2.45E0));
#1773=LINE('257431',#1772,#1771);
#1774=DIRECTION('',(0.E0,0.E0,1.E0));
#1775=VECTOR('',#1774,3.6E0);
#1776=CARTESIAN_POINT('',(-7.725E0,7.999996130518E-1,-6.05E0));
#1777=LINE('257006',#1776,#1775);
#1778=DIRECTION('',(0.E0,-1.E0,0.E0));
#1779=VECTOR('',#1778,2.500000000001E-1);
#1780=CARTESIAN_POINT('',(-7.725E0,1.049999613052E0,-6.05E0));
#1781=LINE('257007',#1780,#1779);
#1782=DIRECTION('',(0.E0,-1.770589447065E-14,-1.E0));
#1783=VECTOR('',#1782,3.85E0);
#1784=CARTESIAN_POINT('',(-7.725E0,1.049999613052E0,-2.2E0));
#1785=LINE('256999',#1784,#1783);
#1786=DIRECTION('',(3.603470715229E-13,1.E0,-9.643090646387E-14));
#1787=VECTOR('',#1786,3.499996130520E-1);
#1788=CARTESIAN_POINT('',(-7.725E0,7.E-1,-2.2E0));
#1789=LINE('257428',#1788,#1787);
#1790=DIRECTION('',(1.719181244370E-13,3.840663340630E-1,-9.233055025502E-1));
#1791=VECTOR('',#1790,7.336127939417E-1);
#1792=CARTESIAN_POINT('',(-7.725E0,2.5E-1,1.118046385894E0));
#1793=LINE('257429',#1792,#1791);
#1794=DIRECTION('',(0.E0,6.247562038889E-1,7.808198804477E-1));
#1795=VECTOR('',#1794,2.764455862066E-1);
#1796=CARTESIAN_POINT('',(-7.725E0,5.317559763909E-1,4.406976565069E-1));
#1797=LINE('257003',#1796,#1795);
#1798=DIRECTION('',(-1.057270763255E-13,-3.809781629644E-1,9.245840358476E-1));
#1799=VECTOR('',#1798,1.192895329945E0);
#1800=CARTESIAN_POINT('',(-7.725E0,7.044670714111E-1,6.565518660790E-1));
#1801=LINE('257430',#1800,#1799);
#1802=DIRECTION('',(0.E0,0.E0,-1.E0));
#1803=VECTOR('',#1802,3.600000000001E0);
#1804=CARTESIAN_POINT('',(-7.275E0,7.999996130518E-1,-2.449999999999E0));
#1805=LINE('256996',#1804,#1803);
#1806=DIRECTION('',(1.E0,0.E0,1.804975921814E-12));
#1807=VECTOR('',#1806,4.499999999997E-1);
#1808=CARTESIAN_POINT('',(-7.725E0,7.999996130518E-1,-2.45E0));
#1809=LINE('257004',#1808,#1807);
#1810=DIRECTION('',(0.E0,1.E0,0.E0));
#1811=VECTOR('',#1810,2.500000000001E-1);
#1812=CARTESIAN_POINT('',(-7.275E0,7.999996130518E-1,-6.05E0));
#1813=LINE('256997',#1812,#1811);
#1814=DIRECTION('',(-1.E0,0.E0,-4.381680203856E-13));
#1815=VECTOR('',#1814,4.499999999997E-1);
#1816=CARTESIAN_POINT('',(-7.275E0,1.049999613052E0,-6.05E0));
#1817=LINE('257000',#1816,#1815);
#1818=DIRECTION('',(1.E0,0.E0,4.381680203856E-13));
#1819=VECTOR('',#1818,4.499999999997E-1);
#1820=CARTESIAN_POINT('',(-7.725E0,7.999996130518E-1,-6.05E0));
#1821=LINE('257005',#1820,#1819);
#1822=DIRECTION('',(0.E0,1.770589447064E-14,1.E0));
#1823=VECTOR('',#1822,3.850000000001E0);
#1824=CARTESIAN_POINT('',(-7.275E0,1.049999613052E0,-6.05E0));
#1825=LINE('256994',#1824,#1823);
#1826=DIRECTION('',(1.E0,0.E0,2.773090399288E-12));
#1827=VECTOR('',#1826,4.499999999997E-1);
#1828=CARTESIAN_POINT('',(-7.725E0,5.317559763909E-1,4.406976565069E-1));
#1829=LINE('257001',#1828,#1827);
#1830=DIRECTION('',(1.E0,0.E0,2.851052727239E-12));
#1831=VECTOR('',#1830,4.499999999997E-1);
#1832=CARTESIAN_POINT('',(-7.725E0,7.044670714111E-1,6.565518660790E-1));
#1833=LINE('257002',#1832,#1831);
#1834=DIRECTION('',(-1.064716332012E-13,3.809781629648E-1,-9.245840358475E-1));
#1835=VECTOR('',#1834,1.192895329943E0);
#1836=CARTESIAN_POINT('',(-5.275E0,2.5E-1,1.759483844583E0));
#1837=LINE('257410',#1836,#1835);
#1838=DIRECTION('',(0.E0,-6.247562038889E-1,-7.808198804477E-1));
#1839=VECTOR('',#1838,2.764455862066E-1);
#1840=CARTESIAN_POINT('',(-5.275E0,7.044670714111E-1,6.565518660802E-1));
#1841=LINE('256981',#1840,#1839);
#1842=DIRECTION('',(1.731288154544E-13,-3.840663340636E-1,9.233055025499E-1));
#1843=VECTOR('',#1842,7.336127939405E-1);
#1844=CARTESIAN_POINT('',(-5.275E0,5.317559763909E-1,4.406976565081E-1));
#1845=LINE('257409',#1844,#1843);
#1846=DIRECTION('',(1.E0,0.E0,1.894780628695E-12));
#1847=VECTOR('',#1846,4.499999999997E-1);
#1848=CARTESIAN_POINT('',(-5.725E0,1.049999613052E0,-2.2E0));
#1849=LINE('256984',#1848,#1847);
#1850=DIRECTION('',(3.628847269561E-13,-1.E0,-2.344793620332E-12));
#1851=VECTOR('',#1850,3.499996130520E-1);
#1852=CARTESIAN_POINT('',(-5.275E0,1.049999613052E0,-2.199999999999E0));
#1853=LINE('257408',#1852,#1851);
#1854=DIRECTION('',(-3.603470715229E-13,-1.E0,9.389325103062E-14));
#1855=VECTOR('',#1854,3.499996130519E-1);
#1856=CARTESIAN_POINT('',(-5.725E0,7.999996130518E-1,-2.45E0));
#1857=LINE('257415',#1856,#1855);
#1858=DIRECTION('',(0.E0,0.E0,1.E0));
#1859=VECTOR('',#1858,3.6E0);
#1860=CARTESIAN_POINT('',(-5.725E0,7.999996130518E-1,-6.05E0));
#1861=LINE('256992',#1860,#1859);
#1862=DIRECTION('',(0.E0,-1.E0,0.E0));
#1863=VECTOR('',#1862,2.500000000001E-1);
#1864=CARTESIAN_POINT('',(-5.725E0,1.049999613052E0,-6.05E0));
#1865=LINE('256993',#1864,#1863);
#1866=DIRECTION('',(0.E0,-1.770589447065E-14,-1.E0));
#1867=VECTOR('',#1866,3.85E0);
#1868=CARTESIAN_POINT('',(-5.725E0,1.049999613052E0,-2.2E0));
#1869=LINE('256985',#1868,#1867);
#1870=DIRECTION('',(3.603470715229E-13,1.E0,-9.643090646387E-14));
#1871=VECTOR('',#1870,3.499996130520E-1);
#1872=CARTESIAN_POINT('',(-5.725E0,7.E-1,-2.2E0));
#1873=LINE('257412',#1872,#1871);
#1874=DIRECTION('',(1.719181244370E-13,3.840663340630E-1,-9.233055025502E-1));
#1875=VECTOR('',#1874,7.336127939417E-1);
#1876=CARTESIAN_POINT('',(-5.725E0,2.5E-1,1.118046385894E0));
#1877=LINE('257413',#1876,#1875);
#1878=DIRECTION('',(0.E0,6.247562038889E-1,7.808198804477E-1));
#1879=VECTOR('',#1878,2.764455862066E-1);
#1880=CARTESIAN_POINT('',(-5.725E0,5.317559763909E-1,4.406976565069E-1));
#1881=LINE('256989',#1880,#1879);
#1882=DIRECTION('',(-1.057270763255E-13,-3.809781629644E-1,9.245840358476E-1));
#1883=VECTOR('',#1882,1.192895329945E0);
#1884=CARTESIAN_POINT('',(-5.725E0,7.044670714111E-1,6.565518660790E-1));
#1885=LINE('257414',#1884,#1883);
#1886=DIRECTION('',(0.E0,0.E0,-1.E0));
#1887=VECTOR('',#1886,3.600000000001E0);
#1888=CARTESIAN_POINT('',(-5.275E0,7.999996130518E-1,-2.449999999999E0));
#1889=LINE('256982',#1888,#1887);
#1890=DIRECTION('',(1.E0,0.E0,1.804975921814E-12));
#1891=VECTOR('',#1890,4.499999999997E-1);
#1892=CARTESIAN_POINT('',(-5.725E0,7.999996130518E-1,-2.45E0));
#1893=LINE('256990',#1892,#1891);
#1894=DIRECTION('',(0.E0,1.E0,0.E0));
#1895=VECTOR('',#1894,2.500000000001E-1);
#1896=CARTESIAN_POINT('',(-5.275E0,7.999996130518E-1,-6.05E0));
#1897=LINE('256983',#1896,#1895);
#1898=DIRECTION('',(-1.E0,0.E0,-4.381680203856E-13));
#1899=VECTOR('',#1898,4.499999999997E-1);
#1900=CARTESIAN_POINT('',(-5.275E0,1.049999613052E0,-6.05E0));
#1901=LINE('256986',#1900,#1899);
#1902=DIRECTION('',(1.E0,0.E0,4.381680203856E-13));
#1903=VECTOR('',#1902,4.499999999997E-1);
#1904=CARTESIAN_POINT('',(-5.725E0,7.999996130518E-1,-6.05E0));
#1905=LINE('256991',#1904,#1903);
#1906=DIRECTION('',(0.E0,1.770589447064E-14,1.E0));
#1907=VECTOR('',#1906,3.850000000001E0);
#1908=CARTESIAN_POINT('',(-5.275E0,1.049999613052E0,-6.05E0));
#1909=LINE('256980',#1908,#1907);
#1910=DIRECTION('',(1.E0,0.E0,2.773090399288E-12));
#1911=VECTOR('',#1910,4.499999999997E-1);
#1912=CARTESIAN_POINT('',(-5.725E0,5.317559763909E-1,4.406976565069E-1));
#1913=LINE('256987',#1912,#1911);
#1914=DIRECTION('',(1.E0,0.E0,2.851052727239E-12));
#1915=VECTOR('',#1914,4.499999999997E-1);
#1916=CARTESIAN_POINT('',(-5.725E0,7.044670714111E-1,6.565518660790E-1));
#1917=LINE('256988',#1916,#1915);
#1918=DIRECTION('',(-1.064716332012E-13,3.809781629648E-1,-9.245840358475E-1));
#1919=VECTOR('',#1918,1.192895329943E0);
#1920=CARTESIAN_POINT('',(-3.275E0,2.5E-1,1.759483844583E0));
#1921=LINE('257394',#1920,#1919);
#1922=DIRECTION('',(0.E0,-6.247562038889E-1,-7.808198804477E-1));
#1923=VECTOR('',#1922,2.764455862066E-1);
#1924=CARTESIAN_POINT('',(-3.275E0,7.044670714111E-1,6.565518660802E-1));
#1925=LINE('256967',#1924,#1923);
#1926=DIRECTION('',(1.731288154544E-13,-3.840663340636E-1,9.233055025499E-1));
#1927=VECTOR('',#1926,7.336127939405E-1);
#1928=CARTESIAN_POINT('',(-3.275E0,5.317559763909E-1,4.406976565081E-1));
#1929=LINE('257393',#1928,#1927);
#1930=DIRECTION('',(1.E0,0.E0,1.894780628695E-12));
#1931=VECTOR('',#1930,4.499999999997E-1);
#1932=CARTESIAN_POINT('',(-3.725E0,1.049999613052E0,-2.2E0));
#1933=LINE('256970',#1932,#1931);
#1934=DIRECTION('',(3.590782438062E-13,-1.E0,-2.342255964899E-12));
#1935=VECTOR('',#1934,3.499996130520E-1);
#1936=CARTESIAN_POINT('',(-3.275E0,1.049999613052E0,-2.199999999999E0));
#1937=LINE('257392',#1936,#1935);
#1938=DIRECTION('',(-3.616158992396E-13,-1.E0,9.389325103062E-14));
#1939=VECTOR('',#1938,3.499996130519E-1);
#1940=CARTESIAN_POINT('',(-3.725E0,7.999996130518E-1,-2.45E0));
#1941=LINE('257399',#1940,#1939);
#1942=DIRECTION('',(0.E0,0.E0,1.E0));
#1943=VECTOR('',#1942,3.6E0);
#1944=CARTESIAN_POINT('',(-3.725E0,7.999996130518E-1,-6.05E0));
#1945=LINE('256978',#1944,#1943);
#1946=DIRECTION('',(0.E0,-1.E0,0.E0));
#1947=VECTOR('',#1946,2.500000000001E-1);
#1948=CARTESIAN_POINT('',(-3.725E0,1.049999613052E0,-6.05E0));
#1949=LINE('256979',#1948,#1947);
#1950=DIRECTION('',(0.E0,-1.770589447065E-14,-1.E0));
#1951=VECTOR('',#1950,3.85E0);
#1952=CARTESIAN_POINT('',(-3.725E0,1.049999613052E0,-2.2E0));
#1953=LINE('256971',#1952,#1951);
#1954=DIRECTION('',(3.616158992395E-13,1.E0,-9.643090646387E-14));
#1955=VECTOR('',#1954,3.499996130520E-1);
#1956=CARTESIAN_POINT('',(-3.725E0,7.E-1,-2.2E0));
#1957=LINE('257396',#1956,#1955);
#1958=DIRECTION('',(1.731288154541E-13,3.840663340630E-1,-9.233055025502E-1));
#1959=VECTOR('',#1958,7.336127939417E-1);
#1960=CARTESIAN_POINT('',(-3.725E0,2.5E-1,1.118046385894E0));
#1961=LINE('257397',#1960,#1959);
#1962=DIRECTION('',(0.E0,6.247562038889E-1,7.808198804477E-1));
#1963=VECTOR('',#1962,2.764455862066E-1);
#1964=CARTESIAN_POINT('',(-3.725E0,5.317559763909E-1,4.406976565069E-1));
#1965=LINE('256975',#1964,#1963);
#1966=DIRECTION('',(-1.068439116388E-13,-3.809781629644E-1,9.245840358476E-1));
#1967=VECTOR('',#1966,1.192895329945E0);
#1968=CARTESIAN_POINT('',(-3.725E0,7.044670714111E-1,6.565518660790E-1));
#1969=LINE('257398',#1968,#1967);
#1970=DIRECTION('',(0.E0,0.E0,-1.E0));
#1971=VECTOR('',#1970,3.600000000001E0);
#1972=CARTESIAN_POINT('',(-3.275E0,7.999996130518E-1,-2.449999999999E0));
#1973=LINE('256968',#1972,#1971);
#1974=DIRECTION('',(1.E0,0.E0,1.805962786725E-12));
#1975=VECTOR('',#1974,4.499999999997E-1);
#1976=CARTESIAN_POINT('',(-3.725E0,7.999996130518E-1,-2.45E0));
#1977=LINE('256976',#1976,#1975);
#1978=DIRECTION('',(0.E0,1.E0,0.E0));
#1979=VECTOR('',#1978,2.500000000001E-1);
#1980=CARTESIAN_POINT('',(-3.275E0,7.999996130518E-1,-6.05E0));
#1981=LINE('256969',#1980,#1979);
#1982=DIRECTION('',(-1.E0,0.E0,-4.381680203856E-13));
#1983=VECTOR('',#1982,4.499999999997E-1);
#1984=CARTESIAN_POINT('',(-3.275E0,1.049999613052E0,-6.05E0));
#1985=LINE('256972',#1984,#1983);
#1986=DIRECTION('',(1.E0,0.E0,4.381680203856E-13));
#1987=VECTOR('',#1986,4.499999999997E-1);
#1988=CARTESIAN_POINT('',(-3.725E0,7.999996130518E-1,-6.05E0));
#1989=LINE('256977',#1988,#1987);
#1990=DIRECTION('',(0.E0,1.770589447064E-14,1.E0));
#1991=VECTOR('',#1990,3.850000000001E0);
#1992=CARTESIAN_POINT('',(-3.275E0,1.049999613052E0,-6.05E0));
#1993=LINE('256966',#1992,#1991);
#1994=DIRECTION('',(1.E0,0.E0,2.773090399288E-12));
#1995=VECTOR('',#1994,4.499999999997E-1);
#1996=CARTESIAN_POINT('',(-3.725E0,5.317559763909E-1,4.406976565069E-1));
#1997=LINE('256973',#1996,#1995);
#1998=DIRECTION('',(1.E0,0.E0,2.851052727239E-12));
#1999=VECTOR('',#1998,4.499999999997E-1);
#2000=CARTESIAN_POINT('',(-3.725E0,7.044670714111E-1,6.565518660790E-1));
#2001=LINE('256974',#2000,#1999);
#2002=DIRECTION('',(-1.053547978879E-13,3.809781629648E-1,-9.245840358475E-1));
#2003=VECTOR('',#2002,1.192895329943E0);
#2004=CARTESIAN_POINT('',(-1.275E0,2.5E-1,1.759483844583E0));
#2005=LINE('257378',#2004,#2003);
#2006=DIRECTION('',(0.E0,-6.247562038889E-1,-7.808198804477E-1));
#2007=VECTOR('',#2006,2.764455862066E-1);
#2008=CARTESIAN_POINT('',(-1.275E0,7.044670714111E-1,6.565518660802E-1));
#2009=LINE('256953',#2008,#2007);
#2010=DIRECTION('',(1.713127789287E-13,-3.840663340636E-1,9.233055025499E-1));
#2011=VECTOR('',#2010,7.336127939405E-1);
#2012=CARTESIAN_POINT('',(-1.275E0,5.317559763909E-1,4.406976565081E-1));
#2013=LINE('257377',#2012,#2011);
#2014=DIRECTION('',(1.E0,0.E0,1.894780628695E-12));
#2015=VECTOR('',#2014,4.499999999997E-1);
#2016=CARTESIAN_POINT('',(-1.725E0,1.049999613052E0,-2.2E0));
#2017=LINE('256956',#2016,#2015);
#2018=DIRECTION('',(3.584438299479E-13,-1.E0,-2.342255964899E-12));
#2019=VECTOR('',#2018,3.499996130520E-1);
#2020=CARTESIAN_POINT('',(-1.275E0,1.049999613052E0,-2.199999999999E0));
#2021=LINE('257376',#2020,#2019);
#2022=DIRECTION('',(-3.590782438063E-13,-1.E0,9.389325103062E-14));
#2023=VECTOR('',#2022,3.499996130519E-1);
#2024=CARTESIAN_POINT('',(-1.725E0,7.999996130518E-1,-2.45E0));
#2025=LINE('257383',#2024,#2023);
#2026=DIRECTION('',(0.E0,0.E0,1.E0));
#2027=VECTOR('',#2026,3.6E0);
#2028=CARTESIAN_POINT('',(-1.725E0,7.999996130518E-1,-6.05E0));
#2029=LINE('256964',#2028,#2027);
#2030=DIRECTION('',(0.E0,-1.E0,0.E0));
#2031=VECTOR('',#2030,2.500000000001E-1);
#2032=CARTESIAN_POINT('',(-1.725E0,1.049999613052E0,-6.05E0));
#2033=LINE('256965',#2032,#2031);
#2034=DIRECTION('',(0.E0,-1.770589447065E-14,-1.E0));
#2035=VECTOR('',#2034,3.85E0);
#2036=CARTESIAN_POINT('',(-1.725E0,1.049999613052E0,-2.2E0));
#2037=LINE('256957',#2036,#2035);
#2038=DIRECTION('',(3.597126576646E-13,1.E0,-9.516207874724E-14));
#2039=VECTOR('',#2038,3.499996130520E-1);
#2040=CARTESIAN_POINT('',(-1.725E0,7.E-1,-2.2E0));
#2041=LINE('257380',#2040,#2039);
#2042=DIRECTION('',(1.707074334198E-13,3.840663340630E-1,-9.233055025502E-1));
#2043=VECTOR('',#2042,7.336127939417E-1);
#2044=CARTESIAN_POINT('',(-1.725E0,2.5E-1,1.118046385894E0));
#2045=LINE('257381',#2044,#2043);
#2046=DIRECTION('',(0.E0,6.247562038889E-1,7.808198804477E-1));
#2047=VECTOR('',#2046,2.764455862066E-1);
#2048=CARTESIAN_POINT('',(-1.725E0,5.317559763909E-1,4.406976565069E-1));
#2049=LINE('256961',#2048,#2047);
#2050=DIRECTION('',(-1.053547978878E-13,-3.809781629644E-1,9.245840358476E-1));
#2051=VECTOR('',#2050,1.192895329945E0);
#2052=CARTESIAN_POINT('',(-1.725E0,7.044670714111E-1,6.565518660790E-1));
#2053=LINE('257382',#2052,#2051);
#2054=DIRECTION('',(0.E0,0.E0,-1.E0));
#2055=VECTOR('',#2054,3.600000000001E0);
#2056=CARTESIAN_POINT('',(-1.275E0,7.999996130518E-1,-2.449999999999E0));
#2057=LINE('256954',#2056,#2055);
#2058=DIRECTION('',(1.E0,0.E0,1.804975921814E-12));
#2059=VECTOR('',#2058,4.499999999997E-1);
#2060=CARTESIAN_POINT('',(-1.725E0,7.999996130518E-1,-2.45E0));
#2061=LINE('256962',#2060,#2059);
#2062=DIRECTION('',(0.E0,1.E0,0.E0));
#2063=VECTOR('',#2062,2.500000000001E-1);
#2064=CARTESIAN_POINT('',(-1.275E0,7.999996130518E-1,-6.05E0));
#2065=LINE('256955',#2064,#2063);
#2066=DIRECTION('',(-1.E0,0.E0,-4.381680203856E-13));
#2067=VECTOR('',#2066,4.499999999997E-1);
#2068=CARTESIAN_POINT('',(-1.275E0,1.049999613052E0,-6.05E0));
#2069=LINE('256958',#2068,#2067);
#2070=DIRECTION('',(1.E0,0.E0,4.381680203856E-13));
#2071=VECTOR('',#2070,4.499999999997E-1);
#2072=CARTESIAN_POINT('',(-1.725E0,7.999996130518E-1,-6.05E0));
#2073=LINE('256963',#2072,#2071);
#2074=DIRECTION('',(0.E0,1.770589447064E-14,1.E0));
#2075=VECTOR('',#2074,3.850000000001E0);
#2076=CARTESIAN_POINT('',(-1.275E0,1.049999613052E0,-6.05E0));
#2077=LINE('256952',#2076,#2075);
#2078=DIRECTION('',(1.E0,0.E0,2.773090399287E-12));
#2079=VECTOR('',#2078,4.499999999997E-1);
#2080=CARTESIAN_POINT('',(-1.725E0,5.317559763909E-1,4.406976565069E-1));
#2081=LINE('256959',#2080,#2079);
#2082=DIRECTION('',(1.E0,0.E0,2.851052727239E-12));
#2083=VECTOR('',#2082,4.499999999997E-1);
#2084=CARTESIAN_POINT('',(-1.725E0,7.044670714111E-1,6.565518660790E-1));
#2085=LINE('256960',#2084,#2083);
#2086=DIRECTION('',(4.246766278819E-13,3.809781629648E-1,-9.245840358475E-1));
#2087=VECTOR('',#2086,1.192895329943E0);
#2088=CARTESIAN_POINT('',(7.25E-1,2.5E-1,1.759483844583E0));
#2089=LINE('257362',#2088,#2087);
#2090=DIRECTION('',(0.E0,-6.247562038889E-1,-7.808198804477E-1));
#2091=VECTOR('',#2090,2.764455862066E-1);
#2092=CARTESIAN_POINT('',(7.250000000005E-1,7.044670714111E-1,
6.565518660802E-1));
#2093=LINE('256939',#2092,#2091);
#2094=DIRECTION('',(-6.902452161604E-13,-3.840663340636E-1,9.233055025499E-1));
#2095=VECTOR('',#2094,7.336127939405E-1);
#2096=CARTESIAN_POINT('',(7.250000000005E-1,5.317559763909E-1,
4.406976565081E-1));
#2097=LINE('257361',#2096,#2095);
#2098=DIRECTION('',(1.E0,0.E0,1.894780628689E-12));
#2099=VECTOR('',#2098,4.500000000010E-1);
#2100=CARTESIAN_POINT('',(2.749999999995E-1,1.049999613052E0,-2.2E0));
#2101=LINE('256942',#2100,#2099);
#2102=DIRECTION('',(-1.448049631604E-12,-1.E0,-2.343524792615E-12));
#2103=VECTOR('',#2102,3.499996130520E-1);
#2104=CARTESIAN_POINT('',(7.250000000005E-1,1.049999613052E0,
-2.199999999999E0));
#2105=LINE('257360',#2104,#2103);
#2106=DIRECTION('',(1.451221700896E-12,-1.E0,9.389325103062E-14));
#2107=VECTOR('',#2106,3.499996130519E-1);
#2108=CARTESIAN_POINT('',(2.749999999995E-1,7.999996130518E-1,-2.45E0));
#2109=LINE('257367',#2108,#2107);
#2110=DIRECTION('',(0.E0,0.E0,1.E0));
#2111=VECTOR('',#2110,3.6E0);
#2112=CARTESIAN_POINT('',(2.749999999995E-1,7.999996130518E-1,-6.05E0));
#2113=LINE('256950',#2112,#2111);
#2114=DIRECTION('',(0.E0,-1.E0,0.E0));
#2115=VECTOR('',#2114,2.500000000001E-1);
#2116=CARTESIAN_POINT('',(2.749999999995E-1,1.049999613052E0,-6.05E0));
#2117=LINE('256951',#2116,#2115);
#2118=DIRECTION('',(0.E0,-1.770589447065E-14,-1.E0));
#2119=VECTOR('',#2118,3.85E0);
#2120=CARTESIAN_POINT('',(2.749999999995E-1,1.049999613052E0,-2.2E0));
#2121=LINE('256943',#2120,#2119);
#2122=DIRECTION('',(-1.450745890502E-12,1.E0,-9.389325103061E-14));
#2123=VECTOR('',#2122,3.499996130520E-1);
#2124=CARTESIAN_POINT('',(2.75E-1,7.E-1,-2.2E0));
#2125=LINE('257364',#2124,#2123);
#2126=DIRECTION('',(-6.928936027594E-13,3.840663340630E-1,-9.233055025502E-1));
#2127=VECTOR('',#2126,7.336127939417E-1);
#2128=CARTESIAN_POINT('',(2.75E-1,2.5E-1,1.118046385894E0));
#2129=LINE('257365',#2128,#2127);
#2130=DIRECTION('',(0.E0,6.247562038889E-1,7.808198804477E-1));
#2131=VECTOR('',#2130,2.764455862066E-1);
#2132=CARTESIAN_POINT('',(2.749999999995E-1,5.317559763909E-1,
4.406976565069E-1));
#2133=LINE('256947',#2132,#2131);
#2134=DIRECTION('',(4.259330676089E-13,-3.809781629644E-1,9.245840358476E-1));
#2135=VECTOR('',#2134,1.192895329945E0);
#2136=CARTESIAN_POINT('',(2.749999999995E-1,7.044670714111E-1,
6.565518660790E-1));
#2137=LINE('257366',#2136,#2135);
#2138=DIRECTION('',(0.E0,0.E0,-1.E0));
#2139=VECTOR('',#2138,3.600000000001E0);
#2140=CARTESIAN_POINT('',(7.250000000005E-1,7.999996130518E-1,
-2.449999999999E0));
#2141=LINE('256940',#2140,#2139);
#2142=DIRECTION('',(1.E0,0.E0,1.804975921809E-12));
#2143=VECTOR('',#2142,4.500000000010E-1);
#2144=CARTESIAN_POINT('',(2.749999999995E-1,7.999996130518E-1,-2.45E0));
#2145=LINE('256948',#2144,#2143);
#2146=DIRECTION('',(0.E0,1.E0,0.E0));
#2147=VECTOR('',#2146,2.500000000001E-1);
#2148=CARTESIAN_POINT('',(7.250000000005E-1,7.999996130518E-1,-6.05E0));
#2149=LINE('256941',#2148,#2147);
#2150=DIRECTION('',(-1.E0,0.E0,-4.381680203844E-13));
#2151=VECTOR('',#2150,4.500000000010E-1);
#2152=CARTESIAN_POINT('',(7.250000000005E-1,1.049999613052E0,-6.05E0));
#2153=LINE('256944',#2152,#2151);
#2154=DIRECTION('',(1.E0,0.E0,4.381680203844E-13));
#2155=VECTOR('',#2154,4.500000000010E-1);
#2156=CARTESIAN_POINT('',(2.749999999995E-1,7.999996130518E-1,-6.05E0));
#2157=LINE('256949',#2156,#2155);
#2158=DIRECTION('',(0.E0,1.770589447064E-14,1.E0));
#2159=VECTOR('',#2158,3.850000000001E0);
#2160=CARTESIAN_POINT('',(7.250000000005E-1,1.049999613052E0,-6.05E0));
#2161=LINE('256938',#2160,#2159);
#2162=DIRECTION('',(1.E0,0.E0,2.773090399280E-12));
#2163=VECTOR('',#2162,4.500000000010E-1);
#2164=CARTESIAN_POINT('',(2.749999999995E-1,5.317559763909E-1,
4.406976565069E-1));
#2165=LINE('256945',#2164,#2163);
#2166=DIRECTION('',(1.E0,0.E0,2.851299443459E-12));
#2167=VECTOR('',#2166,4.500000000010E-1);
#2168=CARTESIAN_POINT('',(2.749999999995E-1,7.044670714111E-1,
6.565518660790E-1));
#2169=LINE('256946',#2168,#2167);
#2170=DIRECTION('',(4.247696974913E-13,3.809781629648E-1,-9.245840358475E-1));
#2171=VECTOR('',#2170,1.192895329943E0);
#2172=CARTESIAN_POINT('',(2.725E0,2.5E-1,1.759483844583E0));
#2173=LINE('257346',#2172,#2171);
#2174=DIRECTION('',(0.E0,-6.247562038889E-1,-7.808198804477E-1));
#2175=VECTOR('',#2174,2.764455862066E-1);
#2176=CARTESIAN_POINT('',(2.725000000001E0,7.044670714111E-1,
6.565518660802E-1));
#2177=LINE('257135',#2176,#2175);
#2178=DIRECTION('',(-6.900938797833E-13,-3.840663340636E-1,9.233055025499E-1));
#2179=VECTOR('',#2178,7.336127939405E-1);
#2180=CARTESIAN_POINT('',(2.725000000001E0,5.317559763909E-1,
4.406976565081E-1));
#2181=LINE('257345',#2180,#2179);
#2182=DIRECTION('',(1.E0,0.E0,1.895767493600E-12));
#2183=VECTOR('',#2182,4.500000000010E-1);
#2184=CARTESIAN_POINT('',(2.274999999999E0,1.049999613052E0,-2.2E0));
#2185=LINE('257138',#2184,#2183);
#2186=DIRECTION('',(-1.447732424675E-12,-1.E0,-2.344793620332E-12));
#2187=VECTOR('',#2186,3.499996130520E-1);
#2188=CARTESIAN_POINT('',(2.725000000001E0,1.049999613052E0,-2.199999999999E0));
#2189=LINE('257344',#2188,#2187);
#2190=DIRECTION('',(1.449001252392E-12,-1.E0,9.262442331399E-14));
#2191=VECTOR('',#2190,3.499996130519E-1);
#2192=CARTESIAN_POINT('',(2.274999999999E0,7.999996130518E-1,-2.45E0));
#2193=LINE('257351',#2192,#2191);
#2194=DIRECTION('',(0.E0,0.E0,1.E0));
#2195=VECTOR('',#2194,3.6E0);
#2196=CARTESIAN_POINT('',(2.274999999999E0,7.999996130518E-1,-6.05E0));
#2197=LINE('257146',#2196,#2195);
#2198=DIRECTION('',(0.E0,-1.E0,0.E0));
#2199=VECTOR('',#2198,2.500000000001E-1);
#2200=CARTESIAN_POINT('',(2.274999999999E0,1.049999613052E0,-6.05E0));
#2201=LINE('257147',#2200,#2199);
#2202=DIRECTION('',(0.E0,-1.770589447065E-14,-1.E0));
#2203=VECTOR('',#2202,3.85E0);
#2204=CARTESIAN_POINT('',(2.274999999999E0,1.049999613052E0,-2.2E0));
#2205=LINE('257139',#2204,#2203);
#2206=DIRECTION('',(-1.449001252391E-12,1.E0,-9.389325103061E-14));
#2207=VECTOR('',#2206,3.499996130520E-1);
#2208=CARTESIAN_POINT('',(2.275E0,7.E-1,-2.2E0));
#2209=LINE('257348',#2208,#2207);
#2210=DIRECTION('',(-6.913045707994E-13,3.840663340630E-1,-9.233055025502E-1));
#2211=VECTOR('',#2210,7.336127939417E-1);
#2212=CARTESIAN_POINT('',(2.275E0,2.5E-1,1.118046385894E0));
#2213=LINE('257349',#2212,#2211);
#2214=DIRECTION('',(0.E0,6.247562038889E-1,7.808198804477E-1));
#2215=VECTOR('',#2214,2.764455862066E-1);
#2216=CARTESIAN_POINT('',(2.274999999999E0,5.317559763909E-1,
4.406976565069E-1));
#2217=LINE('257143',#2216,#2215);
#2218=DIRECTION('',(4.251419759287E-13,-3.809781629644E-1,9.245840358476E-1));
#2219=VECTOR('',#2218,1.192895329945E0);
#2220=CARTESIAN_POINT('',(2.274999999999E0,7.044670714111E-1,
6.565518660790E-1));
#2221=LINE('257350',#2220,#2219);
#2222=DIRECTION('',(0.E0,0.E0,-1.E0));
#2223=VECTOR('',#2222,3.600000000001E0);
#2224=CARTESIAN_POINT('',(2.725000000001E0,7.999996130518E-1,
-2.449999999999E0));
#2225=LINE('257136',#2224,#2223);
#2226=DIRECTION('',(1.E0,0.E0,1.803989056898E-12));
#2227=VECTOR('',#2226,4.500000000010E-1);
#2228=CARTESIAN_POINT('',(2.274999999999E0,7.999996130518E-1,-2.45E0));
#2229=LINE('257144',#2228,#2227);
#2230=DIRECTION('',(0.E0,1.E0,0.E0));
#2231=VECTOR('',#2230,2.500000000001E-1);
#2232=CARTESIAN_POINT('',(2.725000000001E0,7.999996130518E-1,-6.05E0));
#2233=LINE('257137',#2232,#2231);
#2234=DIRECTION('',(-1.E0,0.E0,-4.381680203844E-13));
#2235=VECTOR('',#2234,4.500000000010E-1);
#2236=CARTESIAN_POINT('',(2.725000000001E0,1.049999613052E0,-6.05E0));
#2237=LINE('257140',#2236,#2235);
#2238=DIRECTION('',(1.E0,0.E0,4.381680203844E-13));
#2239=VECTOR('',#2238,4.500000000010E-1);
#2240=CARTESIAN_POINT('',(2.274999999999E0,7.999996130518E-1,-6.05E0));
#2241=LINE('257145',#2240,#2239);
#2242=DIRECTION('',(0.E0,1.770589447064E-14,1.E0));
#2243=VECTOR('',#2242,3.850000000001E0);
#2244=CARTESIAN_POINT('',(2.725000000001E0,1.049999613052E0,-6.05E0));
#2245=LINE('257134',#2244,#2243);
#2246=DIRECTION('',(1.E0,0.E0,2.772843683052E-12));
#2247=VECTOR('',#2246,4.500000000010E-1);
#2248=CARTESIAN_POINT('',(2.274999999999E0,5.317559763909E-1,
4.406976565069E-1));
#2249=LINE('257141',#2248,#2247);
#2250=DIRECTION('',(1.E0,0.E0,2.851052727231E-12));
#2251=VECTOR('',#2250,4.500000000010E-1);
#2252=CARTESIAN_POINT('',(2.274999999999E0,7.044670714111E-1,
6.565518660790E-1));
#2253=LINE('257142',#2252,#2251);
#2254=DIRECTION('',(4.251419759291E-13,3.809781629648E-1,-9.245840358475E-1));
#2255=VECTOR('',#2254,1.192895329943E0);
#2256=CARTESIAN_POINT('',(4.725E0,2.5E-1,1.759483844583E0));
#2257=LINE('257330',#2256,#2255);
#2258=DIRECTION('',(0.E0,-6.247562038889E-1,-7.808198804477E-1));
#2259=VECTOR('',#2258,2.764455862066E-1);
#2260=CARTESIAN_POINT('',(4.725000000001E0,7.044670714111E-1,
6.565518660802E-1));
#2261=LINE('257149',#2260,#2259);
#2262=DIRECTION('',(-6.913045708004E-13,-3.840663340636E-1,9.233055025499E-1));
#2263=VECTOR('',#2262,7.336127939405E-1);
#2264=CARTESIAN_POINT('',(4.725000000001E0,5.317559763909E-1,
4.406976565081E-1));
#2265=LINE('257329',#2264,#2263);
#2266=DIRECTION('',(1.E0,0.E0,1.895767493600E-12));
#2267=VECTOR('',#2266,4.500000000010E-1);
#2268=CARTESIAN_POINT('',(4.274999999999E0,1.049999613052E0,-2.2E0));
#2269=LINE('257152',#2268,#2267);
#2270=DIRECTION('',(-1.449001252391E-12,-1.E0,-2.344793620332E-12));
#2271=VECTOR('',#2270,3.499996130520E-1);
#2272=CARTESIAN_POINT('',(4.725000000001E0,1.049999613052E0,-2.199999999999E0));
#2273=LINE('257328',#2272,#2271);
#2274=DIRECTION('',(1.449001252392E-12,-1.E0,9.262442331399E-14));
#2275=VECTOR('',#2274,3.499996130519E-1);
#2276=CARTESIAN_POINT('',(4.274999999999E0,7.999996130518E-1,-2.45E0));
#2277=LINE('257335',#2276,#2275);
#2278=DIRECTION('',(0.E0,0.E0,1.E0));
#2279=VECTOR('',#2278,3.6E0);
#2280=CARTESIAN_POINT('',(4.274999999999E0,7.999996130518E-1,-6.05E0));
#2281=LINE('257160',#2280,#2279);
#2282=DIRECTION('',(0.E0,-1.E0,0.E0));
#2283=VECTOR('',#2282,2.500000000001E-1);
#2284=CARTESIAN_POINT('',(4.274999999999E0,1.049999613052E0,-6.05E0));
#2285=LINE('257161',#2284,#2283);
#2286=DIRECTION('',(0.E0,-1.770589447065E-14,-1.E0));
#2287=VECTOR('',#2286,3.85E0);
#2288=CARTESIAN_POINT('',(4.274999999999E0,1.049999613052E0,-2.2E0));
#2289=LINE('257153',#2288,#2287);
#2290=DIRECTION('',(-1.449001252391E-12,1.E0,-9.389325103061E-14));
#2291=VECTOR('',#2290,3.499996130520E-1);
#2292=CARTESIAN_POINT('',(4.275E0,7.E-1,-2.2E0));
#2293=LINE('257332',#2292,#2291);
#2294=DIRECTION('',(-6.913045707994E-13,3.840663340630E-1,-9.233055025502E-1));
#2295=VECTOR('',#2294,7.336127939417E-1);
#2296=CARTESIAN_POINT('',(4.275E0,2.5E-1,1.118046385894E0));
#2297=LINE('257333',#2296,#2295);
#2298=DIRECTION('',(0.E0,6.247562038889E-1,7.808198804477E-1));
#2299=VECTOR('',#2298,2.764455862066E-1);
#2300=CARTESIAN_POINT('',(4.274999999999E0,5.317559763909E-1,
4.406976565069E-1));
#2301=LINE('257157',#2300,#2299);
#2302=DIRECTION('',(4.251419759287E-13,-3.809781629644E-1,9.245840358476E-1));
#2303=VECTOR('',#2302,1.192895329945E0);
#2304=CARTESIAN_POINT('',(4.274999999999E0,7.044670714111E-1,
6.565518660790E-1));
#2305=LINE('257334',#2304,#2303);
#2306=DIRECTION('',(0.E0,0.E0,-1.E0));
#2307=VECTOR('',#2306,3.600000000001E0);
#2308=CARTESIAN_POINT('',(4.725000000001E0,7.999996130518E-1,
-2.449999999999E0));
#2309=LINE('257150',#2308,#2307);
#2310=DIRECTION('',(1.E0,0.E0,1.803989056898E-12));
#2311=VECTOR('',#2310,4.500000000010E-1);
#2312=CARTESIAN_POINT('',(4.274999999999E0,7.999996130518E-1,-2.45E0));
#2313=LINE('257158',#2312,#2311);
#2314=DIRECTION('',(0.E0,1.E0,0.E0));
#2315=VECTOR('',#2314,2.500000000001E-1);
#2316=CARTESIAN_POINT('',(4.725000000001E0,7.999996130518E-1,-6.05E0));
#2317=LINE('257151',#2316,#2315);
#2318=DIRECTION('',(-1.E0,0.E0,-4.381680203844E-13));
#2319=VECTOR('',#2318,4.500000000010E-1);
#2320=CARTESIAN_POINT('',(4.725000000001E0,1.049999613052E0,-6.05E0));
#2321=LINE('257154',#2320,#2319);
#2322=DIRECTION('',(1.E0,0.E0,4.381680203844E-13));
#2323=VECTOR('',#2322,4.500000000010E-1);
#2324=CARTESIAN_POINT('',(4.274999999999E0,7.999996130518E-1,-6.05E0));
#2325=LINE('257159',#2324,#2323);
#2326=DIRECTION('',(0.E0,1.770589447064E-14,1.E0));
#2327=VECTOR('',#2326,3.850000000001E0);
#2328=CARTESIAN_POINT('',(4.725000000001E0,1.049999613052E0,-6.05E0));
#2329=LINE('257148',#2328,#2327);
#2330=DIRECTION('',(1.E0,0.E0,2.772720324938E-12));
#2331=VECTOR('',#2330,4.500000000010E-1);
#2332=CARTESIAN_POINT('',(4.274999999999E0,5.317559763909E-1,
4.406976565069E-1));
#2333=LINE('257155',#2332,#2331);
#2334=DIRECTION('',(1.E0,0.E0,2.850806011003E-12));
#2335=VECTOR('',#2334,4.500000000010E-1);
#2336=CARTESIAN_POINT('',(4.274999999999E0,7.044670714111E-1,
6.565518660790E-1));
#2337=LINE('257156',#2336,#2335);
#2338=DIRECTION('',(-1.E0,0.E0,0.E0));
#2339=VECTOR('',#2338,8.1E-1);
#2340=CARTESIAN_POINT('',(-1.575E1,4.E-1,-9.5E-1));
#2341=LINE('259130',#2340,#2339);
#2342=DIRECTION('',(-1.E0,0.E0,0.E0));
#2343=VECTOR('',#2342,2.131E1);
#2344=CARTESIAN_POINT('',(5.56E0,4.E-1,-9.5E-1));
#2345=LINE('259146',#2344,#2343);
#2346=DIRECTION('',(1.E0,0.E0,0.E0));
#2347=VECTOR('',#2346,2.131E1);
#2348=CARTESIAN_POINT('',(-1.575E1,2.5E-1,-8.E-1));
#2349=LINE('259145',#2348,#2347);
#2350=DIRECTION('',(1.E0,0.E0,0.E0));
#2351=VECTOR('',#2350,8.1E-1);
#2352=CARTESIAN_POINT('',(-1.656E1,2.5E-1,-8.E-1));
#2353=LINE('259129',#2352,#2351);
#2354=DIRECTION('',(0.E0,1.E0,0.E0));
#2355=VECTOR('',#2354,2.5E-1);
#2356=CARTESIAN_POINT('',(-1.656E1,4.E-1,-9.5E-1));
#2357=LINE('258512',#2356,#2355);
#2358=DIRECTION('',(-1.E0,0.E0,0.E0));
#2359=VECTOR('',#2358,8.1E-1);
#2360=CARTESIAN_POINT('',(-1.575E1,7.5E-1,-8.5E-1));
#2361=LINE('259132',#2360,#2359);
#2362=DIRECTION('',(-1.E0,0.E0,0.E0));
#2363=VECTOR('',#2362,2.131E1);
#2364=CARTESIAN_POINT('',(5.56E0,7.5E-1,-8.5E-1));
#2365=LINE('259148',#2364,#2363);
#2366=DIRECTION('',(1.E0,0.E0,0.E0));
#2367=VECTOR('',#2366,2.131E1);
#2368=CARTESIAN_POINT('',(-1.575E1,6.5E-1,-9.5E-1));
#2369=LINE('259147',#2368,#2367);
#2370=DIRECTION('',(1.E0,0.E0,0.E0));
#2371=VECTOR('',#2370,8.1E-1);
#2372=CARTESIAN_POINT('',(-1.656E1,6.5E-1,-9.5E-1));
#2373=LINE('259131',#2372,#2371);
#2374=DIRECTION('',(1.E0,0.E0,0.E0));
#2375=VECTOR('',#2374,2.212E1);
#2376=CARTESIAN_POINT('',(-1.656E1,7.5E-1,2.25E0));
#2377=LINE('259159',#2376,#2375);
#2378=DIRECTION('',(-1.140306487228E-13,0.E0,-1.E0));
#2379=VECTOR('',#2378,3.1E0);
#2380=CARTESIAN_POINT('',(5.56E0,7.5E-1,2.25E0));
#2381=LINE('257255',#2380,#2379);
#2382=DIRECTION('',(0.E0,0.E0,1.E0));
#2383=VECTOR('',#2382,3.1E0);
#2384=CARTESIAN_POINT('',(-1.656E1,7.5E-1,-8.5E-1));
#2385=LINE('258514',#2384,#2383);
#2386=DIRECTION('',(1.E0,0.E0,0.E0));
#2387=VECTOR('',#2386,2.272E1);
#2388=CARTESIAN_POINT('',(-1.686E1,9.5E-1,2.95E0));
#2389=LINE('259158',#2388,#2387);
#2390=DIRECTION('',(6.931032800844E-1,1.980295085952E-1,6.931032800829E-1));
#2391=VECTOR('',#2390,4.328359259302E-1);
#2392=CARTESIAN_POINT('',(5.56E0,8.642857142857E-1,2.65E0));
#2393=LINE('257239',#2392,#2391);
#2394=DIRECTION('',(0.E0,-1.E0,0.E0));
#2395=VECTOR('',#2394,3.4E0);
#2396=CARTESIAN_POINT('',(6.3E0,1.45E0,2.95E0));
#2397=LINE('257165',#2396,#2395);
#2398=DIRECTION('',(-1.E0,0.E0,0.E0));
#2399=VECTOR('',#2398,2.36E1);
#2400=CARTESIAN_POINT('',(6.3E0,-1.95E0,2.95E0));
#2401=LINE('259154',#2400,#2399);
#2402=DIRECTION('',(0.E0,1.E0,0.E0));
#2403=VECTOR('',#2402,3.4E0);
#2404=CARTESIAN_POINT('',(-1.73E1,-1.95E0,2.95E0));
#2405=LINE('258480',#2404,#2403);
#2406=DIRECTION('',(0.E0,1.095420050963E-14,-1.E0));
#2407=VECTOR('',#2406,1.5E0);
#2408=CARTESIAN_POINT('',(6.3E0,1.45E0,2.95E0));
#2409=LINE('257164',#2408,#2407);
#2410=DIRECTION('',(-1.E0,0.E0,0.E0));
#2411=VECTOR('',#2410,2.36E1);
#2412=CARTESIAN_POINT('',(6.3E0,1.45E0,2.95E0));
#2413=LINE('259155',#2412,#2411);
#2414=DIRECTION('',(0.E0,-1.095420050963E-14,1.E0));
#2415=VECTOR('',#2414,1.5E0);
#2416=CARTESIAN_POINT('',(-1.73E1,1.45E0,1.45E0));
#2417=LINE('258479',#2416,#2415);
#2418=DIRECTION('',(1.E0,0.E0,0.E0));
#2419=VECTOR('',#2418,2.36E1);
#2420=CARTESIAN_POINT('',(-1.73E1,1.95E0,9.5E-1));
#2421=LINE('259157',#2420,#2419);
#2422=DIRECTION('',(-1.E0,0.E0,0.E0));
#2423=VECTOR('',#2422,2.36E1);
#2424=CARTESIAN_POINT('',(6.3E0,1.45E0,1.45E0));
#2425=LINE('259156',#2424,#2423);
#2426=DIRECTION('',(0.E0,7.071067811865E-1,-7.071067811865E-1));
#2427=VECTOR('',#2426,7.071067811865E-1);
#2428=CARTESIAN_POINT('',(6.3E0,1.45E0,1.45E0));
#2429=LINE('257163',#2428,#2427);
#2430=DIRECTION('',(0.E0,-1.E0,4.352074256531E-14));
#2431=VECTOR('',#2430,1.5E0);
#2432=CARTESIAN_POINT('',(5.5E0,1.95E0,-2.95E0));
#2433=LINE('257183',#2432,#2431);
#2434=DIRECTION('',(0.E0,1.E0,-4.352074256531E-14));
#2435=VECTOR('',#2434,1.5E0);
#2436=CARTESIAN_POINT('',(6.3E0,4.5E-1,-2.95E0));
#2437=LINE('257171',#2436,#2435);
#2438=DIRECTION('',(-1.E0,0.E0,0.E0));
#2439=VECTOR('',#2438,8.E-1);
#2440=CARTESIAN_POINT('',(6.3E0,1.95E0,-2.95E0));
#2441=LINE('257173',#2440,#2439);
#2442=DIRECTION('',(0.E0,0.E0,-1.E0));
#2443=VECTOR('',#2442,9.E-1);
#2444=CARTESIAN_POINT('',(5.5E0,1.95E0,-2.05E0));
#2445=LINE('257172',#2444,#2443);
#2446=DIRECTION('',(0.E0,-7.071067811866E-1,-7.071067811865E-1));
#2447=VECTOR('',#2446,5.656854249493E-1);
#2448=CARTESIAN_POINT('',(5.5E0,8.5E-1,-2.05E0));
#2449=LINE('257185',#2448,#2447);
#2450=DIRECTION('',(0.E0,0.E0,1.E0));
#2451=VECTOR('',#2450,4.999999999999E-1);
#2452=CARTESIAN_POINT('',(6.3E0,4.5E-1,-2.95E0));
#2453=LINE('257170',#2452,#2451);
#2454=DIRECTION('',(1.E0,0.E0,0.E0));
#2455=VECTOR('',#2454,8.E-1);
#2456=CARTESIAN_POINT('',(5.5E0,4.5E-1,-2.95E0));
#2457=LINE('257197',#2456,#2455);
#2458=DIRECTION('',(0.E0,1.454392162259E-14,-1.E0));
#2459=VECTOR('',#2458,4.999999999999E-1);
#2460=CARTESIAN_POINT('',(5.5E0,4.5E-1,-2.45E0));
#2461=LINE('257184',#2460,#2459);
#2462=DIRECTION('',(-1.E0,0.E0,4.163336342344E-14));
#2463=VECTOR('',#2462,8.E-1);
#2464=CARTESIAN_POINT('',(6.3E0,4.5E-1,-2.45E0));
#2465=LINE('257221',#2464,#2463);
#2466=DIRECTION('',(0.E0,0.E0,1.E0));
#2467=VECTOR('',#2466,4.999999999999E-1);
#2468=CARTESIAN_POINT('',(5.5E0,-5.5E-1,-2.95E0));
#2469=LINE('257182',#2468,#2467);
#2470=DIRECTION('',(-1.E0,0.E0,0.E0));
#2471=VECTOR('',#2470,8.E-1);
#2472=CARTESIAN_POINT('',(6.3E0,-5.5E-1,-2.95E0));
#2473=LINE('257195',#2472,#2471);
#2474=DIRECTION('',(0.E0,0.E0,-1.E0));
#2475=VECTOR('',#2474,4.999999999999E-1);
#2476=CARTESIAN_POINT('',(6.3E0,-5.5E-1,-2.45E0));
#2477=LINE('257168',#2476,#2475);
#2478=DIRECTION('',(0.E0,1.E0,4.599495387733E-14));
#2479=VECTOR('',#2478,1.4E0);
#2480=CARTESIAN_POINT('',(6.3E0,-1.95E0,-2.95E0));
#2481=LINE('257167',#2480,#2479);
#2482=DIRECTION('',(0.E0,-1.E0,-4.567774729886E-14));
#2483=VECTOR('',#2482,1.4E0);
#2484=CARTESIAN_POINT('',(5.5E0,-5.5E-1,-2.95E0));
#2485=LINE('257179',#2484,#2483);
#2486=DIRECTION('',(0.E0,0.E0,-1.E0));
#2487=VECTOR('',#2486,5.9E0);
#2488=CARTESIAN_POINT('',(6.3E0,-1.95E0,2.95E0));
#2489=LINE('257166',#2488,#2487);
#2490=DIRECTION('',(-1.E0,0.E0,0.E0));
#2491=VECTOR('',#2490,8.E-1);
#2492=CARTESIAN_POINT('',(6.3E0,-1.95E0,-2.95E0));
#2493=LINE('257196',#2492,#2491);
#2494=DIRECTION('',(0.E0,0.E0,1.E0));
#2495=VECTOR('',#2494,5.E-1);
#2496=CARTESIAN_POINT('',(5.5E0,-1.95E0,-2.95E0));
#2497=LINE('257180',#2496,#2495);
#2498=DIRECTION('',(-1.E0,0.E0,0.E0));
#2499=VECTOR('',#2498,2.2E1);
#2500=CARTESIAN_POINT('',(5.5E0,-1.95E0,-2.45E0));
#2501=LINE('259153',#2500,#2499);
#2502=DIRECTION('',(0.E0,0.E0,-1.E0));
#2503=VECTOR('',#2502,5.E-1);
#2504=CARTESIAN_POINT('',(-1.65E1,-1.95E0,-2.45E0));
#2505=LINE('258468',#2504,#2503);
#2506=DIRECTION('',(-1.E0,0.E0,0.E0));
#2507=VECTOR('',#2506,8.E-1);
#2508=CARTESIAN_POINT('',(-1.65E1,-1.95E0,-2.95E0));
#2509=LINE('258458',#2508,#2507);
#2510=DIRECTION('',(0.E0,0.E0,1.E0));
#2511=VECTOR('',#2510,5.9E0);
#2512=CARTESIAN_POINT('',(-1.73E1,-1.95E0,-2.95E0));
#2513=LINE('258481',#2512,#2511);
#2514=DIRECTION('',(0.E0,1.E0,4.504333414193E-14));
#2515=VECTOR('',#2514,1.4E0);
#2516=CARTESIAN_POINT('',(-1.65E1,-1.95E0,-2.95E0));
#2517=LINE('258455',#2516,#2515);
#2518=DIRECTION('',(-1.E0,0.E0,0.E0));
#2519=VECTOR('',#2518,8.E-1);
#2520=CARTESIAN_POINT('',(-1.65E1,-5.5E-1,-2.95E0));
#2521=LINE('258456',#2520,#2519);
#2522=DIRECTION('',(0.E0,0.E0,-1.E0));
#2523=VECTOR('',#2522,4.999999999999E-1);
#2524=CARTESIAN_POINT('',(-1.65E1,-5.5E-1,-2.45E0));
#2525=LINE('258466',#2524,#2523);
#2526=DIRECTION('',(0.E0,1.E0,-5.732787981701E-14));
#2527=VECTOR('',#2526,1.1E0);
#2528=CARTESIAN_POINT('',(-1.73E1,4.5E-1,-2.95E0));
#2529=LINE('258459',#2528,#2527);
#2530=DIRECTION('',(0.E0,6.306066779871E-14,1.E0));
#2531=VECTOR('',#2530,1.E0);
#2532=CARTESIAN_POINT('',(-1.73E1,1.95E0,-5.E-2));
#2533=LINE('258443',#2532,#2531);
#2534=DIRECTION('',(0.E0,7.071067811865E-1,-7.071067811865E-1));
#2535=VECTOR('',#2534,7.071067811865E-1);
#2536=CARTESIAN_POINT('',(-1.73E1,1.45E0,1.45E0));
#2537=LINE('258478',#2536,#2535);
#2538=DIRECTION('',(0.E0,1.E0,4.472612756347E-14));
#2539=VECTOR('',#2538,1.4E0);
#2540=CARTESIAN_POINT('',(-1.73E1,-1.95E0,-2.95E0));
#2541=LINE('258457',#2540,#2539);
#2542=DIRECTION('',(0.E0,0.E0,1.E0));
#2543=VECTOR('',#2542,4.999999999999E-1);
#2544=CARTESIAN_POINT('',(-1.73E1,-5.5E-1,-2.95E0));
#2545=LINE('258473',#2544,#2543);
#2546=DIRECTION('',(0.E0,-1.376676550535E-14,1.E0));
#2547=VECTOR('',#2546,4.999999999999E-1);
#2548=CARTESIAN_POINT('',(-1.65E1,4.5E-1,-2.95E0));
#2549=LINE('258472',#2548,#2547);
#2550=DIRECTION('',(1.E0,0.E0,0.E0));
#2551=VECTOR('',#2550,8.E-1);
#2552=CARTESIAN_POINT('',(-1.73E1,4.5E-1,-2.95E0));
#2553=LINE('258460',#2552,#2551);
#2554=DIRECTION('',(0.E0,0.E0,-1.E0));
#2555=VECTOR('',#2554,4.999999999999E-1);
#2556=CARTESIAN_POINT('',(-1.73E1,4.5E-1,-2.45E0));
#2557=LINE('258483',#2556,#2555);
#2558=DIRECTION('',(1.E0,0.E0,3.996802888651E-14));
#2559=VECTOR('',#2558,8.E-1);
#2560=CARTESIAN_POINT('',(-1.73E1,4.5E-1,-2.45E0));
#2561=LINE('258491',#2560,#2559);
#2562=DIRECTION('',(0.E0,1.E0,-5.813531474401E-14));
#2563=VECTOR('',#2562,1.1E0);
#2564=CARTESIAN_POINT('',(-1.65E1,4.5E-1,-2.95E0));
#2565=LINE('258461',#2564,#2563);
#2566=DIRECTION('',(0.E0,7.071067811866E-1,7.071067811865E-1));
#2567=VECTOR('',#2566,5.656854249493E-1);
#2568=CARTESIAN_POINT('',(-1.65E1,4.5E-1,-2.45E0));
#2569=LINE('258471',#2568,#2567);
#2570=DIRECTION('',(0.E0,2.159192365133E-14,1.E0));
#2571=VECTOR('',#2570,2.9E0);
#2572=CARTESIAN_POINT('',(-1.73E1,1.55E0,-2.95E0));
#2573=LINE('258476',#2572,#2571);
#2574=DIRECTION('',(-1.E0,0.E0,0.E0));
#2575=VECTOR('',#2574,8.E-1);
#2576=CARTESIAN_POINT('',(-1.65E1,1.55E0,-2.95E0));
#2577=LINE('258462',#2576,#2575);
#2578=DIRECTION('',(0.E0,0.E0,1.E0));
#2579=VECTOR('',#2578,9.E-1);
#2580=CARTESIAN_POINT('',(-1.65E1,1.55E0,-2.95E0));
#2581=LINE('258469',#2580,#2579);
#2582=DIRECTION('',(0.E0,-3.153033389935E-14,1.E0));
#2583=VECTOR('',#2582,2.E0);
#2584=CARTESIAN_POINT('',(-1.65E1,1.95E0,-2.05E0));
#2585=LINE('258445',#2584,#2583);
#2586=DIRECTION('',(0.E0,3.130828929443E-14,1.E0));
#2587=VECTOR('',#2586,2.E0);
#2588=CARTESIAN_POINT('',(-1.65E1,1.55E0,-2.05E0));
#2589=LINE('258485',#2588,#2587);
#2590=DIRECTION('',(0.E0,1.E0,0.E0));
#2591=VECTOR('',#2590,3.999999999999E-1);
#2592=CARTESIAN_POINT('',(-1.73E1,1.55E0,-5.E-2));
#2593=LINE('258477',#2592,#2591);
#2594=DIRECTION('',(-1.E0,0.E0,0.E0));
#2595=VECTOR('',#2594,8.E-1);
#2596=CARTESIAN_POINT('',(-1.65E1,1.55E0,-5.E-2));
#2597=LINE('258484',#2596,#2595);
#2598=DIRECTION('',(0.E0,-1.E0,0.E0));
#2599=VECTOR('',#2598,3.999999999999E-1);
#2600=CARTESIAN_POINT('',(-1.65E1,1.95E0,-5.E-2));
#2601=LINE('258487',#2600,#2599);
#2602=DIRECTION('',(1.E0,0.E0,0.E0));
#2603=VECTOR('',#2602,8.E-1);
#2604=CARTESIAN_POINT('',(-1.73E1,1.95E0,-5.E-2));
#2605=LINE('258444',#2604,#2603);
#2606=DIRECTION('',(1.E0,0.E0,-1.096516567531E-14));
#2607=VECTOR('',#2606,8.100000000001E-1);
#2608=CARTESIAN_POINT('',(-1.656E1,2.5E-1,2.45E0));
#2609=LINE('259127',#2608,#2607);
#2610=DIRECTION('',(1.E0,0.E0,0.E0));
#2611=VECTOR('',#2610,2.131E1);
#2612=CARTESIAN_POINT('',(-1.575E1,2.5E-1,2.45E0));
#2613=LINE('259143',#2612,#2611);
#2614=CARTESIAN_POINT('',(5.559999999999E0,2.082575694955E-1,2.65E0));
#2615=CARTESIAN_POINT('',(5.646860489038E0,1.703485441698E-1,2.736860489039E0));
#2616=CARTESIAN_POINT('',(5.782055429335E0,5.432510731656E-2,2.872055429334E0));
#2617=CARTESIAN_POINT('',(5.860000000001E0,-1.214442404507E-1,2.95E0));
#2618=CARTESIAN_POINT('',(5.860000000001E0,-2.5E-1,2.95E0));
#2620=DIRECTION('',(-1.E0,0.E0,0.E0));
#2621=VECTOR('',#2620,2.161E1);
#2622=CARTESIAN_POINT('',(5.86E0,-2.5E-1,2.95E0));
#2623=LINE('259140',#2622,#2621);
#2624=DIRECTION('',(-1.E0,0.E0,-2.040409883095E-14));
#2625=VECTOR('',#2624,1.11E0);
#2626=CARTESIAN_POINT('',(-1.575E1,-2.5E-1,2.95E0));
#2627=LINE('259124',#2626,#2625);
#2628=CARTESIAN_POINT('',(-1.686E1,-2.5E-1,2.95E0));
#2629=CARTESIAN_POINT('',(-1.686E1,-1.214442404507E-1,2.95E0));
#2630=CARTESIAN_POINT('',(-1.678205542933E1,5.432510731656E-2,
2.872055429334E0));
#2631=CARTESIAN_POINT('',(-1.664686048904E1,1.703485441698E-1,
2.736860489039E0));
#2632=CARTESIAN_POINT('',(-1.656E1,2.082575694955E-1,2.65E0));
#2634=CARTESIAN_POINT('',(5.559999999999E0,4.E-1,-8.E-1));
#2635=DIRECTION('',(-1.E0,0.E0,0.E0));
#2636=DIRECTION('',(0.E0,0.E0,-1.E0));
#2637=AXIS2_PLACEMENT_3D('',#2634,#2635,#2636);
#2639=DIRECTION('',(0.E0,-1.E0,0.E0));
#2640=VECTOR('',#2639,2.5E-1);
#2641=CARTESIAN_POINT('',(5.56E0,6.5E-1,-9.5E-1));
#2642=LINE('257251',#2641,#2640);
#2643=CARTESIAN_POINT('',(5.559999999999E0,6.5E-1,-8.5E-1));
#2644=DIRECTION('',(-1.E0,0.E0,0.E0));
#2645=DIRECTION('',(0.E0,1.E0,-1.332267629550E-14));
#2646=AXIS2_PLACEMENT_3D('',#2643,#2644,#2645);
#2648=DIRECTION('',(7.045539767635E-13,-2.747211278973E-1,-9.615239476408E-1));
#2649=VECTOR('',#2648,4.160062793875E-1);
#2650=CARTESIAN_POINT('',(5.56E0,8.642857142857E-1,2.65E0));
#2651=LINE('257240',#2650,#2649);
#2652=CARTESIAN_POINT('',(5.56E0,-2.5E-1,2.45E0));
#2653=DIRECTION('',(1.E0,0.E0,0.E0));
#2654=DIRECTION('',(0.E0,1.E0,0.E0));
#2655=AXIS2_PLACEMENT_3D('',#2652,#2653,#2654);
#2657=DIRECTION('',(1.038485536880E-13,0.E0,1.E0));
#2658=VECTOR('',#2657,3.25E0);
#2659=CARTESIAN_POINT('',(5.56E0,2.5E-1,-8.E-1));
#2660=LINE('257247',#2659,#2658);
#2661=DIRECTION('',(0.E0,-1.E0,1.147230458779E-14));
#2662=VECTOR('',#2661,1.2E0);
#2663=CARTESIAN_POINT('',(5.86E0,9.5E-1,2.95E0));
#2664=LINE('257227',#2663,#2662);
#2665=DIRECTION('',(2.166195890841E-14,1.E0,-9.883268751960E-14));
#2666=VECTOR('',#2665,6.560281447902E-1);
#2667=CARTESIAN_POINT('',(5.56E0,2.082575694955E-1,2.65E0));
#2668=LINE('257256',#2667,#2666);
#2669=DIRECTION('',(-2.990200679657E-13,1.E0,-1.036208156317E-14));
#2670=VECTOR('',#2669,1.2E0);
#2671=CARTESIAN_POINT('',(-1.686E1,-2.5E-1,2.95E0));
#2672=LINE('258497',#2671,#2670);
#2673=DIRECTION('',(-6.931032800844E-1,1.980295085952E-1,6.931032800830E-1));
#2674=VECTOR('',#2673,4.328359259302E-1);
#2675=CARTESIAN_POINT('',(-1.656E1,8.642857142857E-1,2.65E0));
#2676=LINE('258504',#2675,#2674);
#2677=CARTESIAN_POINT('',(-1.656E1,-2.5E-1,2.45E0));
#2678=DIRECTION('',(1.E0,0.E0,0.E0));
#2679=DIRECTION('',(0.E0,1.E0,0.E0));
#2680=AXIS2_PLACEMENT_3D('',#2677,#2678,#2679);
#2682=DIRECTION('',(-1.516337123588E-13,-1.E0,9.883268751960E-14));
#2683=VECTOR('',#2682,6.560281447902E-1);
#2684=CARTESIAN_POINT('',(-1.656E1,8.642857142857E-1,2.65E0));
#2685=LINE('258505',#2684,#2683);
#2686=DIRECTION('',(-7.002839526619E-13,-2.747211278973E-1,-9.615239476408E-1));
#2687=VECTOR('',#2686,4.160062793875E-1);
#2688=CARTESIAN_POINT('',(-1.656E1,8.642857142857E-1,2.65E0));
#2689=LINE('258506',#2688,#2687);
#2690=CARTESIAN_POINT('',(-1.656E1,6.5E-1,-8.5E-1));
#2691=DIRECTION('',(-1.E0,0.E0,0.E0));
#2692=DIRECTION('',(0.E0,1.E0,0.E0));
#2693=AXIS2_PLACEMENT_3D('',#2690,#2691,#2692);
#2695=CARTESIAN_POINT('',(-1.656E1,4.E-1,-8.E-1));
#2696=DIRECTION('',(-1.E0,0.E0,0.E0));
#2697=DIRECTION('',(0.E0,0.E0,-1.E0));
#2698=AXIS2_PLACEMENT_3D('',#2695,#2696,#2697);
#2700=CARTESIAN_POINT('',(-2.749999999995E-1,7.044670714111E-1,
6.565518660802E-1));
#2701=CARTESIAN_POINT('',(-2.749999999995E-1,5.317559763908E-1,
4.406976565081E-1));
#2702=VERTEX_POINT('',#2700);
#2703=VERTEX_POINT('',#2701);
#2704=CARTESIAN_POINT('',(-2.749999999995E-1,-1.200000714286E0,-6.05E0));
#2705=CARTESIAN_POINT('',(-2.749999999995E-1,-9.5E-1,-6.049999999999E0));
#2706=VERTEX_POINT('',#2704);
#2707=VERTEX_POINT('',#2705);
#2708=CARTESIAN_POINT('',(-7.250000000005E-1,-9.5E-1,-6.05E0));
#2709=VERTEX_POINT('',#2708);
#2710=CARTESIAN_POINT('',(-7.250000000005E-1,5.317559763908E-1,
4.406976565069E-1));
#2711=VERTEX_POINT('',#2710);
#2712=CARTESIAN_POINT('',(-7.250000000005E-1,7.044670714111E-1,
6.565518660790E-1));
#2713=VERTEX_POINT('',#2712);
#2714=CARTESIAN_POINT('',(-7.250000000005E-1,-1.200000714286E0,-6.05E0));
#2715=VERTEX_POINT('',#2714);
#2716=CARTESIAN_POINT('',(-2.275E0,7.044670714111E-1,6.565518660802E-1));
#2717=CARTESIAN_POINT('',(-2.275E0,5.317559763908E-1,4.406976565081E-1));
#2718=VERTEX_POINT('',#2716);
#2719=VERTEX_POINT('',#2717);
#2720=CARTESIAN_POINT('',(-2.275E0,-1.200000714286E0,-6.05E0));
#2721=CARTESIAN_POINT('',(-2.275E0,-9.5E-1,-6.049999999999E0));
#2722=VERTEX_POINT('',#2720);
#2723=VERTEX_POINT('',#2721);
#2724=CARTESIAN_POINT('',(-2.725E0,-9.5E-1,-6.05E0));
#2725=VERTEX_POINT('',#2724);
#2726=CARTESIAN_POINT('',(-2.725E0,5.317559763908E-1,4.406976565069E-1));
#2727=VERTEX_POINT('',#2726);
#2728=CARTESIAN_POINT('',(-2.725E0,7.044670714111E-1,6.565518660790E-1));
#2729=VERTEX_POINT('',#2728);
#2730=CARTESIAN_POINT('',(-2.725E0,-1.200000714286E0,-6.05E0));
#2731=VERTEX_POINT('',#2730);
#2732=CARTESIAN_POINT('',(-4.275E0,7.044670714111E-1,6.565518660802E-1));
#2733=CARTESIAN_POINT('',(-4.275E0,5.317559763908E-1,4.406976565081E-1));
#2734=VERTEX_POINT('',#2732);
#2735=VERTEX_POINT('',#2733);
#2736=CARTESIAN_POINT('',(-4.275E0,-1.200000714286E0,-6.05E0));
#2737=CARTESIAN_POINT('',(-4.275E0,-9.5E-1,-6.049999999999E0));
#2738=VERTEX_POINT('',#2736);
#2739=VERTEX_POINT('',#2737);
#2740=CARTESIAN_POINT('',(-4.725E0,-9.5E-1,-6.05E0));
#2741=VERTEX_POINT('',#2740);
#2742=CARTESIAN_POINT('',(-4.725E0,5.317559763908E-1,4.406976565069E-1));
#2743=VERTEX_POINT('',#2742);
#2744=CARTESIAN_POINT('',(-4.725E0,7.044670714111E-1,6.565518660790E-1));
#2745=VERTEX_POINT('',#2744);
#2746=CARTESIAN_POINT('',(-4.725E0,-1.200000714286E0,-6.05E0));
#2747=VERTEX_POINT('',#2746);
#2748=CARTESIAN_POINT('',(-6.275E0,7.044670714111E-1,6.565518660802E-1));
#2749=CARTESIAN_POINT('',(-6.275E0,5.317559763908E-1,4.406976565081E-1));
#2750=VERTEX_POINT('',#2748);
#2751=VERTEX_POINT('',#2749);
#2752=CARTESIAN_POINT('',(-6.275E0,-1.200000714286E0,-6.05E0));
#2753=CARTESIAN_POINT('',(-6.275E0,-9.5E-1,-6.049999999999E0));
#2754=VERTEX_POINT('',#2752);
#2755=VERTEX_POINT('',#2753);
#2756=CARTESIAN_POINT('',(-6.725E0,-9.5E-1,-6.05E0));
#2757=VERTEX_POINT('',#2756);
#2758=CARTESIAN_POINT('',(-6.725E0,5.317559763908E-1,4.406976565069E-1));
#2759=VERTEX_POINT('',#2758);
#2760=CARTESIAN_POINT('',(-6.725E0,7.044670714111E-1,6.565518660790E-1));
#2761=VERTEX_POINT('',#2760);
#2762=CARTESIAN_POINT('',(-6.725E0,-1.200000714286E0,-6.05E0));
#2763=VERTEX_POINT('',#2762);
#2764=CARTESIAN_POINT('',(-8.275E0,7.044670714111E-1,6.565518660802E-1));
#2765=CARTESIAN_POINT('',(-8.275E0,5.317559763908E-1,4.406976565081E-1));
#2766=VERTEX_POINT('',#2764);
#2767=VERTEX_POINT('',#2765);
#2768=CARTESIAN_POINT('',(-8.275E0,-1.200000714286E0,-6.05E0));
#2769=CARTESIAN_POINT('',(-8.275E0,-9.5E-1,-6.049999999999E0));
#2770=VERTEX_POINT('',#2768);
#2771=VERTEX_POINT('',#2769);
#2772=CARTESIAN_POINT('',(-8.725E0,-9.5E-1,-6.05E0));
#2773=VERTEX_POINT('',#2772);
#2774=CARTESIAN_POINT('',(-8.725E0,5.317559763908E-1,4.406976565069E-1));
#2775=VERTEX_POINT('',#2774);
#2776=CARTESIAN_POINT('',(-8.725E0,7.044670714111E-1,6.565518660790E-1));
#2777=VERTEX_POINT('',#2776);
#2778=CARTESIAN_POINT('',(-8.725E0,-1.200000714286E0,-6.05E0));
#2779=VERTEX_POINT('',#2778);
#2780=CARTESIAN_POINT('',(-1.0275E1,7.044670714111E-1,6.565518660802E-1));
#2781=CARTESIAN_POINT('',(-1.0275E1,5.317559763908E-1,4.406976565081E-1));
#2782=VERTEX_POINT('',#2780);
#2783=VERTEX_POINT('',#2781);
#2784=CARTESIAN_POINT('',(-1.0275E1,-1.200000714286E0,-6.05E0));
#2785=CARTESIAN_POINT('',(-1.0275E1,-9.5E-1,-6.049999999999E0));
#2786=VERTEX_POINT('',#2784);
#2787=VERTEX_POINT('',#2785);
#2788=CARTESIAN_POINT('',(-1.0725E1,-9.5E-1,-6.05E0));
#2789=VERTEX_POINT('',#2788);
#2790=CARTESIAN_POINT('',(-1.0725E1,5.317559763908E-1,4.406976565069E-1));
#2791=VERTEX_POINT('',#2790);
#2792=CARTESIAN_POINT('',(-1.0725E1,7.044670714111E-1,6.565518660790E-1));
#2793=VERTEX_POINT('',#2792);
#2794=CARTESIAN_POINT('',(-1.0725E1,-1.200000714286E0,-6.05E0));
#2795=VERTEX_POINT('',#2794);
#2796=CARTESIAN_POINT('',(-1.2275E1,7.044670714111E-1,6.565518660802E-1));
#2797=CARTESIAN_POINT('',(-1.2275E1,5.317559763908E-1,4.406976565081E-1));
#2798=VERTEX_POINT('',#2796);
#2799=VERTEX_POINT('',#2797);
#2800=CARTESIAN_POINT('',(-1.2275E1,-1.200000714286E0,-6.05E0));
#2801=CARTESIAN_POINT('',(-1.2275E1,-9.5E-1,-6.049999999999E0));
#2802=VERTEX_POINT('',#2800);
#2803=VERTEX_POINT('',#2801);
#2804=CARTESIAN_POINT('',(-1.2725E1,-9.5E-1,-6.05E0));
#2805=VERTEX_POINT('',#2804);
#2806=CARTESIAN_POINT('',(-1.2725E1,5.317559763908E-1,4.406976565069E-1));
#2807=VERTEX_POINT('',#2806);
#2808=CARTESIAN_POINT('',(-1.2725E1,7.044670714111E-1,6.565518660790E-1));
#2809=VERTEX_POINT('',#2808);
#2810=CARTESIAN_POINT('',(-1.2725E1,-1.200000714286E0,-6.05E0));
#2811=VERTEX_POINT('',#2810);
#2812=CARTESIAN_POINT('',(-1.4275E1,7.044670714111E-1,6.565518660802E-1));
#2813=CARTESIAN_POINT('',(-1.4275E1,5.317559763908E-1,4.406976565081E-1));
#2814=VERTEX_POINT('',#2812);
#2815=VERTEX_POINT('',#2813);
#2816=CARTESIAN_POINT('',(-1.4275E1,-1.200000714286E0,-6.05E0));
#2817=CARTESIAN_POINT('',(-1.4275E1,-9.5E-1,-6.049999999999E0));
#2818=VERTEX_POINT('',#2816);
#2819=VERTEX_POINT('',#2817);
#2820=CARTESIAN_POINT('',(-1.4725E1,-9.5E-1,-6.05E0));
#2821=VERTEX_POINT('',#2820);
#2822=CARTESIAN_POINT('',(-1.4725E1,5.317559763908E-1,4.406976565069E-1));
#2823=VERTEX_POINT('',#2822);
#2824=CARTESIAN_POINT('',(-1.4725E1,7.044670714111E-1,6.565518660790E-1));
#2825=VERTEX_POINT('',#2824);
#2826=CARTESIAN_POINT('',(-1.4725E1,-1.200000714286E0,-6.05E0));
#2827=VERTEX_POINT('',#2826);
#2828=CARTESIAN_POINT('',(1.725000000001E0,7.044670714111E-1,
6.565518660802E-1));
#2829=CARTESIAN_POINT('',(1.725000000001E0,5.317559763908E-1,
4.406976565081E-1));
#2830=VERTEX_POINT('',#2828);
#2831=VERTEX_POINT('',#2829);
#2832=CARTESIAN_POINT('',(1.725000000001E0,-1.200000714286E0,-6.05E0));
#2833=CARTESIAN_POINT('',(1.725000000001E0,-9.5E-1,-6.049999999999E0));
#2834=VERTEX_POINT('',#2832);
#2835=VERTEX_POINT('',#2833);
#2836=CARTESIAN_POINT('',(1.274999999999E0,-9.5E-1,-6.05E0));
#2837=VERTEX_POINT('',#2836);
#2838=CARTESIAN_POINT('',(1.274999999999E0,5.317559763908E-1,
4.406976565069E-1));
#2839=VERTEX_POINT('',#2838);
#2840=CARTESIAN_POINT('',(1.274999999999E0,7.044670714111E-1,
6.565518660790E-1));
#2841=VERTEX_POINT('',#2840);
#2842=CARTESIAN_POINT('',(1.274999999999E0,-1.200000714286E0,-6.05E0));
#2843=VERTEX_POINT('',#2842);
#2844=CARTESIAN_POINT('',(3.725000000001E0,7.044670714111E-1,
6.565518660802E-1));
#2845=CARTESIAN_POINT('',(3.725000000001E0,5.317559763908E-1,
4.406976565081E-1));
#2846=VERTEX_POINT('',#2844);
#2847=VERTEX_POINT('',#2845);
#2848=CARTESIAN_POINT('',(3.725000000001E0,-1.200000714286E0,-6.05E0));
#2849=CARTESIAN_POINT('',(3.725000000001E0,-9.5E-1,-6.049999999999E0));
#2850=VERTEX_POINT('',#2848);
#2851=VERTEX_POINT('',#2849);
#2852=CARTESIAN_POINT('',(3.274999999999E0,-9.5E-1,-6.05E0));
#2853=VERTEX_POINT('',#2852);
#2854=CARTESIAN_POINT('',(3.274999999999E0,5.317559763908E-1,
4.406976565069E-1));
#2855=VERTEX_POINT('',#2854);
#2856=CARTESIAN_POINT('',(3.274999999999E0,7.044670714111E-1,
6.565518660790E-1));
#2857=VERTEX_POINT('',#2856);
#2858=CARTESIAN_POINT('',(3.274999999999E0,-1.200000714286E0,-6.05E0));
#2859=VERTEX_POINT('',#2858);
#2860=CARTESIAN_POINT('',(7.250000000005E-1,1.049999613052E0,-6.05E0));
#2861=CARTESIAN_POINT('',(7.250000000005E-1,1.049999613052E0,
-2.199999999999E0));
#2862=VERTEX_POINT('',#2860);
#2863=VERTEX_POINT('',#2861);
#2864=CARTESIAN_POINT('',(7.250000000005E-1,7.044670714111E-1,
6.565518660802E-1));
#2865=CARTESIAN_POINT('',(7.250000000005E-1,5.317559763909E-1,
4.406976565081E-1));
#2866=VERTEX_POINT('',#2864);
#2867=VERTEX_POINT('',#2865);
#2868=CARTESIAN_POINT('',(7.250000000005E-1,7.999996130518E-1,
-2.449999999999E0));
#2869=CARTESIAN_POINT('',(7.250000000005E-1,7.999996130518E-1,-6.05E0));
#2870=VERTEX_POINT('',#2868);
#2871=VERTEX_POINT('',#2869);
#2872=CARTESIAN_POINT('',(2.749999999995E-1,1.049999613052E0,-2.2E0));
#2873=VERTEX_POINT('',#2872);
#2874=CARTESIAN_POINT('',(2.749999999995E-1,1.049999613052E0,-6.05E0));
#2875=VERTEX_POINT('',#2874);
#2876=CARTESIAN_POINT('',(2.749999999995E-1,5.317559763909E-1,
4.406976565069E-1));
#2877=VERTEX_POINT('',#2876);
#2878=CARTESIAN_POINT('',(2.749999999995E-1,7.044670714111E-1,
6.565518660790E-1));
#2879=VERTEX_POINT('',#2878);
#2880=CARTESIAN_POINT('',(2.749999999995E-1,7.999996130518E-1,-2.45E0));
#2881=VERTEX_POINT('',#2880);
#2882=CARTESIAN_POINT('',(2.749999999995E-1,7.999996130518E-1,-6.05E0));
#2883=VERTEX_POINT('',#2882);
#2884=CARTESIAN_POINT('',(-1.275E0,1.049999613052E0,-6.05E0));
#2885=CARTESIAN_POINT('',(-1.275E0,1.049999613052E0,-2.199999999999E0));
#2886=VERTEX_POINT('',#2884);
#2887=VERTEX_POINT('',#2885);
#2888=CARTESIAN_POINT('',(-1.275E0,7.044670714111E-1,6.565518660802E-1));
#2889=CARTESIAN_POINT('',(-1.275E0,5.317559763909E-1,4.406976565081E-1));
#2890=VERTEX_POINT('',#2888);
#2891=VERTEX_POINT('',#2889);
#2892=CARTESIAN_POINT('',(-1.275E0,7.999996130518E-1,-2.449999999999E0));
#2893=CARTESIAN_POINT('',(-1.275E0,7.999996130518E-1,-6.05E0));
#2894=VERTEX_POINT('',#2892);
#2895=VERTEX_POINT('',#2893);
#2896=CARTESIAN_POINT('',(-1.725E0,1.049999613052E0,-2.2E0));
#2897=VERTEX_POINT('',#2896);
#2898=CARTESIAN_POINT('',(-1.725E0,1.049999613052E0,-6.05E0));
#2899=VERTEX_POINT('',#2898);
#2900=CARTESIAN_POINT('',(-1.725E0,5.317559763909E-1,4.406976565069E-1));
#2901=VERTEX_POINT('',#2900);
#2902=CARTESIAN_POINT('',(-1.725E0,7.044670714111E-1,6.565518660790E-1));
#2903=VERTEX_POINT('',#2902);
#2904=CARTESIAN_POINT('',(-1.725E0,7.999996130518E-1,-2.45E0));
#2905=VERTEX_POINT('',#2904);
#2906=CARTESIAN_POINT('',(-1.725E0,7.999996130518E-1,-6.05E0));
#2907=VERTEX_POINT('',#2906);
#2908=CARTESIAN_POINT('',(-3.275E0,1.049999613052E0,-6.05E0));
#2909=CARTESIAN_POINT('',(-3.275E0,1.049999613052E0,-2.199999999999E0));
#2910=VERTEX_POINT('',#2908);
#2911=VERTEX_POINT('',#2909);
#2912=CARTESIAN_POINT('',(-3.275E0,7.044670714111E-1,6.565518660802E-1));
#2913=CARTESIAN_POINT('',(-3.275E0,5.317559763909E-1,4.406976565081E-1));
#2914=VERTEX_POINT('',#2912);
#2915=VERTEX_POINT('',#2913);
#2916=CARTESIAN_POINT('',(-3.275E0,7.999996130518E-1,-2.449999999999E0));
#2917=CARTESIAN_POINT('',(-3.275E0,7.999996130518E-1,-6.05E0));
#2918=VERTEX_POINT('',#2916);
#2919=VERTEX_POINT('',#2917);
#2920=CARTESIAN_POINT('',(-3.725E0,1.049999613052E0,-2.2E0));
#2921=VERTEX_POINT('',#2920);
#2922=CARTESIAN_POINT('',(-3.725E0,1.049999613052E0,-6.05E0));
#2923=VERTEX_POINT('',#2922);
#2924=CARTESIAN_POINT('',(-3.725E0,5.317559763909E-1,4.406976565069E-1));
#2925=VERTEX_POINT('',#2924);
#2926=CARTESIAN_POINT('',(-3.725E0,7.044670714111E-1,6.565518660790E-1));
#2927=VERTEX_POINT('',#2926);
#2928=CARTESIAN_POINT('',(-3.725E0,7.999996130518E-1,-2.45E0));
#2929=VERTEX_POINT('',#2928);
#2930=CARTESIAN_POINT('',(-3.725E0,7.999996130518E-1,-6.05E0));
#2931=VERTEX_POINT('',#2930);
#2932=CARTESIAN_POINT('',(-5.275E0,1.049999613052E0,-6.05E0));
#2933=CARTESIAN_POINT('',(-5.275E0,1.049999613052E0,-2.199999999999E0));
#2934=VERTEX_POINT('',#2932);
#2935=VERTEX_POINT('',#2933);
#2936=CARTESIAN_POINT('',(-5.275E0,7.044670714111E-1,6.565518660802E-1));
#2937=CARTESIAN_POINT('',(-5.275E0,5.317559763909E-1,4.406976565081E-1));
#2938=VERTEX_POINT('',#2936);
#2939=VERTEX_POINT('',#2937);
#2940=CARTESIAN_POINT('',(-5.275E0,7.999996130518E-1,-2.449999999999E0));
#2941=CARTESIAN_POINT('',(-5.275E0,7.999996130518E-1,-6.05E0));
#2942=VERTEX_POINT('',#2940);
#2943=VERTEX_POINT('',#2941);
#2944=CARTESIAN_POINT('',(-5.725E0,1.049999613052E0,-2.2E0));
#2945=VERTEX_POINT('',#2944);
#2946=CARTESIAN_POINT('',(-5.725E0,1.049999613052E0,-6.05E0));
#2947=VERTEX_POINT('',#2946);
#2948=CARTESIAN_POINT('',(-5.725E0,5.317559763909E-1,4.406976565069E-1));
#2949=VERTEX_POINT('',#2948);
#2950=CARTESIAN_POINT('',(-5.725E0,7.044670714111E-1,6.565518660790E-1));
#2951=VERTEX_POINT('',#2950);
#2952=CARTESIAN_POINT('',(-5.725E0,7.999996130518E-1,-2.45E0));
#2953=VERTEX_POINT('',#2952);
#2954=CARTESIAN_POINT('',(-5.725E0,7.999996130518E-1,-6.05E0));
#2955=VERTEX_POINT('',#2954);
#2956=CARTESIAN_POINT('',(-7.275E0,1.049999613052E0,-6.05E0));
#2957=CARTESIAN_POINT('',(-7.275E0,1.049999613052E0,-2.199999999999E0));
#2958=VERTEX_POINT('',#2956);
#2959=VERTEX_POINT('',#2957);
#2960=CARTESIAN_POINT('',(-7.275E0,7.044670714111E-1,6.565518660802E-1));
#2961=CARTESIAN_POINT('',(-7.275E0,5.317559763909E-1,4.406976565081E-1));
#2962=VERTEX_POINT('',#2960);
#2963=VERTEX_POINT('',#2961);
#2964=CARTESIAN_POINT('',(-7.275E0,7.999996130518E-1,-2.449999999999E0));
#2965=CARTESIAN_POINT('',(-7.275E0,7.999996130518E-1,-6.05E0));
#2966=VERTEX_POINT('',#2964);
#2967=VERTEX_POINT('',#2965);
#2968=CARTESIAN_POINT('',(-7.725E0,1.049999613052E0,-2.2E0));
#2969=VERTEX_POINT('',#2968);
#2970=CARTESIAN_POINT('',(-7.725E0,1.049999613052E0,-6.05E0));
#2971=VERTEX_POINT('',#2970);
#2972=CARTESIAN_POINT('',(-7.725E0,5.317559763909E-1,4.406976565069E-1));
#2973=VERTEX_POINT('',#2972);
#2974=CARTESIAN_POINT('',(-7.725E0,7.044670714111E-1,6.565518660790E-1));
#2975=VERTEX_POINT('',#2974);
#2976=CARTESIAN_POINT('',(-7.725E0,7.999996130518E-1,-2.45E0));
#2977=VERTEX_POINT('',#2976);
#2978=CARTESIAN_POINT('',(-7.725E0,7.999996130518E-1,-6.05E0));
#2979=VERTEX_POINT('',#2978);
#2980=CARTESIAN_POINT('',(-9.275E0,1.049999613052E0,-6.05E0));
#2981=CARTESIAN_POINT('',(-9.275E0,1.049999613052E0,-2.199999999999E0));
#2982=VERTEX_POINT('',#2980);
#2983=VERTEX_POINT('',#2981);
#2984=CARTESIAN_POINT('',(-9.275E0,7.044670714111E-1,6.565518660802E-1));
#2985=CARTESIAN_POINT('',(-9.275E0,5.317559763909E-1,4.406976565081E-1));
#2986=VERTEX_POINT('',#2984);
#2987=VERTEX_POINT('',#2985);
#2988=CARTESIAN_POINT('',(-9.275E0,7.999996130518E-1,-2.449999999999E0));
#2989=CARTESIAN_POINT('',(-9.275E0,7.999996130518E-1,-6.05E0));
#2990=VERTEX_POINT('',#2988);
#2991=VERTEX_POINT('',#2989);
#2992=CARTESIAN_POINT('',(-9.725E0,1.049999613052E0,-2.2E0));
#2993=VERTEX_POINT('',#2992);
#2994=CARTESIAN_POINT('',(-9.725E0,1.049999613052E0,-6.05E0));
#2995=VERTEX_POINT('',#2994);
#2996=CARTESIAN_POINT('',(-9.725E0,5.317559763909E-1,4.406976565069E-1));
#2997=VERTEX_POINT('',#2996);
#2998=CARTESIAN_POINT('',(-9.725E0,7.044670714111E-1,6.565518660790E-1));
#2999=VERTEX_POINT('',#2998);
#3000=CARTESIAN_POINT('',(-9.725E0,7.999996130518E-1,-2.45E0));
#3001=VERTEX_POINT('',#3000);
#3002=CARTESIAN_POINT('',(-9.725E0,7.999996130518E-1,-6.05E0));
#3003=VERTEX_POINT('',#3002);
#3004=CARTESIAN_POINT('',(-1.1275E1,1.049999613052E0,-6.05E0));
#3005=CARTESIAN_POINT('',(-1.1275E1,1.049999613052E0,-2.199999999999E0));
#3006=VERTEX_POINT('',#3004);
#3007=VERTEX_POINT('',#3005);
#3008=CARTESIAN_POINT('',(-1.1275E1,7.044670714111E-1,6.565518660802E-1));
#3009=CARTESIAN_POINT('',(-1.1275E1,5.317559763909E-1,4.406976565081E-1));
#3010=VERTEX_POINT('',#3008);
#3011=VERTEX_POINT('',#3009);
#3012=CARTESIAN_POINT('',(-1.1275E1,7.999996130518E-1,-2.449999999999E0));
#3013=CARTESIAN_POINT('',(-1.1275E1,7.999996130518E-1,-6.05E0));
#3014=VERTEX_POINT('',#3012);
#3015=VERTEX_POINT('',#3013);
#3016=CARTESIAN_POINT('',(-1.1725E1,1.049999613052E0,-2.2E0));
#3017=VERTEX_POINT('',#3016);
#3018=CARTESIAN_POINT('',(-1.1725E1,1.049999613052E0,-6.05E0));
#3019=VERTEX_POINT('',#3018);
#3020=CARTESIAN_POINT('',(-1.1725E1,5.317559763909E-1,4.406976565069E-1));
#3021=VERTEX_POINT('',#3020);
#3022=CARTESIAN_POINT('',(-1.1725E1,7.044670714111E-1,6.565518660790E-1));
#3023=VERTEX_POINT('',#3022);
#3024=CARTESIAN_POINT('',(-1.1725E1,7.999996130518E-1,-2.45E0));
#3025=VERTEX_POINT('',#3024);
#3026=CARTESIAN_POINT('',(-1.1725E1,7.999996130518E-1,-6.05E0));
#3027=VERTEX_POINT('',#3026);
#3028=CARTESIAN_POINT('',(-1.3275E1,1.049999613052E0,-6.05E0));
#3029=CARTESIAN_POINT('',(-1.3275E1,1.049999613052E0,-2.199999999999E0));
#3030=VERTEX_POINT('',#3028);
#3031=VERTEX_POINT('',#3029);
#3032=CARTESIAN_POINT('',(-1.3275E1,7.044670714111E-1,6.565518660802E-1));
#3033=CARTESIAN_POINT('',(-1.3275E1,5.317559763909E-1,4.406976565081E-1));
#3034=VERTEX_POINT('',#3032);
#3035=VERTEX_POINT('',#3033);
#3036=CARTESIAN_POINT('',(-1.3275E1,7.999996130518E-1,-2.449999999999E0));
#3037=CARTESIAN_POINT('',(-1.3275E1,7.999996130518E-1,-6.05E0));
#3038=VERTEX_POINT('',#3036);
#3039=VERTEX_POINT('',#3037);
#3040=CARTESIAN_POINT('',(-1.3725E1,1.049999613052E0,-2.2E0));
#3041=VERTEX_POINT('',#3040);
#3042=CARTESIAN_POINT('',(-1.3725E1,1.049999613052E0,-6.05E0));
#3043=VERTEX_POINT('',#3042);
#3044=CARTESIAN_POINT('',(-1.3725E1,5.317559763909E-1,4.406976565069E-1));
#3045=VERTEX_POINT('',#3044);
#3046=CARTESIAN_POINT('',(-1.3725E1,7.044670714111E-1,6.565518660790E-1));
#3047=VERTEX_POINT('',#3046);
#3048=CARTESIAN_POINT('',(-1.3725E1,7.999996130518E-1,-2.45E0));
#3049=VERTEX_POINT('',#3048);
#3050=CARTESIAN_POINT('',(-1.3725E1,7.999996130518E-1,-6.05E0));
#3051=VERTEX_POINT('',#3050);
#3052=CARTESIAN_POINT('',(-1.5275E1,1.049999613052E0,-6.05E0));
#3053=CARTESIAN_POINT('',(-1.5275E1,1.049999613052E0,-2.199999999999E0));
#3054=VERTEX_POINT('',#3052);
#3055=VERTEX_POINT('',#3053);
#3056=CARTESIAN_POINT('',(-1.5275E1,7.044670714111E-1,6.565518660802E-1));
#3057=CARTESIAN_POINT('',(-1.5275E1,5.317559763909E-1,4.406976565081E-1));
#3058=VERTEX_POINT('',#3056);
#3059=VERTEX_POINT('',#3057);
#3060=CARTESIAN_POINT('',(-1.5275E1,7.999996130518E-1,-2.449999999999E0));
#3061=CARTESIAN_POINT('',(-1.5275E1,7.999996130518E-1,-6.05E0));
#3062=VERTEX_POINT('',#3060);
#3063=VERTEX_POINT('',#3061);
#3064=CARTESIAN_POINT('',(-1.5725E1,1.049999613052E0,-2.2E0));
#3065=VERTEX_POINT('',#3064);
#3066=CARTESIAN_POINT('',(-1.5725E1,1.049999613052E0,-6.05E0));
#3067=VERTEX_POINT('',#3066);
#3068=CARTESIAN_POINT('',(-1.5725E1,5.317559763909E-1,4.406976565069E-1));
#3069=VERTEX_POINT('',#3068);
#3070=CARTESIAN_POINT('',(-1.5725E1,7.044670714111E-1,6.565518660790E-1));
#3071=VERTEX_POINT('',#3070);
#3072=CARTESIAN_POINT('',(-1.5725E1,7.999996130518E-1,-2.45E0));
#3073=VERTEX_POINT('',#3072);
#3074=CARTESIAN_POINT('',(-1.5725E1,7.999996130518E-1,-6.05E0));
#3075=VERTEX_POINT('',#3074);
#3076=CARTESIAN_POINT('',(2.725000000001E0,1.049999613052E0,-6.05E0));
#3077=CARTESIAN_POINT('',(2.725000000001E0,1.049999613052E0,-2.199999999999E0));
#3078=VERTEX_POINT('',#3076);
#3079=VERTEX_POINT('',#3077);
#3080=CARTESIAN_POINT('',(2.725000000001E0,7.044670714111E-1,
6.565518660802E-1));
#3081=CARTESIAN_POINT('',(2.725000000001E0,5.317559763909E-1,
4.406976565081E-1));
#3082=VERTEX_POINT('',#3080);
#3083=VERTEX_POINT('',#3081);
#3084=CARTESIAN_POINT('',(2.725000000001E0,7.999996130518E-1,
-2.449999999999E0));
#3085=CARTESIAN_POINT('',(2.725000000001E0,7.999996130518E-1,-6.05E0));
#3086=VERTEX_POINT('',#3084);
#3087=VERTEX_POINT('',#3085);
#3088=CARTESIAN_POINT('',(2.274999999999E0,1.049999613052E0,-2.2E0));
#3089=VERTEX_POINT('',#3088);
#3090=CARTESIAN_POINT('',(2.274999999999E0,1.049999613052E0,-6.05E0));
#3091=VERTEX_POINT('',#3090);
#3092=CARTESIAN_POINT('',(2.274999999999E0,5.317559763909E-1,
4.406976565069E-1));
#3093=VERTEX_POINT('',#3092);
#3094=CARTESIAN_POINT('',(2.274999999999E0,7.044670714111E-1,
6.565518660790E-1));
#3095=VERTEX_POINT('',#3094);
#3096=CARTESIAN_POINT('',(2.274999999999E0,7.999996130518E-1,-2.45E0));
#3097=VERTEX_POINT('',#3096);
#3098=CARTESIAN_POINT('',(2.274999999999E0,7.999996130518E-1,-6.05E0));
#3099=VERTEX_POINT('',#3098);
#3100=CARTESIAN_POINT('',(4.725000000001E0,1.049999613052E0,-6.05E0));
#3101=CARTESIAN_POINT('',(4.725000000001E0,1.049999613052E0,-2.199999999999E0));
#3102=VERTEX_POINT('',#3100);
#3103=VERTEX_POINT('',#3101);
#3104=CARTESIAN_POINT('',(4.725000000001E0,7.044670714111E-1,
6.565518660802E-1));
#3105=CARTESIAN_POINT('',(4.725000000001E0,5.317559763909E-1,
4.406976565081E-1));
#3106=VERTEX_POINT('',#3104);
#3107=VERTEX_POINT('',#3105);
#3108=CARTESIAN_POINT('',(4.725000000001E0,7.999996130518E-1,
-2.449999999999E0));
#3109=CARTESIAN_POINT('',(4.725000000001E0,7.999996130518E-1,-6.05E0));
#3110=VERTEX_POINT('',#3108);
#3111=VERTEX_POINT('',#3109);
#3112=CARTESIAN_POINT('',(4.274999999999E0,1.049999613052E0,-2.2E0));
#3113=VERTEX_POINT('',#3112);
#3114=CARTESIAN_POINT('',(4.274999999999E0,1.049999613052E0,-6.05E0));
#3115=VERTEX_POINT('',#3114);
#3116=CARTESIAN_POINT('',(4.274999999999E0,5.317559763909E-1,
4.406976565069E-1));
#3117=VERTEX_POINT('',#3116);
#3118=CARTESIAN_POINT('',(4.274999999999E0,7.044670714111E-1,
6.565518660790E-1));
#3119=VERTEX_POINT('',#3118);
#3120=CARTESIAN_POINT('',(4.274999999999E0,7.999996130518E-1,-2.45E0));
#3121=VERTEX_POINT('',#3120);
#3122=CARTESIAN_POINT('',(4.274999999999E0,7.999996130518E-1,-6.05E0));
#3123=VERTEX_POINT('',#3122);
#3124=CARTESIAN_POINT('',(6.3E0,1.95E0,-2.95E0));
#3125=CARTESIAN_POINT('',(6.3E0,1.95E0,9.5E-1));
#3126=VERTEX_POINT('',#3124);
#3127=VERTEX_POINT('',#3125);
#3128=CARTESIAN_POINT('',(6.3E0,1.45E0,1.45E0));
#3129=VERTEX_POINT('',#3128);
#3130=CARTESIAN_POINT('',(6.3E0,1.45E0,2.95E0));
#3131=VERTEX_POINT('',#3130);
#3132=CARTESIAN_POINT('',(6.3E0,-1.95E0,2.95E0));
#3133=VERTEX_POINT('',#3132);
#3134=CARTESIAN_POINT('',(6.3E0,-1.95E0,-2.95E0));
#3135=VERTEX_POINT('',#3134);
#3136=CARTESIAN_POINT('',(6.3E0,-5.5E-1,-2.95E0));
#3137=VERTEX_POINT('',#3136);
#3138=CARTESIAN_POINT('',(6.3E0,-5.5E-1,-2.45E0));
#3139=VERTEX_POINT('',#3138);
#3140=CARTESIAN_POINT('',(6.3E0,4.5E-1,-2.45E0));
#3141=VERTEX_POINT('',#3140);
#3142=CARTESIAN_POINT('',(6.3E0,4.5E-1,-2.95E0));
#3143=VERTEX_POINT('',#3142);
#3144=CARTESIAN_POINT('',(5.5E0,1.95E0,-2.05E0));
#3145=CARTESIAN_POINT('',(5.5E0,1.95E0,-2.95E0));
#3146=VERTEX_POINT('',#3144);
#3147=VERTEX_POINT('',#3145);
#3148=CARTESIAN_POINT('',(5.5E0,-5.5E-1,-2.95E0));
#3149=CARTESIAN_POINT('',(5.5E0,-1.95E0,-2.95E0));
#3150=VERTEX_POINT('',#3148);
#3151=VERTEX_POINT('',#3149);
#3152=CARTESIAN_POINT('',(5.5E0,-1.95E0,-2.45E0));
#3153=VERTEX_POINT('',#3152);
#3154=CARTESIAN_POINT('',(5.5E0,-5.5E-1,-2.45E0));
#3155=VERTEX_POINT('',#3154);
#3156=CARTESIAN_POINT('',(5.5E0,4.5E-1,-2.95E0));
#3157=VERTEX_POINT('',#3156);
#3158=CARTESIAN_POINT('',(5.5E0,4.5E-1,-2.45E0));
#3159=VERTEX_POINT('',#3158);
#3160=CARTESIAN_POINT('',(5.5E0,8.5E-1,-2.05E0));
#3161=VERTEX_POINT('',#3160);
#3162=CARTESIAN_POINT('',(5.86E0,9.5E-1,2.95E0));
#3163=CARTESIAN_POINT('',(5.86E0,-2.5E-1,2.95E0));
#3164=VERTEX_POINT('',#3162);
#3165=VERTEX_POINT('',#3163);
#3166=CARTESIAN_POINT('',(5.56E0,2.5E-1,2.45E0));
#3167=CARTESIAN_POINT('',(5.56E0,2.082575694956E-1,2.65E0));
#3168=VERTEX_POINT('',#3166);
#3169=VERTEX_POINT('',#3167);
#3170=CARTESIAN_POINT('',(5.56E0,8.642857142857E-1,2.65E0));
#3171=VERTEX_POINT('',#3170);
#3172=CARTESIAN_POINT('',(5.56E0,7.5E-1,2.25E0));
#3173=VERTEX_POINT('',#3172);
#3174=CARTESIAN_POINT('',(5.56E0,2.5E-1,-8.E-1));
#3175=VERTEX_POINT('',#3174);
#3176=CARTESIAN_POINT('',(5.559999999999E0,4.E-1,-9.5E-1));
#3177=VERTEX_POINT('',#3176);
#3178=CARTESIAN_POINT('',(5.56E0,6.5E-1,-9.5E-1));
#3179=VERTEX_POINT('',#3178);
#3180=CARTESIAN_POINT('',(5.559999999999E0,7.5E-1,-8.5E-1));
#3181=VERTEX_POINT('',#3180);
#3182=CARTESIAN_POINT('',(3.725E0,-9.5E-1,-2.45E0));
#3183=VERTEX_POINT('',#3182);
#3184=CARTESIAN_POINT('',(3.725E0,-1.200000167352E0,-2.45E0));
#3185=VERTEX_POINT('',#3184);
#3186=CARTESIAN_POINT('',(3.275E0,-9.5E-1,-2.45E0));
#3187=VERTEX_POINT('',#3186);
#3188=CARTESIAN_POINT('',(3.275E0,-1.200000167352E0,-2.45E0));
#3189=VERTEX_POINT('',#3188);
#3190=CARTESIAN_POINT('',(1.725E0,-9.5E-1,-2.45E0));
#3191=VERTEX_POINT('',#3190);
#3192=CARTESIAN_POINT('',(1.725E0,-1.200000167352E0,-2.45E0));
#3193=VERTEX_POINT('',#3192);
#3194=CARTESIAN_POINT('',(1.275E0,-9.5E-1,-2.45E0));
#3195=VERTEX_POINT('',#3194);
#3196=CARTESIAN_POINT('',(1.275E0,-1.200000167352E0,-2.45E0));
#3197=VERTEX_POINT('',#3196);
#3198=CARTESIAN_POINT('',(-2.75E-1,-9.5E-1,-2.45E0));
#3199=VERTEX_POINT('',#3198);
#3200=CARTESIAN_POINT('',(-2.75E-1,-1.200000167352E0,-2.45E0));
#3201=VERTEX_POINT('',#3200);
#3202=CARTESIAN_POINT('',(-7.25E-1,-9.5E-1,-2.45E0));
#3203=VERTEX_POINT('',#3202);
#3204=CARTESIAN_POINT('',(-7.25E-1,-1.200000167352E0,-2.45E0));
#3205=VERTEX_POINT('',#3204);
#3206=CARTESIAN_POINT('',(-2.275E0,-9.5E-1,-2.45E0));
#3207=VERTEX_POINT('',#3206);
#3208=CARTESIAN_POINT('',(-2.275E0,-1.200000167352E0,-2.45E0));
#3209=VERTEX_POINT('',#3208);
#3210=CARTESIAN_POINT('',(-2.725E0,-9.5E-1,-2.45E0));
#3211=VERTEX_POINT('',#3210);
#3212=CARTESIAN_POINT('',(-2.725E0,-1.200000167352E0,-2.45E0));
#3213=VERTEX_POINT('',#3212);
#3214=CARTESIAN_POINT('',(-4.275E0,-9.5E-1,-2.45E0));
#3215=VERTEX_POINT('',#3214);
#3216=CARTESIAN_POINT('',(-4.275E0,-1.200000167352E0,-2.45E0));
#3217=VERTEX_POINT('',#3216);
#3218=CARTESIAN_POINT('',(-4.725E0,-9.5E-1,-2.45E0));
#3219=VERTEX_POINT('',#3218);
#3220=CARTESIAN_POINT('',(-4.725E0,-1.200000167352E0,-2.45E0));
#3221=VERTEX_POINT('',#3220);
#3222=CARTESIAN_POINT('',(-6.275E0,-9.5E-1,-2.45E0));
#3223=VERTEX_POINT('',#3222);
#3224=CARTESIAN_POINT('',(-6.275E0,-1.200000167352E0,-2.45E0));
#3225=VERTEX_POINT('',#3224);
#3226=CARTESIAN_POINT('',(-6.725E0,-9.5E-1,-2.45E0));
#3227=VERTEX_POINT('',#3226);
#3228=CARTESIAN_POINT('',(-6.725E0,-1.200000167352E0,-2.45E0));
#3229=VERTEX_POINT('',#3228);
#3230=CARTESIAN_POINT('',(-8.275E0,-9.5E-1,-2.45E0));
#3231=VERTEX_POINT('',#3230);
#3232=CARTESIAN_POINT('',(-8.275E0,-1.200000167352E0,-2.45E0));
#3233=VERTEX_POINT('',#3232);
#3234=CARTESIAN_POINT('',(-8.725E0,-9.5E-1,-2.45E0));
#3235=VERTEX_POINT('',#3234);
#3236=CARTESIAN_POINT('',(-8.725E0,-1.200000167352E0,-2.45E0));
#3237=VERTEX_POINT('',#3236);
#3238=CARTESIAN_POINT('',(-1.0275E1,-9.5E-1,-2.45E0));
#3239=VERTEX_POINT('',#3238);
#3240=CARTESIAN_POINT('',(-1.0275E1,-1.200000167352E0,-2.45E0));
#3241=VERTEX_POINT('',#3240);
#3242=CARTESIAN_POINT('',(-1.0725E1,-9.5E-1,-2.45E0));
#3243=VERTEX_POINT('',#3242);
#3244=CARTESIAN_POINT('',(-1.0725E1,-1.200000167352E0,-2.45E0));
#3245=VERTEX_POINT('',#3244);
#3246=CARTESIAN_POINT('',(-1.2275E1,-9.5E-1,-2.45E0));
#3247=VERTEX_POINT('',#3246);
#3248=CARTESIAN_POINT('',(-1.2275E1,-1.200000167352E0,-2.45E0));
#3249=VERTEX_POINT('',#3248);
#3250=CARTESIAN_POINT('',(-1.2725E1,-9.5E-1,-2.45E0));
#3251=VERTEX_POINT('',#3250);
#3252=CARTESIAN_POINT('',(-1.2725E1,-1.200000167352E0,-2.45E0));
#3253=VERTEX_POINT('',#3252);
#3254=CARTESIAN_POINT('',(-1.4275E1,-9.5E-1,-2.45E0));
#3255=VERTEX_POINT('',#3254);
#3256=CARTESIAN_POINT('',(-1.4275E1,-1.200000167352E0,-2.45E0));
#3257=VERTEX_POINT('',#3256);
#3258=CARTESIAN_POINT('',(-1.4725E1,-9.5E-1,-2.45E0));
#3259=VERTEX_POINT('',#3258);
#3260=CARTESIAN_POINT('',(-1.4725E1,-1.200000167352E0,-2.45E0));
#3261=VERTEX_POINT('',#3260);
#3262=CARTESIAN_POINT('',(4.725E0,4.499999999999E-1,-2.45E0));
#3263=CARTESIAN_POINT('',(4.725E0,7.E-1,-2.2E0));
#3264=VERTEX_POINT('',#3262);
#3265=VERTEX_POINT('',#3263);
#3266=CARTESIAN_POINT('',(4.275E0,7.E-1,-2.2E0));
#3267=VERTEX_POINT('',#3266);
#3268=CARTESIAN_POINT('',(4.275E0,4.499999999999E-1,-2.45E0));
#3269=VERTEX_POINT('',#3268);
#3270=CARTESIAN_POINT('',(4.725E0,2.5E-1,1.118046385894E0));
#3271=CARTESIAN_POINT('',(4.725E0,2.5E-1,1.759483844583E0));
#3272=VERTEX_POINT('',#3270);
#3273=VERTEX_POINT('',#3271);
#3274=CARTESIAN_POINT('',(4.275E0,2.5E-1,1.759483844583E0));
#3275=VERTEX_POINT('',#3274);
#3276=CARTESIAN_POINT('',(4.275E0,2.5E-1,1.118046385894E0));
#3277=VERTEX_POINT('',#3276);
#3278=CARTESIAN_POINT('',(2.725E0,4.499999999999E-1,-2.45E0));
#3279=CARTESIAN_POINT('',(2.725E0,7.E-1,-2.2E0));
#3280=VERTEX_POINT('',#3278);
#3281=VERTEX_POINT('',#3279);
#3282=CARTESIAN_POINT('',(2.275E0,7.E-1,-2.2E0));
#3283=VERTEX_POINT('',#3282);
#3284=CARTESIAN_POINT('',(2.275E0,4.499999999999E-1,-2.45E0));
#3285=VERTEX_POINT('',#3284);
#3286=CARTESIAN_POINT('',(2.725E0,2.5E-1,1.118046385894E0));
#3287=CARTESIAN_POINT('',(2.725E0,2.5E-1,1.759483844583E0));
#3288=VERTEX_POINT('',#3286);
#3289=VERTEX_POINT('',#3287);
#3290=CARTESIAN_POINT('',(2.275E0,2.5E-1,1.759483844583E0));
#3291=VERTEX_POINT('',#3290);
#3292=CARTESIAN_POINT('',(2.275E0,2.5E-1,1.118046385894E0));
#3293=VERTEX_POINT('',#3292);
#3294=CARTESIAN_POINT('',(7.25E-1,4.499999999999E-1,-2.45E0));
#3295=CARTESIAN_POINT('',(7.25E-1,7.E-1,-2.2E0));
#3296=VERTEX_POINT('',#3294);
#3297=VERTEX_POINT('',#3295);
#3298=CARTESIAN_POINT('',(2.75E-1,7.E-1,-2.2E0));
#3299=VERTEX_POINT('',#3298);
#3300=CARTESIAN_POINT('',(2.75E-1,4.499999999999E-1,-2.45E0));
#3301=VERTEX_POINT('',#3300);
#3302=CARTESIAN_POINT('',(7.25E-1,2.5E-1,1.118046385894E0));
#3303=CARTESIAN_POINT('',(7.25E-1,2.5E-1,1.759483844583E0));
#3304=VERTEX_POINT('',#3302);
#3305=VERTEX_POINT('',#3303);
#3306=CARTESIAN_POINT('',(2.75E-1,2.5E-1,1.759483844583E0));
#3307=VERTEX_POINT('',#3306);
#3308=CARTESIAN_POINT('',(2.75E-1,2.5E-1,1.118046385894E0));
#3309=VERTEX_POINT('',#3308);
#3310=CARTESIAN_POINT('',(-1.275E0,4.499999999999E-1,-2.45E0));
#3311=CARTESIAN_POINT('',(-1.275E0,7.E-1,-2.2E0));
#3312=VERTEX_POINT('',#3310);
#3313=VERTEX_POINT('',#3311);
#3314=CARTESIAN_POINT('',(-1.725E0,7.E-1,-2.2E0));
#3315=VERTEX_POINT('',#3314);
#3316=CARTESIAN_POINT('',(-1.725E0,4.499999999999E-1,-2.45E0));
#3317=VERTEX_POINT('',#3316);
#3318=CARTESIAN_POINT('',(-1.275E0,2.5E-1,1.118046385894E0));
#3319=CARTESIAN_POINT('',(-1.275E0,2.5E-1,1.759483844583E0));
#3320=VERTEX_POINT('',#3318);
#3321=VERTEX_POINT('',#3319);
#3322=CARTESIAN_POINT('',(-1.725E0,2.5E-1,1.759483844583E0));
#3323=VERTEX_POINT('',#3322);
#3324=CARTESIAN_POINT('',(-1.725E0,2.5E-1,1.118046385894E0));
#3325=VERTEX_POINT('',#3324);
#3326=CARTESIAN_POINT('',(-3.275E0,4.499999999999E-1,-2.45E0));
#3327=CARTESIAN_POINT('',(-3.275E0,7.E-1,-2.2E0));
#3328=VERTEX_POINT('',#3326);
#3329=VERTEX_POINT('',#3327);
#3330=CARTESIAN_POINT('',(-3.725E0,7.E-1,-2.2E0));
#3331=VERTEX_POINT('',#3330);
#3332=CARTESIAN_POINT('',(-3.725E0,4.499999999999E-1,-2.45E0));
#3333=VERTEX_POINT('',#3332);
#3334=CARTESIAN_POINT('',(-3.275E0,2.5E-1,1.118046385894E0));
#3335=CARTESIAN_POINT('',(-3.275E0,2.5E-1,1.759483844583E0));
#3336=VERTEX_POINT('',#3334);
#3337=VERTEX_POINT('',#3335);
#3338=CARTESIAN_POINT('',(-3.725E0,2.5E-1,1.759483844583E0));
#3339=VERTEX_POINT('',#3338);
#3340=CARTESIAN_POINT('',(-3.725E0,2.5E-1,1.118046385894E0));
#3341=VERTEX_POINT('',#3340);
#3342=CARTESIAN_POINT('',(-5.275E0,4.499999999999E-1,-2.45E0));
#3343=CARTESIAN_POINT('',(-5.275E0,7.E-1,-2.2E0));
#3344=VERTEX_POINT('',#3342);
#3345=VERTEX_POINT('',#3343);
#3346=CARTESIAN_POINT('',(-5.725E0,7.E-1,-2.2E0));
#3347=VERTEX_POINT('',#3346);
#3348=CARTESIAN_POINT('',(-5.725E0,4.499999999999E-1,-2.45E0));
#3349=VERTEX_POINT('',#3348);
#3350=CARTESIAN_POINT('',(-5.275E0,2.5E-1,1.118046385894E0));
#3351=CARTESIAN_POINT('',(-5.275E0,2.5E-1,1.759483844583E0));
#3352=VERTEX_POINT('',#3350);
#3353=VERTEX_POINT('',#3351);
#3354=CARTESIAN_POINT('',(-5.725E0,2.5E-1,1.759483844583E0));
#3355=VERTEX_POINT('',#3354);
#3356=CARTESIAN_POINT('',(-5.725E0,2.5E-1,1.118046385894E0));
#3357=VERTEX_POINT('',#3356);
#3358=CARTESIAN_POINT('',(-7.275E0,4.499999999999E-1,-2.45E0));
#3359=CARTESIAN_POINT('',(-7.275E0,7.E-1,-2.2E0));
#3360=VERTEX_POINT('',#3358);
#3361=VERTEX_POINT('',#3359);
#3362=CARTESIAN_POINT('',(-7.725E0,7.E-1,-2.2E0));
#3363=VERTEX_POINT('',#3362);
#3364=CARTESIAN_POINT('',(-7.725E0,4.499999999999E-1,-2.45E0));
#3365=VERTEX_POINT('',#3364);
#3366=CARTESIAN_POINT('',(-7.275E0,2.5E-1,1.118046385894E0));
#3367=CARTESIAN_POINT('',(-7.275E0,2.5E-1,1.759483844583E0));
#3368=VERTEX_POINT('',#3366);
#3369=VERTEX_POINT('',#3367);
#3370=CARTESIAN_POINT('',(-7.725E0,2.5E-1,1.759483844583E0));
#3371=VERTEX_POINT('',#3370);
#3372=CARTESIAN_POINT('',(-7.725E0,2.5E-1,1.118046385894E0));
#3373=VERTEX_POINT('',#3372);
#3374=CARTESIAN_POINT('',(-9.275E0,4.499999999999E-1,-2.45E0));
#3375=CARTESIAN_POINT('',(-9.275E0,7.E-1,-2.2E0));
#3376=VERTEX_POINT('',#3374);
#3377=VERTEX_POINT('',#3375);
#3378=CARTESIAN_POINT('',(-9.725E0,7.E-1,-2.2E0));
#3379=VERTEX_POINT('',#3378);
#3380=CARTESIAN_POINT('',(-9.725E0,4.499999999999E-1,-2.45E0));
#3381=VERTEX_POINT('',#3380);
#3382=CARTESIAN_POINT('',(-9.275E0,2.5E-1,1.118046385894E0));
#3383=CARTESIAN_POINT('',(-9.275E0,2.5E-1,1.759483844583E0));
#3384=VERTEX_POINT('',#3382);
#3385=VERTEX_POINT('',#3383);
#3386=CARTESIAN_POINT('',(-9.725E0,2.5E-1,1.759483844583E0));
#3387=VERTEX_POINT('',#3386);
#3388=CARTESIAN_POINT('',(-9.725E0,2.5E-1,1.118046385894E0));
#3389=VERTEX_POINT('',#3388);
#3390=CARTESIAN_POINT('',(-1.1275E1,4.499999999999E-1,-2.45E0));
#3391=CARTESIAN_POINT('',(-1.1275E1,7.E-1,-2.2E0));
#3392=VERTEX_POINT('',#3390);
#3393=VERTEX_POINT('',#3391);
#3394=CARTESIAN_POINT('',(-1.1725E1,7.E-1,-2.2E0));
#3395=VERTEX_POINT('',#3394);
#3396=CARTESIAN_POINT('',(-1.1725E1,4.499999999999E-1,-2.45E0));
#3397=VERTEX_POINT('',#3396);
#3398=CARTESIAN_POINT('',(-1.1275E1,2.5E-1,1.118046385894E0));
#3399=CARTESIAN_POINT('',(-1.1275E1,2.5E-1,1.759483844583E0));
#3400=VERTEX_POINT('',#3398);
#3401=VERTEX_POINT('',#3399);
#3402=CARTESIAN_POINT('',(-1.1725E1,2.5E-1,1.759483844583E0));
#3403=VERTEX_POINT('',#3402);
#3404=CARTESIAN_POINT('',(-1.1725E1,2.5E-1,1.118046385894E0));
#3405=VERTEX_POINT('',#3404);
#3406=CARTESIAN_POINT('',(-1.3275E1,4.499999999999E-1,-2.45E0));
#3407=CARTESIAN_POINT('',(-1.3275E1,7.E-1,-2.2E0));
#3408=VERTEX_POINT('',#3406);
#3409=VERTEX_POINT('',#3407);
#3410=CARTESIAN_POINT('',(-1.3725E1,7.E-1,-2.2E0));
#3411=VERTEX_POINT('',#3410);
#3412=CARTESIAN_POINT('',(-1.3725E1,4.499999999999E-1,-2.45E0));
#3413=VERTEX_POINT('',#3412);
#3414=CARTESIAN_POINT('',(-1.3275E1,2.5E-1,1.118046385894E0));
#3415=CARTESIAN_POINT('',(-1.3275E1,2.5E-1,1.759483844583E0));
#3416=VERTEX_POINT('',#3414);
#3417=VERTEX_POINT('',#3415);
#3418=CARTESIAN_POINT('',(-1.3725E1,2.5E-1,1.759483844583E0));
#3419=VERTEX_POINT('',#3418);
#3420=CARTESIAN_POINT('',(-1.3725E1,2.5E-1,1.118046385894E0));
#3421=VERTEX_POINT('',#3420);
#3422=CARTESIAN_POINT('',(-1.5275E1,4.499999999999E-1,-2.45E0));
#3423=CARTESIAN_POINT('',(-1.5275E1,7.E-1,-2.2E0));
#3424=VERTEX_POINT('',#3422);
#3425=VERTEX_POINT('',#3423);
#3426=CARTESIAN_POINT('',(-1.5725E1,7.E-1,-2.2E0));
#3427=VERTEX_POINT('',#3426);
#3428=CARTESIAN_POINT('',(-1.5725E1,4.499999999999E-1,-2.45E0));
#3429=VERTEX_POINT('',#3428);
#3430=CARTESIAN_POINT('',(-1.5275E1,2.5E-1,1.118046385894E0));
#3431=CARTESIAN_POINT('',(-1.5275E1,2.5E-1,1.759483844583E0));
#3432=VERTEX_POINT('',#3430);
#3433=VERTEX_POINT('',#3431);
#3434=CARTESIAN_POINT('',(-1.5725E1,2.5E-1,1.759483844583E0));
#3435=VERTEX_POINT('',#3434);
#3436=CARTESIAN_POINT('',(-1.5725E1,2.5E-1,1.118046385894E0));
#3437=VERTEX_POINT('',#3436);
#3438=CARTESIAN_POINT('',(3.725E0,2.5E-1,1.118046385894E0));
#3439=CARTESIAN_POINT('',(3.725E0,2.5E-1,1.759483844583E0));
#3440=VERTEX_POINT('',#3438);
#3441=VERTEX_POINT('',#3439);
#3442=CARTESIAN_POINT('',(3.275E0,2.5E-1,1.759483844583E0));
#3443=VERTEX_POINT('',#3442);
#3444=CARTESIAN_POINT('',(3.275E0,2.5E-1,1.118046385894E0));
#3445=VERTEX_POINT('',#3444);
#3446=CARTESIAN_POINT('',(1.725E0,2.5E-1,1.118046385894E0));
#3447=CARTESIAN_POINT('',(1.725E0,2.5E-1,1.759483844583E0));
#3448=VERTEX_POINT('',#3446);
#3449=VERTEX_POINT('',#3447);
#3450=CARTESIAN_POINT('',(1.275E0,2.5E-1,1.759483844583E0));
#3451=VERTEX_POINT('',#3450);
#3452=CARTESIAN_POINT('',(1.275E0,2.5E-1,1.118046385894E0));
#3453=VERTEX_POINT('',#3452);
#3454=CARTESIAN_POINT('',(-2.75E-1,2.5E-1,1.118046385894E0));
#3455=CARTESIAN_POINT('',(-2.75E-1,2.5E-1,1.759483844583E0));
#3456=VERTEX_POINT('',#3454);
#3457=VERTEX_POINT('',#3455);
#3458=CARTESIAN_POINT('',(-7.25E-1,2.5E-1,1.759483844583E0));
#3459=VERTEX_POINT('',#3458);
#3460=CARTESIAN_POINT('',(-7.25E-1,2.5E-1,1.118046385894E0));
#3461=VERTEX_POINT('',#3460);
#3462=CARTESIAN_POINT('',(-2.275E0,2.5E-1,1.118046385894E0));
#3463=CARTESIAN_POINT('',(-2.275E0,2.5E-1,1.759483844583E0));
#3464=VERTEX_POINT('',#3462);
#3465=VERTEX_POINT('',#3463);
#3466=CARTESIAN_POINT('',(-2.725E0,2.5E-1,1.759483844583E0));
#3467=VERTEX_POINT('',#3466);
#3468=CARTESIAN_POINT('',(-2.725E0,2.5E-1,1.118046385894E0));
#3469=VERTEX_POINT('',#3468);
#3470=CARTESIAN_POINT('',(-4.275E0,2.5E-1,1.118046385894E0));
#3471=CARTESIAN_POINT('',(-4.275E0,2.5E-1,1.759483844583E0));
#3472=VERTEX_POINT('',#3470);
#3473=VERTEX_POINT('',#3471);
#3474=CARTESIAN_POINT('',(-4.725E0,2.5E-1,1.759483844583E0));
#3475=VERTEX_POINT('',#3474);
#3476=CARTESIAN_POINT('',(-4.725E0,2.5E-1,1.118046385894E0));
#3477=VERTEX_POINT('',#3476);
#3478=CARTESIAN_POINT('',(-6.275E0,2.5E-1,1.118046385894E0));
#3479=CARTESIAN_POINT('',(-6.275E0,2.5E-1,1.759483844583E0));
#3480=VERTEX_POINT('',#3478);
#3481=VERTEX_POINT('',#3479);
#3482=CARTESIAN_POINT('',(-6.725E0,2.5E-1,1.759483844583E0));
#3483=VERTEX_POINT('',#3482);
#3484=CARTESIAN_POINT('',(-6.725E0,2.5E-1,1.118046385894E0));
#3485=VERTEX_POINT('',#3484);
#3486=CARTESIAN_POINT('',(-8.275E0,2.5E-1,1.118046385894E0));
#3487=CARTESIAN_POINT('',(-8.275E0,2.5E-1,1.759483844583E0));
#3488=VERTEX_POINT('',#3486);
#3489=VERTEX_POINT('',#3487);
#3490=CARTESIAN_POINT('',(-8.725E0,2.5E-1,1.759483844583E0));
#3491=VERTEX_POINT('',#3490);
#3492=CARTESIAN_POINT('',(-8.725E0,2.5E-1,1.118046385894E0));
#3493=VERTEX_POINT('',#3492);
#3494=CARTESIAN_POINT('',(-1.0275E1,2.5E-1,1.118046385894E0));
#3495=CARTESIAN_POINT('',(-1.0275E1,2.5E-1,1.759483844583E0));
#3496=VERTEX_POINT('',#3494);
#3497=VERTEX_POINT('',#3495);
#3498=CARTESIAN_POINT('',(-1.0725E1,2.5E-1,1.759483844583E0));
#3499=VERTEX_POINT('',#3498);
#3500=CARTESIAN_POINT('',(-1.0725E1,2.5E-1,1.118046385894E0));
#3501=VERTEX_POINT('',#3500);
#3502=CARTESIAN_POINT('',(-1.2275E1,2.5E-1,1.118046385894E0));
#3503=CARTESIAN_POINT('',(-1.2275E1,2.5E-1,1.759483844583E0));
#3504=VERTEX_POINT('',#3502);
#3505=VERTEX_POINT('',#3503);
#3506=CARTESIAN_POINT('',(-1.2725E1,2.5E-1,1.759483844583E0));
#3507=VERTEX_POINT('',#3506);
#3508=CARTESIAN_POINT('',(-1.2725E1,2.5E-1,1.118046385894E0));
#3509=VERTEX_POINT('',#3508);
#3510=CARTESIAN_POINT('',(-1.4275E1,2.5E-1,1.118046385894E0));
#3511=CARTESIAN_POINT('',(-1.4275E1,2.5E-1,1.759483844583E0));
#3512=VERTEX_POINT('',#3510);
#3513=VERTEX_POINT('',#3511);
#3514=CARTESIAN_POINT('',(-1.4725E1,2.5E-1,1.759483844583E0));
#3515=VERTEX_POINT('',#3514);
#3516=CARTESIAN_POINT('',(-1.4725E1,2.5E-1,1.118046385894E0));
#3517=VERTEX_POINT('',#3516);
#3518=CARTESIAN_POINT('',(-1.73E1,1.95E0,-5.E-2));
#3519=CARTESIAN_POINT('',(-1.73E1,1.95E0,9.5E-1));
#3520=VERTEX_POINT('',#3518);
#3521=VERTEX_POINT('',#3519);
#3522=CARTESIAN_POINT('',(-1.65E1,1.95E0,-5.E-2));
#3523=VERTEX_POINT('',#3522);
#3524=CARTESIAN_POINT('',(-1.65E1,1.95E0,-2.05E0));
#3525=VERTEX_POINT('',#3524);
#3526=CARTESIAN_POINT('',(-1.65E1,-1.95E0,-2.95E0));
#3527=CARTESIAN_POINT('',(-1.65E1,-5.5E-1,-2.95E0));
#3528=VERTEX_POINT('',#3526);
#3529=VERTEX_POINT('',#3527);
#3530=CARTESIAN_POINT('',(-1.73E1,-5.5E-1,-2.95E0));
#3531=VERTEX_POINT('',#3530);
#3532=CARTESIAN_POINT('',(-1.73E1,-1.95E0,-2.95E0));
#3533=VERTEX_POINT('',#3532);
#3534=CARTESIAN_POINT('',(-1.73E1,4.5E-1,-2.95E0));
#3535=CARTESIAN_POINT('',(-1.73E1,1.55E0,-2.95E0));
#3536=VERTEX_POINT('',#3534);
#3537=VERTEX_POINT('',#3535);
#3538=CARTESIAN_POINT('',(-1.65E1,4.5E-1,-2.95E0));
#3539=VERTEX_POINT('',#3538);
#3540=CARTESIAN_POINT('',(-1.65E1,1.55E0,-2.95E0));
#3541=VERTEX_POINT('',#3540);
#3542=CARTESIAN_POINT('',(-1.65E1,-5.5E-1,-2.45E0));
#3543=VERTEX_POINT('',#3542);
#3544=CARTESIAN_POINT('',(-1.65E1,-1.95E0,-2.45E0));
#3545=VERTEX_POINT('',#3544);
#3546=CARTESIAN_POINT('',(-1.65E1,1.55E0,-2.05E0));
#3547=VERTEX_POINT('',#3546);
#3548=CARTESIAN_POINT('',(-1.65E1,8.5E-1,-2.05E0));
#3549=VERTEX_POINT('',#3548);
#3550=CARTESIAN_POINT('',(-1.65E1,4.5E-1,-2.45E0));
#3551=VERTEX_POINT('',#3550);
#3552=CARTESIAN_POINT('',(-1.73E1,-5.5E-1,-2.45E0));
#3553=VERTEX_POINT('',#3552);
#3554=CARTESIAN_POINT('',(-1.73E1,1.55E0,-5.E-2));
#3555=VERTEX_POINT('',#3554);
#3556=CARTESIAN_POINT('',(-1.73E1,1.45E0,1.45E0));
#3557=VERTEX_POINT('',#3556);
#3558=CARTESIAN_POINT('',(-1.73E1,1.45E0,2.95E0));
#3559=VERTEX_POINT('',#3558);
#3560=CARTESIAN_POINT('',(-1.73E1,-1.95E0,2.95E0));
#3561=VERTEX_POINT('',#3560);
#3562=CARTESIAN_POINT('',(-1.73E1,4.5E-1,-2.45E0));
#3563=VERTEX_POINT('',#3562);
#3564=CARTESIAN_POINT('',(-1.65E1,1.55E0,-5.E-2));
#3565=VERTEX_POINT('',#3564);
#3566=CARTESIAN_POINT('',(-1.686E1,-2.5E-1,2.95E0));
#3567=CARTESIAN_POINT('',(-1.686E1,9.5E-1,2.95E0));
#3568=VERTEX_POINT('',#3566);
#3569=VERTEX_POINT('',#3567);
#3570=VERTEX_POINT('',#2632);
#3571=CARTESIAN_POINT('',(-1.656E1,2.5E-1,2.45E0));
#3572=VERTEX_POINT('',#3571);
#3573=CARTESIAN_POINT('',(-1.656E1,8.642857142857E-1,2.65E0));
#3574=VERTEX_POINT('',#3573);
#3575=CARTESIAN_POINT('',(-1.656E1,7.5E-1,2.25E0));
#3576=VERTEX_POINT('',#3575);
#3577=CARTESIAN_POINT('',(-1.656E1,2.5E-1,-8.E-1));
#3578=VERTEX_POINT('',#3577);
#3579=CARTESIAN_POINT('',(-1.656E1,4.E-1,-9.5E-1));
#3580=VERTEX_POINT('',#3579);
#3581=CARTESIAN_POINT('',(-1.656E1,6.5E-1,-9.5E-1));
#3582=VERTEX_POINT('',#3581);
#3583=CARTESIAN_POINT('',(-1.656E1,7.5E-1,-8.5E-1));
#3584=VERTEX_POINT('',#3583);
#3585=CARTESIAN_POINT('',(-1.575E1,-2.5E-1,2.95E0));
#3586=VERTEX_POINT('',#3585);
#3587=CARTESIAN_POINT('',(-1.575E1,2.5E-1,2.45E0));
#3588=VERTEX_POINT('',#3587);
#3589=CARTESIAN_POINT('',(-1.575E1,2.5E-1,-8.E-1));
#3590=VERTEX_POINT('',#3589);
#3591=CARTESIAN_POINT('',(-1.575E1,4.E-1,-9.5E-1));
#3592=VERTEX_POINT('',#3591);
#3593=CARTESIAN_POINT('',(-1.575E1,6.5E-1,-9.5E-1));
#3594=VERTEX_POINT('',#3593);
#3595=CARTESIAN_POINT('',(-1.575E1,7.5E-1,-8.5E-1));
#3596=VERTEX_POINT('',#3595);
#3597=CARTESIAN_POINT('',(0.E0,1.95E0,-1.E0));
#3598=DIRECTION('',(0.E0,1.E0,0.E0));
#3599=DIRECTION('',(0.E0,0.E0,-1.E0));
#3600=AXIS2_PLACEMENT_3D('',#3597,#3598,#3599);
#3601=PLANE('257771',#3600);
#3603=ORIENTED_EDGE('259150',*,*,#3602,.F.);
#3605=ORIENTED_EDGE('257172',*,*,#3604,.T.);
#3607=ORIENTED_EDGE('257173',*,*,#3606,.F.);
#3609=ORIENTED_EDGE('257162',*,*,#3608,.T.);
#3611=ORIENTED_EDGE('259157',*,*,#3610,.F.);
#3613=ORIENTED_EDGE('258443',*,*,#3612,.F.);
#3615=ORIENTED_EDGE('258444',*,*,#3614,.T.);
#3617=ORIENTED_EDGE('258445',*,*,#3616,.F.);
#3618=EDGE_LOOP('257771',(#3603,#3605,#3607,#3609,#3611,#3613,#3615,#3617));
#3619=FACE_OUTER_BOUND('257771',#3618,.F.);
#3620=ADVANCED_FACE('257771',(#3619),#3601,.T.);
#3621=CARTESIAN_POINT('',(0.E0,1.4E0,-2.05E0));
#3622=DIRECTION('',(0.E0,0.E0,-1.E0));
#3623=DIRECTION('',(0.E0,1.E0,0.E0));
#3624=AXIS2_PLACEMENT_3D('',#3621,#3622,#3623);
#3625=PLANE('257785',#3624);
#3627=ORIENTED_EDGE('259151',*,*,#3626,.F.);
#3629=ORIENTED_EDGE('257186',*,*,#3628,.F.);
#3630=ORIENTED_EDGE('259150',*,*,#3602,.T.);
#3632=ORIENTED_EDGE('258486',*,*,#3631,.T.);
#3634=ORIENTED_EDGE('258470',*,*,#3633,.T.);
#3635=EDGE_LOOP('257785',(#3627,#3629,#3630,#3632,#3634));
#3636=FACE_OUTER_BOUND('257785',#3635,.F.);
#3637=ADVANCED_FACE('257785',(#3636),#3625,.T.);
#3638=CARTESIAN_POINT('',(0.E0,6.5E-1,-2.25E0));
#3639=DIRECTION('',(0.E0,7.071067811864E-1,-7.071067811867E-1));
#3640=DIRECTION('',(0.E0,7.071067811867E-1,7.071067811864E-1));
#3641=AXIS2_PLACEMENT_3D('',#3638,#3639,#3640);
#3642=PLANE('257786',#3641);
#3644=ORIENTED_EDGE('263329',*,*,#3643,.F.);
#3646=ORIENTED_EDGE('257483',*,*,#3645,.T.);
#3648=ORIENTED_EDGE('257482',*,*,#3647,.T.);
#3650=ORIENTED_EDGE('257481',*,*,#3649,.F.);
#3652=ORIENTED_EDGE('257496',*,*,#3651,.F.);
#3654=ORIENTED_EDGE('257467',*,*,#3653,.T.);
#3656=ORIENTED_EDGE('257466',*,*,#3655,.T.);
#3658=ORIENTED_EDGE('257465',*,*,#3657,.F.);
#3660=ORIENTED_EDGE('257480',*,*,#3659,.F.);
#3662=ORIENTED_EDGE('257451',*,*,#3661,.T.);
#3664=ORIENTED_EDGE('257450',*,*,#3663,.T.);
#3666=ORIENTED_EDGE('257449',*,*,#3665,.F.);
#3668=ORIENTED_EDGE('257464',*,*,#3667,.F.);
#3670=ORIENTED_EDGE('257435',*,*,#3669,.T.);
#3672=ORIENTED_EDGE('257434',*,*,#3671,.T.);
#3674=ORIENTED_EDGE('257433',*,*,#3673,.F.);
#3676=ORIENTED_EDGE('257448',*,*,#3675,.F.);
#3678=ORIENTED_EDGE('257419',*,*,#3677,.T.);
#3680=ORIENTED_EDGE('257418',*,*,#3679,.T.);
#3682=ORIENTED_EDGE('257417',*,*,#3681,.F.);
#3684=ORIENTED_EDGE('257432',*,*,#3683,.F.);
#3686=ORIENTED_EDGE('257403',*,*,#3685,.T.);
#3688=ORIENTED_EDGE('257402',*,*,#3687,.T.);
#3690=ORIENTED_EDGE('257401',*,*,#3689,.F.);
#3692=ORIENTED_EDGE('257416',*,*,#3691,.F.);
#3694=ORIENTED_EDGE('257387',*,*,#3693,.T.);
#3696=ORIENTED_EDGE('257386',*,*,#3695,.T.);
#3698=ORIENTED_EDGE('257385',*,*,#3697,.F.);
#3700=ORIENTED_EDGE('257400',*,*,#3699,.F.);
#3702=ORIENTED_EDGE('257371',*,*,#3701,.T.);
#3704=ORIENTED_EDGE('257370',*,*,#3703,.T.);
#3706=ORIENTED_EDGE('257369',*,*,#3705,.F.);
#3708=ORIENTED_EDGE('257384',*,*,#3707,.F.);
#3710=ORIENTED_EDGE('257355',*,*,#3709,.T.);
#3712=ORIENTED_EDGE('257354',*,*,#3711,.T.);
#3714=ORIENTED_EDGE('257353',*,*,#3713,.F.);
#3716=ORIENTED_EDGE('257368',*,*,#3715,.F.);
#3718=ORIENTED_EDGE('257339',*,*,#3717,.T.);
#3720=ORIENTED_EDGE('257338',*,*,#3719,.T.);
#3722=ORIENTED_EDGE('257337',*,*,#3721,.F.);
#3724=ORIENTED_EDGE('257352',*,*,#3723,.F.);
#3726=ORIENTED_EDGE('257323',*,*,#3725,.T.);
#3728=ORIENTED_EDGE('257322',*,*,#3727,.T.);
#3730=ORIENTED_EDGE('257321',*,*,#3729,.F.);
#3732=ORIENTED_EDGE('257336',*,*,#3731,.F.);
#3734=ORIENTED_EDGE('257185',*,*,#3733,.F.);
#3735=ORIENTED_EDGE('259151',*,*,#3626,.T.);
#3737=ORIENTED_EDGE('258471',*,*,#3736,.F.);
#3738=EDGE_LOOP('257786',(#3644,#3646,#3648,#3650,#3652,#3654,#3656,#3658,#3660,
#3662,#3664,#3666,#3668,#3670,#3672,#3674,#3676,#3678,#3680,#3682,#3684,#3686,
#3688,#3690,#3692,#3694,#3696,#3698,#3700,#3702,#3704,#3706,#3708,#3710,#3712,
#3714,#3716,#3718,#3720,#3722,#3724,#3726,#3728,#3730,#3732,#3734,#3735,#3737));
#3739=FACE_OUTER_BOUND('257786',#3738,.F.);
#3740=ADVANCED_FACE('257786',(#3739),#3642,.T.);
#3741=CARTESIAN_POINT('',(0.E0,-7.5E-1,-2.45E0));
#3742=DIRECTION('',(0.E0,0.E0,-1.E0));
#3743=DIRECTION('',(0.E0,1.E0,0.E0));
#3744=AXIS2_PLACEMENT_3D('',#3741,#3742,#3743);
#3745=PLANE('257787',#3744);
#3747=ORIENTED_EDGE('259153',*,*,#3746,.F.);
#3749=ORIENTED_EDGE('257181',*,*,#3748,.F.);
#3751=ORIENTED_EDGE('257207',*,*,#3750,.F.);
#3753=ORIENTED_EDGE('257169',*,*,#3752,.F.);
#3755=ORIENTED_EDGE('257221',*,*,#3754,.T.);
#3756=ORIENTED_EDGE('257336',*,*,#3731,.T.);
#3758=ORIENTED_EDGE('257331',*,*,#3757,.T.);
#3760=ORIENTED_EDGE('257158',*,*,#3759,.F.);
#3762=ORIENTED_EDGE('257335',*,*,#3761,.T.);
#3763=ORIENTED_EDGE('257352',*,*,#3723,.T.);
#3765=ORIENTED_EDGE('257347',*,*,#3764,.T.);
#3767=ORIENTED_EDGE('257144',*,*,#3766,.F.);
#3769=ORIENTED_EDGE('257351',*,*,#3768,.T.);
#3770=ORIENTED_EDGE('257368',*,*,#3715,.T.);
#3772=ORIENTED_EDGE('257363',*,*,#3771,.T.);
#3774=ORIENTED_EDGE('256948',*,*,#3773,.F.);
#3776=ORIENTED_EDGE('257367',*,*,#3775,.T.);
#3777=ORIENTED_EDGE('257384',*,*,#3707,.T.);
#3779=ORIENTED_EDGE('257379',*,*,#3778,.T.);
#3781=ORIENTED_EDGE('256962',*,*,#3780,.F.);
#3783=ORIENTED_EDGE('257383',*,*,#3782,.T.);
#3784=ORIENTED_EDGE('257400',*,*,#3699,.T.);
#3786=ORIENTED_EDGE('257395',*,*,#3785,.T.);
#3788=ORIENTED_EDGE('256976',*,*,#3787,.F.);
#3790=ORIENTED_EDGE('257399',*,*,#3789,.T.);
#3791=ORIENTED_EDGE('257416',*,*,#3691,.T.);
#3793=ORIENTED_EDGE('257411',*,*,#3792,.T.);
#3795=ORIENTED_EDGE('256990',*,*,#3794,.F.);
#3797=ORIENTED_EDGE('257415',*,*,#3796,.T.);
#3798=ORIENTED_EDGE('257432',*,*,#3683,.T.);
#3800=ORIENTED_EDGE('257427',*,*,#3799,.T.);
#3802=ORIENTED_EDGE('257004',*,*,#3801,.F.);
#3804=ORIENTED_EDGE('257431',*,*,#3803,.T.);
#3805=ORIENTED_EDGE('257448',*,*,#3675,.T.);
#3807=ORIENTED_EDGE('257443',*,*,#3806,.T.);
#3809=ORIENTED_EDGE('257018',*,*,#3808,.F.);
#3811=ORIENTED_EDGE('257447',*,*,#3810,.T.);
#3812=ORIENTED_EDGE('257464',*,*,#3667,.T.);
#3814=ORIENTED_EDGE('257459',*,*,#3813,.T.);
#3816=ORIENTED_EDGE('257032',*,*,#3815,.F.);
#3818=ORIENTED_EDGE('257463',*,*,#3817,.T.);
#3819=ORIENTED_EDGE('257480',*,*,#3659,.T.);
#3821=ORIENTED_EDGE('257475',*,*,#3820,.T.);
#3823=ORIENTED_EDGE('257046',*,*,#3822,.F.);
#3825=ORIENTED_EDGE('257479',*,*,#3824,.T.);
#3826=ORIENTED_EDGE('257496',*,*,#3651,.T.);
#3828=ORIENTED_EDGE('257491',*,*,#3827,.T.);
#3830=ORIENTED_EDGE('257130',*,*,#3829,.F.);
#3832=ORIENTED_EDGE('257495',*,*,#3831,.T.);
#3833=ORIENTED_EDGE('263329',*,*,#3643,.T.);
#3835=ORIENTED_EDGE('258491',*,*,#3834,.F.);
#3837=ORIENTED_EDGE('258482',*,*,#3836,.F.);
#3839=ORIENTED_EDGE('258474',*,*,#3838,.F.);
#3841=ORIENTED_EDGE('258467',*,*,#3840,.F.);
#3842=EDGE_LOOP('257787',(#3747,#3749,#3751,#3753,#3755,#3756,#3758,#3760,#3762,
#3763,#3765,#3767,#3769,#3770,#3772,#3774,#3776,#3777,#3779,#3781,#3783,#3784,
#3786,#3788,#3790,#3791,#3793,#3795,#3797,#3798,#3800,#3802,#3804,#3805,#3807,
#3809,#3811,#3812,#3814,#3816,#3818,#3819,#3821,#3823,#3825,#3826,#3828,#3830,
#3832,#3833,#3835,#3837,#3839,#3841));
#3843=FACE_OUTER_BOUND('257787',#3842,.F.);
#3845=ORIENTED_EDGE('257686',*,*,#3844,.F.);
#3847=ORIENTED_EDGE('257688',*,*,#3846,.F.);
#3849=ORIENTED_EDGE('257689',*,*,#3848,.F.);
#3851=ORIENTED_EDGE('257687',*,*,#3850,.F.);
#3852=EDGE_LOOP('257787',(#3845,#3847,#3849,#3851));
#3853=FACE_BOUND('257787',#3852,.F.);
#3855=ORIENTED_EDGE('257674',*,*,#3854,.F.);
#3857=ORIENTED_EDGE('257676',*,*,#3856,.F.);
#3859=ORIENTED_EDGE('257677',*,*,#3858,.F.);
#3861=ORIENTED_EDGE('257675',*,*,#3860,.F.);
#3862=EDGE_LOOP('257787',(#3855,#3857,#3859,#3861));
#3863=FACE_BOUND('257787',#3862,.F.);
#3865=ORIENTED_EDGE('257662',*,*,#3864,.F.);
#3867=ORIENTED_EDGE('257664',*,*,#3866,.F.);
#3869=ORIENTED_EDGE('257665',*,*,#3868,.F.);
#3871=ORIENTED_EDGE('257663',*,*,#3870,.F.);
#3872=EDGE_LOOP('257787',(#3865,#3867,#3869,#3871));
#3873=FACE_BOUND('257787',#3872,.F.);
#3875=ORIENTED_EDGE('257650',*,*,#3874,.F.);
#3877=ORIENTED_EDGE('257652',*,*,#3876,.F.);
#3879=ORIENTED_EDGE('257653',*,*,#3878,.F.);
#3881=ORIENTED_EDGE('257651',*,*,#3880,.F.);
#3882=EDGE_LOOP('257787',(#3875,#3877,#3879,#3881));
#3883=FACE_BOUND('257787',#3882,.F.);
#3885=ORIENTED_EDGE('257638',*,*,#3884,.F.);
#3887=ORIENTED_EDGE('257640',*,*,#3886,.F.);
#3889=ORIENTED_EDGE('257641',*,*,#3888,.F.);
#3891=ORIENTED_EDGE('257639',*,*,#3890,.F.);
#3892=EDGE_LOOP('257787',(#3885,#3887,#3889,#3891));
#3893=FACE_BOUND('257787',#3892,.F.);
#3895=ORIENTED_EDGE('257626',*,*,#3894,.F.);
#3897=ORIENTED_EDGE('257628',*,*,#3896,.F.);
#3899=ORIENTED_EDGE('257629',*,*,#3898,.F.);
#3901=ORIENTED_EDGE('257627',*,*,#3900,.F.);
#3902=EDGE_LOOP('257787',(#3895,#3897,#3899,#3901));
#3903=FACE_BOUND('257787',#3902,.F.);
#3905=ORIENTED_EDGE('257614',*,*,#3904,.F.);
#3907=ORIENTED_EDGE('257616',*,*,#3906,.F.);
#3909=ORIENTED_EDGE('257617',*,*,#3908,.F.);
#3911=ORIENTED_EDGE('257615',*,*,#3910,.F.);
#3912=EDGE_LOOP('257787',(#3905,#3907,#3909,#3911));
#3913=FACE_BOUND('257787',#3912,.F.);
#3915=ORIENTED_EDGE('257602',*,*,#3914,.F.);
#3917=ORIENTED_EDGE('257604',*,*,#3916,.F.);
#3919=ORIENTED_EDGE('257605',*,*,#3918,.F.);
#3921=ORIENTED_EDGE('257603',*,*,#3920,.F.);
#3922=EDGE_LOOP('257787',(#3915,#3917,#3919,#3921));
#3923=FACE_BOUND('257787',#3922,.F.);
#3925=ORIENTED_EDGE('257590',*,*,#3924,.F.);
#3927=ORIENTED_EDGE('257592',*,*,#3926,.F.);
#3929=ORIENTED_EDGE('257593',*,*,#3928,.F.);
#3931=ORIENTED_EDGE('257591',*,*,#3930,.F.);
#3932=EDGE_LOOP('257787',(#3925,#3927,#3929,#3931));
#3933=FACE_BOUND('257787',#3932,.F.);
#3935=ORIENTED_EDGE('257578',*,*,#3934,.F.);
#3937=ORIENTED_EDGE('257580',*,*,#3936,.F.);
#3939=ORIENTED_EDGE('257581',*,*,#3938,.F.);
#3941=ORIENTED_EDGE('257579',*,*,#3940,.F.);
#3942=EDGE_LOOP('257787',(#3935,#3937,#3939,#3941));
#3943=FACE_BOUND('257787',#3942,.F.);
#3944=ADVANCED_FACE('257787',(#3843,#3853,#3863,#3873,#3883,#3893,#3903,#3913,
#3923,#3933,#3943),#3745,.T.);
#3945=CARTESIAN_POINT('',(-1.4275E1,-2.477670129985E-1,-1.601114723061E0));
#3946=DIRECTION('',(-1.E0,0.E0,0.E0));
#3947=DIRECTION('',(0.E0,0.E0,1.E0));
#3948=AXIS2_PLACEMENT_3D('',#3945,#3946,#3947);
#3949=PLANE('256754',#3948);
#3951=ORIENTED_EDGE('257293',*,*,#3950,.F.);
#3953=ORIENTED_EDGE('256867',*,*,#3952,.F.);
#3955=ORIENTED_EDGE('257294',*,*,#3954,.F.);
#3956=ORIENTED_EDGE('257686',*,*,#3844,.T.);
#3957=EDGE_LOOP('256754',(#3951,#3953,#3955,#3956));
#3958=FACE_OUTER_BOUND('256754',#3957,.F.);
#3959=ADVANCED_FACE('256754',(#3958),#3949,.F.);
#3960=CARTESIAN_POINT('',(-1.4275E1,-2.477670129985E-1,-1.601114723061E0));
#3961=DIRECTION('',(-1.E0,0.E0,0.E0));
#3962=DIRECTION('',(0.E0,0.E0,1.E0));
#3963=AXIS2_PLACEMENT_3D('',#3960,#3961,#3962);
#3964=PLANE('256754',#3963);
#3966=ORIENTED_EDGE('257690',*,*,#3965,.T.);
#3968=ORIENTED_EDGE('257695',*,*,#3967,.T.);
#3970=ORIENTED_EDGE('256866',*,*,#3969,.T.);
#3972=ORIENTED_EDGE('257694',*,*,#3971,.T.);
#3973=EDGE_LOOP('256754',(#3966,#3968,#3970,#3972));
#3974=FACE_OUTER_BOUND('256754',#3973,.F.);
#3975=ADVANCED_FACE('256754',(#3974),#3964,.F.);
#3976=CARTESIAN_POINT('',(-1.45E1,-9.5E-1,-1.724341638745E0));
#3977=DIRECTION('',(0.E0,1.E0,0.E0));
#3978=DIRECTION('',(0.E0,0.E0,-1.E0));
#3979=AXIS2_PLACEMENT_3D('',#3976,#3977,#3978);
#3980=PLANE('256755',#3979);
#3981=ORIENTED_EDGE('257293',*,*,#3950,.T.);
#3982=ORIENTED_EDGE('257687',*,*,#3850,.T.);
#3984=ORIENTED_EDGE('257295',*,*,#3983,.T.);
#3986=ORIENTED_EDGE('256868',*,*,#3985,.F.);
#3987=EDGE_LOOP('256755',(#3981,#3982,#3984,#3986));
#3988=FACE_OUTER_BOUND('256755',#3987,.F.);
#3989=ADVANCED_FACE('256755',(#3988),#3980,.T.);
#3990=CARTESIAN_POINT('',(-1.4725E1,-2.477670129985E-1,-1.601114723064E0));
#3991=DIRECTION('',(-1.E0,0.E0,0.E0));
#3992=DIRECTION('',(0.E0,0.E0,-1.E0));
#3993=AXIS2_PLACEMENT_3D('',#3990,#3991,#3992);
#3994=PLANE('256761',#3993);
#3995=ORIENTED_EDGE('257295',*,*,#3983,.F.);
#3996=ORIENTED_EDGE('257689',*,*,#3848,.T.);
#3998=ORIENTED_EDGE('257296',*,*,#3997,.F.);
#4000=ORIENTED_EDGE('256873',*,*,#3999,.F.);
#4001=EDGE_LOOP('256761',(#3995,#3996,#3998,#4000));
#4002=FACE_OUTER_BOUND('256761',#4001,.F.);
#4003=ADVANCED_FACE('256761',(#4002),#3994,.T.);
#4004=CARTESIAN_POINT('',(-1.4725E1,-2.477670129985E-1,-1.601114723064E0));
#4005=DIRECTION('',(-1.E0,0.E0,0.E0));
#4006=DIRECTION('',(0.E0,0.E0,-1.E0));
#4007=AXIS2_PLACEMENT_3D('',#4004,#4005,#4006);
#4008=PLANE('256761',#4007);
#4010=ORIENTED_EDGE('257693',*,*,#4009,.F.);
#4012=ORIENTED_EDGE('257696',*,*,#4011,.T.);
#4014=ORIENTED_EDGE('256871',*,*,#4013,.T.);
#4016=ORIENTED_EDGE('257697',*,*,#4015,.T.);
#4017=EDGE_LOOP('256761',(#4010,#4012,#4014,#4016));
#4018=FACE_OUTER_BOUND('256761',#4017,.F.);
#4019=ADVANCED_FACE('256761',(#4018),#4008,.T.);
#4020=CARTESIAN_POINT('',(-1.45E1,-1.199999948044E0,-1.601114723064E0));
#4021=DIRECTION('',(0.E0,1.E0,-2.583487482196E-7));
#4022=DIRECTION('',(0.E0,2.583487482196E-7,1.E0));
#4023=AXIS2_PLACEMENT_3D('',#4020,#4021,#4022);
#4024=PLANE('256759',#4023);
#4025=ORIENTED_EDGE('257294',*,*,#3954,.T.);
#4027=ORIENTED_EDGE('256872',*,*,#4026,.F.);
#4028=ORIENTED_EDGE('257296',*,*,#3997,.T.);
#4029=ORIENTED_EDGE('257688',*,*,#3846,.T.);
#4030=EDGE_LOOP('256759',(#4025,#4027,#4028,#4029));
#4031=FACE_OUTER_BOUND('256759',#4030,.F.);
#4032=ADVANCED_FACE('256759',(#4031),#4024,.F.);
#4033=CARTESIAN_POINT('',(-1.45E1,-1.075000548704E0,-6.05E0));
#4034=DIRECTION('',(0.E0,0.E0,-1.E0));
#4035=DIRECTION('',(0.E0,-1.E0,0.E0));
#4036=AXIS2_PLACEMENT_3D('',#4033,#4034,#4035);
#4037=PLANE('256760',#4036);
#4038=ORIENTED_EDGE('256867',*,*,#3952,.T.);
#4039=ORIENTED_EDGE('256868',*,*,#3985,.T.);
#4040=ORIENTED_EDGE('256873',*,*,#3999,.T.);
#4041=ORIENTED_EDGE('256872',*,*,#4026,.T.);
#4042=EDGE_LOOP('256760',(#4038,#4039,#4040,#4041));
#4043=FACE_OUTER_BOUND('256760',#4042,.F.);
#4044=ADVANCED_FACE('256760',(#4043),#4037,.T.);
#4045=CARTESIAN_POINT('',(0.E0,2.5E-1,8.25E-1));
#4046=DIRECTION('',(0.E0,1.E0,0.E0));
#4047=DIRECTION('',(0.E0,0.E0,1.E0));
#4048=AXIS2_PLACEMENT_3D('',#4045,#4046,#4047);
#4049=PLANE('257798',#4048);
#4051=ORIENTED_EDGE('259129',*,*,#4050,.T.);
#4053=ORIENTED_EDGE('259145',*,*,#4052,.T.);
#4055=ORIENTED_EDGE('257247',*,*,#4054,.T.);
#4057=ORIENTED_EDGE('259143',*,*,#4056,.F.);
#4059=ORIENTED_EDGE('259127',*,*,#4058,.F.);
#4061=ORIENTED_EDGE('258510',*,*,#4060,.T.);
#4062=EDGE_LOOP('257798',(#4051,#4053,#4055,#4057,#4059,#4061));
#4063=FACE_OUTER_BOUND('257798',#4062,.F.);
#4064=ORIENTED_EDGE('257690',*,*,#3965,.F.);
#4066=ORIENTED_EDGE('257692',*,*,#4065,.F.);
#4067=ORIENTED_EDGE('257693',*,*,#4009,.T.);
#4069=ORIENTED_EDGE('257691',*,*,#4068,.F.);
#4070=EDGE_LOOP('257798',(#4064,#4066,#4067,#4069));
#4071=FACE_BOUND('257798',#4070,.F.);
#4073=ORIENTED_EDGE('257678',*,*,#4072,.F.);
#4075=ORIENTED_EDGE('257680',*,*,#4074,.F.);
#4077=ORIENTED_EDGE('257681',*,*,#4076,.T.);
#4079=ORIENTED_EDGE('257679',*,*,#4078,.F.);
#4080=EDGE_LOOP('257798',(#4073,#4075,#4077,#4079));
#4081=FACE_BOUND('257798',#4080,.F.);
#4083=ORIENTED_EDGE('257666',*,*,#4082,.F.);
#4085=ORIENTED_EDGE('257668',*,*,#4084,.F.);
#4087=ORIENTED_EDGE('257669',*,*,#4086,.T.);
#4089=ORIENTED_EDGE('257667',*,*,#4088,.F.);
#4090=EDGE_LOOP('257798',(#4083,#4085,#4087,#4089));
#4091=FACE_BOUND('257798',#4090,.F.);
#4093=ORIENTED_EDGE('257654',*,*,#4092,.F.);
#4095=ORIENTED_EDGE('257656',*,*,#4094,.F.);
#4097=ORIENTED_EDGE('257657',*,*,#4096,.T.);
#4099=ORIENTED_EDGE('257655',*,*,#4098,.F.);
#4100=EDGE_LOOP('257798',(#4093,#4095,#4097,#4099));
#4101=FACE_BOUND('257798',#4100,.F.);
#4103=ORIENTED_EDGE('257642',*,*,#4102,.F.);
#4105=ORIENTED_EDGE('257644',*,*,#4104,.F.);
#4107=ORIENTED_EDGE('257645',*,*,#4106,.T.);
#4109=ORIENTED_EDGE('257643',*,*,#4108,.F.);
#4110=EDGE_LOOP('257798',(#4103,#4105,#4107,#4109));
#4111=FACE_BOUND('257798',#4110,.F.);
#4113=ORIENTED_EDGE('257630',*,*,#4112,.F.);
#4115=ORIENTED_EDGE('257632',*,*,#4114,.F.);
#4117=ORIENTED_EDGE('257633',*,*,#4116,.T.);
#4119=ORIENTED_EDGE('257631',*,*,#4118,.F.);
#4120=EDGE_LOOP('257798',(#4113,#4115,#4117,#4119));
#4121=FACE_BOUND('257798',#4120,.F.);
#4123=ORIENTED_EDGE('257618',*,*,#4122,.F.);
#4125=ORIENTED_EDGE('257620',*,*,#4124,.F.);
#4127=ORIENTED_EDGE('257621',*,*,#4126,.T.);
#4129=ORIENTED_EDGE('257619',*,*,#4128,.F.);
#4130=EDGE_LOOP('257798',(#4123,#4125,#4127,#4129));
#4131=FACE_BOUND('257798',#4130,.F.);
#4133=ORIENTED_EDGE('257606',*,*,#4132,.F.);
#4135=ORIENTED_EDGE('257608',*,*,#4134,.F.);
#4137=ORIENTED_EDGE('257609',*,*,#4136,.T.);
#4139=ORIENTED_EDGE('257607',*,*,#4138,.F.);
#4140=EDGE_LOOP('257798',(#4133,#4135,#4137,#4139));
#4141=FACE_BOUND('257798',#4140,.F.);
#4143=ORIENTED_EDGE('257594',*,*,#4142,.F.);
#4145=ORIENTED_EDGE('257596',*,*,#4144,.F.);
#4147=ORIENTED_EDGE('257597',*,*,#4146,.T.);
#4149=ORIENTED_EDGE('257595',*,*,#4148,.F.);
#4150=EDGE_LOOP('257798',(#4143,#4145,#4147,#4149));
#4151=FACE_BOUND('257798',#4150,.F.);
#4153=ORIENTED_EDGE('257582',*,*,#4152,.F.);
#4155=ORIENTED_EDGE('257584',*,*,#4154,.F.);
#4157=ORIENTED_EDGE('257585',*,*,#4156,.T.);
#4159=ORIENTED_EDGE('257583',*,*,#4158,.F.);
#4160=EDGE_LOOP('257798',(#4153,#4155,#4157,#4159));
#4161=FACE_BOUND('257798',#4160,.F.);
#4163=ORIENTED_EDGE('257484',*,*,#4162,.F.);
#4165=ORIENTED_EDGE('257486',*,*,#4164,.F.);
#4167=ORIENTED_EDGE('257487',*,*,#4166,.T.);
#4169=ORIENTED_EDGE('257485',*,*,#4168,.F.);
#4170=EDGE_LOOP('257798',(#4163,#4165,#4167,#4169));
#4171=FACE_BOUND('257798',#4170,.F.);
#4173=ORIENTED_EDGE('257468',*,*,#4172,.F.);
#4175=ORIENTED_EDGE('257470',*,*,#4174,.F.);
#4177=ORIENTED_EDGE('257471',*,*,#4176,.T.);
#4179=ORIENTED_EDGE('257469',*,*,#4178,.F.);
#4180=EDGE_LOOP('257798',(#4173,#4175,#4177,#4179));
#4181=FACE_BOUND('257798',#4180,.F.);
#4183=ORIENTED_EDGE('257452',*,*,#4182,.F.);
#4185=ORIENTED_EDGE('257454',*,*,#4184,.F.);
#4187=ORIENTED_EDGE('257455',*,*,#4186,.T.);
#4189=ORIENTED_EDGE('257453',*,*,#4188,.F.);
#4190=EDGE_LOOP('257798',(#4183,#4185,#4187,#4189));
#4191=FACE_BOUND('257798',#4190,.F.);
#4193=ORIENTED_EDGE('257436',*,*,#4192,.F.);
#4195=ORIENTED_EDGE('257438',*,*,#4194,.F.);
#4197=ORIENTED_EDGE('257439',*,*,#4196,.T.);
#4199=ORIENTED_EDGE('257437',*,*,#4198,.F.);
#4200=EDGE_LOOP('257798',(#4193,#4195,#4197,#4199));
#4201=FACE_BOUND('257798',#4200,.F.);
#4203=ORIENTED_EDGE('257420',*,*,#4202,.F.);
#4205=ORIENTED_EDGE('257422',*,*,#4204,.F.);
#4207=ORIENTED_EDGE('257423',*,*,#4206,.T.);
#4209=ORIENTED_EDGE('257421',*,*,#4208,.F.);
#4210=EDGE_LOOP('257798',(#4203,#4205,#4207,#4209));
#4211=FACE_BOUND('257798',#4210,.F.);
#4213=ORIENTED_EDGE('257404',*,*,#4212,.F.);
#4215=ORIENTED_EDGE('257406',*,*,#4214,.F.);
#4217=ORIENTED_EDGE('257407',*,*,#4216,.T.);
#4219=ORIENTED_EDGE('257405',*,*,#4218,.F.);
#4220=EDGE_LOOP('257798',(#4213,#4215,#4217,#4219));
#4221=FACE_BOUND('257798',#4220,.F.);
#4223=ORIENTED_EDGE('257388',*,*,#4222,.F.);
#4225=ORIENTED_EDGE('257390',*,*,#4224,.F.);
#4227=ORIENTED_EDGE('257391',*,*,#4226,.T.);
#4229=ORIENTED_EDGE('257389',*,*,#4228,.F.);
#4230=EDGE_LOOP('257798',(#4223,#4225,#4227,#4229));
#4231=FACE_BOUND('257798',#4230,.F.);
#4233=ORIENTED_EDGE('257372',*,*,#4232,.F.);
#4235=ORIENTED_EDGE('257374',*,*,#4234,.F.);
#4237=ORIENTED_EDGE('257375',*,*,#4236,.T.);
#4239=ORIENTED_EDGE('257373',*,*,#4238,.F.);
#4240=EDGE_LOOP('257798',(#4233,#4235,#4237,#4239));
#4241=FACE_BOUND('257798',#4240,.F.);
#4243=ORIENTED_EDGE('257356',*,*,#4242,.F.);
#4245=ORIENTED_EDGE('257358',*,*,#4244,.F.);
#4247=ORIENTED_EDGE('257359',*,*,#4246,.T.);
#4249=ORIENTED_EDGE('257357',*,*,#4248,.F.);
#4250=EDGE_LOOP('257798',(#4243,#4245,#4247,#4249));
#4251=FACE_BOUND('257798',#4250,.F.);
#4253=ORIENTED_EDGE('257340',*,*,#4252,.F.);
#4255=ORIENTED_EDGE('257342',*,*,#4254,.F.);
#4257=ORIENTED_EDGE('257343',*,*,#4256,.T.);
#4259=ORIENTED_EDGE('257341',*,*,#4258,.F.);
#4260=EDGE_LOOP('257798',(#4253,#4255,#4257,#4259));
#4261=FACE_BOUND('257798',#4260,.F.);
#4263=ORIENTED_EDGE('257324',*,*,#4262,.F.);
#4265=ORIENTED_EDGE('257326',*,*,#4264,.F.);
#4267=ORIENTED_EDGE('257327',*,*,#4266,.T.);
#4269=ORIENTED_EDGE('257325',*,*,#4268,.F.);
#4270=EDGE_LOOP('257798',(#4263,#4265,#4267,#4269));
#4271=FACE_BOUND('257798',#4270,.F.);
#4272=ADVANCED_FACE('257798',(#4063,#4071,#4081,#4091,#4101,#4111,#4121,#4131,
#4141,#4151,#4161,#4171,#4181,#4191,#4201,#4211,#4221,#4231,#4241,#4251,#4261,
#4271),#4049,.T.);
#4273=CARTESIAN_POINT('',(-1.45E1,8.238085532088E-2,1.521007189508E0));
#4274=DIRECTION('',(0.E0,9.233055025502E-1,3.840663340628E-1));
#4275=DIRECTION('',(0.E0,-3.840663340628E-1,9.233055025502E-1));
#4276=AXIS2_PLACEMENT_3D('',#4273,#4274,#4275);
#4277=PLANE('256756',#4276);
#4278=ORIENTED_EDGE('257692',*,*,#4065,.T.);
#4279=ORIENTED_EDGE('257694',*,*,#3971,.F.);
#4281=ORIENTED_EDGE('256869',*,*,#4280,.F.);
#4282=ORIENTED_EDGE('257696',*,*,#4011,.F.);
#4283=EDGE_LOOP('256756',(#4278,#4279,#4281,#4282));
#4284=FACE_OUTER_BOUND('256756',#4283,.F.);
#4285=ADVANCED_FACE('256756',(#4284),#4277,.F.);
#4286=CARTESIAN_POINT('',(-1.45E1,6.181115239011E-1,5.486247612928E-1));
#4287=DIRECTION('',(0.E0,7.808198804470E-1,-6.247562038898E-1));
#4288=DIRECTION('',(0.E0,-6.247562038898E-1,-7.808198804470E-1));
#4289=AXIS2_PLACEMENT_3D('',#4286,#4287,#4288);
#4290=PLANE('256757',#4289);
#4291=ORIENTED_EDGE('256866',*,*,#3969,.F.);
#4293=ORIENTED_EDGE('256870',*,*,#4292,.F.);
#4294=ORIENTED_EDGE('256871',*,*,#4013,.F.);
#4295=ORIENTED_EDGE('256869',*,*,#4280,.T.);
#4296=EDGE_LOOP('256757',(#4291,#4293,#4294,#4295));
#4297=FACE_OUTER_BOUND('256757',#4296,.F.);
#4298=ADVANCED_FACE('256757',(#4297),#4290,.T.);
#4299=CARTESIAN_POINT('',(-1.45E1,2.530173178130E-1,1.752161209975E0));
#4300=DIRECTION('',(0.E0,9.245840358476E-1,3.809781629644E-1));
#4301=DIRECTION('',(0.E0,3.809781629644E-1,-9.245840358476E-1));
#4302=AXIS2_PLACEMENT_3D('',#4299,#4300,#4301);
#4303=PLANE('256758',#4302);
#4304=ORIENTED_EDGE('257691',*,*,#4068,.T.);
#4305=ORIENTED_EDGE('257697',*,*,#4015,.F.);
#4306=ORIENTED_EDGE('256870',*,*,#4292,.T.);
#4307=ORIENTED_EDGE('257695',*,*,#3967,.F.);
#4308=EDGE_LOOP('256758',(#4304,#4305,#4306,#4307));
#4309=FACE_OUTER_BOUND('256758',#4308,.F.);
#4310=ADVANCED_FACE('256758',(#4309),#4303,.T.);
#4311=CARTESIAN_POINT('',(-1.2275E1,-2.477670129985E-1,-1.601114723061E0));
#4312=DIRECTION('',(-1.E0,0.E0,0.E0));
#4313=DIRECTION('',(0.E0,0.E0,1.E0));
#4314=AXIS2_PLACEMENT_3D('',#4311,#4312,#4313);
#4315=PLANE('256746',#4314);
#4317=ORIENTED_EDGE('257289',*,*,#4316,.F.);
#4319=ORIENTED_EDGE('256859',*,*,#4318,.F.);
#4321=ORIENTED_EDGE('257290',*,*,#4320,.F.);
#4322=ORIENTED_EDGE('257674',*,*,#3854,.T.);
#4323=EDGE_LOOP('256746',(#4317,#4319,#4321,#4322));
#4324=FACE_OUTER_BOUND('256746',#4323,.F.);
#4325=ADVANCED_FACE('256746',(#4324),#4315,.F.);
#4326=CARTESIAN_POINT('',(-1.2275E1,-2.477670129985E-1,-1.601114723061E0));
#4327=DIRECTION('',(-1.E0,0.E0,0.E0));
#4328=DIRECTION('',(0.E0,0.E0,1.E0));
#4329=AXIS2_PLACEMENT_3D('',#4326,#4327,#4328);
#4330=PLANE('256746',#4329);
#4331=ORIENTED_EDGE('257678',*,*,#4072,.T.);
#4333=ORIENTED_EDGE('257683',*,*,#4332,.T.);
#4335=ORIENTED_EDGE('256858',*,*,#4334,.T.);
#4337=ORIENTED_EDGE('257682',*,*,#4336,.T.);
#4338=EDGE_LOOP('256746',(#4331,#4333,#4335,#4337));
#4339=FACE_OUTER_BOUND('256746',#4338,.F.);
#4340=ADVANCED_FACE('256746',(#4339),#4330,.F.);
#4341=CARTESIAN_POINT('',(-1.25E1,-9.5E-1,-1.724341638745E0));
#4342=DIRECTION('',(0.E0,1.E0,0.E0));
#4343=DIRECTION('',(0.E0,0.E0,-1.E0));
#4344=AXIS2_PLACEMENT_3D('',#4341,#4342,#4343);
#4345=PLANE('256747',#4344);
#4346=ORIENTED_EDGE('257289',*,*,#4316,.T.);
#4347=ORIENTED_EDGE('257675',*,*,#3860,.T.);
#4349=ORIENTED_EDGE('257291',*,*,#4348,.T.);
#4351=ORIENTED_EDGE('256860',*,*,#4350,.F.);
#4352=EDGE_LOOP('256747',(#4346,#4347,#4349,#4351));
#4353=FACE_OUTER_BOUND('256747',#4352,.F.);
#4354=ADVANCED_FACE('256747',(#4353),#4345,.T.);
#4355=CARTESIAN_POINT('',(-1.2725E1,-2.477670129985E-1,-1.601114723064E0));
#4356=DIRECTION('',(-1.E0,0.E0,0.E0));
#4357=DIRECTION('',(0.E0,0.E0,-1.E0));
#4358=AXIS2_PLACEMENT_3D('',#4355,#4356,#4357);
#4359=PLANE('256753',#4358);
#4360=ORIENTED_EDGE('257291',*,*,#4348,.F.);
#4361=ORIENTED_EDGE('257677',*,*,#3858,.T.);
#4363=ORIENTED_EDGE('257292',*,*,#4362,.F.);
#4365=ORIENTED_EDGE('256865',*,*,#4364,.F.);
#4366=EDGE_LOOP('256753',(#4360,#4361,#4363,#4365));
#4367=FACE_OUTER_BOUND('256753',#4366,.F.);
#4368=ADVANCED_FACE('256753',(#4367),#4359,.T.);
#4369=CARTESIAN_POINT('',(-1.2725E1,-2.477670129985E-1,-1.601114723064E0));
#4370=DIRECTION('',(-1.E0,0.E0,0.E0));
#4371=DIRECTION('',(0.E0,0.E0,-1.E0));
#4372=AXIS2_PLACEMENT_3D('',#4369,#4370,#4371);
#4373=PLANE('256753',#4372);
#4374=ORIENTED_EDGE('257681',*,*,#4076,.F.);
#4376=ORIENTED_EDGE('257684',*,*,#4375,.T.);
#4378=ORIENTED_EDGE('256863',*,*,#4377,.T.);
#4380=ORIENTED_EDGE('257685',*,*,#4379,.T.);
#4381=EDGE_LOOP('256753',(#4374,#4376,#4378,#4380));
#4382=FACE_OUTER_BOUND('256753',#4381,.F.);
#4383=ADVANCED_FACE('256753',(#4382),#4373,.T.);
#4384=CARTESIAN_POINT('',(-1.25E1,-1.199999948044E0,-1.601114723064E0));
#4385=DIRECTION('',(0.E0,1.E0,-2.583487482196E-7));
#4386=DIRECTION('',(0.E0,2.583487482196E-7,1.E0));
#4387=AXIS2_PLACEMENT_3D('',#4384,#4385,#4386);
#4388=PLANE('256751',#4387);
#4389=ORIENTED_EDGE('257290',*,*,#4320,.T.);
#4391=ORIENTED_EDGE('256864',*,*,#4390,.F.);
#4392=ORIENTED_EDGE('257292',*,*,#4362,.T.);
#4393=ORIENTED_EDGE('257676',*,*,#3856,.T.);
#4394=EDGE_LOOP('256751',(#4389,#4391,#4392,#4393));
#4395=FACE_OUTER_BOUND('256751',#4394,.F.);
#4396=ADVANCED_FACE('256751',(#4395),#4388,.F.);
#4397=CARTESIAN_POINT('',(-1.25E1,-1.075000548704E0,-6.05E0));
#4398=DIRECTION('',(0.E0,0.E0,-1.E0));
#4399=DIRECTION('',(0.E0,-1.E0,0.E0));
#4400=AXIS2_PLACEMENT_3D('',#4397,#4398,#4399);
#4401=PLANE('256752',#4400);
#4402=ORIENTED_EDGE('256859',*,*,#4318,.T.);
#4403=ORIENTED_EDGE('256860',*,*,#4350,.T.);
#4404=ORIENTED_EDGE('256865',*,*,#4364,.T.);
#4405=ORIENTED_EDGE('256864',*,*,#4390,.T.);
#4406=EDGE_LOOP('256752',(#4402,#4403,#4404,#4405));
#4407=FACE_OUTER_BOUND('256752',#4406,.F.);
#4408=ADVANCED_FACE('256752',(#4407),#4401,.T.);
#4409=CARTESIAN_POINT('',(-1.25E1,8.238085532088E-2,1.521007189508E0));
#4410=DIRECTION('',(0.E0,9.233055025502E-1,3.840663340628E-1));
#4411=DIRECTION('',(0.E0,-3.840663340628E-1,9.233055025502E-1));
#4412=AXIS2_PLACEMENT_3D('',#4409,#4410,#4411);
#4413=PLANE('256748',#4412);
#4414=ORIENTED_EDGE('257680',*,*,#4074,.T.);
#4415=ORIENTED_EDGE('257682',*,*,#4336,.F.);
#4417=ORIENTED_EDGE('256861',*,*,#4416,.F.);
#4418=ORIENTED_EDGE('257684',*,*,#4375,.F.);
#4419=EDGE_LOOP('256748',(#4414,#4415,#4417,#4418));
#4420=FACE_OUTER_BOUND('256748',#4419,.F.);
#4421=ADVANCED_FACE('256748',(#4420),#4413,.F.);
#4422=CARTESIAN_POINT('',(-1.25E1,6.181115239011E-1,5.486247612928E-1));
#4423=DIRECTION('',(0.E0,7.808198804470E-1,-6.247562038898E-1));
#4424=DIRECTION('',(0.E0,-6.247562038898E-1,-7.808198804470E-1));
#4425=AXIS2_PLACEMENT_3D('',#4422,#4423,#4424);
#4426=PLANE('256749',#4425);
#4427=ORIENTED_EDGE('256858',*,*,#4334,.F.);
#4429=ORIENTED_EDGE('256862',*,*,#4428,.F.);
#4430=ORIENTED_EDGE('256863',*,*,#4377,.F.);
#4431=ORIENTED_EDGE('256861',*,*,#4416,.T.);
#4432=EDGE_LOOP('256749',(#4427,#4429,#4430,#4431));
#4433=FACE_OUTER_BOUND('256749',#4432,.F.);
#4434=ADVANCED_FACE('256749',(#4433),#4426,.T.);
#4435=CARTESIAN_POINT('',(-1.25E1,2.530173178130E-1,1.752161209975E0));
#4436=DIRECTION('',(0.E0,9.245840358476E-1,3.809781629644E-1));
#4437=DIRECTION('',(0.E0,3.809781629644E-1,-9.245840358476E-1));
#4438=AXIS2_PLACEMENT_3D('',#4435,#4436,#4437);
#4439=PLANE('256750',#4438);
#4440=ORIENTED_EDGE('257679',*,*,#4078,.T.);
#4441=ORIENTED_EDGE('257685',*,*,#4379,.F.);
#4442=ORIENTED_EDGE('256862',*,*,#4428,.T.);
#4443=ORIENTED_EDGE('257683',*,*,#4332,.F.);
#4444=EDGE_LOOP('256750',(#4440,#4441,#4442,#4443));
#4445=FACE_OUTER_BOUND('256750',#4444,.F.);
#4446=ADVANCED_FACE('256750',(#4445),#4439,.T.);
#4447=CARTESIAN_POINT('',(-1.0275E1,-2.477670129985E-1,-1.601114723061E0));
#4448=DIRECTION('',(-1.E0,0.E0,0.E0));
#4449=DIRECTION('',(0.E0,0.E0,1.E0));
#4450=AXIS2_PLACEMENT_3D('',#4447,#4448,#4449);
#4451=PLANE('256738',#4450);
#4453=ORIENTED_EDGE('257285',*,*,#4452,.F.);
#4455=ORIENTED_EDGE('256851',*,*,#4454,.F.);
#4457=ORIENTED_EDGE('257286',*,*,#4456,.F.);
#4458=ORIENTED_EDGE('257662',*,*,#3864,.T.);
#4459=EDGE_LOOP('256738',(#4453,#4455,#4457,#4458));
#4460=FACE_OUTER_BOUND('256738',#4459,.F.);
#4461=ADVANCED_FACE('256738',(#4460),#4451,.F.);
#4462=CARTESIAN_POINT('',(-1.0275E1,-2.477670129985E-1,-1.601114723061E0));
#4463=DIRECTION('',(-1.E0,0.E0,0.E0));
#4464=DIRECTION('',(0.E0,0.E0,1.E0));
#4465=AXIS2_PLACEMENT_3D('',#4462,#4463,#4464);
#4466=PLANE('256738',#4465);
#4467=ORIENTED_EDGE('257666',*,*,#4082,.T.);
#4469=ORIENTED_EDGE('257671',*,*,#4468,.T.);
#4471=ORIENTED_EDGE('256850',*,*,#4470,.T.);
#4473=ORIENTED_EDGE('257670',*,*,#4472,.T.);
#4474=EDGE_LOOP('256738',(#4467,#4469,#4471,#4473));
#4475=FACE_OUTER_BOUND('256738',#4474,.F.);
#4476=ADVANCED_FACE('256738',(#4475),#4466,.F.);
#4477=CARTESIAN_POINT('',(-1.05E1,-9.5E-1,-1.724341638745E0));
#4478=DIRECTION('',(0.E0,1.E0,0.E0));
#4479=DIRECTION('',(0.E0,0.E0,-1.E0));
#4480=AXIS2_PLACEMENT_3D('',#4477,#4478,#4479);
#4481=PLANE('256739',#4480);
#4482=ORIENTED_EDGE('257285',*,*,#4452,.T.);
#4483=ORIENTED_EDGE('257663',*,*,#3870,.T.);
#4485=ORIENTED_EDGE('257287',*,*,#4484,.T.);
#4487=ORIENTED_EDGE('256852',*,*,#4486,.F.);
#4488=EDGE_LOOP('256739',(#4482,#4483,#4485,#4487));
#4489=FACE_OUTER_BOUND('256739',#4488,.F.);
#4490=ADVANCED_FACE('256739',(#4489),#4481,.T.);
#4491=CARTESIAN_POINT('',(-1.0725E1,-2.477670129985E-1,-1.601114723064E0));
#4492=DIRECTION('',(-1.E0,0.E0,0.E0));
#4493=DIRECTION('',(0.E0,0.E0,-1.E0));
#4494=AXIS2_PLACEMENT_3D('',#4491,#4492,#4493);
#4495=PLANE('256745',#4494);
#4496=ORIENTED_EDGE('257287',*,*,#4484,.F.);
#4497=ORIENTED_EDGE('257665',*,*,#3868,.T.);
#4499=ORIENTED_EDGE('257288',*,*,#4498,.F.);
#4501=ORIENTED_EDGE('256857',*,*,#4500,.F.);
#4502=EDGE_LOOP('256745',(#4496,#4497,#4499,#4501));
#4503=FACE_OUTER_BOUND('256745',#4502,.F.);
#4504=ADVANCED_FACE('256745',(#4503),#4495,.T.);
#4505=CARTESIAN_POINT('',(-1.0725E1,-2.477670129985E-1,-1.601114723064E0));
#4506=DIRECTION('',(-1.E0,0.E0,0.E0));
#4507=DIRECTION('',(0.E0,0.E0,-1.E0));
#4508=AXIS2_PLACEMENT_3D('',#4505,#4506,#4507);
#4509=PLANE('256745',#4508);
#4510=ORIENTED_EDGE('257669',*,*,#4086,.F.);
#4512=ORIENTED_EDGE('257672',*,*,#4511,.T.);
#4514=ORIENTED_EDGE('256855',*,*,#4513,.T.);
#4516=ORIENTED_EDGE('257673',*,*,#4515,.T.);
#4517=EDGE_LOOP('256745',(#4510,#4512,#4514,#4516));
#4518=FACE_OUTER_BOUND('256745',#4517,.F.);
#4519=ADVANCED_FACE('256745',(#4518),#4509,.T.);
#4520=CARTESIAN_POINT('',(-1.05E1,-1.199999948044E0,-1.601114723064E0));
#4521=DIRECTION('',(0.E0,1.E0,-2.583487482196E-7));
#4522=DIRECTION('',(0.E0,2.583487482196E-7,1.E0));
#4523=AXIS2_PLACEMENT_3D('',#4520,#4521,#4522);
#4524=PLANE('256743',#4523);
#4525=ORIENTED_EDGE('257286',*,*,#4456,.T.);
#4527=ORIENTED_EDGE('256856',*,*,#4526,.F.);
#4528=ORIENTED_EDGE('257288',*,*,#4498,.T.);
#4529=ORIENTED_EDGE('257664',*,*,#3866,.T.);
#4530=EDGE_LOOP('256743',(#4525,#4527,#4528,#4529));
#4531=FACE_OUTER_BOUND('256743',#4530,.F.);
#4532=ADVANCED_FACE('256743',(#4531),#4524,.F.);
#4533=CARTESIAN_POINT('',(-1.05E1,-1.075000548704E0,-6.05E0));
#4534=DIRECTION('',(0.E0,0.E0,-1.E0));
#4535=DIRECTION('',(0.E0,-1.E0,0.E0));
#4536=AXIS2_PLACEMENT_3D('',#4533,#4534,#4535);
#4537=PLANE('256744',#4536);
#4538=ORIENTED_EDGE('256851',*,*,#4454,.T.);
#4539=ORIENTED_EDGE('256852',*,*,#4486,.T.);
#4540=ORIENTED_EDGE('256857',*,*,#4500,.T.);
#4541=ORIENTED_EDGE('256856',*,*,#4526,.T.);
#4542=EDGE_LOOP('256744',(#4538,#4539,#4540,#4541));
#4543=FACE_OUTER_BOUND('256744',#4542,.F.);
#4544=ADVANCED_FACE('256744',(#4543),#4537,.T.);
#4545=CARTESIAN_POINT('',(-1.05E1,8.238085532088E-2,1.521007189508E0));
#4546=DIRECTION('',(0.E0,9.233055025502E-1,3.840663340628E-1));
#4547=DIRECTION('',(0.E0,-3.840663340628E-1,9.233055025502E-1));
#4548=AXIS2_PLACEMENT_3D('',#4545,#4546,#4547);
#4549=PLANE('256740',#4548);
#4550=ORIENTED_EDGE('257668',*,*,#4084,.T.);
#4551=ORIENTED_EDGE('257670',*,*,#4472,.F.);
#4553=ORIENTED_EDGE('256853',*,*,#4552,.F.);
#4554=ORIENTED_EDGE('257672',*,*,#4511,.F.);
#4555=EDGE_LOOP('256740',(#4550,#4551,#4553,#4554));
#4556=FACE_OUTER_BOUND('256740',#4555,.F.);
#4557=ADVANCED_FACE('256740',(#4556),#4549,.F.);
#4558=CARTESIAN_POINT('',(-1.05E1,6.181115239011E-1,5.486247612927E-1));
#4559=DIRECTION('',(0.E0,7.808198804470E-1,-6.247562038898E-1));
#4560=DIRECTION('',(0.E0,-6.247562038898E-1,-7.808198804470E-1));
#4561=AXIS2_PLACEMENT_3D('',#4558,#4559,#4560);
#4562=PLANE('256741',#4561);
#4563=ORIENTED_EDGE('256850',*,*,#4470,.F.);
#4565=ORIENTED_EDGE('256854',*,*,#4564,.F.);
#4566=ORIENTED_EDGE('256855',*,*,#4513,.F.);
#4567=ORIENTED_EDGE('256853',*,*,#4552,.T.);
#4568=EDGE_LOOP('256741',(#4563,#4565,#4566,#4567));
#4569=FACE_OUTER_BOUND('256741',#4568,.F.);
#4570=ADVANCED_FACE('256741',(#4569),#4562,.T.);
#4571=CARTESIAN_POINT('',(-1.05E1,2.530173178130E-1,1.752161209975E0));
#4572=DIRECTION('',(0.E0,9.245840358476E-1,3.809781629644E-1));
#4573=DIRECTION('',(0.E0,3.809781629644E-1,-9.245840358476E-1));
#4574=AXIS2_PLACEMENT_3D('',#4571,#4572,#4573);
#4575=PLANE('256742',#4574);
#4576=ORIENTED_EDGE('257667',*,*,#4088,.T.);
#4577=ORIENTED_EDGE('257673',*,*,#4515,.F.);
#4578=ORIENTED_EDGE('256854',*,*,#4564,.T.);
#4579=ORIENTED_EDGE('257671',*,*,#4468,.F.);
#4580=EDGE_LOOP('256742',(#4576,#4577,#4578,#4579));
#4581=FACE_OUTER_BOUND('256742',#4580,.F.);
#4582=ADVANCED_FACE('256742',(#4581),#4575,.T.);
#4583=CARTESIAN_POINT('',(-8.275E0,-2.477670129985E-1,-1.601114723061E0));
#4584=DIRECTION('',(-1.E0,0.E0,0.E0));
#4585=DIRECTION('',(0.E0,0.E0,1.E0));
#4586=AXIS2_PLACEMENT_3D('',#4583,#4584,#4585);
#4587=PLANE('256730',#4586);
#4589=ORIENTED_EDGE('257281',*,*,#4588,.F.);
#4591=ORIENTED_EDGE('256843',*,*,#4590,.F.);
#4593=ORIENTED_EDGE('257282',*,*,#4592,.F.);
#4594=ORIENTED_EDGE('257650',*,*,#3874,.T.);
#4595=EDGE_LOOP('256730',(#4589,#4591,#4593,#4594));
#4596=FACE_OUTER_BOUND('256730',#4595,.F.);
#4597=ADVANCED_FACE('256730',(#4596),#4587,.F.);
#4598=CARTESIAN_POINT('',(-8.275E0,-2.477670129985E-1,-1.601114723061E0));
#4599=DIRECTION('',(-1.E0,0.E0,0.E0));
#4600=DIRECTION('',(0.E0,0.E0,1.E0));
#4601=AXIS2_PLACEMENT_3D('',#4598,#4599,#4600);
#4602=PLANE('256730',#4601);
#4603=ORIENTED_EDGE('257654',*,*,#4092,.T.);
#4605=ORIENTED_EDGE('257659',*,*,#4604,.T.);
#4607=ORIENTED_EDGE('256842',*,*,#4606,.T.);
#4609=ORIENTED_EDGE('257658',*,*,#4608,.T.);
#4610=EDGE_LOOP('256730',(#4603,#4605,#4607,#4609));
#4611=FACE_OUTER_BOUND('256730',#4610,.F.);
#4612=ADVANCED_FACE('256730',(#4611),#4602,.F.);
#4613=CARTESIAN_POINT('',(-8.5E0,-9.5E-1,-1.724341638745E0));
#4614=DIRECTION('',(0.E0,1.E0,0.E0));
#4615=DIRECTION('',(0.E0,0.E0,-1.E0));
#4616=AXIS2_PLACEMENT_3D('',#4613,#4614,#4615);
#4617=PLANE('256731',#4616);
#4618=ORIENTED_EDGE('257281',*,*,#4588,.T.);
#4619=ORIENTED_EDGE('257651',*,*,#3880,.T.);
#4621=ORIENTED_EDGE('257283',*,*,#4620,.T.);
#4623=ORIENTED_EDGE('256844',*,*,#4622,.F.);
#4624=EDGE_LOOP('256731',(#4618,#4619,#4621,#4623));
#4625=FACE_OUTER_BOUND('256731',#4624,.F.);
#4626=ADVANCED_FACE('256731',(#4625),#4617,.T.);
#4627=CARTESIAN_POINT('',(-8.725E0,-2.477670129985E-1,-1.601114723064E0));
#4628=DIRECTION('',(-1.E0,0.E0,0.E0));
#4629=DIRECTION('',(0.E0,0.E0,-1.E0));
#4630=AXIS2_PLACEMENT_3D('',#4627,#4628,#4629);
#4631=PLANE('256737',#4630);
#4632=ORIENTED_EDGE('257283',*,*,#4620,.F.);
#4633=ORIENTED_EDGE('257653',*,*,#3878,.T.);
#4635=ORIENTED_EDGE('257284',*,*,#4634,.F.);
#4637=ORIENTED_EDGE('256849',*,*,#4636,.F.);
#4638=EDGE_LOOP('256737',(#4632,#4633,#4635,#4637));
#4639=FACE_OUTER_BOUND('256737',#4638,.F.);
#4640=ADVANCED_FACE('256737',(#4639),#4631,.T.);
#4641=CARTESIAN_POINT('',(-8.725E0,-2.477670129985E-1,-1.601114723064E0));
#4642=DIRECTION('',(-1.E0,0.E0,0.E0));
#4643=DIRECTION('',(0.E0,0.E0,-1.E0));
#4644=AXIS2_PLACEMENT_3D('',#4641,#4642,#4643);
#4645=PLANE('256737',#4644);
#4646=ORIENTED_EDGE('257657',*,*,#4096,.F.);
#4648=ORIENTED_EDGE('257660',*,*,#4647,.T.);
#4650=ORIENTED_EDGE('256847',*,*,#4649,.T.);
#4652=ORIENTED_EDGE('257661',*,*,#4651,.T.);
#4653=EDGE_LOOP('256737',(#4646,#4648,#4650,#4652));
#4654=FACE_OUTER_BOUND('256737',#4653,.F.);
#4655=ADVANCED_FACE('256737',(#4654),#4645,.T.);
#4656=CARTESIAN_POINT('',(-8.5E0,-1.199999948044E0,-1.601114723064E0));
#4657=DIRECTION('',(0.E0,1.E0,-2.583487482196E-7));
#4658=DIRECTION('',(0.E0,2.583487482196E-7,1.E0));
#4659=AXIS2_PLACEMENT_3D('',#4656,#4657,#4658);
#4660=PLANE('256735',#4659);
#4661=ORIENTED_EDGE('257282',*,*,#4592,.T.);
#4663=ORIENTED_EDGE('256848',*,*,#4662,.F.);
#4664=ORIENTED_EDGE('257284',*,*,#4634,.T.);
#4665=ORIENTED_EDGE('257652',*,*,#3876,.T.);
#4666=EDGE_LOOP('256735',(#4661,#4663,#4664,#4665));
#4667=FACE_OUTER_BOUND('256735',#4666,.F.);
#4668=ADVANCED_FACE('256735',(#4667),#4660,.F.);
#4669=CARTESIAN_POINT('',(-8.5E0,-1.075000548704E0,-6.05E0));
#4670=DIRECTION('',(0.E0,0.E0,-1.E0));
#4671=DIRECTION('',(0.E0,-1.E0,0.E0));
#4672=AXIS2_PLACEMENT_3D('',#4669,#4670,#4671);
#4673=PLANE('256736',#4672);
#4674=ORIENTED_EDGE('256843',*,*,#4590,.T.);
#4675=ORIENTED_EDGE('256844',*,*,#4622,.T.);
#4676=ORIENTED_EDGE('256849',*,*,#4636,.T.);
#4677=ORIENTED_EDGE('256848',*,*,#4662,.T.);
#4678=EDGE_LOOP('256736',(#4674,#4675,#4676,#4677));
#4679=FACE_OUTER_BOUND('256736',#4678,.F.);
#4680=ADVANCED_FACE('256736',(#4679),#4673,.T.);
#4681=CARTESIAN_POINT('',(-8.5E0,8.238085532088E-2,1.521007189508E0));
#4682=DIRECTION('',(0.E0,9.233055025502E-1,3.840663340628E-1));
#4683=DIRECTION('',(0.E0,-3.840663340628E-1,9.233055025502E-1));
#4684=AXIS2_PLACEMENT_3D('',#4681,#4682,#4683);
#4685=PLANE('256732',#4684);
#4686=ORIENTED_EDGE('257656',*,*,#4094,.T.);
#4687=ORIENTED_EDGE('257658',*,*,#4608,.F.);
#4689=ORIENTED_EDGE('256845',*,*,#4688,.F.);
#4690=ORIENTED_EDGE('257660',*,*,#4647,.F.);
#4691=EDGE_LOOP('256732',(#4686,#4687,#4689,#4690));
#4692=FACE_OUTER_BOUND('256732',#4691,.F.);
#4693=ADVANCED_FACE('256732',(#4692),#4685,.F.);
#4694=CARTESIAN_POINT('',(-8.5E0,6.181115239011E-1,5.486247612927E-1));
#4695=DIRECTION('',(0.E0,7.808198804470E-1,-6.247562038898E-1));
#4696=DIRECTION('',(0.E0,-6.247562038898E-1,-7.808198804470E-1));
#4697=AXIS2_PLACEMENT_3D('',#4694,#4695,#4696);
#4698=PLANE('256733',#4697);
#4699=ORIENTED_EDGE('256842',*,*,#4606,.F.);
#4701=ORIENTED_EDGE('256846',*,*,#4700,.F.);
#4702=ORIENTED_EDGE('256847',*,*,#4649,.F.);
#4703=ORIENTED_EDGE('256845',*,*,#4688,.T.);
#4704=EDGE_LOOP('256733',(#4699,#4701,#4702,#4703));
#4705=FACE_OUTER_BOUND('256733',#4704,.F.);
#4706=ADVANCED_FACE('256733',(#4705),#4698,.T.);
#4707=CARTESIAN_POINT('',(-8.5E0,2.530173178130E-1,1.752161209975E0));
#4708=DIRECTION('',(0.E0,9.245840358476E-1,3.809781629644E-1));
#4709=DIRECTION('',(0.E0,3.809781629644E-1,-9.245840358476E-1));
#4710=AXIS2_PLACEMENT_3D('',#4707,#4708,#4709);
#4711=PLANE('256734',#4710);
#4712=ORIENTED_EDGE('257655',*,*,#4098,.T.);
#4713=ORIENTED_EDGE('257661',*,*,#4651,.F.);
#4714=ORIENTED_EDGE('256846',*,*,#4700,.T.);
#4715=ORIENTED_EDGE('257659',*,*,#4604,.F.);
#4716=EDGE_LOOP('256734',(#4712,#4713,#4714,#4715));
#4717=FACE_OUTER_BOUND('256734',#4716,.F.);
#4718=ADVANCED_FACE('256734',(#4717),#4711,.T.);
#4719=CARTESIAN_POINT('',(-6.275E0,-2.477670129985E-1,-1.601114723061E0));
#4720=DIRECTION('',(-1.E0,0.E0,0.E0));
#4721=DIRECTION('',(0.E0,0.E0,1.E0));
#4722=AXIS2_PLACEMENT_3D('',#4719,#4720,#4721);
#4723=PLANE('256722',#4722);
#4725=ORIENTED_EDGE('257277',*,*,#4724,.F.);
#4727=ORIENTED_EDGE('256835',*,*,#4726,.F.);
#4729=ORIENTED_EDGE('257278',*,*,#4728,.F.);
#4730=ORIENTED_EDGE('257638',*,*,#3884,.T.);
#4731=EDGE_LOOP('256722',(#4725,#4727,#4729,#4730));
#4732=FACE_OUTER_BOUND('256722',#4731,.F.);
#4733=ADVANCED_FACE('256722',(#4732),#4723,.F.);
#4734=CARTESIAN_POINT('',(-6.275E0,-2.477670129985E-1,-1.601114723061E0));
#4735=DIRECTION('',(-1.E0,0.E0,0.E0));
#4736=DIRECTION('',(0.E0,0.E0,1.E0));
#4737=AXIS2_PLACEMENT_3D('',#4734,#4735,#4736);
#4738=PLANE('256722',#4737);
#4739=ORIENTED_EDGE('257642',*,*,#4102,.T.);
#4741=ORIENTED_EDGE('257647',*,*,#4740,.T.);
#4743=ORIENTED_EDGE('256834',*,*,#4742,.T.);
#4745=ORIENTED_EDGE('257646',*,*,#4744,.T.);
#4746=EDGE_LOOP('256722',(#4739,#4741,#4743,#4745));
#4747=FACE_OUTER_BOUND('256722',#4746,.F.);
#4748=ADVANCED_FACE('256722',(#4747),#4738,.F.);
#4749=CARTESIAN_POINT('',(-6.5E0,-9.5E-1,-1.724341638745E0));
#4750=DIRECTION('',(0.E0,1.E0,0.E0));
#4751=DIRECTION('',(0.E0,0.E0,-1.E0));
#4752=AXIS2_PLACEMENT_3D('',#4749,#4750,#4751);
#4753=PLANE('256723',#4752);
#4754=ORIENTED_EDGE('257277',*,*,#4724,.T.);
#4755=ORIENTED_EDGE('257639',*,*,#3890,.T.);
#4757=ORIENTED_EDGE('257279',*,*,#4756,.T.);
#4759=ORIENTED_EDGE('256836',*,*,#4758,.F.);
#4760=EDGE_LOOP('256723',(#4754,#4755,#4757,#4759));
#4761=FACE_OUTER_BOUND('256723',#4760,.F.);
#4762=ADVANCED_FACE('256723',(#4761),#4753,.T.);
#4763=CARTESIAN_POINT('',(-6.725E0,-2.477670129985E-1,-1.601114723064E0));
#4764=DIRECTION('',(-1.E0,0.E0,0.E0));
#4765=DIRECTION('',(0.E0,0.E0,-1.E0));
#4766=AXIS2_PLACEMENT_3D('',#4763,#4764,#4765);
#4767=PLANE('256729',#4766);
#4768=ORIENTED_EDGE('257279',*,*,#4756,.F.);
#4769=ORIENTED_EDGE('257641',*,*,#3888,.T.);
#4771=ORIENTED_EDGE('257280',*,*,#4770,.F.);
#4773=ORIENTED_EDGE('256841',*,*,#4772,.F.);
#4774=EDGE_LOOP('256729',(#4768,#4769,#4771,#4773));
#4775=FACE_OUTER_BOUND('256729',#4774,.F.);
#4776=ADVANCED_FACE('256729',(#4775),#4767,.T.);
#4777=CARTESIAN_POINT('',(-6.725E0,-2.477670129985E-1,-1.601114723064E0));
#4778=DIRECTION('',(-1.E0,0.E0,0.E0));
#4779=DIRECTION('',(0.E0,0.E0,-1.E0));
#4780=AXIS2_PLACEMENT_3D('',#4777,#4778,#4779);
#4781=PLANE('256729',#4780);
#4782=ORIENTED_EDGE('257645',*,*,#4106,.F.);
#4784=ORIENTED_EDGE('257648',*,*,#4783,.T.);
#4786=ORIENTED_EDGE('256839',*,*,#4785,.T.);
#4788=ORIENTED_EDGE('257649',*,*,#4787,.T.);
#4789=EDGE_LOOP('256729',(#4782,#4784,#4786,#4788));
#4790=FACE_OUTER_BOUND('256729',#4789,.F.);
#4791=ADVANCED_FACE('256729',(#4790),#4781,.T.);
#4792=CARTESIAN_POINT('',(-6.5E0,-1.199999948044E0,-1.601114723064E0));
#4793=DIRECTION('',(0.E0,1.E0,-2.583487482196E-7));
#4794=DIRECTION('',(0.E0,2.583487482196E-7,1.E0));
#4795=AXIS2_PLACEMENT_3D('',#4792,#4793,#4794);
#4796=PLANE('256727',#4795);
#4797=ORIENTED_EDGE('257278',*,*,#4728,.T.);
#4799=ORIENTED_EDGE('256840',*,*,#4798,.F.);
#4800=ORIENTED_EDGE('257280',*,*,#4770,.T.);
#4801=ORIENTED_EDGE('257640',*,*,#3886,.T.);
#4802=EDGE_LOOP('256727',(#4797,#4799,#4800,#4801));
#4803=FACE_OUTER_BOUND('256727',#4802,.F.);
#4804=ADVANCED_FACE('256727',(#4803),#4796,.F.);
#4805=CARTESIAN_POINT('',(-6.5E0,-1.075000548704E0,-6.05E0));
#4806=DIRECTION('',(0.E0,0.E0,-1.E0));
#4807=DIRECTION('',(0.E0,-1.E0,0.E0));
#4808=AXIS2_PLACEMENT_3D('',#4805,#4806,#4807);
#4809=PLANE('256728',#4808);
#4810=ORIENTED_EDGE('256835',*,*,#4726,.T.);
#4811=ORIENTED_EDGE('256836',*,*,#4758,.T.);
#4812=ORIENTED_EDGE('256841',*,*,#4772,.T.);
#4813=ORIENTED_EDGE('256840',*,*,#4798,.T.);
#4814=EDGE_LOOP('256728',(#4810,#4811,#4812,#4813));
#4815=FACE_OUTER_BOUND('256728',#4814,.F.);
#4816=ADVANCED_FACE('256728',(#4815),#4809,.T.);
#4817=CARTESIAN_POINT('',(-6.5E0,8.238085532088E-2,1.521007189508E0));
#4818=DIRECTION('',(0.E0,9.233055025502E-1,3.840663340628E-1));
#4819=DIRECTION('',(0.E0,-3.840663340628E-1,9.233055025502E-1));
#4820=AXIS2_PLACEMENT_3D('',#4817,#4818,#4819);
#4821=PLANE('256724',#4820);
#4822=ORIENTED_EDGE('257644',*,*,#4104,.T.);
#4823=ORIENTED_EDGE('257646',*,*,#4744,.F.);
#4825=ORIENTED_EDGE('256837',*,*,#4824,.F.);
#4826=ORIENTED_EDGE('257648',*,*,#4783,.F.);
#4827=EDGE_LOOP('256724',(#4822,#4823,#4825,#4826));
#4828=FACE_OUTER_BOUND('256724',#4827,.F.);
#4829=ADVANCED_FACE('256724',(#4828),#4821,.F.);
#4830=CARTESIAN_POINT('',(-6.5E0,6.181115239011E-1,5.486247612927E-1));
#4831=DIRECTION('',(0.E0,7.808198804470E-1,-6.247562038898E-1));
#4832=DIRECTION('',(0.E0,-6.247562038898E-1,-7.808198804470E-1));
#4833=AXIS2_PLACEMENT_3D('',#4830,#4831,#4832);
#4834=PLANE('256725',#4833);
#4835=ORIENTED_EDGE('256834',*,*,#4742,.F.);
#4837=ORIENTED_EDGE('256838',*,*,#4836,.F.);
#4838=ORIENTED_EDGE('256839',*,*,#4785,.F.);
#4839=ORIENTED_EDGE('256837',*,*,#4824,.T.);
#4840=EDGE_LOOP('256725',(#4835,#4837,#4838,#4839));
#4841=FACE_OUTER_BOUND('256725',#4840,.F.);
#4842=ADVANCED_FACE('256725',(#4841),#4834,.T.);
#4843=CARTESIAN_POINT('',(-6.5E0,2.530173178130E-1,1.752161209975E0));
#4844=DIRECTION('',(0.E0,9.245840358476E-1,3.809781629644E-1));
#4845=DIRECTION('',(0.E0,3.809781629644E-1,-9.245840358476E-1));
#4846=AXIS2_PLACEMENT_3D('',#4843,#4844,#4845);
#4847=PLANE('256726',#4846);
#4848=ORIENTED_EDGE('257643',*,*,#4108,.T.);
#4849=ORIENTED_EDGE('257649',*,*,#4787,.F.);
#4850=ORIENTED_EDGE('256838',*,*,#4836,.T.);
#4851=ORIENTED_EDGE('257647',*,*,#4740,.F.);
#4852=EDGE_LOOP('256726',(#4848,#4849,#4850,#4851));
#4853=FACE_OUTER_BOUND('256726',#4852,.F.);
#4854=ADVANCED_FACE('256726',(#4853),#4847,.T.);
#4855=CARTESIAN_POINT('',(-4.275E0,-2.477670129985E-1,-1.601114723061E0));
#4856=DIRECTION('',(-1.E0,0.E0,0.E0));
#4857=DIRECTION('',(0.E0,0.E0,1.E0));
#4858=AXIS2_PLACEMENT_3D('',#4855,#4856,#4857);
#4859=PLANE('256714',#4858);
#4861=ORIENTED_EDGE('257273',*,*,#4860,.F.);
#4863=ORIENTED_EDGE('256827',*,*,#4862,.F.);
#4865=ORIENTED_EDGE('257274',*,*,#4864,.F.);
#4866=ORIENTED_EDGE('257626',*,*,#3894,.T.);
#4867=EDGE_LOOP('256714',(#4861,#4863,#4865,#4866));
#4868=FACE_OUTER_BOUND('256714',#4867,.F.);
#4869=ADVANCED_FACE('256714',(#4868),#4859,.F.);
#4870=CARTESIAN_POINT('',(-4.275E0,-2.477670129985E-1,-1.601114723061E0));
#4871=DIRECTION('',(-1.E0,0.E0,0.E0));
#4872=DIRECTION('',(0.E0,0.E0,1.E0));
#4873=AXIS2_PLACEMENT_3D('',#4870,#4871,#4872);
#4874=PLANE('256714',#4873);
#4875=ORIENTED_EDGE('257630',*,*,#4112,.T.);
#4877=ORIENTED_EDGE('257635',*,*,#4876,.T.);
#4879=ORIENTED_EDGE('256826',*,*,#4878,.T.);
#4881=ORIENTED_EDGE('257634',*,*,#4880,.T.);
#4882=EDGE_LOOP('256714',(#4875,#4877,#4879,#4881));
#4883=FACE_OUTER_BOUND('256714',#4882,.F.);
#4884=ADVANCED_FACE('256714',(#4883),#4874,.F.);
#4885=CARTESIAN_POINT('',(-4.5E0,-9.5E-1,-1.724341638745E0));
#4886=DIRECTION('',(0.E0,1.E0,0.E0));
#4887=DIRECTION('',(0.E0,0.E0,-1.E0));
#4888=AXIS2_PLACEMENT_3D('',#4885,#4886,#4887);
#4889=PLANE('256715',#4888);
#4890=ORIENTED_EDGE('257273',*,*,#4860,.T.);
#4891=ORIENTED_EDGE('257627',*,*,#3900,.T.);
#4893=ORIENTED_EDGE('257275',*,*,#4892,.T.);
#4895=ORIENTED_EDGE('256828',*,*,#4894,.F.);
#4896=EDGE_LOOP('256715',(#4890,#4891,#4893,#4895));
#4897=FACE_OUTER_BOUND('256715',#4896,.F.);
#4898=ADVANCED_FACE('256715',(#4897),#4889,.T.);
#4899=CARTESIAN_POINT('',(-4.725E0,-2.477670129985E-1,-1.601114723064E0));
#4900=DIRECTION('',(-1.E0,0.E0,0.E0));
#4901=DIRECTION('',(0.E0,0.E0,-1.E0));
#4902=AXIS2_PLACEMENT_3D('',#4899,#4900,#4901);
#4903=PLANE('256721',#4902);
#4904=ORIENTED_EDGE('257275',*,*,#4892,.F.);
#4905=ORIENTED_EDGE('257629',*,*,#3898,.T.);
#4907=ORIENTED_EDGE('257276',*,*,#4906,.F.);
#4909=ORIENTED_EDGE('256833',*,*,#4908,.F.);
#4910=EDGE_LOOP('256721',(#4904,#4905,#4907,#4909));
#4911=FACE_OUTER_BOUND('256721',#4910,.F.);
#4912=ADVANCED_FACE('256721',(#4911),#4903,.T.);
#4913=CARTESIAN_POINT('',(-4.725E0,-2.477670129985E-1,-1.601114723064E0));
#4914=DIRECTION('',(-1.E0,0.E0,0.E0));
#4915=DIRECTION('',(0.E0,0.E0,-1.E0));
#4916=AXIS2_PLACEMENT_3D('',#4913,#4914,#4915);
#4917=PLANE('256721',#4916);
#4918=ORIENTED_EDGE('257633',*,*,#4116,.F.);
#4920=ORIENTED_EDGE('257636',*,*,#4919,.T.);
#4922=ORIENTED_EDGE('256831',*,*,#4921,.T.);
#4924=ORIENTED_EDGE('257637',*,*,#4923,.T.);
#4925=EDGE_LOOP('256721',(#4918,#4920,#4922,#4924));
#4926=FACE_OUTER_BOUND('256721',#4925,.F.);
#4927=ADVANCED_FACE('256721',(#4926),#4917,.T.);
#4928=CARTESIAN_POINT('',(-4.5E0,-1.199999948044E0,-1.601114723064E0));
#4929=DIRECTION('',(0.E0,1.E0,-2.583487482196E-7));
#4930=DIRECTION('',(0.E0,2.583487482196E-7,1.E0));
#4931=AXIS2_PLACEMENT_3D('',#4928,#4929,#4930);
#4932=PLANE('256719',#4931);
#4933=ORIENTED_EDGE('257274',*,*,#4864,.T.);
#4935=ORIENTED_EDGE('256832',*,*,#4934,.F.);
#4936=ORIENTED_EDGE('257276',*,*,#4906,.T.);
#4937=ORIENTED_EDGE('257628',*,*,#3896,.T.);
#4938=EDGE_LOOP('256719',(#4933,#4935,#4936,#4937));
#4939=FACE_OUTER_BOUND('256719',#4938,.F.);
#4940=ADVANCED_FACE('256719',(#4939),#4932,.F.);
#4941=CARTESIAN_POINT('',(-4.5E0,-1.075000548704E0,-6.05E0));
#4942=DIRECTION('',(0.E0,0.E0,-1.E0));
#4943=DIRECTION('',(0.E0,-1.E0,0.E0));
#4944=AXIS2_PLACEMENT_3D('',#4941,#4942,#4943);
#4945=PLANE('256720',#4944);
#4946=ORIENTED_EDGE('256827',*,*,#4862,.T.);
#4947=ORIENTED_EDGE('256828',*,*,#4894,.T.);
#4948=ORIENTED_EDGE('256833',*,*,#4908,.T.);
#4949=ORIENTED_EDGE('256832',*,*,#4934,.T.);
#4950=EDGE_LOOP('256720',(#4946,#4947,#4948,#4949));
#4951=FACE_OUTER_BOUND('256720',#4950,.F.);
#4952=ADVANCED_FACE('256720',(#4951),#4945,.T.);
#4953=CARTESIAN_POINT('',(-4.5E0,8.238085532088E-2,1.521007189508E0));
#4954=DIRECTION('',(0.E0,9.233055025502E-1,3.840663340628E-1));
#4955=DIRECTION('',(0.E0,-3.840663340628E-1,9.233055025502E-1));
#4956=AXIS2_PLACEMENT_3D('',#4953,#4954,#4955);
#4957=PLANE('256716',#4956);
#4958=ORIENTED_EDGE('257632',*,*,#4114,.T.);
#4959=ORIENTED_EDGE('257634',*,*,#4880,.F.);
#4961=ORIENTED_EDGE('256829',*,*,#4960,.F.);
#4962=ORIENTED_EDGE('257636',*,*,#4919,.F.);
#4963=EDGE_LOOP('256716',(#4958,#4959,#4961,#4962));
#4964=FACE_OUTER_BOUND('256716',#4963,.F.);
#4965=ADVANCED_FACE('256716',(#4964),#4957,.F.);
#4966=CARTESIAN_POINT('',(-4.5E0,6.181115239011E-1,5.486247612927E-1));
#4967=DIRECTION('',(0.E0,7.808198804470E-1,-6.247562038898E-1));
#4968=DIRECTION('',(0.E0,-6.247562038898E-1,-7.808198804470E-1));
#4969=AXIS2_PLACEMENT_3D('',#4966,#4967,#4968);
#4970=PLANE('256717',#4969);
#4971=ORIENTED_EDGE('256826',*,*,#4878,.F.);
#4973=ORIENTED_EDGE('256830',*,*,#4972,.F.);
#4974=ORIENTED_EDGE('256831',*,*,#4921,.F.);
#4975=ORIENTED_EDGE('256829',*,*,#4960,.T.);
#4976=EDGE_LOOP('256717',(#4971,#4973,#4974,#4975));
#4977=FACE_OUTER_BOUND('256717',#4976,.F.);
#4978=ADVANCED_FACE('256717',(#4977),#4970,.T.);
#4979=CARTESIAN_POINT('',(-4.5E0,2.530173178130E-1,1.752161209975E0));
#4980=DIRECTION('',(0.E0,9.245840358476E-1,3.809781629644E-1));
#4981=DIRECTION('',(0.E0,3.809781629644E-1,-9.245840358476E-1));
#4982=AXIS2_PLACEMENT_3D('',#4979,#4980,#4981);
#4983=PLANE('256718',#4982);
#4984=ORIENTED_EDGE('257631',*,*,#4118,.T.);
#4985=ORIENTED_EDGE('257637',*,*,#4923,.F.);
#4986=ORIENTED_EDGE('256830',*,*,#4972,.T.);
#4987=ORIENTED_EDGE('257635',*,*,#4876,.F.);
#4988=EDGE_LOOP('256718',(#4984,#4985,#4986,#4987));
#4989=FACE_OUTER_BOUND('256718',#4988,.F.);
#4990=ADVANCED_FACE('256718',(#4989),#4983,.T.);
#4991=CARTESIAN_POINT('',(-2.275E0,-2.477670129985E-1,-1.601114723061E0));
#4992=DIRECTION('',(-1.E0,0.E0,0.E0));
#4993=DIRECTION('',(0.E0,0.E0,1.E0));
#4994=AXIS2_PLACEMENT_3D('',#4991,#4992,#4993);
#4995=PLANE('256706',#4994);
#4997=ORIENTED_EDGE('257269',*,*,#4996,.F.);
#4999=ORIENTED_EDGE('256819',*,*,#4998,.F.);
#5001=ORIENTED_EDGE('257270',*,*,#5000,.F.);
#5002=ORIENTED_EDGE('257614',*,*,#3904,.T.);
#5003=EDGE_LOOP('256706',(#4997,#4999,#5001,#5002));
#5004=FACE_OUTER_BOUND('256706',#5003,.F.);
#5005=ADVANCED_FACE('256706',(#5004),#4995,.F.);
#5006=CARTESIAN_POINT('',(-2.275E0,-2.477670129985E-1,-1.601114723061E0));
#5007=DIRECTION('',(-1.E0,0.E0,0.E0));
#5008=DIRECTION('',(0.E0,0.E0,1.E0));
#5009=AXIS2_PLACEMENT_3D('',#5006,#5007,#5008);
#5010=PLANE('256706',#5009);
#5011=ORIENTED_EDGE('257618',*,*,#4122,.T.);
#5013=ORIENTED_EDGE('257623',*,*,#5012,.T.);
#5015=ORIENTED_EDGE('256818',*,*,#5014,.T.);
#5017=ORIENTED_EDGE('257622',*,*,#5016,.T.);
#5018=EDGE_LOOP('256706',(#5011,#5013,#5015,#5017));
#5019=FACE_OUTER_BOUND('256706',#5018,.F.);
#5020=ADVANCED_FACE('256706',(#5019),#5010,.F.);
#5021=CARTESIAN_POINT('',(-2.5E0,-9.5E-1,-1.724341638745E0));
#5022=DIRECTION('',(0.E0,1.E0,0.E0));
#5023=DIRECTION('',(0.E0,0.E0,-1.E0));
#5024=AXIS2_PLACEMENT_3D('',#5021,#5022,#5023);
#5025=PLANE('256707',#5024);
#5026=ORIENTED_EDGE('257269',*,*,#4996,.T.);
#5027=ORIENTED_EDGE('257615',*,*,#3910,.T.);
#5029=ORIENTED_EDGE('257271',*,*,#5028,.T.);
#5031=ORIENTED_EDGE('256820',*,*,#5030,.F.);
#5032=EDGE_LOOP('256707',(#5026,#5027,#5029,#5031));
#5033=FACE_OUTER_BOUND('256707',#5032,.F.);
#5034=ADVANCED_FACE('256707',(#5033),#5025,.T.);
#5035=CARTESIAN_POINT('',(-2.725E0,-2.477670129985E-1,-1.601114723064E0));
#5036=DIRECTION('',(-1.E0,0.E0,0.E0));
#5037=DIRECTION('',(0.E0,0.E0,-1.E0));
#5038=AXIS2_PLACEMENT_3D('',#5035,#5036,#5037);
#5039=PLANE('256713',#5038);
#5040=ORIENTED_EDGE('257271',*,*,#5028,.F.);
#5041=ORIENTED_EDGE('257617',*,*,#3908,.T.);
#5043=ORIENTED_EDGE('257272',*,*,#5042,.F.);
#5045=ORIENTED_EDGE('256825',*,*,#5044,.F.);
#5046=EDGE_LOOP('256713',(#5040,#5041,#5043,#5045));
#5047=FACE_OUTER_BOUND('256713',#5046,.F.);
#5048=ADVANCED_FACE('256713',(#5047),#5039,.T.);
#5049=CARTESIAN_POINT('',(-2.725E0,-2.477670129985E-1,-1.601114723064E0));
#5050=DIRECTION('',(-1.E0,0.E0,0.E0));
#5051=DIRECTION('',(0.E0,0.E0,-1.E0));
#5052=AXIS2_PLACEMENT_3D('',#5049,#5050,#5051);
#5053=PLANE('256713',#5052);
#5054=ORIENTED_EDGE('257621',*,*,#4126,.F.);
#5056=ORIENTED_EDGE('257624',*,*,#5055,.T.);
#5058=ORIENTED_EDGE('256823',*,*,#5057,.T.);
#5060=ORIENTED_EDGE('257625',*,*,#5059,.T.);
#5061=EDGE_LOOP('256713',(#5054,#5056,#5058,#5060));
#5062=FACE_OUTER_BOUND('256713',#5061,.F.);
#5063=ADVANCED_FACE('256713',(#5062),#5053,.T.);
#5064=CARTESIAN_POINT('',(-2.5E0,-1.199999948044E0,-1.601114723064E0));
#5065=DIRECTION('',(0.E0,1.E0,-2.583487482196E-7));
#5066=DIRECTION('',(0.E0,2.583487482196E-7,1.E0));
#5067=AXIS2_PLACEMENT_3D('',#5064,#5065,#5066);
#5068=PLANE('256711',#5067);
#5069=ORIENTED_EDGE('257270',*,*,#5000,.T.);
#5071=ORIENTED_EDGE('256824',*,*,#5070,.F.);
#5072=ORIENTED_EDGE('257272',*,*,#5042,.T.);
#5073=ORIENTED_EDGE('257616',*,*,#3906,.T.);
#5074=EDGE_LOOP('256711',(#5069,#5071,#5072,#5073));
#5075=FACE_OUTER_BOUND('256711',#5074,.F.);
#5076=ADVANCED_FACE('256711',(#5075),#5068,.F.);
#5077=CARTESIAN_POINT('',(-2.5E0,-1.075000548704E0,-6.05E0));
#5078=DIRECTION('',(0.E0,0.E0,-1.E0));
#5079=DIRECTION('',(0.E0,-1.E0,0.E0));
#5080=AXIS2_PLACEMENT_3D('',#5077,#5078,#5079);
#5081=PLANE('256712',#5080);
#5082=ORIENTED_EDGE('256819',*,*,#4998,.T.);
#5083=ORIENTED_EDGE('256820',*,*,#5030,.T.);
#5084=ORIENTED_EDGE('256825',*,*,#5044,.T.);
#5085=ORIENTED_EDGE('256824',*,*,#5070,.T.);
#5086=EDGE_LOOP('256712',(#5082,#5083,#5084,#5085));
#5087=FACE_OUTER_BOUND('256712',#5086,.F.);
#5088=ADVANCED_FACE('256712',(#5087),#5081,.T.);
#5089=CARTESIAN_POINT('',(-2.5E0,8.238085532088E-2,1.521007189508E0));
#5090=DIRECTION('',(0.E0,9.233055025502E-1,3.840663340628E-1));
#5091=DIRECTION('',(0.E0,-3.840663340628E-1,9.233055025502E-1));
#5092=AXIS2_PLACEMENT_3D('',#5089,#5090,#5091);
#5093=PLANE('256708',#5092);
#5094=ORIENTED_EDGE('257620',*,*,#4124,.T.);
#5095=ORIENTED_EDGE('257622',*,*,#5016,.F.);
#5097=ORIENTED_EDGE('256821',*,*,#5096,.F.);
#5098=ORIENTED_EDGE('257624',*,*,#5055,.F.);
#5099=EDGE_LOOP('256708',(#5094,#5095,#5097,#5098));
#5100=FACE_OUTER_BOUND('256708',#5099,.F.);
#5101=ADVANCED_FACE('256708',(#5100),#5093,.F.);
#5102=CARTESIAN_POINT('',(-2.5E0,6.181115239011E-1,5.486247612927E-1));
#5103=DIRECTION('',(0.E0,7.808198804470E-1,-6.247562038898E-1));
#5104=DIRECTION('',(0.E0,-6.247562038898E-1,-7.808198804470E-1));
#5105=AXIS2_PLACEMENT_3D('',#5102,#5103,#5104);
#5106=PLANE('256709',#5105);
#5107=ORIENTED_EDGE('256818',*,*,#5014,.F.);
#5109=ORIENTED_EDGE('256822',*,*,#5108,.F.);
#5110=ORIENTED_EDGE('256823',*,*,#5057,.F.);
#5111=ORIENTED_EDGE('256821',*,*,#5096,.T.);
#5112=EDGE_LOOP('256709',(#5107,#5109,#5110,#5111));
#5113=FACE_OUTER_BOUND('256709',#5112,.F.);
#5114=ADVANCED_FACE('256709',(#5113),#5106,.T.);
#5115=CARTESIAN_POINT('',(-2.5E0,2.530173178130E-1,1.752161209975E0));
#5116=DIRECTION('',(0.E0,9.245840358476E-1,3.809781629644E-1));
#5117=DIRECTION('',(0.E0,3.809781629644E-1,-9.245840358476E-1));
#5118=AXIS2_PLACEMENT_3D('',#5115,#5116,#5117);
#5119=PLANE('256710',#5118);
#5120=ORIENTED_EDGE('257619',*,*,#4128,.T.);
#5121=ORIENTED_EDGE('257625',*,*,#5059,.F.);
#5122=ORIENTED_EDGE('256822',*,*,#5108,.T.);
#5123=ORIENTED_EDGE('257623',*,*,#5012,.F.);
#5124=EDGE_LOOP('256710',(#5120,#5121,#5122,#5123));
#5125=FACE_OUTER_BOUND('256710',#5124,.F.);
#5126=ADVANCED_FACE('256710',(#5125),#5119,.T.);
#5127=CARTESIAN_POINT('',(-2.75E-1,-2.477670129985E-1,-1.601114723061E0));
#5128=DIRECTION('',(-1.E0,0.E0,0.E0));
#5129=DIRECTION('',(0.E0,0.E0,1.E0));
#5130=AXIS2_PLACEMENT_3D('',#5127,#5128,#5129);
#5131=PLANE('256698',#5130);
#5133=ORIENTED_EDGE('257265',*,*,#5132,.F.);
#5135=ORIENTED_EDGE('256811',*,*,#5134,.F.);
#5137=ORIENTED_EDGE('257266',*,*,#5136,.F.);
#5138=ORIENTED_EDGE('257602',*,*,#3914,.T.);
#5139=EDGE_LOOP('256698',(#5133,#5135,#5137,#5138));
#5140=FACE_OUTER_BOUND('256698',#5139,.F.);
#5141=ADVANCED_FACE('256698',(#5140),#5131,.F.);
#5142=CARTESIAN_POINT('',(-2.75E-1,-2.477670129985E-1,-1.601114723061E0));
#5143=DIRECTION('',(-1.E0,0.E0,0.E0));
#5144=DIRECTION('',(0.E0,0.E0,1.E0));
#5145=AXIS2_PLACEMENT_3D('',#5142,#5143,#5144);
#5146=PLANE('256698',#5145);
#5147=ORIENTED_EDGE('257606',*,*,#4132,.T.);
#5149=ORIENTED_EDGE('257611',*,*,#5148,.T.);
#5151=ORIENTED_EDGE('256810',*,*,#5150,.T.);
#5153=ORIENTED_EDGE('257610',*,*,#5152,.T.);
#5154=EDGE_LOOP('256698',(#5147,#5149,#5151,#5153));
#5155=FACE_OUTER_BOUND('256698',#5154,.F.);
#5156=ADVANCED_FACE('256698',(#5155),#5146,.F.);
#5157=CARTESIAN_POINT('',(-5.E-1,-9.5E-1,-1.724341638745E0));
#5158=DIRECTION('',(0.E0,1.E0,0.E0));
#5159=DIRECTION('',(0.E0,0.E0,-1.E0));
#5160=AXIS2_PLACEMENT_3D('',#5157,#5158,#5159);
#5161=PLANE('256699',#5160);
#5162=ORIENTED_EDGE('257265',*,*,#5132,.T.);
#5163=ORIENTED_EDGE('257603',*,*,#3920,.T.);
#5165=ORIENTED_EDGE('257267',*,*,#5164,.T.);
#5167=ORIENTED_EDGE('256812',*,*,#5166,.F.);
#5168=EDGE_LOOP('256699',(#5162,#5163,#5165,#5167));
#5169=FACE_OUTER_BOUND('256699',#5168,.F.);
#5170=ADVANCED_FACE('256699',(#5169),#5161,.T.);
#5171=CARTESIAN_POINT('',(-7.25E-1,-2.477670129985E-1,-1.601114723064E0));
#5172=DIRECTION('',(-1.E0,0.E0,0.E0));
#5173=DIRECTION('',(0.E0,0.E0,-1.E0));
#5174=AXIS2_PLACEMENT_3D('',#5171,#5172,#5173);
#5175=PLANE('256705',#5174);
#5176=ORIENTED_EDGE('257267',*,*,#5164,.F.);
#5177=ORIENTED_EDGE('257605',*,*,#3918,.T.);
#5179=ORIENTED_EDGE('257268',*,*,#5178,.F.);
#5181=ORIENTED_EDGE('256817',*,*,#5180,.F.);
#5182=EDGE_LOOP('256705',(#5176,#5177,#5179,#5181));
#5183=FACE_OUTER_BOUND('256705',#5182,.F.);
#5184=ADVANCED_FACE('256705',(#5183),#5175,.T.);
#5185=CARTESIAN_POINT('',(-7.25E-1,-2.477670129985E-1,-1.601114723064E0));
#5186=DIRECTION('',(-1.E0,0.E0,0.E0));
#5187=DIRECTION('',(0.E0,0.E0,-1.E0));
#5188=AXIS2_PLACEMENT_3D('',#5185,#5186,#5187);
#5189=PLANE('256705',#5188);
#5190=ORIENTED_EDGE('257609',*,*,#4136,.F.);
#5192=ORIENTED_EDGE('257612',*,*,#5191,.T.);
#5194=ORIENTED_EDGE('256815',*,*,#5193,.T.);
#5196=ORIENTED_EDGE('257613',*,*,#5195,.T.);
#5197=EDGE_LOOP('256705',(#5190,#5192,#5194,#5196));
#5198=FACE_OUTER_BOUND('256705',#5197,.F.);
#5199=ADVANCED_FACE('256705',(#5198),#5189,.T.);
#5200=CARTESIAN_POINT('',(-5.E-1,-1.199999948044E0,-1.601114723064E0));
#5201=DIRECTION('',(0.E0,1.E0,-2.583487482196E-7));
#5202=DIRECTION('',(0.E0,2.583487482196E-7,1.E0));
#5203=AXIS2_PLACEMENT_3D('',#5200,#5201,#5202);
#5204=PLANE('256703',#5203);
#5205=ORIENTED_EDGE('257266',*,*,#5136,.T.);
#5207=ORIENTED_EDGE('256816',*,*,#5206,.F.);
#5208=ORIENTED_EDGE('257268',*,*,#5178,.T.);
#5209=ORIENTED_EDGE('257604',*,*,#3916,.T.);
#5210=EDGE_LOOP('256703',(#5205,#5207,#5208,#5209));
#5211=FACE_OUTER_BOUND('256703',#5210,.F.);
#5212=ADVANCED_FACE('256703',(#5211),#5204,.F.);
#5213=CARTESIAN_POINT('',(-5.E-1,-1.075000548704E0,-6.05E0));
#5214=DIRECTION('',(0.E0,0.E0,-1.E0));
#5215=DIRECTION('',(0.E0,-1.E0,0.E0));
#5216=AXIS2_PLACEMENT_3D('',#5213,#5214,#5215);
#5217=PLANE('256704',#5216);
#5218=ORIENTED_EDGE('256811',*,*,#5134,.T.);
#5219=ORIENTED_EDGE('256812',*,*,#5166,.T.);
#5220=ORIENTED_EDGE('256817',*,*,#5180,.T.);
#5221=ORIENTED_EDGE('256816',*,*,#5206,.T.);
#5222=EDGE_LOOP('256704',(#5218,#5219,#5220,#5221));
#5223=FACE_OUTER_BOUND('256704',#5222,.F.);
#5224=ADVANCED_FACE('256704',(#5223),#5217,.T.);
#5225=CARTESIAN_POINT('',(-5.E-1,8.238085532088E-2,1.521007189508E0));
#5226=DIRECTION('',(0.E0,9.233055025502E-1,3.840663340628E-1));
#5227=DIRECTION('',(0.E0,-3.840663340628E-1,9.233055025502E-1));
#5228=AXIS2_PLACEMENT_3D('',#5225,#5226,#5227);
#5229=PLANE('256700',#5228);
#5230=ORIENTED_EDGE('257608',*,*,#4134,.T.);
#5231=ORIENTED_EDGE('257610',*,*,#5152,.F.);
#5233=ORIENTED_EDGE('256813',*,*,#5232,.F.);
#5234=ORIENTED_EDGE('257612',*,*,#5191,.F.);
#5235=EDGE_LOOP('256700',(#5230,#5231,#5233,#5234));
#5236=FACE_OUTER_BOUND('256700',#5235,.F.);
#5237=ADVANCED_FACE('256700',(#5236),#5229,.F.);
#5238=CARTESIAN_POINT('',(-5.E-1,6.181115239011E-1,5.486247612927E-1));
#5239=DIRECTION('',(0.E0,7.808198804470E-1,-6.247562038898E-1));
#5240=DIRECTION('',(0.E0,-6.247562038898E-1,-7.808198804470E-1));
#5241=AXIS2_PLACEMENT_3D('',#5238,#5239,#5240);
#5242=PLANE('256701',#5241);
#5243=ORIENTED_EDGE('256810',*,*,#5150,.F.);
#5245=ORIENTED_EDGE('256814',*,*,#5244,.F.);
#5246=ORIENTED_EDGE('256815',*,*,#5193,.F.);
#5247=ORIENTED_EDGE('256813',*,*,#5232,.T.);
#5248=EDGE_LOOP('256701',(#5243,#5245,#5246,#5247));
#5249=FACE_OUTER_BOUND('256701',#5248,.F.);
#5250=ADVANCED_FACE('256701',(#5249),#5242,.T.);
#5251=CARTESIAN_POINT('',(-5.E-1,2.530173178130E-1,1.752161209975E0));
#5252=DIRECTION('',(0.E0,9.245840358476E-1,3.809781629644E-1));
#5253=DIRECTION('',(0.E0,3.809781629644E-1,-9.245840358476E-1));
#5254=AXIS2_PLACEMENT_3D('',#5251,#5252,#5253);
#5255=PLANE('256702',#5254);
#5256=ORIENTED_EDGE('257607',*,*,#4138,.T.);
#5257=ORIENTED_EDGE('257613',*,*,#5195,.F.);
#5258=ORIENTED_EDGE('256814',*,*,#5244,.T.);
#5259=ORIENTED_EDGE('257611',*,*,#5148,.F.);
#5260=EDGE_LOOP('256702',(#5256,#5257,#5258,#5259));
#5261=FACE_OUTER_BOUND('256702',#5260,.F.);
#5262=ADVANCED_FACE('256702',(#5261),#5255,.T.);
#5263=CARTESIAN_POINT('',(1.725E0,-2.477670129985E-1,-1.601114723061E0));
#5264=DIRECTION('',(-1.E0,0.E0,0.E0));
#5265=DIRECTION('',(0.E0,0.E0,1.E0));
#5266=AXIS2_PLACEMENT_3D('',#5263,#5264,#5265);
#5267=PLANE('256690',#5266);
#5269=ORIENTED_EDGE('257261',*,*,#5268,.F.);
#5271=ORIENTED_EDGE('256923',*,*,#5270,.F.);
#5273=ORIENTED_EDGE('257262',*,*,#5272,.F.);
#5274=ORIENTED_EDGE('257590',*,*,#3924,.T.);
#5275=EDGE_LOOP('256690',(#5269,#5271,#5273,#5274));
#5276=FACE_OUTER_BOUND('256690',#5275,.F.);
#5277=ADVANCED_FACE('256690',(#5276),#5267,.F.);
#5278=CARTESIAN_POINT('',(1.725E0,-2.477670129985E-1,-1.601114723061E0));
#5279=DIRECTION('',(-1.E0,0.E0,0.E0));
#5280=DIRECTION('',(0.E0,0.E0,1.E0));
#5281=AXIS2_PLACEMENT_3D('',#5278,#5279,#5280);
#5282=PLANE('256690',#5281);
#5283=ORIENTED_EDGE('257594',*,*,#4142,.T.);
#5285=ORIENTED_EDGE('257599',*,*,#5284,.T.);
#5287=ORIENTED_EDGE('256922',*,*,#5286,.T.);
#5289=ORIENTED_EDGE('257598',*,*,#5288,.T.);
#5290=EDGE_LOOP('256690',(#5283,#5285,#5287,#5289));
#5291=FACE_OUTER_BOUND('256690',#5290,.F.);
#5292=ADVANCED_FACE('256690',(#5291),#5282,.F.);
#5293=CARTESIAN_POINT('',(1.5E0,-9.5E-1,-1.724341638745E0));
#5294=DIRECTION('',(0.E0,1.E0,0.E0));
#5295=DIRECTION('',(0.E0,0.E0,-1.E0));
#5296=AXIS2_PLACEMENT_3D('',#5293,#5294,#5295);
#5297=PLANE('256691',#5296);
#5298=ORIENTED_EDGE('257261',*,*,#5268,.T.);
#5299=ORIENTED_EDGE('257591',*,*,#3930,.T.);
#5301=ORIENTED_EDGE('257263',*,*,#5300,.T.);
#5303=ORIENTED_EDGE('256924',*,*,#5302,.F.);
#5304=EDGE_LOOP('256691',(#5298,#5299,#5301,#5303));
#5305=FACE_OUTER_BOUND('256691',#5304,.F.);
#5306=ADVANCED_FACE('256691',(#5305),#5297,.T.);
#5307=CARTESIAN_POINT('',(1.275E0,-2.477670129985E-1,-1.601114723064E0));
#5308=DIRECTION('',(-1.E0,0.E0,0.E0));
#5309=DIRECTION('',(0.E0,0.E0,-1.E0));
#5310=AXIS2_PLACEMENT_3D('',#5307,#5308,#5309);
#5311=PLANE('256697',#5310);
#5312=ORIENTED_EDGE('257263',*,*,#5300,.F.);
#5313=ORIENTED_EDGE('257593',*,*,#3928,.T.);
#5315=ORIENTED_EDGE('257264',*,*,#5314,.F.);
#5317=ORIENTED_EDGE('256929',*,*,#5316,.F.);
#5318=EDGE_LOOP('256697',(#5312,#5313,#5315,#5317));
#5319=FACE_OUTER_BOUND('256697',#5318,.F.);
#5320=ADVANCED_FACE('256697',(#5319),#5311,.T.);
#5321=CARTESIAN_POINT('',(1.275E0,-2.477670129985E-1,-1.601114723064E0));
#5322=DIRECTION('',(-1.E0,0.E0,0.E0));
#5323=DIRECTION('',(0.E0,0.E0,-1.E0));
#5324=AXIS2_PLACEMENT_3D('',#5321,#5322,#5323);
#5325=PLANE('256697',#5324);
#5326=ORIENTED_EDGE('257597',*,*,#4146,.F.);
#5328=ORIENTED_EDGE('257600',*,*,#5327,.T.);
#5330=ORIENTED_EDGE('256927',*,*,#5329,.T.);
#5332=ORIENTED_EDGE('257601',*,*,#5331,.T.);
#5333=EDGE_LOOP('256697',(#5326,#5328,#5330,#5332));
#5334=FACE_OUTER_BOUND('256697',#5333,.F.);
#5335=ADVANCED_FACE('256697',(#5334),#5325,.T.);
#5336=CARTESIAN_POINT('',(1.5E0,-1.199999948044E0,-1.601114723064E0));
#5337=DIRECTION('',(0.E0,1.E0,-2.583487482196E-7));
#5338=DIRECTION('',(0.E0,2.583487482196E-7,1.E0));
#5339=AXIS2_PLACEMENT_3D('',#5336,#5337,#5338);
#5340=PLANE('256695',#5339);
#5341=ORIENTED_EDGE('257262',*,*,#5272,.T.);
#5343=ORIENTED_EDGE('256928',*,*,#5342,.F.);
#5344=ORIENTED_EDGE('257264',*,*,#5314,.T.);
#5345=ORIENTED_EDGE('257592',*,*,#3926,.T.);
#5346=EDGE_LOOP('256695',(#5341,#5343,#5344,#5345));
#5347=FACE_OUTER_BOUND('256695',#5346,.F.);
#5348=ADVANCED_FACE('256695',(#5347),#5340,.F.);
#5349=CARTESIAN_POINT('',(1.5E0,-1.075000548704E0,-6.05E0));
#5350=DIRECTION('',(0.E0,0.E0,-1.E0));
#5351=DIRECTION('',(0.E0,-1.E0,0.E0));
#5352=AXIS2_PLACEMENT_3D('',#5349,#5350,#5351);
#5353=PLANE('256696',#5352);
#5354=ORIENTED_EDGE('256923',*,*,#5270,.T.);
#5355=ORIENTED_EDGE('256924',*,*,#5302,.T.);
#5356=ORIENTED_EDGE('256929',*,*,#5316,.T.);
#5357=ORIENTED_EDGE('256928',*,*,#5342,.T.);
#5358=EDGE_LOOP('256696',(#5354,#5355,#5356,#5357));
#5359=FACE_OUTER_BOUND('256696',#5358,.F.);
#5360=ADVANCED_FACE('256696',(#5359),#5353,.T.);
#5361=CARTESIAN_POINT('',(1.5E0,8.238085532088E-2,1.521007189508E0));
#5362=DIRECTION('',(0.E0,9.233055025502E-1,3.840663340628E-1));
#5363=DIRECTION('',(0.E0,-3.840663340628E-1,9.233055025502E-1));
#5364=AXIS2_PLACEMENT_3D('',#5361,#5362,#5363);
#5365=PLANE('256692',#5364);
#5366=ORIENTED_EDGE('257596',*,*,#4144,.T.);
#5367=ORIENTED_EDGE('257598',*,*,#5288,.F.);
#5369=ORIENTED_EDGE('256925',*,*,#5368,.F.);
#5370=ORIENTED_EDGE('257600',*,*,#5327,.F.);
#5371=EDGE_LOOP('256692',(#5366,#5367,#5369,#5370));
#5372=FACE_OUTER_BOUND('256692',#5371,.F.);
#5373=ADVANCED_FACE('256692',(#5372),#5365,.F.);
#5374=CARTESIAN_POINT('',(1.5E0,6.181115239011E-1,5.486247612927E-1));
#5375=DIRECTION('',(0.E0,7.808198804470E-1,-6.247562038898E-1));
#5376=DIRECTION('',(0.E0,-6.247562038898E-1,-7.808198804470E-1));
#5377=AXIS2_PLACEMENT_3D('',#5374,#5375,#5376);
#5378=PLANE('256693',#5377);
#5379=ORIENTED_EDGE('256922',*,*,#5286,.F.);
#5381=ORIENTED_EDGE('256926',*,*,#5380,.F.);
#5382=ORIENTED_EDGE('256927',*,*,#5329,.F.);
#5383=ORIENTED_EDGE('256925',*,*,#5368,.T.);
#5384=EDGE_LOOP('256693',(#5379,#5381,#5382,#5383));
#5385=FACE_OUTER_BOUND('256693',#5384,.F.);
#5386=ADVANCED_FACE('256693',(#5385),#5378,.T.);
#5387=CARTESIAN_POINT('',(1.5E0,2.530173178130E-1,1.752161209975E0));
#5388=DIRECTION('',(0.E0,9.245840358476E-1,3.809781629644E-1));
#5389=DIRECTION('',(0.E0,3.809781629644E-1,-9.245840358476E-1));
#5390=AXIS2_PLACEMENT_3D('',#5387,#5388,#5389);
#5391=PLANE('256694',#5390);
#5392=ORIENTED_EDGE('257595',*,*,#4148,.T.);
#5393=ORIENTED_EDGE('257601',*,*,#5331,.F.);
#5394=ORIENTED_EDGE('256926',*,*,#5380,.T.);
#5395=ORIENTED_EDGE('257599',*,*,#5284,.F.);
#5396=EDGE_LOOP('256694',(#5392,#5393,#5394,#5395));
#5397=FACE_OUTER_BOUND('256694',#5396,.F.);
#5398=ADVANCED_FACE('256694',(#5397),#5391,.T.);
#5399=CARTESIAN_POINT('',(3.725E0,-2.477670129985E-1,-1.601114723061E0));
#5400=DIRECTION('',(-1.E0,0.E0,0.E0));
#5401=DIRECTION('',(0.E0,0.E0,1.E0));
#5402=AXIS2_PLACEMENT_3D('',#5399,#5400,#5401);
#5403=PLANE('256682',#5402);
#5405=ORIENTED_EDGE('257257',*,*,#5404,.F.);
#5407=ORIENTED_EDGE('256931',*,*,#5406,.F.);
#5409=ORIENTED_EDGE('257258',*,*,#5408,.F.);
#5410=ORIENTED_EDGE('257578',*,*,#3934,.T.);
#5411=EDGE_LOOP('256682',(#5405,#5407,#5409,#5410));
#5412=FACE_OUTER_BOUND('256682',#5411,.F.);
#5413=ADVANCED_FACE('256682',(#5412),#5403,.F.);
#5414=CARTESIAN_POINT('',(3.725E0,-2.477670129985E-1,-1.601114723061E0));
#5415=DIRECTION('',(-1.E0,0.E0,0.E0));
#5416=DIRECTION('',(0.E0,0.E0,1.E0));
#5417=AXIS2_PLACEMENT_3D('',#5414,#5415,#5416);
#5418=PLANE('256682',#5417);
#5419=ORIENTED_EDGE('257582',*,*,#4152,.T.);
#5421=ORIENTED_EDGE('257587',*,*,#5420,.T.);
#5423=ORIENTED_EDGE('256930',*,*,#5422,.T.);
#5425=ORIENTED_EDGE('257586',*,*,#5424,.T.);
#5426=EDGE_LOOP('256682',(#5419,#5421,#5423,#5425));
#5427=FACE_OUTER_BOUND('256682',#5426,.F.);
#5428=ADVANCED_FACE('256682',(#5427),#5418,.F.);
#5429=CARTESIAN_POINT('',(3.5E0,-9.5E-1,-1.724341638745E0));
#5430=DIRECTION('',(0.E0,1.E0,0.E0));
#5431=DIRECTION('',(0.E0,0.E0,-1.E0));
#5432=AXIS2_PLACEMENT_3D('',#5429,#5430,#5431);
#5433=PLANE('256683',#5432);
#5434=ORIENTED_EDGE('257257',*,*,#5404,.T.);
#5435=ORIENTED_EDGE('257579',*,*,#3940,.T.);
#5437=ORIENTED_EDGE('257259',*,*,#5436,.T.);
#5439=ORIENTED_EDGE('256932',*,*,#5438,.F.);
#5440=EDGE_LOOP('256683',(#5434,#5435,#5437,#5439));
#5441=FACE_OUTER_BOUND('256683',#5440,.F.);
#5442=ADVANCED_FACE('256683',(#5441),#5433,.T.);
#5443=CARTESIAN_POINT('',(3.275E0,-2.477670129985E-1,-1.601114723064E0));
#5444=DIRECTION('',(-1.E0,0.E0,0.E0));
#5445=DIRECTION('',(0.E0,0.E0,-1.E0));
#5446=AXIS2_PLACEMENT_3D('',#5443,#5444,#5445);
#5447=PLANE('256689',#5446);
#5448=ORIENTED_EDGE('257259',*,*,#5436,.F.);
#5449=ORIENTED_EDGE('257581',*,*,#3938,.T.);
#5451=ORIENTED_EDGE('257260',*,*,#5450,.F.);
#5453=ORIENTED_EDGE('256937',*,*,#5452,.F.);
#5454=EDGE_LOOP('256689',(#5448,#5449,#5451,#5453));
#5455=FACE_OUTER_BOUND('256689',#5454,.F.);
#5456=ADVANCED_FACE('256689',(#5455),#5447,.T.);
#5457=CARTESIAN_POINT('',(3.275E0,-2.477670129985E-1,-1.601114723064E0));
#5458=DIRECTION('',(-1.E0,0.E0,0.E0));
#5459=DIRECTION('',(0.E0,0.E0,-1.E0));
#5460=AXIS2_PLACEMENT_3D('',#5457,#5458,#5459);
#5461=PLANE('256689',#5460);
#5462=ORIENTED_EDGE('257585',*,*,#4156,.F.);
#5464=ORIENTED_EDGE('257588',*,*,#5463,.T.);
#5466=ORIENTED_EDGE('256935',*,*,#5465,.T.);
#5468=ORIENTED_EDGE('257589',*,*,#5467,.T.);
#5469=EDGE_LOOP('256689',(#5462,#5464,#5466,#5468));
#5470=FACE_OUTER_BOUND('256689',#5469,.F.);
#5471=ADVANCED_FACE('256689',(#5470),#5461,.T.);
#5472=CARTESIAN_POINT('',(3.5E0,-1.199999948044E0,-1.601114723064E0));
#5473=DIRECTION('',(0.E0,1.E0,-2.583487482196E-7));
#5474=DIRECTION('',(0.E0,2.583487482196E-7,1.E0));
#5475=AXIS2_PLACEMENT_3D('',#5472,#5473,#5474);
#5476=PLANE('256687',#5475);
#5477=ORIENTED_EDGE('257258',*,*,#5408,.T.);
#5479=ORIENTED_EDGE('256936',*,*,#5478,.F.);
#5480=ORIENTED_EDGE('257260',*,*,#5450,.T.);
#5481=ORIENTED_EDGE('257580',*,*,#3936,.T.);
#5482=EDGE_LOOP('256687',(#5477,#5479,#5480,#5481));
#5483=FACE_OUTER_BOUND('256687',#5482,.F.);
#5484=ADVANCED_FACE('256687',(#5483),#5476,.F.);
#5485=CARTESIAN_POINT('',(3.5E0,-1.075000548704E0,-6.05E0));
#5486=DIRECTION('',(0.E0,0.E0,-1.E0));
#5487=DIRECTION('',(0.E0,-1.E0,0.E0));
#5488=AXIS2_PLACEMENT_3D('',#5485,#5486,#5487);
#5489=PLANE('256688',#5488);
#5490=ORIENTED_EDGE('256931',*,*,#5406,.T.);
#5491=ORIENTED_EDGE('256932',*,*,#5438,.T.);
#5492=ORIENTED_EDGE('256937',*,*,#5452,.T.);
#5493=ORIENTED_EDGE('256936',*,*,#5478,.T.);
#5494=EDGE_LOOP('256688',(#5490,#5491,#5492,#5493));
#5495=FACE_OUTER_BOUND('256688',#5494,.F.);
#5496=ADVANCED_FACE('256688',(#5495),#5489,.T.);
#5497=CARTESIAN_POINT('',(3.5E0,8.238085532088E-2,1.521007189508E0));
#5498=DIRECTION('',(0.E0,9.233055025502E-1,3.840663340628E-1));
#5499=DIRECTION('',(0.E0,-3.840663340628E-1,9.233055025502E-1));
#5500=AXIS2_PLACEMENT_3D('',#5497,#5498,#5499);
#5501=PLANE('256684',#5500);
#5502=ORIENTED_EDGE('257584',*,*,#4154,.T.);
#5503=ORIENTED_EDGE('257586',*,*,#5424,.F.);
#5505=ORIENTED_EDGE('256933',*,*,#5504,.F.);
#5506=ORIENTED_EDGE('257588',*,*,#5463,.F.);
#5507=EDGE_LOOP('256684',(#5502,#5503,#5505,#5506));
#5508=FACE_OUTER_BOUND('256684',#5507,.F.);
#5509=ADVANCED_FACE('256684',(#5508),#5501,.F.);
#5510=CARTESIAN_POINT('',(3.5E0,6.181115239011E-1,5.486247612927E-1));
#5511=DIRECTION('',(0.E0,7.808198804470E-1,-6.247562038898E-1));
#5512=DIRECTION('',(0.E0,-6.247562038898E-1,-7.808198804470E-1));
#5513=AXIS2_PLACEMENT_3D('',#5510,#5511,#5512);
#5514=PLANE('256685',#5513);
#5515=ORIENTED_EDGE('256930',*,*,#5422,.F.);
#5517=ORIENTED_EDGE('256934',*,*,#5516,.F.);
#5518=ORIENTED_EDGE('256935',*,*,#5465,.F.);
#5519=ORIENTED_EDGE('256933',*,*,#5504,.T.);
#5520=EDGE_LOOP('256685',(#5515,#5517,#5518,#5519));
#5521=FACE_OUTER_BOUND('256685',#5520,.F.);
#5522=ADVANCED_FACE('256685',(#5521),#5514,.T.);
#5523=CARTESIAN_POINT('',(3.5E0,2.530173178130E-1,1.752161209975E0));
#5524=DIRECTION('',(0.E0,9.245840358476E-1,3.809781629644E-1));
#5525=DIRECTION('',(0.E0,3.809781629644E-1,-9.245840358476E-1));
#5526=AXIS2_PLACEMENT_3D('',#5523,#5524,#5525);
#5527=PLANE('256686',#5526);
#5528=ORIENTED_EDGE('257583',*,*,#4158,.T.);
#5529=ORIENTED_EDGE('257589',*,*,#5467,.F.);
#5530=ORIENTED_EDGE('256934',*,*,#5516,.T.);
#5531=ORIENTED_EDGE('257587',*,*,#5420,.F.);
#5532=EDGE_LOOP('256686',(#5528,#5529,#5530,#5531));
#5533=FACE_OUTER_BOUND('256686',#5532,.F.);
#5534=ADVANCED_FACE('256686',(#5533),#5527,.T.);
#5535=CARTESIAN_POINT('',(-1.5275E1,-7.500019347395E-2,-1.601114723061E0));
#5536=DIRECTION('',(-1.E0,0.E0,0.E0));
#5537=DIRECTION('',(0.E0,0.E0,1.E0));
#5538=AXIS2_PLACEMENT_3D('',#5535,#5536,#5537);
#5539=PLANE('256628',#5538);
#5540=ORIENTED_EDGE('257481',*,*,#3649,.T.);
#5542=ORIENTED_EDGE('257488',*,*,#5541,.F.);
#5544=ORIENTED_EDGE('257120',*,*,#5543,.F.);
#5546=ORIENTED_EDGE('257123',*,*,#5545,.F.);
#5548=ORIENTED_EDGE('257122',*,*,#5547,.F.);
#5549=ORIENTED_EDGE('257491',*,*,#3827,.F.);
#5550=EDGE_LOOP('256628',(#5540,#5542,#5544,#5546,#5548,#5549));
#5551=FACE_OUTER_BOUND('256628',#5550,.F.);
#5552=ADVANCED_FACE('256628',(#5551),#5539,.F.);
#5553=CARTESIAN_POINT('',(-1.5275E1,-7.500019347395E-2,-1.601114723061E0));
#5554=DIRECTION('',(-1.E0,0.E0,0.E0));
#5555=DIRECTION('',(0.E0,0.E0,1.E0));
#5556=AXIS2_PLACEMENT_3D('',#5553,#5554,#5555);
#5557=PLANE('256628',#5556);
#5558=ORIENTED_EDGE('257484',*,*,#4162,.T.);
#5560=ORIENTED_EDGE('257490',*,*,#5559,.T.);
#5562=ORIENTED_EDGE('257121',*,*,#5561,.T.);
#5564=ORIENTED_EDGE('257489',*,*,#5563,.T.);
#5565=EDGE_LOOP('256628',(#5558,#5560,#5562,#5564));
#5566=FACE_OUTER_BOUND('256628',#5565,.F.);
#5567=ADVANCED_FACE('256628',(#5566),#5557,.F.);
#5568=CARTESIAN_POINT('',(-1.55E1,4.999980652601E-2,-2.2E0));
#5569=DIRECTION('',(0.E0,0.E0,-1.E0));
#5570=DIRECTION('',(0.E0,1.E0,0.E0));
#5571=AXIS2_PLACEMENT_3D('',#5568,#5569,#5570);
#5572=PLANE('256630',#5571);
#5573=ORIENTED_EDGE('257482',*,*,#3647,.F.);
#5575=ORIENTED_EDGE('257492',*,*,#5574,.T.);
#5577=ORIENTED_EDGE('257124',*,*,#5576,.T.);
#5578=ORIENTED_EDGE('257488',*,*,#5541,.T.);
#5579=EDGE_LOOP('256630',(#5573,#5575,#5577,#5578));
#5580=FACE_OUTER_BOUND('256630',#5579,.F.);
#5581=ADVANCED_FACE('256630',(#5580),#5572,.F.);
#5582=CARTESIAN_POINT('',(-1.5725E1,-7.500019347395E-2,-1.601114723064E0));
#5583=DIRECTION('',(-1.E0,0.E0,0.E0));
#5584=DIRECTION('',(0.E0,0.E0,-1.E0));
#5585=AXIS2_PLACEMENT_3D('',#5582,#5583,#5584);
#5586=PLANE('256636',#5585);
#5587=ORIENTED_EDGE('257483',*,*,#3645,.F.);
#5588=ORIENTED_EDGE('257495',*,*,#3831,.F.);
#5590=ORIENTED_EDGE('257132',*,*,#5589,.F.);
#5592=ORIENTED_EDGE('257133',*,*,#5591,.F.);
#5594=ORIENTED_EDGE('257125',*,*,#5593,.F.);
#5595=ORIENTED_EDGE('257492',*,*,#5574,.F.);
#5596=EDGE_LOOP('256636',(#5587,#5588,#5590,#5592,#5594,#5595));
#5597=FACE_OUTER_BOUND('256636',#5596,.F.);
#5598=ADVANCED_FACE('256636',(#5597),#5586,.T.);
#5599=CARTESIAN_POINT('',(-1.5725E1,-7.500019347395E-2,-1.601114723064E0));
#5600=DIRECTION('',(-1.E0,0.E0,0.E0));
#5601=DIRECTION('',(0.E0,0.E0,-1.E0));
#5602=AXIS2_PLACEMENT_3D('',#5599,#5600,#5601);
#5603=PLANE('256636',#5602);
#5604=ORIENTED_EDGE('257487',*,*,#4166,.F.);
#5606=ORIENTED_EDGE('257493',*,*,#5605,.T.);
#5608=ORIENTED_EDGE('257129',*,*,#5607,.T.);
#5610=ORIENTED_EDGE('257494',*,*,#5609,.T.);
#5611=EDGE_LOOP('256636',(#5604,#5606,#5608,#5610));
#5612=FACE_OUTER_BOUND('256636',#5611,.F.);
#5613=ADVANCED_FACE('256636',(#5612),#5603,.T.);
#5614=CARTESIAN_POINT('',(-1.55E1,7.999996130517E-1,-4.25E0));
#5615=DIRECTION('',(0.E0,1.E0,0.E0));
#5616=DIRECTION('',(0.E0,0.E0,1.E0));
#5617=AXIS2_PLACEMENT_3D('',#5614,#5615,#5616);
#5618=PLANE('256634',#5617);
#5619=ORIENTED_EDGE('257122',*,*,#5547,.T.);
#5621=ORIENTED_EDGE('257131',*,*,#5620,.F.);
#5622=ORIENTED_EDGE('257132',*,*,#5589,.T.);
#5623=ORIENTED_EDGE('257130',*,*,#3829,.T.);
#5624=EDGE_LOOP('256634',(#5619,#5621,#5622,#5623));
#5625=FACE_OUTER_BOUND('256634',#5624,.F.);
#5626=ADVANCED_FACE('256634',(#5625),#5618,.F.);
#5627=CARTESIAN_POINT('',(-1.55E1,9.249996130518E-1,-6.05E0));
#5628=DIRECTION('',(0.E0,0.E0,-1.E0));
#5629=DIRECTION('',(0.E0,-1.E0,0.E0));
#5630=AXIS2_PLACEMENT_3D('',#5627,#5628,#5629);
#5631=PLANE('256635',#5630);
#5632=ORIENTED_EDGE('257123',*,*,#5545,.T.);
#5634=ORIENTED_EDGE('257126',*,*,#5633,.T.);
#5635=ORIENTED_EDGE('257133',*,*,#5591,.T.);
#5636=ORIENTED_EDGE('257131',*,*,#5620,.T.);
#5637=EDGE_LOOP('256635',(#5632,#5634,#5635,#5636));
#5638=FACE_OUTER_BOUND('256635',#5637,.F.);
#5639=ADVANCED_FACE('256635',(#5638),#5631,.T.);
#5640=CARTESIAN_POINT('',(-1.55E1,1.049999613052E0,-4.125E0));
#5641=DIRECTION('',(0.E0,1.E0,0.E0));
#5642=DIRECTION('',(0.E0,0.E0,-1.E0));
#5643=AXIS2_PLACEMENT_3D('',#5640,#5641,#5642);
#5644=PLANE('256629',#5643);
#5645=ORIENTED_EDGE('257120',*,*,#5543,.T.);
#5646=ORIENTED_EDGE('257124',*,*,#5576,.F.);
#5647=ORIENTED_EDGE('257125',*,*,#5593,.T.);
#5648=ORIENTED_EDGE('257126',*,*,#5633,.F.);
#5649=EDGE_LOOP('256629',(#5645,#5646,#5647,#5648));
#5650=FACE_OUTER_BOUND('256629',#5649,.F.);
#5651=ADVANCED_FACE('256629',(#5650),#5644,.T.);
#5652=CARTESIAN_POINT('',(-1.55E1,8.238085532088E-2,1.521007189508E0));
#5653=DIRECTION('',(0.E0,9.233055025502E-1,3.840663340628E-1));
#5654=DIRECTION('',(0.E0,-3.840663340628E-1,9.233055025502E-1));
#5655=AXIS2_PLACEMENT_3D('',#5652,#5653,#5654);
#5656=PLANE('256631',#5655);
#5657=ORIENTED_EDGE('257486',*,*,#4164,.T.);
#5658=ORIENTED_EDGE('257489',*,*,#5563,.F.);
#5660=ORIENTED_EDGE('257127',*,*,#5659,.F.);
#5661=ORIENTED_EDGE('257493',*,*,#5605,.F.);
#5662=EDGE_LOOP('256631',(#5657,#5658,#5660,#5661));
#5663=FACE_OUTER_BOUND('256631',#5662,.F.);
#5664=ADVANCED_FACE('256631',(#5663),#5656,.F.);
#5665=CARTESIAN_POINT('',(-1.55E1,6.181115239011E-1,5.486247612928E-1));
#5666=DIRECTION('',(0.E0,7.808198804470E-1,-6.247562038898E-1));
#5667=DIRECTION('',(0.E0,-6.247562038898E-1,-7.808198804470E-1));
#5668=AXIS2_PLACEMENT_3D('',#5665,#5666,#5667);
#5669=PLANE('256632',#5668);
#5670=ORIENTED_EDGE('257121',*,*,#5561,.F.);
#5672=ORIENTED_EDGE('257128',*,*,#5671,.F.);
#5673=ORIENTED_EDGE('257129',*,*,#5607,.F.);
#5674=ORIENTED_EDGE('257127',*,*,#5659,.T.);
#5675=EDGE_LOOP('256632',(#5670,#5672,#5673,#5674));
#5676=FACE_OUTER_BOUND('256632',#5675,.F.);
#5677=ADVANCED_FACE('256632',(#5676),#5669,.T.);
#5678=CARTESIAN_POINT('',(-1.55E1,2.530173178130E-1,1.752161209975E0));
#5679=DIRECTION('',(0.E0,9.245840358476E-1,3.809781629644E-1));
#5680=DIRECTION('',(0.E0,3.809781629644E-1,-9.245840358476E-1));
#5681=AXIS2_PLACEMENT_3D('',#5678,#5679,#5680);
#5682=PLANE('256633',#5681);
#5683=ORIENTED_EDGE('257485',*,*,#4168,.T.);
#5684=ORIENTED_EDGE('257494',*,*,#5609,.F.);
#5685=ORIENTED_EDGE('257128',*,*,#5671,.T.);
#5686=ORIENTED_EDGE('257490',*,*,#5559,.F.);
#5687=EDGE_LOOP('256633',(#5683,#5684,#5685,#5686));
#5688=FACE_OUTER_BOUND('256633',#5687,.F.);
#5689=ADVANCED_FACE('256633',(#5688),#5682,.T.);
#5690=CARTESIAN_POINT('',(-1.3275E1,-7.500019347395E-2,-1.601114723061E0));
#5691=DIRECTION('',(-1.E0,0.E0,0.E0));
#5692=DIRECTION('',(0.E0,0.E0,1.E0));
#5693=AXIS2_PLACEMENT_3D('',#5690,#5691,#5692);
#5694=PLANE('256619',#5693);
#5695=ORIENTED_EDGE('257465',*,*,#3657,.T.);
#5697=ORIENTED_EDGE('257472',*,*,#5696,.F.);
#5699=ORIENTED_EDGE('257036',*,*,#5698,.F.);
#5701=ORIENTED_EDGE('257039',*,*,#5700,.F.);
#5703=ORIENTED_EDGE('257038',*,*,#5702,.F.);
#5704=ORIENTED_EDGE('257475',*,*,#3820,.F.);
#5705=EDGE_LOOP('256619',(#5695,#5697,#5699,#5701,#5703,#5704));
#5706=FACE_OUTER_BOUND('256619',#5705,.F.);
#5707=ADVANCED_FACE('256619',(#5706),#5694,.F.);
#5708=CARTESIAN_POINT('',(-1.3275E1,-7.500019347395E-2,-1.601114723061E0));
#5709=DIRECTION('',(-1.E0,0.E0,0.E0));
#5710=DIRECTION('',(0.E0,0.E0,1.E0));
#5711=AXIS2_PLACEMENT_3D('',#5708,#5709,#5710);
#5712=PLANE('256619',#5711);
#5713=ORIENTED_EDGE('257468',*,*,#4172,.T.);
#5715=ORIENTED_EDGE('257474',*,*,#5714,.T.);
#5717=ORIENTED_EDGE('257037',*,*,#5716,.T.);
#5719=ORIENTED_EDGE('257473',*,*,#5718,.T.);
#5720=EDGE_LOOP('256619',(#5713,#5715,#5717,#5719));
#5721=FACE_OUTER_BOUND('256619',#5720,.F.);
#5722=ADVANCED_FACE('256619',(#5721),#5712,.F.);
#5723=CARTESIAN_POINT('',(-1.35E1,4.999980652601E-2,-2.2E0));
#5724=DIRECTION('',(0.E0,0.E0,-1.E0));
#5725=DIRECTION('',(0.E0,1.E0,0.E0));
#5726=AXIS2_PLACEMENT_3D('',#5723,#5724,#5725);
#5727=PLANE('256621',#5726);
#5728=ORIENTED_EDGE('257466',*,*,#3655,.F.);
#5730=ORIENTED_EDGE('257476',*,*,#5729,.T.);
#5732=ORIENTED_EDGE('257040',*,*,#5731,.T.);
#5733=ORIENTED_EDGE('257472',*,*,#5696,.T.);
#5734=EDGE_LOOP('256621',(#5728,#5730,#5732,#5733));
#5735=FACE_OUTER_BOUND('256621',#5734,.F.);
#5736=ADVANCED_FACE('256621',(#5735),#5727,.F.);
#5737=CARTESIAN_POINT('',(-1.3725E1,-7.500019347395E-2,-1.601114723064E0));
#5738=DIRECTION('',(-1.E0,0.E0,0.E0));
#5739=DIRECTION('',(0.E0,0.E0,-1.E0));
#5740=AXIS2_PLACEMENT_3D('',#5737,#5738,#5739);
#5741=PLANE('256627',#5740);
#5742=ORIENTED_EDGE('257467',*,*,#3653,.F.);
#5743=ORIENTED_EDGE('257479',*,*,#3824,.F.);
#5745=ORIENTED_EDGE('257048',*,*,#5744,.F.);
#5747=ORIENTED_EDGE('257049',*,*,#5746,.F.);
#5749=ORIENTED_EDGE('257041',*,*,#5748,.F.);
#5750=ORIENTED_EDGE('257476',*,*,#5729,.F.);
#5751=EDGE_LOOP('256627',(#5742,#5743,#5745,#5747,#5749,#5750));
#5752=FACE_OUTER_BOUND('256627',#5751,.F.);
#5753=ADVANCED_FACE('256627',(#5752),#5741,.T.);
#5754=CARTESIAN_POINT('',(-1.3725E1,-7.500019347395E-2,-1.601114723064E0));
#5755=DIRECTION('',(-1.E0,0.E0,0.E0));
#5756=DIRECTION('',(0.E0,0.E0,-1.E0));
#5757=AXIS2_PLACEMENT_3D('',#5754,#5755,#5756);
#5758=PLANE('256627',#5757);
#5759=ORIENTED_EDGE('257471',*,*,#4176,.F.);
#5761=ORIENTED_EDGE('257477',*,*,#5760,.T.);
#5763=ORIENTED_EDGE('257045',*,*,#5762,.T.);
#5765=ORIENTED_EDGE('257478',*,*,#5764,.T.);
#5766=EDGE_LOOP('256627',(#5759,#5761,#5763,#5765));
#5767=FACE_OUTER_BOUND('256627',#5766,.F.);
#5768=ADVANCED_FACE('256627',(#5767),#5758,.T.);
#5769=CARTESIAN_POINT('',(-1.35E1,7.999996130517E-1,-4.25E0));
#5770=DIRECTION('',(0.E0,1.E0,0.E0));
#5771=DIRECTION('',(0.E0,0.E0,1.E0));
#5772=AXIS2_PLACEMENT_3D('',#5769,#5770,#5771);
#5773=PLANE('256625',#5772);
#5774=ORIENTED_EDGE('257038',*,*,#5702,.T.);
#5776=ORIENTED_EDGE('257047',*,*,#5775,.F.);
#5777=ORIENTED_EDGE('257048',*,*,#5744,.T.);
#5778=ORIENTED_EDGE('257046',*,*,#3822,.T.);
#5779=EDGE_LOOP('256625',(#5774,#5776,#5777,#5778));
#5780=FACE_OUTER_BOUND('256625',#5779,.F.);
#5781=ADVANCED_FACE('256625',(#5780),#5773,.F.);
#5782=CARTESIAN_POINT('',(-1.35E1,9.249996130518E-1,-6.05E0));
#5783=DIRECTION('',(0.E0,0.E0,-1.E0));
#5784=DIRECTION('',(0.E0,-1.E0,0.E0));
#5785=AXIS2_PLACEMENT_3D('',#5782,#5783,#5784);
#5786=PLANE('256626',#5785);
#5787=ORIENTED_EDGE('257039',*,*,#5700,.T.);
#5789=ORIENTED_EDGE('257042',*,*,#5788,.T.);
#5790=ORIENTED_EDGE('257049',*,*,#5746,.T.);
#5791=ORIENTED_EDGE('257047',*,*,#5775,.T.);
#5792=EDGE_LOOP('256626',(#5787,#5789,#5790,#5791));
#5793=FACE_OUTER_BOUND('256626',#5792,.F.);
#5794=ADVANCED_FACE('256626',(#5793),#5786,.T.);
#5795=CARTESIAN_POINT('',(-1.35E1,1.049999613052E0,-4.125E0));
#5796=DIRECTION('',(0.E0,1.E0,0.E0));
#5797=DIRECTION('',(0.E0,0.E0,-1.E0));
#5798=AXIS2_PLACEMENT_3D('',#5795,#5796,#5797);
#5799=PLANE('256620',#5798);
#5800=ORIENTED_EDGE('257036',*,*,#5698,.T.);
#5801=ORIENTED_EDGE('257040',*,*,#5731,.F.);
#5802=ORIENTED_EDGE('257041',*,*,#5748,.T.);
#5803=ORIENTED_EDGE('257042',*,*,#5788,.F.);
#5804=EDGE_LOOP('256620',(#5800,#5801,#5802,#5803));
#5805=FACE_OUTER_BOUND('256620',#5804,.F.);
#5806=ADVANCED_FACE('256620',(#5805),#5799,.T.);
#5807=CARTESIAN_POINT('',(-1.35E1,8.238085532088E-2,1.521007189508E0));
#5808=DIRECTION('',(0.E0,9.233055025502E-1,3.840663340628E-1));
#5809=DIRECTION('',(0.E0,-3.840663340628E-1,9.233055025502E-1));
#5810=AXIS2_PLACEMENT_3D('',#5807,#5808,#5809);
#5811=PLANE('256622',#5810);
#5812=ORIENTED_EDGE('257470',*,*,#4174,.T.);
#5813=ORIENTED_EDGE('257473',*,*,#5718,.F.);
#5815=ORIENTED_EDGE('257043',*,*,#5814,.F.);
#5816=ORIENTED_EDGE('257477',*,*,#5760,.F.);
#5817=EDGE_LOOP('256622',(#5812,#5813,#5815,#5816));
#5818=FACE_OUTER_BOUND('256622',#5817,.F.);
#5819=ADVANCED_FACE('256622',(#5818),#5811,.F.);
#5820=CARTESIAN_POINT('',(-1.35E1,6.181115239011E-1,5.486247612928E-1));
#5821=DIRECTION('',(0.E0,7.808198804470E-1,-6.247562038898E-1));
#5822=DIRECTION('',(0.E0,-6.247562038898E-1,-7.808198804470E-1));
#5823=AXIS2_PLACEMENT_3D('',#5820,#5821,#5822);
#5824=PLANE('256623',#5823);
#5825=ORIENTED_EDGE('257037',*,*,#5716,.F.);
#5827=ORIENTED_EDGE('257044',*,*,#5826,.F.);
#5828=ORIENTED_EDGE('257045',*,*,#5762,.F.);
#5829=ORIENTED_EDGE('257043',*,*,#5814,.T.);
#5830=EDGE_LOOP('256623',(#5825,#5827,#5828,#5829));
#5831=FACE_OUTER_BOUND('256623',#5830,.F.);
#5832=ADVANCED_FACE('256623',(#5831),#5824,.T.);
#5833=CARTESIAN_POINT('',(-1.35E1,2.530173178130E-1,1.752161209975E0));
#5834=DIRECTION('',(0.E0,9.245840358476E-1,3.809781629644E-1));
#5835=DIRECTION('',(0.E0,3.809781629644E-1,-9.245840358476E-1));
#5836=AXIS2_PLACEMENT_3D('',#5833,#5834,#5835);
#5837=PLANE('256624',#5836);
#5838=ORIENTED_EDGE('257469',*,*,#4178,.T.);
#5839=ORIENTED_EDGE('257478',*,*,#5764,.F.);
#5840=ORIENTED_EDGE('257044',*,*,#5826,.T.);
#5841=ORIENTED_EDGE('257474',*,*,#5714,.F.);
#5842=EDGE_LOOP('256624',(#5838,#5839,#5840,#5841));
#5843=FACE_OUTER_BOUND('256624',#5842,.F.);
#5844=ADVANCED_FACE('256624',(#5843),#5837,.T.);
#5845=CARTESIAN_POINT('',(-1.1275E1,-7.500019347395E-2,-1.601114723061E0));
#5846=DIRECTION('',(-1.E0,0.E0,0.E0));
#5847=DIRECTION('',(0.E0,0.E0,1.E0));
#5848=AXIS2_PLACEMENT_3D('',#5845,#5846,#5847);
#5849=PLANE('256610',#5848);
#5850=ORIENTED_EDGE('257449',*,*,#3665,.T.);
#5852=ORIENTED_EDGE('257456',*,*,#5851,.F.);
#5854=ORIENTED_EDGE('257022',*,*,#5853,.F.);
#5856=ORIENTED_EDGE('257025',*,*,#5855,.F.);
#5858=ORIENTED_EDGE('257024',*,*,#5857,.F.);
#5859=ORIENTED_EDGE('257459',*,*,#3813,.F.);
#5860=EDGE_LOOP('256610',(#5850,#5852,#5854,#5856,#5858,#5859));
#5861=FACE_OUTER_BOUND('256610',#5860,.F.);
#5862=ADVANCED_FACE('256610',(#5861),#5849,.F.);
#5863=CARTESIAN_POINT('',(-1.1275E1,-7.500019347395E-2,-1.601114723061E0));
#5864=DIRECTION('',(-1.E0,0.E0,0.E0));
#5865=DIRECTION('',(0.E0,0.E0,1.E0));
#5866=AXIS2_PLACEMENT_3D('',#5863,#5864,#5865);
#5867=PLANE('256610',#5866);
#5868=ORIENTED_EDGE('257452',*,*,#4182,.T.);
#5870=ORIENTED_EDGE('257458',*,*,#5869,.T.);
#5872=ORIENTED_EDGE('257023',*,*,#5871,.T.);
#5874=ORIENTED_EDGE('257457',*,*,#5873,.T.);
#5875=EDGE_LOOP('256610',(#5868,#5870,#5872,#5874));
#5876=FACE_OUTER_BOUND('256610',#5875,.F.);
#5877=ADVANCED_FACE('256610',(#5876),#5867,.F.);
#5878=CARTESIAN_POINT('',(-1.15E1,4.999980652601E-2,-2.2E0));
#5879=DIRECTION('',(0.E0,0.E0,-1.E0));
#5880=DIRECTION('',(0.E0,1.E0,0.E0));
#5881=AXIS2_PLACEMENT_3D('',#5878,#5879,#5880);
#5882=PLANE('256612',#5881);
#5883=ORIENTED_EDGE('257450',*,*,#3663,.F.);
#5885=ORIENTED_EDGE('257460',*,*,#5884,.T.);
#5887=ORIENTED_EDGE('257026',*,*,#5886,.T.);
#5888=ORIENTED_EDGE('257456',*,*,#5851,.T.);
#5889=EDGE_LOOP('256612',(#5883,#5885,#5887,#5888));
#5890=FACE_OUTER_BOUND('256612',#5889,.F.);
#5891=ADVANCED_FACE('256612',(#5890),#5882,.F.);
#5892=CARTESIAN_POINT('',(-1.1725E1,-7.500019347395E-2,-1.601114723064E0));
#5893=DIRECTION('',(-1.E0,0.E0,0.E0));
#5894=DIRECTION('',(0.E0,0.E0,-1.E0));
#5895=AXIS2_PLACEMENT_3D('',#5892,#5893,#5894);
#5896=PLANE('256618',#5895);
#5897=ORIENTED_EDGE('257451',*,*,#3661,.F.);
#5898=ORIENTED_EDGE('257463',*,*,#3817,.F.);
#5900=ORIENTED_EDGE('257034',*,*,#5899,.F.);
#5902=ORIENTED_EDGE('257035',*,*,#5901,.F.);
#5904=ORIENTED_EDGE('257027',*,*,#5903,.F.);
#5905=ORIENTED_EDGE('257460',*,*,#5884,.F.);
#5906=EDGE_LOOP('256618',(#5897,#5898,#5900,#5902,#5904,#5905));
#5907=FACE_OUTER_BOUND('256618',#5906,.F.);
#5908=ADVANCED_FACE('256618',(#5907),#5896,.T.);
#5909=CARTESIAN_POINT('',(-1.1725E1,-7.500019347395E-2,-1.601114723064E0));
#5910=DIRECTION('',(-1.E0,0.E0,0.E0));
#5911=DIRECTION('',(0.E0,0.E0,-1.E0));
#5912=AXIS2_PLACEMENT_3D('',#5909,#5910,#5911);
#5913=PLANE('256618',#5912);
#5914=ORIENTED_EDGE('257455',*,*,#4186,.F.);
#5916=ORIENTED_EDGE('257461',*,*,#5915,.T.);
#5918=ORIENTED_EDGE('257031',*,*,#5917,.T.);
#5920=ORIENTED_EDGE('257462',*,*,#5919,.T.);
#5921=EDGE_LOOP('256618',(#5914,#5916,#5918,#5920));
#5922=FACE_OUTER_BOUND('256618',#5921,.F.);
#5923=ADVANCED_FACE('256618',(#5922),#5913,.T.);
#5924=CARTESIAN_POINT('',(-1.15E1,7.999996130517E-1,-4.25E0));
#5925=DIRECTION('',(0.E0,1.E0,0.E0));
#5926=DIRECTION('',(0.E0,0.E0,1.E0));
#5927=AXIS2_PLACEMENT_3D('',#5924,#5925,#5926);
#5928=PLANE('256616',#5927);
#5929=ORIENTED_EDGE('257024',*,*,#5857,.T.);
#5931=ORIENTED_EDGE('257033',*,*,#5930,.F.);
#5932=ORIENTED_EDGE('257034',*,*,#5899,.T.);
#5933=ORIENTED_EDGE('257032',*,*,#3815,.T.);
#5934=EDGE_LOOP('256616',(#5929,#5931,#5932,#5933));
#5935=FACE_OUTER_BOUND('256616',#5934,.F.);
#5936=ADVANCED_FACE('256616',(#5935),#5928,.F.);
#5937=CARTESIAN_POINT('',(-1.15E1,9.249996130518E-1,-6.05E0));
#5938=DIRECTION('',(0.E0,0.E0,-1.E0));
#5939=DIRECTION('',(0.E0,-1.E0,0.E0));
#5940=AXIS2_PLACEMENT_3D('',#5937,#5938,#5939);
#5941=PLANE('256617',#5940);
#5942=ORIENTED_EDGE('257025',*,*,#5855,.T.);
#5944=ORIENTED_EDGE('257028',*,*,#5943,.T.);
#5945=ORIENTED_EDGE('257035',*,*,#5901,.T.);
#5946=ORIENTED_EDGE('257033',*,*,#5930,.T.);
#5947=EDGE_LOOP('256617',(#5942,#5944,#5945,#5946));
#5948=FACE_OUTER_BOUND('256617',#5947,.F.);
#5949=ADVANCED_FACE('256617',(#5948),#5941,.T.);
#5950=CARTESIAN_POINT('',(-1.15E1,1.049999613052E0,-4.125E0));
#5951=DIRECTION('',(0.E0,1.E0,0.E0));
#5952=DIRECTION('',(0.E0,0.E0,-1.E0));
#5953=AXIS2_PLACEMENT_3D('',#5950,#5951,#5952);
#5954=PLANE('256611',#5953);
#5955=ORIENTED_EDGE('257022',*,*,#5853,.T.);
#5956=ORIENTED_EDGE('257026',*,*,#5886,.F.);
#5957=ORIENTED_EDGE('257027',*,*,#5903,.T.);
#5958=ORIENTED_EDGE('257028',*,*,#5943,.F.);
#5959=EDGE_LOOP('256611',(#5955,#5956,#5957,#5958));
#5960=FACE_OUTER_BOUND('256611',#5959,.F.);
#5961=ADVANCED_FACE('256611',(#5960),#5954,.T.);
#5962=CARTESIAN_POINT('',(-1.15E1,8.238085532088E-2,1.521007189508E0));
#5963=DIRECTION('',(0.E0,9.233055025502E-1,3.840663340628E-1));
#5964=DIRECTION('',(0.E0,-3.840663340628E-1,9.233055025502E-1));
#5965=AXIS2_PLACEMENT_3D('',#5962,#5963,#5964);
#5966=PLANE('256613',#5965);
#5967=ORIENTED_EDGE('257454',*,*,#4184,.T.);
#5968=ORIENTED_EDGE('257457',*,*,#5873,.F.);
#5970=ORIENTED_EDGE('257029',*,*,#5969,.F.);
#5971=ORIENTED_EDGE('257461',*,*,#5915,.F.);
#5972=EDGE_LOOP('256613',(#5967,#5968,#5970,#5971));
#5973=FACE_OUTER_BOUND('256613',#5972,.F.);
#5974=ADVANCED_FACE('256613',(#5973),#5966,.F.);
#5975=CARTESIAN_POINT('',(-1.15E1,6.181115239011E-1,5.486247612928E-1));
#5976=DIRECTION('',(0.E0,7.808198804470E-1,-6.247562038898E-1));
#5977=DIRECTION('',(0.E0,-6.247562038898E-1,-7.808198804470E-1));
#5978=AXIS2_PLACEMENT_3D('',#5975,#5976,#5977);
#5979=PLANE('256614',#5978);
#5980=ORIENTED_EDGE('257023',*,*,#5871,.F.);
#5982=ORIENTED_EDGE('257030',*,*,#5981,.F.);
#5983=ORIENTED_EDGE('257031',*,*,#5917,.F.);
#5984=ORIENTED_EDGE('257029',*,*,#5969,.T.);
#5985=EDGE_LOOP('256614',(#5980,#5982,#5983,#5984));
#5986=FACE_OUTER_BOUND('256614',#5985,.F.);
#5987=ADVANCED_FACE('256614',(#5986),#5979,.T.);
#5988=CARTESIAN_POINT('',(-1.15E1,2.530173178130E-1,1.752161209975E0));
#5989=DIRECTION('',(0.E0,9.245840358476E-1,3.809781629644E-1));
#5990=DIRECTION('',(0.E0,3.809781629644E-1,-9.245840358476E-1));
#5991=AXIS2_PLACEMENT_3D('',#5988,#5989,#5990);
#5992=PLANE('256615',#5991);
#5993=ORIENTED_EDGE('257453',*,*,#4188,.T.);
#5994=ORIENTED_EDGE('257462',*,*,#5919,.F.);
#5995=ORIENTED_EDGE('257030',*,*,#5981,.T.);
#5996=ORIENTED_EDGE('257458',*,*,#5869,.F.);
#5997=EDGE_LOOP('256615',(#5993,#5994,#5995,#5996));
#5998=FACE_OUTER_BOUND('256615',#5997,.F.);
#5999=ADVANCED_FACE('256615',(#5998),#5992,.T.);
#6000=CARTESIAN_POINT('',(-9.275E0,-7.500019347395E-2,-1.601114723061E0));
#6001=DIRECTION('',(-1.E0,0.E0,0.E0));
#6002=DIRECTION('',(0.E0,0.E0,1.E0));
#6003=AXIS2_PLACEMENT_3D('',#6000,#6001,#6002);
#6004=PLANE('256601',#6003);
#6005=ORIENTED_EDGE('257433',*,*,#3673,.T.);
#6007=ORIENTED_EDGE('257440',*,*,#6006,.F.);
#6009=ORIENTED_EDGE('257008',*,*,#6008,.F.);
#6011=ORIENTED_EDGE('257011',*,*,#6010,.F.);
#6013=ORIENTED_EDGE('257010',*,*,#6012,.F.);
#6014=ORIENTED_EDGE('257443',*,*,#3806,.F.);
#6015=EDGE_LOOP('256601',(#6005,#6007,#6009,#6011,#6013,#6014));
#6016=FACE_OUTER_BOUND('256601',#6015,.F.);
#6017=ADVANCED_FACE('256601',(#6016),#6004,.F.);
#6018=CARTESIAN_POINT('',(-9.275E0,-7.500019347395E-2,-1.601114723061E0));
#6019=DIRECTION('',(-1.E0,0.E0,0.E0));
#6020=DIRECTION('',(0.E0,0.E0,1.E0));
#6021=AXIS2_PLACEMENT_3D('',#6018,#6019,#6020);
#6022=PLANE('256601',#6021);
#6023=ORIENTED_EDGE('257436',*,*,#4192,.T.);
#6025=ORIENTED_EDGE('257442',*,*,#6024,.T.);
#6027=ORIENTED_EDGE('257009',*,*,#6026,.T.);
#6029=ORIENTED_EDGE('257441',*,*,#6028,.T.);
#6030=EDGE_LOOP('256601',(#6023,#6025,#6027,#6029));
#6031=FACE_OUTER_BOUND('256601',#6030,.F.);
#6032=ADVANCED_FACE('256601',(#6031),#6022,.F.);
#6033=CARTESIAN_POINT('',(-9.5E0,4.999980652601E-2,-2.2E0));
#6034=DIRECTION('',(0.E0,0.E0,-1.E0));
#6035=DIRECTION('',(0.E0,1.E0,0.E0));
#6036=AXIS2_PLACEMENT_3D('',#6033,#6034,#6035);
#6037=PLANE('256603',#6036);
#6038=ORIENTED_EDGE('257434',*,*,#3671,.F.);
#6040=ORIENTED_EDGE('257444',*,*,#6039,.T.);
#6042=ORIENTED_EDGE('257012',*,*,#6041,.T.);
#6043=ORIENTED_EDGE('257440',*,*,#6006,.T.);
#6044=EDGE_LOOP('256603',(#6038,#6040,#6042,#6043));
#6045=FACE_OUTER_BOUND('256603',#6044,.F.);
#6046=ADVANCED_FACE('256603',(#6045),#6037,.F.);
#6047=CARTESIAN_POINT('',(-9.725E0,-7.500019347395E-2,-1.601114723064E0));
#6048=DIRECTION('',(-1.E0,0.E0,0.E0));
#6049=DIRECTION('',(0.E0,0.E0,-1.E0));
#6050=AXIS2_PLACEMENT_3D('',#6047,#6048,#6049);
#6051=PLANE('256609',#6050);
#6052=ORIENTED_EDGE('257435',*,*,#3669,.F.);
#6053=ORIENTED_EDGE('257447',*,*,#3810,.F.);
#6055=ORIENTED_EDGE('257020',*,*,#6054,.F.);
#6057=ORIENTED_EDGE('257021',*,*,#6056,.F.);
#6059=ORIENTED_EDGE('257013',*,*,#6058,.F.);
#6060=ORIENTED_EDGE('257444',*,*,#6039,.F.);
#6061=EDGE_LOOP('256609',(#6052,#6053,#6055,#6057,#6059,#6060));
#6062=FACE_OUTER_BOUND('256609',#6061,.F.);
#6063=ADVANCED_FACE('256609',(#6062),#6051,.T.);
#6064=CARTESIAN_POINT('',(-9.725E0,-7.500019347395E-2,-1.601114723064E0));
#6065=DIRECTION('',(-1.E0,0.E0,0.E0));
#6066=DIRECTION('',(0.E0,0.E0,-1.E0));
#6067=AXIS2_PLACEMENT_3D('',#6064,#6065,#6066);
#6068=PLANE('256609',#6067);
#6069=ORIENTED_EDGE('257439',*,*,#4196,.F.);
#6071=ORIENTED_EDGE('257445',*,*,#6070,.T.);
#6073=ORIENTED_EDGE('257017',*,*,#6072,.T.);
#6075=ORIENTED_EDGE('257446',*,*,#6074,.T.);
#6076=EDGE_LOOP('256609',(#6069,#6071,#6073,#6075));
#6077=FACE_OUTER_BOUND('256609',#6076,.F.);
#6078=ADVANCED_FACE('256609',(#6077),#6068,.T.);
#6079=CARTESIAN_POINT('',(-9.5E0,7.999996130517E-1,-4.25E0));
#6080=DIRECTION('',(0.E0,1.E0,0.E0));
#6081=DIRECTION('',(0.E0,0.E0,1.E0));
#6082=AXIS2_PLACEMENT_3D('',#6079,#6080,#6081);
#6083=PLANE('256607',#6082);
#6084=ORIENTED_EDGE('257010',*,*,#6012,.T.);
#6086=ORIENTED_EDGE('257019',*,*,#6085,.F.);
#6087=ORIENTED_EDGE('257020',*,*,#6054,.T.);
#6088=ORIENTED_EDGE('257018',*,*,#3808,.T.);
#6089=EDGE_LOOP('256607',(#6084,#6086,#6087,#6088));
#6090=FACE_OUTER_BOUND('256607',#6089,.F.);
#6091=ADVANCED_FACE('256607',(#6090),#6083,.F.);
#6092=CARTESIAN_POINT('',(-9.5E0,9.249996130518E-1,-6.05E0));
#6093=DIRECTION('',(0.E0,0.E0,-1.E0));
#6094=DIRECTION('',(0.E0,-1.E0,0.E0));
#6095=AXIS2_PLACEMENT_3D('',#6092,#6093,#6094);
#6096=PLANE('256608',#6095);
#6097=ORIENTED_EDGE('257011',*,*,#6010,.T.);
#6099=ORIENTED_EDGE('257014',*,*,#6098,.T.);
#6100=ORIENTED_EDGE('257021',*,*,#6056,.T.);
#6101=ORIENTED_EDGE('257019',*,*,#6085,.T.);
#6102=EDGE_LOOP('256608',(#6097,#6099,#6100,#6101));
#6103=FACE_OUTER_BOUND('256608',#6102,.F.);
#6104=ADVANCED_FACE('256608',(#6103),#6096,.T.);
#6105=CARTESIAN_POINT('',(-9.5E0,1.049999613052E0,-4.125E0));
#6106=DIRECTION('',(0.E0,1.E0,0.E0));
#6107=DIRECTION('',(0.E0,0.E0,-1.E0));
#6108=AXIS2_PLACEMENT_3D('',#6105,#6106,#6107);
#6109=PLANE('256602',#6108);
#6110=ORIENTED_EDGE('257008',*,*,#6008,.T.);
#6111=ORIENTED_EDGE('257012',*,*,#6041,.F.);
#6112=ORIENTED_EDGE('257013',*,*,#6058,.T.);
#6113=ORIENTED_EDGE('257014',*,*,#6098,.F.);
#6114=EDGE_LOOP('256602',(#6110,#6111,#6112,#6113));
#6115=FACE_OUTER_BOUND('256602',#6114,.F.);
#6116=ADVANCED_FACE('256602',(#6115),#6109,.T.);
#6117=CARTESIAN_POINT('',(-9.5E0,8.238085532088E-2,1.521007189508E0));
#6118=DIRECTION('',(0.E0,9.233055025502E-1,3.840663340628E-1));
#6119=DIRECTION('',(0.E0,-3.840663340628E-1,9.233055025502E-1));
#6120=AXIS2_PLACEMENT_3D('',#6117,#6118,#6119);
#6121=PLANE('256604',#6120);
#6122=ORIENTED_EDGE('257438',*,*,#4194,.T.);
#6123=ORIENTED_EDGE('257441',*,*,#6028,.F.);
#6125=ORIENTED_EDGE('257015',*,*,#6124,.F.);
#6126=ORIENTED_EDGE('257445',*,*,#6070,.F.);
#6127=EDGE_LOOP('256604',(#6122,#6123,#6125,#6126));
#6128=FACE_OUTER_BOUND('256604',#6127,.F.);
#6129=ADVANCED_FACE('256604',(#6128),#6121,.F.);
#6130=CARTESIAN_POINT('',(-9.5E0,6.181115239011E-1,5.486247612927E-1));
#6131=DIRECTION('',(0.E0,7.808198804470E-1,-6.247562038898E-1));
#6132=DIRECTION('',(0.E0,-6.247562038898E-1,-7.808198804470E-1));
#6133=AXIS2_PLACEMENT_3D('',#6130,#6131,#6132);
#6134=PLANE('256605',#6133);
#6135=ORIENTED_EDGE('257009',*,*,#6026,.F.);
#6137=ORIENTED_EDGE('257016',*,*,#6136,.F.);
#6138=ORIENTED_EDGE('257017',*,*,#6072,.F.);
#6139=ORIENTED_EDGE('257015',*,*,#6124,.T.);
#6140=EDGE_LOOP('256605',(#6135,#6137,#6138,#6139));
#6141=FACE_OUTER_BOUND('256605',#6140,.F.);
#6142=ADVANCED_FACE('256605',(#6141),#6134,.T.);
#6143=CARTESIAN_POINT('',(-9.5E0,2.530173178130E-1,1.752161209975E0));
#6144=DIRECTION('',(0.E0,9.245840358476E-1,3.809781629644E-1));
#6145=DIRECTION('',(0.E0,3.809781629644E-1,-9.245840358476E-1));
#6146=AXIS2_PLACEMENT_3D('',#6143,#6144,#6145);
#6147=PLANE('256606',#6146);
#6148=ORIENTED_EDGE('257437',*,*,#4198,.T.);
#6149=ORIENTED_EDGE('257446',*,*,#6074,.F.);
#6150=ORIENTED_EDGE('257016',*,*,#6136,.T.);
#6151=ORIENTED_EDGE('257442',*,*,#6024,.F.);
#6152=EDGE_LOOP('256606',(#6148,#6149,#6150,#6151));
#6153=FACE_OUTER_BOUND('256606',#6152,.F.);
#6154=ADVANCED_FACE('256606',(#6153),#6147,.T.);
#6155=CARTESIAN_POINT('',(-7.275E0,-7.500019347395E-2,-1.601114723061E0));
#6156=DIRECTION('',(-1.E0,0.E0,0.E0));
#6157=DIRECTION('',(0.E0,0.E0,1.E0));
#6158=AXIS2_PLACEMENT_3D('',#6155,#6156,#6157);
#6159=PLANE('256592',#6158);
#6160=ORIENTED_EDGE('257417',*,*,#3681,.T.);
#6162=ORIENTED_EDGE('257424',*,*,#6161,.F.);
#6164=ORIENTED_EDGE('256994',*,*,#6163,.F.);
#6166=ORIENTED_EDGE('256997',*,*,#6165,.F.);
#6168=ORIENTED_EDGE('256996',*,*,#6167,.F.);
#6169=ORIENTED_EDGE('257427',*,*,#3799,.F.);
#6170=EDGE_LOOP('256592',(#6160,#6162,#6164,#6166,#6168,#6169));
#6171=FACE_OUTER_BOUND('256592',#6170,.F.);
#6172=ADVANCED_FACE('256592',(#6171),#6159,.F.);
#6173=CARTESIAN_POINT('',(-7.275E0,-7.500019347395E-2,-1.601114723061E0));
#6174=DIRECTION('',(-1.E0,0.E0,0.E0));
#6175=DIRECTION('',(0.E0,0.E0,1.E0));
#6176=AXIS2_PLACEMENT_3D('',#6173,#6174,#6175);
#6177=PLANE('256592',#6176);
#6178=ORIENTED_EDGE('257420',*,*,#4202,.T.);
#6180=ORIENTED_EDGE('257426',*,*,#6179,.T.);
#6182=ORIENTED_EDGE('256995',*,*,#6181,.T.);
#6184=ORIENTED_EDGE('257425',*,*,#6183,.T.);
#6185=EDGE_LOOP('256592',(#6178,#6180,#6182,#6184));
#6186=FACE_OUTER_BOUND('256592',#6185,.F.);
#6187=ADVANCED_FACE('256592',(#6186),#6177,.F.);
#6188=CARTESIAN_POINT('',(-7.5E0,4.999980652601E-2,-2.2E0));
#6189=DIRECTION('',(0.E0,0.E0,-1.E0));
#6190=DIRECTION('',(0.E0,1.E0,0.E0));
#6191=AXIS2_PLACEMENT_3D('',#6188,#6189,#6190);
#6192=PLANE('256594',#6191);
#6193=ORIENTED_EDGE('257418',*,*,#3679,.F.);
#6195=ORIENTED_EDGE('257428',*,*,#6194,.T.);
#6197=ORIENTED_EDGE('256998',*,*,#6196,.T.);
#6198=ORIENTED_EDGE('257424',*,*,#6161,.T.);
#6199=EDGE_LOOP('256594',(#6193,#6195,#6197,#6198));
#6200=FACE_OUTER_BOUND('256594',#6199,.F.);
#6201=ADVANCED_FACE('256594',(#6200),#6192,.F.);
#6202=CARTESIAN_POINT('',(-7.725E0,-7.500019347395E-2,-1.601114723064E0));
#6203=DIRECTION('',(-1.E0,0.E0,0.E0));
#6204=DIRECTION('',(0.E0,0.E0,-1.E0));
#6205=AXIS2_PLACEMENT_3D('',#6202,#6203,#6204);
#6206=PLANE('256600',#6205);
#6207=ORIENTED_EDGE('257419',*,*,#3677,.F.);
#6208=ORIENTED_EDGE('257431',*,*,#3803,.F.);
#6210=ORIENTED_EDGE('257006',*,*,#6209,.F.);
#6212=ORIENTED_EDGE('257007',*,*,#6211,.F.);
#6214=ORIENTED_EDGE('256999',*,*,#6213,.F.);
#6215=ORIENTED_EDGE('257428',*,*,#6194,.F.);
#6216=EDGE_LOOP('256600',(#6207,#6208,#6210,#6212,#6214,#6215));
#6217=FACE_OUTER_BOUND('256600',#6216,.F.);
#6218=ADVANCED_FACE('256600',(#6217),#6206,.T.);
#6219=CARTESIAN_POINT('',(-7.725E0,-7.500019347395E-2,-1.601114723064E0));
#6220=DIRECTION('',(-1.E0,0.E0,0.E0));
#6221=DIRECTION('',(0.E0,0.E0,-1.E0));
#6222=AXIS2_PLACEMENT_3D('',#6219,#6220,#6221);
#6223=PLANE('256600',#6222);
#6224=ORIENTED_EDGE('257423',*,*,#4206,.F.);
#6226=ORIENTED_EDGE('257429',*,*,#6225,.T.);
#6228=ORIENTED_EDGE('257003',*,*,#6227,.T.);
#6230=ORIENTED_EDGE('257430',*,*,#6229,.T.);
#6231=EDGE_LOOP('256600',(#6224,#6226,#6228,#6230));
#6232=FACE_OUTER_BOUND('256600',#6231,.F.);
#6233=ADVANCED_FACE('256600',(#6232),#6223,.T.);
#6234=CARTESIAN_POINT('',(-7.5E0,7.999996130517E-1,-4.25E0));
#6235=DIRECTION('',(0.E0,1.E0,0.E0));
#6236=DIRECTION('',(0.E0,0.E0,1.E0));
#6237=AXIS2_PLACEMENT_3D('',#6234,#6235,#6236);
#6238=PLANE('256598',#6237);
#6239=ORIENTED_EDGE('256996',*,*,#6167,.T.);
#6241=ORIENTED_EDGE('257005',*,*,#6240,.F.);
#6242=ORIENTED_EDGE('257006',*,*,#6209,.T.);
#6243=ORIENTED_EDGE('257004',*,*,#3801,.T.);
#6244=EDGE_LOOP('256598',(#6239,#6241,#6242,#6243));
#6245=FACE_OUTER_BOUND('256598',#6244,.F.);
#6246=ADVANCED_FACE('256598',(#6245),#6238,.F.);
#6247=CARTESIAN_POINT('',(-7.5E0,9.249996130518E-1,-6.05E0));
#6248=DIRECTION('',(0.E0,0.E0,-1.E0));
#6249=DIRECTION('',(0.E0,-1.E0,0.E0));
#6250=AXIS2_PLACEMENT_3D('',#6247,#6248,#6249);
#6251=PLANE('256599',#6250);
#6252=ORIENTED_EDGE('256997',*,*,#6165,.T.);
#6254=ORIENTED_EDGE('257000',*,*,#6253,.T.);
#6255=ORIENTED_EDGE('257007',*,*,#6211,.T.);
#6256=ORIENTED_EDGE('257005',*,*,#6240,.T.);
#6257=EDGE_LOOP('256599',(#6252,#6254,#6255,#6256));
#6258=FACE_OUTER_BOUND('256599',#6257,.F.);
#6259=ADVANCED_FACE('256599',(#6258),#6251,.T.);
#6260=CARTESIAN_POINT('',(-7.5E0,1.049999613052E0,-4.125E0));
#6261=DIRECTION('',(0.E0,1.E0,0.E0));
#6262=DIRECTION('',(0.E0,0.E0,-1.E0));
#6263=AXIS2_PLACEMENT_3D('',#6260,#6261,#6262);
#6264=PLANE('256593',#6263);
#6265=ORIENTED_EDGE('256994',*,*,#6163,.T.);
#6266=ORIENTED_EDGE('256998',*,*,#6196,.F.);
#6267=ORIENTED_EDGE('256999',*,*,#6213,.T.);
#6268=ORIENTED_EDGE('257000',*,*,#6253,.F.);
#6269=EDGE_LOOP('256593',(#6265,#6266,#6267,#6268));
#6270=FACE_OUTER_BOUND('256593',#6269,.F.);
#6271=ADVANCED_FACE('256593',(#6270),#6264,.T.);
#6272=CARTESIAN_POINT('',(-7.5E0,8.238085532088E-2,1.521007189508E0));
#6273=DIRECTION('',(0.E0,9.233055025502E-1,3.840663340628E-1));
#6274=DIRECTION('',(0.E0,-3.840663340628E-1,9.233055025502E-1));
#6275=AXIS2_PLACEMENT_3D('',#6272,#6273,#6274);
#6276=PLANE('256595',#6275);
#6277=ORIENTED_EDGE('257422',*,*,#4204,.T.);
#6278=ORIENTED_EDGE('257425',*,*,#6183,.F.);
#6280=ORIENTED_EDGE('257001',*,*,#6279,.F.);
#6281=ORIENTED_EDGE('257429',*,*,#6225,.F.);
#6282=EDGE_LOOP('256595',(#6277,#6278,#6280,#6281));
#6283=FACE_OUTER_BOUND('256595',#6282,.F.);
#6284=ADVANCED_FACE('256595',(#6283),#6276,.F.);
#6285=CARTESIAN_POINT('',(-7.5E0,6.181115239011E-1,5.486247612927E-1));
#6286=DIRECTION('',(0.E0,7.808198804470E-1,-6.247562038898E-1));
#6287=DIRECTION('',(0.E0,-6.247562038898E-1,-7.808198804470E-1));
#6288=AXIS2_PLACEMENT_3D('',#6285,#6286,#6287);
#6289=PLANE('256596',#6288);
#6290=ORIENTED_EDGE('256995',*,*,#6181,.F.);
#6292=ORIENTED_EDGE('257002',*,*,#6291,.F.);
#6293=ORIENTED_EDGE('257003',*,*,#6227,.F.);
#6294=ORIENTED_EDGE('257001',*,*,#6279,.T.);
#6295=EDGE_LOOP('256596',(#6290,#6292,#6293,#6294));
#6296=FACE_OUTER_BOUND('256596',#6295,.F.);
#6297=ADVANCED_FACE('256596',(#6296),#6289,.T.);
#6298=CARTESIAN_POINT('',(-7.5E0,2.530173178130E-1,1.752161209975E0));
#6299=DIRECTION('',(0.E0,9.245840358476E-1,3.809781629644E-1));
#6300=DIRECTION('',(0.E0,3.809781629644E-1,-9.245840358476E-1));
#6301=AXIS2_PLACEMENT_3D('',#6298,#6299,#6300);
#6302=PLANE('256597',#6301);
#6303=ORIENTED_EDGE('257421',*,*,#4208,.T.);
#6304=ORIENTED_EDGE('257430',*,*,#6229,.F.);
#6305=ORIENTED_EDGE('257002',*,*,#6291,.T.);
#6306=ORIENTED_EDGE('257426',*,*,#6179,.F.);
#6307=EDGE_LOOP('256597',(#6303,#6304,#6305,#6306));
#6308=FACE_OUTER_BOUND('256597',#6307,.F.);
#6309=ADVANCED_FACE('256597',(#6308),#6302,.T.);
#6310=CARTESIAN_POINT('',(-5.275E0,-7.500019347395E-2,-1.601114723061E0));
#6311=DIRECTION('',(-1.E0,0.E0,0.E0));
#6312=DIRECTION('',(0.E0,0.E0,1.E0));
#6313=AXIS2_PLACEMENT_3D('',#6310,#6311,#6312);
#6314=PLANE('256583',#6313);
#6315=ORIENTED_EDGE('257401',*,*,#3689,.T.);
#6317=ORIENTED_EDGE('257408',*,*,#6316,.F.);
#6319=ORIENTED_EDGE('256980',*,*,#6318,.F.);
#6321=ORIENTED_EDGE('256983',*,*,#6320,.F.);
#6323=ORIENTED_EDGE('256982',*,*,#6322,.F.);
#6324=ORIENTED_EDGE('257411',*,*,#3792,.F.);
#6325=EDGE_LOOP('256583',(#6315,#6317,#6319,#6321,#6323,#6324));
#6326=FACE_OUTER_BOUND('256583',#6325,.F.);
#6327=ADVANCED_FACE('256583',(#6326),#6314,.F.);
#6328=CARTESIAN_POINT('',(-5.275E0,-7.500019347395E-2,-1.601114723061E0));
#6329=DIRECTION('',(-1.E0,0.E0,0.E0));
#6330=DIRECTION('',(0.E0,0.E0,1.E0));
#6331=AXIS2_PLACEMENT_3D('',#6328,#6329,#6330);
#6332=PLANE('256583',#6331);
#6333=ORIENTED_EDGE('257404',*,*,#4212,.T.);
#6335=ORIENTED_EDGE('257410',*,*,#6334,.T.);
#6337=ORIENTED_EDGE('256981',*,*,#6336,.T.);
#6339=ORIENTED_EDGE('257409',*,*,#6338,.T.);
#6340=EDGE_LOOP('256583',(#6333,#6335,#6337,#6339));
#6341=FACE_OUTER_BOUND('256583',#6340,.F.);
#6342=ADVANCED_FACE('256583',(#6341),#6332,.F.);
#6343=CARTESIAN_POINT('',(-5.5E0,4.999980652601E-2,-2.2E0));
#6344=DIRECTION('',(0.E0,0.E0,-1.E0));
#6345=DIRECTION('',(0.E0,1.E0,0.E0));
#6346=AXIS2_PLACEMENT_3D('',#6343,#6344,#6345);
#6347=PLANE('256585',#6346);
#6348=ORIENTED_EDGE('257402',*,*,#3687,.F.);
#6350=ORIENTED_EDGE('257412',*,*,#6349,.T.);
#6352=ORIENTED_EDGE('256984',*,*,#6351,.T.);
#6353=ORIENTED_EDGE('257408',*,*,#6316,.T.);
#6354=EDGE_LOOP('256585',(#6348,#6350,#6352,#6353));
#6355=FACE_OUTER_BOUND('256585',#6354,.F.);
#6356=ADVANCED_FACE('256585',(#6355),#6347,.F.);
#6357=CARTESIAN_POINT('',(-5.725E0,-7.500019347395E-2,-1.601114723064E0));
#6358=DIRECTION('',(-1.E0,0.E0,0.E0));
#6359=DIRECTION('',(0.E0,0.E0,-1.E0));
#6360=AXIS2_PLACEMENT_3D('',#6357,#6358,#6359);
#6361=PLANE('256591',#6360);
#6362=ORIENTED_EDGE('257403',*,*,#3685,.F.);
#6363=ORIENTED_EDGE('257415',*,*,#3796,.F.);
#6365=ORIENTED_EDGE('256992',*,*,#6364,.F.);
#6367=ORIENTED_EDGE('256993',*,*,#6366,.F.);
#6369=ORIENTED_EDGE('256985',*,*,#6368,.F.);
#6370=ORIENTED_EDGE('257412',*,*,#6349,.F.);
#6371=EDGE_LOOP('256591',(#6362,#6363,#6365,#6367,#6369,#6370));
#6372=FACE_OUTER_BOUND('256591',#6371,.F.);
#6373=ADVANCED_FACE('256591',(#6372),#6361,.T.);
#6374=CARTESIAN_POINT('',(-5.725E0,-7.500019347395E-2,-1.601114723064E0));
#6375=DIRECTION('',(-1.E0,0.E0,0.E0));
#6376=DIRECTION('',(0.E0,0.E0,-1.E0));
#6377=AXIS2_PLACEMENT_3D('',#6374,#6375,#6376);
#6378=PLANE('256591',#6377);
#6379=ORIENTED_EDGE('257407',*,*,#4216,.F.);
#6381=ORIENTED_EDGE('257413',*,*,#6380,.T.);
#6383=ORIENTED_EDGE('256989',*,*,#6382,.T.);
#6385=ORIENTED_EDGE('257414',*,*,#6384,.T.);
#6386=EDGE_LOOP('256591',(#6379,#6381,#6383,#6385));
#6387=FACE_OUTER_BOUND('256591',#6386,.F.);
#6388=ADVANCED_FACE('256591',(#6387),#6378,.T.);
#6389=CARTESIAN_POINT('',(-5.5E0,7.999996130517E-1,-4.25E0));
#6390=DIRECTION('',(0.E0,1.E0,0.E0));
#6391=DIRECTION('',(0.E0,0.E0,1.E0));
#6392=AXIS2_PLACEMENT_3D('',#6389,#6390,#6391);
#6393=PLANE('256589',#6392);
#6394=ORIENTED_EDGE('256982',*,*,#6322,.T.);
#6396=ORIENTED_EDGE('256991',*,*,#6395,.F.);
#6397=ORIENTED_EDGE('256992',*,*,#6364,.T.);
#6398=ORIENTED_EDGE('256990',*,*,#3794,.T.);
#6399=EDGE_LOOP('256589',(#6394,#6396,#6397,#6398));
#6400=FACE_OUTER_BOUND('256589',#6399,.F.);
#6401=ADVANCED_FACE('256589',(#6400),#6393,.F.);
#6402=CARTESIAN_POINT('',(-5.5E0,9.249996130518E-1,-6.05E0));
#6403=DIRECTION('',(0.E0,0.E0,-1.E0));
#6404=DIRECTION('',(0.E0,-1.E0,0.E0));
#6405=AXIS2_PLACEMENT_3D('',#6402,#6403,#6404);
#6406=PLANE('256590',#6405);
#6407=ORIENTED_EDGE('256983',*,*,#6320,.T.);
#6409=ORIENTED_EDGE('256986',*,*,#6408,.T.);
#6410=ORIENTED_EDGE('256993',*,*,#6366,.T.);
#6411=ORIENTED_EDGE('256991',*,*,#6395,.T.);
#6412=EDGE_LOOP('256590',(#6407,#6409,#6410,#6411));
#6413=FACE_OUTER_BOUND('256590',#6412,.F.);
#6414=ADVANCED_FACE('256590',(#6413),#6406,.T.);
#6415=CARTESIAN_POINT('',(-5.5E0,1.049999613052E0,-4.125E0));
#6416=DIRECTION('',(0.E0,1.E0,0.E0));
#6417=DIRECTION('',(0.E0,0.E0,-1.E0));
#6418=AXIS2_PLACEMENT_3D('',#6415,#6416,#6417);
#6419=PLANE('256584',#6418);
#6420=ORIENTED_EDGE('256980',*,*,#6318,.T.);
#6421=ORIENTED_EDGE('256984',*,*,#6351,.F.);
#6422=ORIENTED_EDGE('256985',*,*,#6368,.T.);
#6423=ORIENTED_EDGE('256986',*,*,#6408,.F.);
#6424=EDGE_LOOP('256584',(#6420,#6421,#6422,#6423));
#6425=FACE_OUTER_BOUND('256584',#6424,.F.);
#6426=ADVANCED_FACE('256584',(#6425),#6419,.T.);
#6427=CARTESIAN_POINT('',(-5.5E0,8.238085532088E-2,1.521007189508E0));
#6428=DIRECTION('',(0.E0,9.233055025502E-1,3.840663340628E-1));
#6429=DIRECTION('',(0.E0,-3.840663340628E-1,9.233055025502E-1));
#6430=AXIS2_PLACEMENT_3D('',#6427,#6428,#6429);
#6431=PLANE('256586',#6430);
#6432=ORIENTED_EDGE('257406',*,*,#4214,.T.);
#6433=ORIENTED_EDGE('257409',*,*,#6338,.F.);
#6435=ORIENTED_EDGE('256987',*,*,#6434,.F.);
#6436=ORIENTED_EDGE('257413',*,*,#6380,.F.);
#6437=EDGE_LOOP('256586',(#6432,#6433,#6435,#6436));
#6438=FACE_OUTER_BOUND('256586',#6437,.F.);
#6439=ADVANCED_FACE('256586',(#6438),#6431,.F.);
#6440=CARTESIAN_POINT('',(-5.5E0,6.181115239011E-1,5.486247612927E-1));
#6441=DIRECTION('',(0.E0,7.808198804470E-1,-6.247562038898E-1));
#6442=DIRECTION('',(0.E0,-6.247562038898E-1,-7.808198804470E-1));
#6443=AXIS2_PLACEMENT_3D('',#6440,#6441,#6442);
#6444=PLANE('256587',#6443);
#6445=ORIENTED_EDGE('256981',*,*,#6336,.F.);
#6447=ORIENTED_EDGE('256988',*,*,#6446,.F.);
#6448=ORIENTED_EDGE('256989',*,*,#6382,.F.);
#6449=ORIENTED_EDGE('256987',*,*,#6434,.T.);
#6450=EDGE_LOOP('256587',(#6445,#6447,#6448,#6449));
#6451=FACE_OUTER_BOUND('256587',#6450,.F.);
#6452=ADVANCED_FACE('256587',(#6451),#6444,.T.);
#6453=CARTESIAN_POINT('',(-5.5E0,2.530173178130E-1,1.752161209975E0));
#6454=DIRECTION('',(0.E0,9.245840358476E-1,3.809781629644E-1));
#6455=DIRECTION('',(0.E0,3.809781629644E-1,-9.245840358476E-1));
#6456=AXIS2_PLACEMENT_3D('',#6453,#6454,#6455);
#6457=PLANE('256588',#6456);
#6458=ORIENTED_EDGE('257405',*,*,#4218,.T.);
#6459=ORIENTED_EDGE('257414',*,*,#6384,.F.);
#6460=ORIENTED_EDGE('256988',*,*,#6446,.T.);
#6461=ORIENTED_EDGE('257410',*,*,#6334,.F.);
#6462=EDGE_LOOP('256588',(#6458,#6459,#6460,#6461));
#6463=FACE_OUTER_BOUND('256588',#6462,.F.);
#6464=ADVANCED_FACE('256588',(#6463),#6457,.T.);
#6465=CARTESIAN_POINT('',(-3.275E0,-7.500019347395E-2,-1.601114723061E0));
#6466=DIRECTION('',(-1.E0,0.E0,0.E0));
#6467=DIRECTION('',(0.E0,0.E0,1.E0));
#6468=AXIS2_PLACEMENT_3D('',#6465,#6466,#6467);
#6469=PLANE('256574',#6468);
#6470=ORIENTED_EDGE('257385',*,*,#3697,.T.);
#6472=ORIENTED_EDGE('257392',*,*,#6471,.F.);
#6474=ORIENTED_EDGE('256966',*,*,#6473,.F.);
#6476=ORIENTED_EDGE('256969',*,*,#6475,.F.);
#6478=ORIENTED_EDGE('256968',*,*,#6477,.F.);
#6479=ORIENTED_EDGE('257395',*,*,#3785,.F.);
#6480=EDGE_LOOP('256574',(#6470,#6472,#6474,#6476,#6478,#6479));
#6481=FACE_OUTER_BOUND('256574',#6480,.F.);
#6482=ADVANCED_FACE('256574',(#6481),#6469,.F.);
#6483=CARTESIAN_POINT('',(-3.275E0,-7.500019347395E-2,-1.601114723061E0));
#6484=DIRECTION('',(-1.E0,0.E0,0.E0));
#6485=DIRECTION('',(0.E0,0.E0,1.E0));
#6486=AXIS2_PLACEMENT_3D('',#6483,#6484,#6485);
#6487=PLANE('256574',#6486);
#6488=ORIENTED_EDGE('257388',*,*,#4222,.T.);
#6490=ORIENTED_EDGE('257394',*,*,#6489,.T.);
#6492=ORIENTED_EDGE('256967',*,*,#6491,.T.);
#6494=ORIENTED_EDGE('257393',*,*,#6493,.T.);
#6495=EDGE_LOOP('256574',(#6488,#6490,#6492,#6494));
#6496=FACE_OUTER_BOUND('256574',#6495,.F.);
#6497=ADVANCED_FACE('256574',(#6496),#6487,.F.);
#6498=CARTESIAN_POINT('',(-3.5E0,4.999980652601E-2,-2.2E0));
#6499=DIRECTION('',(0.E0,0.E0,-1.E0));
#6500=DIRECTION('',(0.E0,1.E0,0.E0));
#6501=AXIS2_PLACEMENT_3D('',#6498,#6499,#6500);
#6502=PLANE('256576',#6501);
#6503=ORIENTED_EDGE('257386',*,*,#3695,.F.);
#6505=ORIENTED_EDGE('257396',*,*,#6504,.T.);
#6507=ORIENTED_EDGE('256970',*,*,#6506,.T.);
#6508=ORIENTED_EDGE('257392',*,*,#6471,.T.);
#6509=EDGE_LOOP('256576',(#6503,#6505,#6507,#6508));
#6510=FACE_OUTER_BOUND('256576',#6509,.F.);
#6511=ADVANCED_FACE('256576',(#6510),#6502,.F.);
#6512=CARTESIAN_POINT('',(-3.725E0,-7.500019347395E-2,-1.601114723064E0));
#6513=DIRECTION('',(-1.E0,0.E0,0.E0));
#6514=DIRECTION('',(0.E0,0.E0,-1.E0));
#6515=AXIS2_PLACEMENT_3D('',#6512,#6513,#6514);
#6516=PLANE('256582',#6515);
#6517=ORIENTED_EDGE('257387',*,*,#3693,.F.);
#6518=ORIENTED_EDGE('257399',*,*,#3789,.F.);
#6520=ORIENTED_EDGE('256978',*,*,#6519,.F.);
#6522=ORIENTED_EDGE('256979',*,*,#6521,.F.);
#6524=ORIENTED_EDGE('256971',*,*,#6523,.F.);
#6525=ORIENTED_EDGE('257396',*,*,#6504,.F.);
#6526=EDGE_LOOP('256582',(#6517,#6518,#6520,#6522,#6524,#6525));
#6527=FACE_OUTER_BOUND('256582',#6526,.F.);
#6528=ADVANCED_FACE('256582',(#6527),#6516,.T.);
#6529=CARTESIAN_POINT('',(-3.725E0,-7.500019347395E-2,-1.601114723064E0));
#6530=DIRECTION('',(-1.E0,0.E0,0.E0));
#6531=DIRECTION('',(0.E0,0.E0,-1.E0));
#6532=AXIS2_PLACEMENT_3D('',#6529,#6530,#6531);
#6533=PLANE('256582',#6532);
#6534=ORIENTED_EDGE('257391',*,*,#4226,.F.);
#6536=ORIENTED_EDGE('257397',*,*,#6535,.T.);
#6538=ORIENTED_EDGE('256975',*,*,#6537,.T.);
#6540=ORIENTED_EDGE('257398',*,*,#6539,.T.);
#6541=EDGE_LOOP('256582',(#6534,#6536,#6538,#6540));
#6542=FACE_OUTER_BOUND('256582',#6541,.F.);
#6543=ADVANCED_FACE('256582',(#6542),#6533,.T.);
#6544=CARTESIAN_POINT('',(-3.5E0,7.999996130517E-1,-4.25E0));
#6545=DIRECTION('',(0.E0,1.E0,0.E0));
#6546=DIRECTION('',(0.E0,0.E0,1.E0));
#6547=AXIS2_PLACEMENT_3D('',#6544,#6545,#6546);
#6548=PLANE('256580',#6547);
#6549=ORIENTED_EDGE('256968',*,*,#6477,.T.);
#6551=ORIENTED_EDGE('256977',*,*,#6550,.F.);
#6552=ORIENTED_EDGE('256978',*,*,#6519,.T.);
#6553=ORIENTED_EDGE('256976',*,*,#3787,.T.);
#6554=EDGE_LOOP('256580',(#6549,#6551,#6552,#6553));
#6555=FACE_OUTER_BOUND('256580',#6554,.F.);
#6556=ADVANCED_FACE('256580',(#6555),#6548,.F.);
#6557=CARTESIAN_POINT('',(-3.5E0,9.249996130518E-1,-6.05E0));
#6558=DIRECTION('',(0.E0,0.E0,-1.E0));
#6559=DIRECTION('',(0.E0,-1.E0,0.E0));
#6560=AXIS2_PLACEMENT_3D('',#6557,#6558,#6559);
#6561=PLANE('256581',#6560);
#6562=ORIENTED_EDGE('256969',*,*,#6475,.T.);
#6564=ORIENTED_EDGE('256972',*,*,#6563,.T.);
#6565=ORIENTED_EDGE('256979',*,*,#6521,.T.);
#6566=ORIENTED_EDGE('256977',*,*,#6550,.T.);
#6567=EDGE_LOOP('256581',(#6562,#6564,#6565,#6566));
#6568=FACE_OUTER_BOUND('256581',#6567,.F.);
#6569=ADVANCED_FACE('256581',(#6568),#6561,.T.);
#6570=CARTESIAN_POINT('',(-3.5E0,1.049999613052E0,-4.125E0));
#6571=DIRECTION('',(0.E0,1.E0,0.E0));
#6572=DIRECTION('',(0.E0,0.E0,-1.E0));
#6573=AXIS2_PLACEMENT_3D('',#6570,#6571,#6572);
#6574=PLANE('256575',#6573);
#6575=ORIENTED_EDGE('256966',*,*,#6473,.T.);
#6576=ORIENTED_EDGE('256970',*,*,#6506,.F.);
#6577=ORIENTED_EDGE('256971',*,*,#6523,.T.);
#6578=ORIENTED_EDGE('256972',*,*,#6563,.F.);
#6579=EDGE_LOOP('256575',(#6575,#6576,#6577,#6578));
#6580=FACE_OUTER_BOUND('256575',#6579,.F.);
#6581=ADVANCED_FACE('256575',(#6580),#6574,.T.);
#6582=CARTESIAN_POINT('',(-3.5E0,8.238085532088E-2,1.521007189508E0));
#6583=DIRECTION('',(0.E0,9.233055025502E-1,3.840663340628E-1));
#6584=DIRECTION('',(0.E0,-3.840663340628E-1,9.233055025502E-1));
#6585=AXIS2_PLACEMENT_3D('',#6582,#6583,#6584);
#6586=PLANE('256577',#6585);
#6587=ORIENTED_EDGE('257390',*,*,#4224,.T.);
#6588=ORIENTED_EDGE('257393',*,*,#6493,.F.);
#6590=ORIENTED_EDGE('256973',*,*,#6589,.F.);
#6591=ORIENTED_EDGE('257397',*,*,#6535,.F.);
#6592=EDGE_LOOP('256577',(#6587,#6588,#6590,#6591));
#6593=FACE_OUTER_BOUND('256577',#6592,.F.);
#6594=ADVANCED_FACE('256577',(#6593),#6586,.F.);
#6595=CARTESIAN_POINT('',(-3.5E0,6.181115239011E-1,5.486247612927E-1));
#6596=DIRECTION('',(0.E0,7.808198804470E-1,-6.247562038898E-1));
#6597=DIRECTION('',(0.E0,-6.247562038898E-1,-7.808198804470E-1));
#6598=AXIS2_PLACEMENT_3D('',#6595,#6596,#6597);
#6599=PLANE('256578',#6598);
#6600=ORIENTED_EDGE('256967',*,*,#6491,.F.);
#6602=ORIENTED_EDGE('256974',*,*,#6601,.F.);
#6603=ORIENTED_EDGE('256975',*,*,#6537,.F.);
#6604=ORIENTED_EDGE('256973',*,*,#6589,.T.);
#6605=EDGE_LOOP('256578',(#6600,#6602,#6603,#6604));
#6606=FACE_OUTER_BOUND('256578',#6605,.F.);
#6607=ADVANCED_FACE('256578',(#6606),#6599,.T.);
#6608=CARTESIAN_POINT('',(-3.5E0,2.530173178130E-1,1.752161209975E0));
#6609=DIRECTION('',(0.E0,9.245840358476E-1,3.809781629644E-1));
#6610=DIRECTION('',(0.E0,3.809781629644E-1,-9.245840358476E-1));
#6611=AXIS2_PLACEMENT_3D('',#6608,#6609,#6610);
#6612=PLANE('256579',#6611);
#6613=ORIENTED_EDGE('257389',*,*,#4228,.T.);
#6614=ORIENTED_EDGE('257398',*,*,#6539,.F.);
#6615=ORIENTED_EDGE('256974',*,*,#6601,.T.);
#6616=ORIENTED_EDGE('257394',*,*,#6489,.F.);
#6617=EDGE_LOOP('256579',(#6613,#6614,#6615,#6616));
#6618=FACE_OUTER_BOUND('256579',#6617,.F.);
#6619=ADVANCED_FACE('256579',(#6618),#6612,.T.);
#6620=CARTESIAN_POINT('',(-1.275E0,-7.500019347395E-2,-1.601114723061E0));
#6621=DIRECTION('',(-1.E0,0.E0,0.E0));
#6622=DIRECTION('',(0.E0,0.E0,1.E0));
#6623=AXIS2_PLACEMENT_3D('',#6620,#6621,#6622);
#6624=PLANE('256565',#6623);
#6625=ORIENTED_EDGE('257369',*,*,#3705,.T.);
#6627=ORIENTED_EDGE('257376',*,*,#6626,.F.);
#6629=ORIENTED_EDGE('256952',*,*,#6628,.F.);
#6631=ORIENTED_EDGE('256955',*,*,#6630,.F.);
#6633=ORIENTED_EDGE('256954',*,*,#6632,.F.);
#6634=ORIENTED_EDGE('257379',*,*,#3778,.F.);
#6635=EDGE_LOOP('256565',(#6625,#6627,#6629,#6631,#6633,#6634));
#6636=FACE_OUTER_BOUND('256565',#6635,.F.);
#6637=ADVANCED_FACE('256565',(#6636),#6624,.F.);
#6638=CARTESIAN_POINT('',(-1.275E0,-7.500019347395E-2,-1.601114723061E0));
#6639=DIRECTION('',(-1.E0,0.E0,0.E0));
#6640=DIRECTION('',(0.E0,0.E0,1.E0));
#6641=AXIS2_PLACEMENT_3D('',#6638,#6639,#6640);
#6642=PLANE('256565',#6641);
#6643=ORIENTED_EDGE('257372',*,*,#4232,.T.);
#6645=ORIENTED_EDGE('257378',*,*,#6644,.T.);
#6647=ORIENTED_EDGE('256953',*,*,#6646,.T.);
#6649=ORIENTED_EDGE('257377',*,*,#6648,.T.);
#6650=EDGE_LOOP('256565',(#6643,#6645,#6647,#6649));
#6651=FACE_OUTER_BOUND('256565',#6650,.F.);
#6652=ADVANCED_FACE('256565',(#6651),#6642,.F.);
#6653=CARTESIAN_POINT('',(-1.5E0,4.999980652601E-2,-2.2E0));
#6654=DIRECTION('',(0.E0,0.E0,-1.E0));
#6655=DIRECTION('',(0.E0,1.E0,0.E0));
#6656=AXIS2_PLACEMENT_3D('',#6653,#6654,#6655);
#6657=PLANE('256567',#6656);
#6658=ORIENTED_EDGE('257370',*,*,#3703,.F.);
#6660=ORIENTED_EDGE('257380',*,*,#6659,.T.);
#6662=ORIENTED_EDGE('256956',*,*,#6661,.T.);
#6663=ORIENTED_EDGE('257376',*,*,#6626,.T.);
#6664=EDGE_LOOP('256567',(#6658,#6660,#6662,#6663));
#6665=FACE_OUTER_BOUND('256567',#6664,.F.);
#6666=ADVANCED_FACE('256567',(#6665),#6657,.F.);
#6667=CARTESIAN_POINT('',(-1.725E0,-7.500019347395E-2,-1.601114723064E0));
#6668=DIRECTION('',(-1.E0,0.E0,0.E0));
#6669=DIRECTION('',(0.E0,0.E0,-1.E0));
#6670=AXIS2_PLACEMENT_3D('',#6667,#6668,#6669);
#6671=PLANE('256573',#6670);
#6672=ORIENTED_EDGE('257371',*,*,#3701,.F.);
#6673=ORIENTED_EDGE('257383',*,*,#3782,.F.);
#6675=ORIENTED_EDGE('256964',*,*,#6674,.F.);
#6677=ORIENTED_EDGE('256965',*,*,#6676,.F.);
#6679=ORIENTED_EDGE('256957',*,*,#6678,.F.);
#6680=ORIENTED_EDGE('257380',*,*,#6659,.F.);
#6681=EDGE_LOOP('256573',(#6672,#6673,#6675,#6677,#6679,#6680));
#6682=FACE_OUTER_BOUND('256573',#6681,.F.);
#6683=ADVANCED_FACE('256573',(#6682),#6671,.T.);
#6684=CARTESIAN_POINT('',(-1.725E0,-7.500019347395E-2,-1.601114723064E0));
#6685=DIRECTION('',(-1.E0,0.E0,0.E0));
#6686=DIRECTION('',(0.E0,0.E0,-1.E0));
#6687=AXIS2_PLACEMENT_3D('',#6684,#6685,#6686);
#6688=PLANE('256573',#6687);
#6689=ORIENTED_EDGE('257375',*,*,#4236,.F.);
#6691=ORIENTED_EDGE('257381',*,*,#6690,.T.);
#6693=ORIENTED_EDGE('256961',*,*,#6692,.T.);
#6695=ORIENTED_EDGE('257382',*,*,#6694,.T.);
#6696=EDGE_LOOP('256573',(#6689,#6691,#6693,#6695));
#6697=FACE_OUTER_BOUND('256573',#6696,.F.);
#6698=ADVANCED_FACE('256573',(#6697),#6688,.T.);
#6699=CARTESIAN_POINT('',(-1.5E0,7.999996130517E-1,-4.25E0));
#6700=DIRECTION('',(0.E0,1.E0,0.E0));
#6701=DIRECTION('',(0.E0,0.E0,1.E0));
#6702=AXIS2_PLACEMENT_3D('',#6699,#6700,#6701);
#6703=PLANE('256571',#6702);
#6704=ORIENTED_EDGE('256954',*,*,#6632,.T.);
#6706=ORIENTED_EDGE('256963',*,*,#6705,.F.);
#6707=ORIENTED_EDGE('256964',*,*,#6674,.T.);
#6708=ORIENTED_EDGE('256962',*,*,#3780,.T.);
#6709=EDGE_LOOP('256571',(#6704,#6706,#6707,#6708));
#6710=FACE_OUTER_BOUND('256571',#6709,.F.);
#6711=ADVANCED_FACE('256571',(#6710),#6703,.F.);
#6712=CARTESIAN_POINT('',(-1.5E0,9.249996130518E-1,-6.05E0));
#6713=DIRECTION('',(0.E0,0.E0,-1.E0));
#6714=DIRECTION('',(0.E0,-1.E0,0.E0));
#6715=AXIS2_PLACEMENT_3D('',#6712,#6713,#6714);
#6716=PLANE('256572',#6715);
#6717=ORIENTED_EDGE('256955',*,*,#6630,.T.);
#6719=ORIENTED_EDGE('256958',*,*,#6718,.T.);
#6720=ORIENTED_EDGE('256965',*,*,#6676,.T.);
#6721=ORIENTED_EDGE('256963',*,*,#6705,.T.);
#6722=EDGE_LOOP('256572',(#6717,#6719,#6720,#6721));
#6723=FACE_OUTER_BOUND('256572',#6722,.F.);
#6724=ADVANCED_FACE('256572',(#6723),#6716,.T.);
#6725=CARTESIAN_POINT('',(-1.5E0,1.049999613052E0,-4.125E0));
#6726=DIRECTION('',(0.E0,1.E0,0.E0));
#6727=DIRECTION('',(0.E0,0.E0,-1.E0));
#6728=AXIS2_PLACEMENT_3D('',#6725,#6726,#6727);
#6729=PLANE('256566',#6728);
#6730=ORIENTED_EDGE('256952',*,*,#6628,.T.);
#6731=ORIENTED_EDGE('256956',*,*,#6661,.F.);
#6732=ORIENTED_EDGE('256957',*,*,#6678,.T.);
#6733=ORIENTED_EDGE('256958',*,*,#6718,.F.);
#6734=EDGE_LOOP('256566',(#6730,#6731,#6732,#6733));
#6735=FACE_OUTER_BOUND('256566',#6734,.F.);
#6736=ADVANCED_FACE('256566',(#6735),#6729,.T.);
#6737=CARTESIAN_POINT('',(-1.5E0,8.238085532088E-2,1.521007189508E0));
#6738=DIRECTION('',(0.E0,9.233055025502E-1,3.840663340628E-1));
#6739=DIRECTION('',(0.E0,-3.840663340628E-1,9.233055025502E-1));
#6740=AXIS2_PLACEMENT_3D('',#6737,#6738,#6739);
#6741=PLANE('256568',#6740);
#6742=ORIENTED_EDGE('257374',*,*,#4234,.T.);
#6743=ORIENTED_EDGE('257377',*,*,#6648,.F.);
#6745=ORIENTED_EDGE('256959',*,*,#6744,.F.);
#6746=ORIENTED_EDGE('257381',*,*,#6690,.F.);
#6747=EDGE_LOOP('256568',(#6742,#6743,#6745,#6746));
#6748=FACE_OUTER_BOUND('256568',#6747,.F.);
#6749=ADVANCED_FACE('256568',(#6748),#6741,.F.);
#6750=CARTESIAN_POINT('',(-1.5E0,6.181115239011E-1,5.486247612927E-1));
#6751=DIRECTION('',(0.E0,7.808198804470E-1,-6.247562038898E-1));
#6752=DIRECTION('',(0.E0,-6.247562038898E-1,-7.808198804470E-1));
#6753=AXIS2_PLACEMENT_3D('',#6750,#6751,#6752);
#6754=PLANE('256569',#6753);
#6755=ORIENTED_EDGE('256953',*,*,#6646,.F.);
#6757=ORIENTED_EDGE('256960',*,*,#6756,.F.);
#6758=ORIENTED_EDGE('256961',*,*,#6692,.F.);
#6759=ORIENTED_EDGE('256959',*,*,#6744,.T.);
#6760=EDGE_LOOP('256569',(#6755,#6757,#6758,#6759));
#6761=FACE_OUTER_BOUND('256569',#6760,.F.);
#6762=ADVANCED_FACE('256569',(#6761),#6754,.T.);
#6763=CARTESIAN_POINT('',(-1.5E0,2.530173178130E-1,1.752161209975E0));
#6764=DIRECTION('',(0.E0,9.245840358476E-1,3.809781629644E-1));
#6765=DIRECTION('',(0.E0,3.809781629644E-1,-9.245840358476E-1));
#6766=AXIS2_PLACEMENT_3D('',#6763,#6764,#6765);
#6767=PLANE('256570',#6766);
#6768=ORIENTED_EDGE('257373',*,*,#4238,.T.);
#6769=ORIENTED_EDGE('257382',*,*,#6694,.F.);
#6770=ORIENTED_EDGE('256960',*,*,#6756,.T.);
#6771=ORIENTED_EDGE('257378',*,*,#6644,.F.);
#6772=EDGE_LOOP('256570',(#6768,#6769,#6770,#6771));
#6773=FACE_OUTER_BOUND('256570',#6772,.F.);
#6774=ADVANCED_FACE('256570',(#6773),#6767,.T.);
#6775=CARTESIAN_POINT('',(7.25E-1,-7.500019347395E-2,-1.601114723061E0));
#6776=DIRECTION('',(-1.E0,0.E0,0.E0));
#6777=DIRECTION('',(0.E0,0.E0,1.E0));
#6778=AXIS2_PLACEMENT_3D('',#6775,#6776,#6777);
#6779=PLANE('256556',#6778);
#6780=ORIENTED_EDGE('257353',*,*,#3713,.T.);
#6782=ORIENTED_EDGE('257360',*,*,#6781,.F.);
#6784=ORIENTED_EDGE('256938',*,*,#6783,.F.);
#6786=ORIENTED_EDGE('256941',*,*,#6785,.F.);
#6788=ORIENTED_EDGE('256940',*,*,#6787,.F.);
#6789=ORIENTED_EDGE('257363',*,*,#3771,.F.);
#6790=EDGE_LOOP('256556',(#6780,#6782,#6784,#6786,#6788,#6789));
#6791=FACE_OUTER_BOUND('256556',#6790,.F.);
#6792=ADVANCED_FACE('256556',(#6791),#6779,.F.);
#6793=CARTESIAN_POINT('',(7.25E-1,-7.500019347395E-2,-1.601114723061E0));
#6794=DIRECTION('',(-1.E0,0.E0,0.E0));
#6795=DIRECTION('',(0.E0,0.E0,1.E0));
#6796=AXIS2_PLACEMENT_3D('',#6793,#6794,#6795);
#6797=PLANE('256556',#6796);
#6798=ORIENTED_EDGE('257356',*,*,#4242,.T.);
#6800=ORIENTED_EDGE('257362',*,*,#6799,.T.);
#6802=ORIENTED_EDGE('256939',*,*,#6801,.T.);
#6804=ORIENTED_EDGE('257361',*,*,#6803,.T.);
#6805=EDGE_LOOP('256556',(#6798,#6800,#6802,#6804));
#6806=FACE_OUTER_BOUND('256556',#6805,.F.);
#6807=ADVANCED_FACE('256556',(#6806),#6797,.F.);
#6808=CARTESIAN_POINT('',(5.E-1,4.999980652601E-2,-2.2E0));
#6809=DIRECTION('',(0.E0,0.E0,-1.E0));
#6810=DIRECTION('',(0.E0,1.E0,0.E0));
#6811=AXIS2_PLACEMENT_3D('',#6808,#6809,#6810);
#6812=PLANE('256558',#6811);
#6813=ORIENTED_EDGE('257354',*,*,#3711,.F.);
#6815=ORIENTED_EDGE('257364',*,*,#6814,.T.);
#6817=ORIENTED_EDGE('256942',*,*,#6816,.T.);
#6818=ORIENTED_EDGE('257360',*,*,#6781,.T.);
#6819=EDGE_LOOP('256558',(#6813,#6815,#6817,#6818));
#6820=FACE_OUTER_BOUND('256558',#6819,.F.);
#6821=ADVANCED_FACE('256558',(#6820),#6812,.F.);
#6822=CARTESIAN_POINT('',(2.75E-1,-7.500019347395E-2,-1.601114723064E0));
#6823=DIRECTION('',(-1.E0,0.E0,0.E0));
#6824=DIRECTION('',(0.E0,0.E0,-1.E0));
#6825=AXIS2_PLACEMENT_3D('',#6822,#6823,#6824);
#6826=PLANE('256564',#6825);
#6827=ORIENTED_EDGE('257355',*,*,#3709,.F.);
#6828=ORIENTED_EDGE('257367',*,*,#3775,.F.);
#6830=ORIENTED_EDGE('256950',*,*,#6829,.F.);
#6832=ORIENTED_EDGE('256951',*,*,#6831,.F.);
#6834=ORIENTED_EDGE('256943',*,*,#6833,.F.);
#6835=ORIENTED_EDGE('257364',*,*,#6814,.F.);
#6836=EDGE_LOOP('256564',(#6827,#6828,#6830,#6832,#6834,#6835));
#6837=FACE_OUTER_BOUND('256564',#6836,.F.);
#6838=ADVANCED_FACE('256564',(#6837),#6826,.T.);
#6839=CARTESIAN_POINT('',(2.75E-1,-7.500019347395E-2,-1.601114723064E0));
#6840=DIRECTION('',(-1.E0,0.E0,0.E0));
#6841=DIRECTION('',(0.E0,0.E0,-1.E0));
#6842=AXIS2_PLACEMENT_3D('',#6839,#6840,#6841);
#6843=PLANE('256564',#6842);
#6844=ORIENTED_EDGE('257359',*,*,#4246,.F.);
#6846=ORIENTED_EDGE('257365',*,*,#6845,.T.);
#6848=ORIENTED_EDGE('256947',*,*,#6847,.T.);
#6850=ORIENTED_EDGE('257366',*,*,#6849,.T.);
#6851=EDGE_LOOP('256564',(#6844,#6846,#6848,#6850));
#6852=FACE_OUTER_BOUND('256564',#6851,.F.);
#6853=ADVANCED_FACE('256564',(#6852),#6843,.T.);
#6854=CARTESIAN_POINT('',(5.E-1,7.999996130517E-1,-4.25E0));
#6855=DIRECTION('',(0.E0,1.E0,0.E0));
#6856=DIRECTION('',(0.E0,0.E0,1.E0));
#6857=AXIS2_PLACEMENT_3D('',#6854,#6855,#6856);
#6858=PLANE('256562',#6857);
#6859=ORIENTED_EDGE('256940',*,*,#6787,.T.);
#6861=ORIENTED_EDGE('256949',*,*,#6860,.F.);
#6862=ORIENTED_EDGE('256950',*,*,#6829,.T.);
#6863=ORIENTED_EDGE('256948',*,*,#3773,.T.);
#6864=EDGE_LOOP('256562',(#6859,#6861,#6862,#6863));
#6865=FACE_OUTER_BOUND('256562',#6864,.F.);
#6866=ADVANCED_FACE('256562',(#6865),#6858,.F.);
#6867=CARTESIAN_POINT('',(5.E-1,9.249996130518E-1,-6.05E0));
#6868=DIRECTION('',(0.E0,0.E0,-1.E0));
#6869=DIRECTION('',(0.E0,-1.E0,0.E0));
#6870=AXIS2_PLACEMENT_3D('',#6867,#6868,#6869);
#6871=PLANE('256563',#6870);
#6872=ORIENTED_EDGE('256941',*,*,#6785,.T.);
#6874=ORIENTED_EDGE('256944',*,*,#6873,.T.);
#6875=ORIENTED_EDGE('256951',*,*,#6831,.T.);
#6876=ORIENTED_EDGE('256949',*,*,#6860,.T.);
#6877=EDGE_LOOP('256563',(#6872,#6874,#6875,#6876));
#6878=FACE_OUTER_BOUND('256563',#6877,.F.);
#6879=ADVANCED_FACE('256563',(#6878),#6871,.T.);
#6880=CARTESIAN_POINT('',(5.E-1,1.049999613052E0,-4.125E0));
#6881=DIRECTION('',(0.E0,1.E0,0.E0));
#6882=DIRECTION('',(0.E0,0.E0,-1.E0));
#6883=AXIS2_PLACEMENT_3D('',#6880,#6881,#6882);
#6884=PLANE('256557',#6883);
#6885=ORIENTED_EDGE('256938',*,*,#6783,.T.);
#6886=ORIENTED_EDGE('256942',*,*,#6816,.F.);
#6887=ORIENTED_EDGE('256943',*,*,#6833,.T.);
#6888=ORIENTED_EDGE('256944',*,*,#6873,.F.);
#6889=EDGE_LOOP('256557',(#6885,#6886,#6887,#6888));
#6890=FACE_OUTER_BOUND('256557',#6889,.F.);
#6891=ADVANCED_FACE('256557',(#6890),#6884,.T.);
#6892=CARTESIAN_POINT('',(5.E-1,8.238085532088E-2,1.521007189508E0));
#6893=DIRECTION('',(0.E0,9.233055025502E-1,3.840663340628E-1));
#6894=DIRECTION('',(0.E0,-3.840663340628E-1,9.233055025502E-1));
#6895=AXIS2_PLACEMENT_3D('',#6892,#6893,#6894);
#6896=PLANE('256559',#6895);
#6897=ORIENTED_EDGE('257358',*,*,#4244,.T.);
#6898=ORIENTED_EDGE('257361',*,*,#6803,.F.);
#6900=ORIENTED_EDGE('256945',*,*,#6899,.F.);
#6901=ORIENTED_EDGE('257365',*,*,#6845,.F.);
#6902=EDGE_LOOP('256559',(#6897,#6898,#6900,#6901));
#6903=FACE_OUTER_BOUND('256559',#6902,.F.);
#6904=ADVANCED_FACE('256559',(#6903),#6896,.F.);
#6905=CARTESIAN_POINT('',(5.E-1,6.181115239011E-1,5.486247612927E-1));
#6906=DIRECTION('',(0.E0,7.808198804470E-1,-6.247562038898E-1));
#6907=DIRECTION('',(0.E0,-6.247562038898E-1,-7.808198804470E-1));
#6908=AXIS2_PLACEMENT_3D('',#6905,#6906,#6907);
#6909=PLANE('256560',#6908);
#6910=ORIENTED_EDGE('256939',*,*,#6801,.F.);
#6912=ORIENTED_EDGE('256946',*,*,#6911,.F.);
#6913=ORIENTED_EDGE('256947',*,*,#6847,.F.);
#6914=ORIENTED_EDGE('256945',*,*,#6899,.T.);
#6915=EDGE_LOOP('256560',(#6910,#6912,#6913,#6914));
#6916=FACE_OUTER_BOUND('256560',#6915,.F.);
#6917=ADVANCED_FACE('256560',(#6916),#6909,.T.);
#6918=CARTESIAN_POINT('',(5.E-1,2.530173178130E-1,1.752161209975E0));
#6919=DIRECTION('',(0.E0,9.245840358476E-1,3.809781629644E-1));
#6920=DIRECTION('',(0.E0,3.809781629644E-1,-9.245840358476E-1));
#6921=AXIS2_PLACEMENT_3D('',#6918,#6919,#6920);
#6922=PLANE('256561',#6921);
#6923=ORIENTED_EDGE('257357',*,*,#4248,.T.);
#6924=ORIENTED_EDGE('257366',*,*,#6849,.F.);
#6925=ORIENTED_EDGE('256946',*,*,#6911,.T.);
#6926=ORIENTED_EDGE('257362',*,*,#6799,.F.);
#6927=EDGE_LOOP('256561',(#6923,#6924,#6925,#6926));
#6928=FACE_OUTER_BOUND('256561',#6927,.F.);
#6929=ADVANCED_FACE('256561',(#6928),#6922,.T.);
#6930=CARTESIAN_POINT('',(2.725E0,-7.500019347395E-2,-1.601114723061E0));
#6931=DIRECTION('',(-1.E0,0.E0,0.E0));
#6932=DIRECTION('',(0.E0,0.E0,1.E0));
#6933=AXIS2_PLACEMENT_3D('',#6930,#6931,#6932);
#6934=PLANE('256547',#6933);
#6935=ORIENTED_EDGE('257337',*,*,#3721,.T.);
#6937=ORIENTED_EDGE('257344',*,*,#6936,.F.);
#6939=ORIENTED_EDGE('257134',*,*,#6938,.F.);
#6941=ORIENTED_EDGE('257137',*,*,#6940,.F.);
#6943=ORIENTED_EDGE('257136',*,*,#6942,.F.);
#6944=ORIENTED_EDGE('257347',*,*,#3764,.F.);
#6945=EDGE_LOOP('256547',(#6935,#6937,#6939,#6941,#6943,#6944));
#6946=FACE_OUTER_BOUND('256547',#6945,.F.);
#6947=ADVANCED_FACE('256547',(#6946),#6934,.F.);
#6948=CARTESIAN_POINT('',(2.725E0,-7.500019347395E-2,-1.601114723061E0));
#6949=DIRECTION('',(-1.E0,0.E0,0.E0));
#6950=DIRECTION('',(0.E0,0.E0,1.E0));
#6951=AXIS2_PLACEMENT_3D('',#6948,#6949,#6950);
#6952=PLANE('256547',#6951);
#6953=ORIENTED_EDGE('257340',*,*,#4252,.T.);
#6955=ORIENTED_EDGE('257346',*,*,#6954,.T.);
#6957=ORIENTED_EDGE('257135',*,*,#6956,.T.);
#6959=ORIENTED_EDGE('257345',*,*,#6958,.T.);
#6960=EDGE_LOOP('256547',(#6953,#6955,#6957,#6959));
#6961=FACE_OUTER_BOUND('256547',#6960,.F.);
#6962=ADVANCED_FACE('256547',(#6961),#6952,.F.);
#6963=CARTESIAN_POINT('',(2.5E0,4.999980652601E-2,-2.2E0));
#6964=DIRECTION('',(0.E0,0.E0,-1.E0));
#6965=DIRECTION('',(0.E0,1.E0,0.E0));
#6966=AXIS2_PLACEMENT_3D('',#6963,#6964,#6965);
#6967=PLANE('256549',#6966);
#6968=ORIENTED_EDGE('257338',*,*,#3719,.F.);
#6970=ORIENTED_EDGE('257348',*,*,#6969,.T.);
#6972=ORIENTED_EDGE('257138',*,*,#6971,.T.);
#6973=ORIENTED_EDGE('257344',*,*,#6936,.T.);
#6974=EDGE_LOOP('256549',(#6968,#6970,#6972,#6973));
#6975=FACE_OUTER_BOUND('256549',#6974,.F.);
#6976=ADVANCED_FACE('256549',(#6975),#6967,.F.);
#6977=CARTESIAN_POINT('',(2.275E0,-7.500019347395E-2,-1.601114723064E0));
#6978=DIRECTION('',(-1.E0,0.E0,0.E0));
#6979=DIRECTION('',(0.E0,0.E0,-1.E0));
#6980=AXIS2_PLACEMENT_3D('',#6977,#6978,#6979);
#6981=PLANE('256555',#6980);
#6982=ORIENTED_EDGE('257339',*,*,#3717,.F.);
#6983=ORIENTED_EDGE('257351',*,*,#3768,.F.);
#6985=ORIENTED_EDGE('257146',*,*,#6984,.F.);
#6987=ORIENTED_EDGE('257147',*,*,#6986,.F.);
#6989=ORIENTED_EDGE('257139',*,*,#6988,.F.);
#6990=ORIENTED_EDGE('257348',*,*,#6969,.F.);
#6991=EDGE_LOOP('256555',(#6982,#6983,#6985,#6987,#6989,#6990));
#6992=FACE_OUTER_BOUND('256555',#6991,.F.);
#6993=ADVANCED_FACE('256555',(#6992),#6981,.T.);
#6994=CARTESIAN_POINT('',(2.275E0,-7.500019347395E-2,-1.601114723064E0));
#6995=DIRECTION('',(-1.E0,0.E0,0.E0));
#6996=DIRECTION('',(0.E0,0.E0,-1.E0));
#6997=AXIS2_PLACEMENT_3D('',#6994,#6995,#6996);
#6998=PLANE('256555',#6997);
#6999=ORIENTED_EDGE('257343',*,*,#4256,.F.);
#7001=ORIENTED_EDGE('257349',*,*,#7000,.T.);
#7003=ORIENTED_EDGE('257143',*,*,#7002,.T.);
#7005=ORIENTED_EDGE('257350',*,*,#7004,.T.);
#7006=EDGE_LOOP('256555',(#6999,#7001,#7003,#7005));
#7007=FACE_OUTER_BOUND('256555',#7006,.F.);
#7008=ADVANCED_FACE('256555',(#7007),#6998,.T.);
#7009=CARTESIAN_POINT('',(2.5E0,7.999996130517E-1,-4.25E0));
#7010=DIRECTION('',(0.E0,1.E0,0.E0));
#7011=DIRECTION('',(0.E0,0.E0,1.E0));
#7012=AXIS2_PLACEMENT_3D('',#7009,#7010,#7011);
#7013=PLANE('256553',#7012);
#7014=ORIENTED_EDGE('257136',*,*,#6942,.T.);
#7016=ORIENTED_EDGE('257145',*,*,#7015,.F.);
#7017=ORIENTED_EDGE('257146',*,*,#6984,.T.);
#7018=ORIENTED_EDGE('257144',*,*,#3766,.T.);
#7019=EDGE_LOOP('256553',(#7014,#7016,#7017,#7018));
#7020=FACE_OUTER_BOUND('256553',#7019,.F.);
#7021=ADVANCED_FACE('256553',(#7020),#7013,.F.);
#7022=CARTESIAN_POINT('',(2.5E0,9.249996130518E-1,-6.05E0));
#7023=DIRECTION('',(0.E0,0.E0,-1.E0));
#7024=DIRECTION('',(0.E0,-1.E0,0.E0));
#7025=AXIS2_PLACEMENT_3D('',#7022,#7023,#7024);
#7026=PLANE('256554',#7025);
#7027=ORIENTED_EDGE('257137',*,*,#6940,.T.);
#7029=ORIENTED_EDGE('257140',*,*,#7028,.T.);
#7030=ORIENTED_EDGE('257147',*,*,#6986,.T.);
#7031=ORIENTED_EDGE('257145',*,*,#7015,.T.);
#7032=EDGE_LOOP('256554',(#7027,#7029,#7030,#7031));
#7033=FACE_OUTER_BOUND('256554',#7032,.F.);
#7034=ADVANCED_FACE('256554',(#7033),#7026,.T.);
#7035=CARTESIAN_POINT('',(2.5E0,1.049999613052E0,-4.125E0));
#7036=DIRECTION('',(0.E0,1.E0,0.E0));
#7037=DIRECTION('',(0.E0,0.E0,-1.E0));
#7038=AXIS2_PLACEMENT_3D('',#7035,#7036,#7037);
#7039=PLANE('256548',#7038);
#7040=ORIENTED_EDGE('257134',*,*,#6938,.T.);
#7041=ORIENTED_EDGE('257138',*,*,#6971,.F.);
#7042=ORIENTED_EDGE('257139',*,*,#6988,.T.);
#7043=ORIENTED_EDGE('257140',*,*,#7028,.F.);
#7044=EDGE_LOOP('256548',(#7040,#7041,#7042,#7043));
#7045=FACE_OUTER_BOUND('256548',#7044,.F.);
#7046=ADVANCED_FACE('256548',(#7045),#7039,.T.);
#7047=CARTESIAN_POINT('',(2.5E0,8.238085532088E-2,1.521007189508E0));
#7048=DIRECTION('',(0.E0,9.233055025502E-1,3.840663340628E-1));
#7049=DIRECTION('',(0.E0,-3.840663340628E-1,9.233055025502E-1));
#7050=AXIS2_PLACEMENT_3D('',#7047,#7048,#7049);
#7051=PLANE('256550',#7050);
#7052=ORIENTED_EDGE('257342',*,*,#4254,.T.);
#7053=ORIENTED_EDGE('257345',*,*,#6958,.F.);
#7055=ORIENTED_EDGE('257141',*,*,#7054,.F.);
#7056=ORIENTED_EDGE('257349',*,*,#7000,.F.);
#7057=EDGE_LOOP('256550',(#7052,#7053,#7055,#7056));
#7058=FACE_OUTER_BOUND('256550',#7057,.F.);
#7059=ADVANCED_FACE('256550',(#7058),#7051,.F.);
#7060=CARTESIAN_POINT('',(2.5E0,6.181115239011E-1,5.486247612927E-1));
#7061=DIRECTION('',(0.E0,7.808198804470E-1,-6.247562038898E-1));
#7062=DIRECTION('',(0.E0,-6.247562038898E-1,-7.808198804470E-1));
#7063=AXIS2_PLACEMENT_3D('',#7060,#7061,#7062);
#7064=PLANE('256551',#7063);
#7065=ORIENTED_EDGE('257135',*,*,#6956,.F.);
#7067=ORIENTED_EDGE('257142',*,*,#7066,.F.);
#7068=ORIENTED_EDGE('257143',*,*,#7002,.F.);
#7069=ORIENTED_EDGE('257141',*,*,#7054,.T.);
#7070=EDGE_LOOP('256551',(#7065,#7067,#7068,#7069));
#7071=FACE_OUTER_BOUND('256551',#7070,.F.);
#7072=ADVANCED_FACE('256551',(#7071),#7064,.T.);
#7073=CARTESIAN_POINT('',(2.5E0,2.530173178130E-1,1.752161209975E0));
#7074=DIRECTION('',(0.E0,9.245840358476E-1,3.809781629644E-1));
#7075=DIRECTION('',(0.E0,3.809781629644E-1,-9.245840358476E-1));
#7076=AXIS2_PLACEMENT_3D('',#7073,#7074,#7075);
#7077=PLANE('256552',#7076);
#7078=ORIENTED_EDGE('257341',*,*,#4258,.T.);
#7079=ORIENTED_EDGE('257350',*,*,#7004,.F.);
#7080=ORIENTED_EDGE('257142',*,*,#7066,.T.);
#7081=ORIENTED_EDGE('257346',*,*,#6954,.F.);
#7082=EDGE_LOOP('256552',(#7078,#7079,#7080,#7081));
#7083=FACE_OUTER_BOUND('256552',#7082,.F.);
#7084=ADVANCED_FACE('256552',(#7083),#7077,.T.);
#7085=CARTESIAN_POINT('',(4.725E0,-7.500019347395E-2,-1.601114723061E0));
#7086=DIRECTION('',(-1.E0,0.E0,0.E0));
#7087=DIRECTION('',(0.E0,0.E0,1.E0));
#7088=AXIS2_PLACEMENT_3D('',#7085,#7086,#7087);
#7089=PLANE('256538',#7088);
#7090=ORIENTED_EDGE('257321',*,*,#3729,.T.);
#7092=ORIENTED_EDGE('257328',*,*,#7091,.F.);
#7094=ORIENTED_EDGE('257148',*,*,#7093,.F.);
#7096=ORIENTED_EDGE('257151',*,*,#7095,.F.);
#7098=ORIENTED_EDGE('257150',*,*,#7097,.F.);
#7099=ORIENTED_EDGE('257331',*,*,#3757,.F.);
#7100=EDGE_LOOP('256538',(#7090,#7092,#7094,#7096,#7098,#7099));
#7101=FACE_OUTER_BOUND('256538',#7100,.F.);
#7102=ADVANCED_FACE('256538',(#7101),#7089,.F.);
#7103=CARTESIAN_POINT('',(4.725E0,-7.500019347395E-2,-1.601114723061E0));
#7104=DIRECTION('',(-1.E0,0.E0,0.E0));
#7105=DIRECTION('',(0.E0,0.E0,1.E0));
#7106=AXIS2_PLACEMENT_3D('',#7103,#7104,#7105);
#7107=PLANE('256538',#7106);
#7108=ORIENTED_EDGE('257324',*,*,#4262,.T.);
#7110=ORIENTED_EDGE('257330',*,*,#7109,.T.);
#7112=ORIENTED_EDGE('257149',*,*,#7111,.T.);
#7114=ORIENTED_EDGE('257329',*,*,#7113,.T.);
#7115=EDGE_LOOP('256538',(#7108,#7110,#7112,#7114));
#7116=FACE_OUTER_BOUND('256538',#7115,.F.);
#7117=ADVANCED_FACE('256538',(#7116),#7107,.F.);
#7118=CARTESIAN_POINT('',(4.5E0,4.999980652601E-2,-2.2E0));
#7119=DIRECTION('',(0.E0,0.E0,-1.E0));
#7120=DIRECTION('',(0.E0,1.E0,0.E0));
#7121=AXIS2_PLACEMENT_3D('',#7118,#7119,#7120);
#7122=PLANE('256540',#7121);
#7123=ORIENTED_EDGE('257322',*,*,#3727,.F.);
#7125=ORIENTED_EDGE('257332',*,*,#7124,.T.);
#7127=ORIENTED_EDGE('257152',*,*,#7126,.T.);
#7128=ORIENTED_EDGE('257328',*,*,#7091,.T.);
#7129=EDGE_LOOP('256540',(#7123,#7125,#7127,#7128));
#7130=FACE_OUTER_BOUND('256540',#7129,.F.);
#7131=ADVANCED_FACE('256540',(#7130),#7122,.F.);
#7132=CARTESIAN_POINT('',(4.275E0,-7.500019347395E-2,-1.601114723064E0));
#7133=DIRECTION('',(-1.E0,0.E0,0.E0));
#7134=DIRECTION('',(0.E0,0.E0,-1.E0));
#7135=AXIS2_PLACEMENT_3D('',#7132,#7133,#7134);
#7136=PLANE('256546',#7135);
#7137=ORIENTED_EDGE('257323',*,*,#3725,.F.);
#7138=ORIENTED_EDGE('257335',*,*,#3761,.F.);
#7140=ORIENTED_EDGE('257160',*,*,#7139,.F.);
#7142=ORIENTED_EDGE('257161',*,*,#7141,.F.);
#7144=ORIENTED_EDGE('257153',*,*,#7143,.F.);
#7145=ORIENTED_EDGE('257332',*,*,#7124,.F.);
#7146=EDGE_LOOP('256546',(#7137,#7138,#7140,#7142,#7144,#7145));
#7147=FACE_OUTER_BOUND('256546',#7146,.F.);
#7148=ADVANCED_FACE('256546',(#7147),#7136,.T.);
#7149=CARTESIAN_POINT('',(4.275E0,-7.500019347395E-2,-1.601114723064E0));
#7150=DIRECTION('',(-1.E0,0.E0,0.E0));
#7151=DIRECTION('',(0.E0,0.E0,-1.E0));
#7152=AXIS2_PLACEMENT_3D('',#7149,#7150,#7151);
#7153=PLANE('256546',#7152);
#7154=ORIENTED_EDGE('257327',*,*,#4266,.F.);
#7156=ORIENTED_EDGE('257333',*,*,#7155,.T.);
#7158=ORIENTED_EDGE('257157',*,*,#7157,.T.);
#7160=ORIENTED_EDGE('257334',*,*,#7159,.T.);
#7161=EDGE_LOOP('256546',(#7154,#7156,#7158,#7160));
#7162=FACE_OUTER_BOUND('256546',#7161,.F.);
#7163=ADVANCED_FACE('256546',(#7162),#7153,.T.);
#7164=CARTESIAN_POINT('',(4.5E0,7.999996130517E-1,-4.25E0));
#7165=DIRECTION('',(0.E0,1.E0,0.E0));
#7166=DIRECTION('',(0.E0,0.E0,1.E0));
#7167=AXIS2_PLACEMENT_3D('',#7164,#7165,#7166);
#7168=PLANE('256544',#7167);
#7169=ORIENTED_EDGE('257150',*,*,#7097,.T.);
#7171=ORIENTED_EDGE('257159',*,*,#7170,.F.);
#7172=ORIENTED_EDGE('257160',*,*,#7139,.T.);
#7173=ORIENTED_EDGE('257158',*,*,#3759,.T.);
#7174=EDGE_LOOP('256544',(#7169,#7171,#7172,#7173));
#7175=FACE_OUTER_BOUND('256544',#7174,.F.);
#7176=ADVANCED_FACE('256544',(#7175),#7168,.F.);
#7177=CARTESIAN_POINT('',(4.5E0,9.249996130518E-1,-6.05E0));
#7178=DIRECTION('',(0.E0,0.E0,-1.E0));
#7179=DIRECTION('',(0.E0,-1.E0,0.E0));
#7180=AXIS2_PLACEMENT_3D('',#7177,#7178,#7179);
#7181=PLANE('256545',#7180);
#7182=ORIENTED_EDGE('257151',*,*,#7095,.T.);
#7184=ORIENTED_EDGE('257154',*,*,#7183,.T.);
#7185=ORIENTED_EDGE('257161',*,*,#7141,.T.);
#7186=ORIENTED_EDGE('257159',*,*,#7170,.T.);
#7187=EDGE_LOOP('256545',(#7182,#7184,#7185,#7186));
#7188=FACE_OUTER_BOUND('256545',#7187,.F.);
#7189=ADVANCED_FACE('256545',(#7188),#7181,.T.);
#7190=CARTESIAN_POINT('',(4.5E0,1.049999613052E0,-4.125E0));
#7191=DIRECTION('',(0.E0,1.E0,0.E0));
#7192=DIRECTION('',(0.E0,0.E0,-1.E0));
#7193=AXIS2_PLACEMENT_3D('',#7190,#7191,#7192);
#7194=PLANE('256539',#7193);
#7195=ORIENTED_EDGE('257148',*,*,#7093,.T.);
#7196=ORIENTED_EDGE('257152',*,*,#7126,.F.);
#7197=ORIENTED_EDGE('257153',*,*,#7143,.T.);
#7198=ORIENTED_EDGE('257154',*,*,#7183,.F.);
#7199=EDGE_LOOP('256539',(#7195,#7196,#7197,#7198));
#7200=FACE_OUTER_BOUND('256539',#7199,.F.);
#7201=ADVANCED_FACE('256539',(#7200),#7194,.T.);
#7202=CARTESIAN_POINT('',(4.5E0,8.238085532088E-2,1.521007189508E0));
#7203=DIRECTION('',(0.E0,9.233055025502E-1,3.840663340628E-1));
#7204=DIRECTION('',(0.E0,-3.840663340628E-1,9.233055025502E-1));
#7205=AXIS2_PLACEMENT_3D('',#7202,#7203,#7204);
#7206=PLANE('256541',#7205);
#7207=ORIENTED_EDGE('257326',*,*,#4264,.T.);
#7208=ORIENTED_EDGE('257329',*,*,#7113,.F.);
#7210=ORIENTED_EDGE('257155',*,*,#7209,.F.);
#7211=ORIENTED_EDGE('257333',*,*,#7155,.F.);
#7212=EDGE_LOOP('256541',(#7207,#7208,#7210,#7211));
#7213=FACE_OUTER_BOUND('256541',#7212,.F.);
#7214=ADVANCED_FACE('256541',(#7213),#7206,.F.);
#7215=CARTESIAN_POINT('',(4.5E0,6.181115239011E-1,5.486247612927E-1));
#7216=DIRECTION('',(0.E0,7.808198804470E-1,-6.247562038898E-1));
#7217=DIRECTION('',(0.E0,-6.247562038898E-1,-7.808198804470E-1));
#7218=AXIS2_PLACEMENT_3D('',#7215,#7216,#7217);
#7219=PLANE('256542',#7218);
#7220=ORIENTED_EDGE('257149',*,*,#7111,.F.);
#7222=ORIENTED_EDGE('257156',*,*,#7221,.F.);
#7223=ORIENTED_EDGE('257157',*,*,#7157,.F.);
#7224=ORIENTED_EDGE('257155',*,*,#7209,.T.);
#7225=EDGE_LOOP('256542',(#7220,#7222,#7223,#7224));
#7226=FACE_OUTER_BOUND('256542',#7225,.F.);
#7227=ADVANCED_FACE('256542',(#7226),#7219,.T.);
#7228=CARTESIAN_POINT('',(4.5E0,2.530173178130E-1,1.752161209975E0));
#7229=DIRECTION('',(0.E0,9.245840358476E-1,3.809781629644E-1));
#7230=DIRECTION('',(0.E0,3.809781629644E-1,-9.245840358476E-1));
#7231=AXIS2_PLACEMENT_3D('',#7228,#7229,#7230);
#7232=PLANE('256543',#7231);
#7233=ORIENTED_EDGE('257325',*,*,#4268,.T.);
#7234=ORIENTED_EDGE('257334',*,*,#7159,.F.);
#7235=ORIENTED_EDGE('257156',*,*,#7221,.T.);
#7236=ORIENTED_EDGE('257330',*,*,#7109,.F.);
#7237=EDGE_LOOP('256543',(#7233,#7234,#7235,#7236));
#7238=FACE_OUTER_BOUND('256543',#7237,.F.);
#7239=ADVANCED_FACE('256543',(#7238),#7232,.T.);
#7240=CARTESIAN_POINT('',(-1.72224E1,4.E-1,-8.E-1));
#7241=DIRECTION('',(1.E0,0.E0,0.E0));
#7242=DIRECTION('',(0.E0,-1.E0,0.E0));
#7243=AXIS2_PLACEMENT_3D('',#7240,#7241,#7242);
#7244=CYLINDRICAL_SURFACE('257799',#7243,1.5E-1);
#7246=ORIENTED_EDGE('259130',*,*,#7245,.F.);
#7248=ORIENTED_EDGE('259146',*,*,#7247,.F.);
#7250=ORIENTED_EDGE('257249',*,*,#7249,.T.);
#7251=ORIENTED_EDGE('259145',*,*,#4052,.F.);
#7252=ORIENTED_EDGE('259129',*,*,#4050,.F.);
#7254=ORIENTED_EDGE('258511',*,*,#7253,.F.);
#7255=EDGE_LOOP('257799',(#7246,#7248,#7250,#7251,#7252,#7254));
#7256=FACE_OUTER_BOUND('257799',#7255,.F.);
#7257=ADVANCED_FACE('257799',(#7256),#7244,.F.);
#7258=CARTESIAN_POINT('',(0.E0,5.25E-1,-9.5E-1));
#7259=DIRECTION('',(0.E0,0.E0,-1.E0));
#7260=DIRECTION('',(0.E0,-1.E0,0.E0));
#7261=AXIS2_PLACEMENT_3D('',#7258,#7259,#7260);
#7262=PLANE('257800',#7261);
#7264=ORIENTED_EDGE('259131',*,*,#7263,.T.);
#7266=ORIENTED_EDGE('259147',*,*,#7265,.T.);
#7268=ORIENTED_EDGE('257251',*,*,#7267,.T.);
#7269=ORIENTED_EDGE('259146',*,*,#7247,.T.);
#7270=ORIENTED_EDGE('259130',*,*,#7245,.T.);
#7272=ORIENTED_EDGE('258512',*,*,#7271,.T.);
#7273=EDGE_LOOP('257800',(#7264,#7266,#7268,#7269,#7270,#7272));
#7274=FACE_OUTER_BOUND('257800',#7273,.F.);
#7275=ADVANCED_FACE('257800',(#7274),#7262,.F.);
#7276=CARTESIAN_POINT('',(-1.72224E1,6.5E-1,-8.5E-1));
#7277=DIRECTION('',(1.E0,0.E0,0.E0));
#7278=DIRECTION('',(0.E0,0.E0,-1.E0));
#7279=AXIS2_PLACEMENT_3D('',#7276,#7277,#7278);
#7280=CYLINDRICAL_SURFACE('257801',#7279,1.E-1);
#7282=ORIENTED_EDGE('259132',*,*,#7281,.F.);
#7284=ORIENTED_EDGE('259148',*,*,#7283,.F.);
#7286=ORIENTED_EDGE('257253',*,*,#7285,.T.);
#7287=ORIENTED_EDGE('259147',*,*,#7265,.F.);
#7288=ORIENTED_EDGE('259131',*,*,#7263,.F.);
#7290=ORIENTED_EDGE('258513',*,*,#7289,.F.);
#7291=EDGE_LOOP('257801',(#7282,#7284,#7286,#7287,#7288,#7290));
#7292=FACE_OUTER_BOUND('257801',#7291,.F.);
#7293=ADVANCED_FACE('257801',(#7292),#7280,.F.);
#7294=CARTESIAN_POINT('',(0.E0,7.5E-1,7.E-1));
#7295=DIRECTION('',(0.E0,1.E0,0.E0));
#7296=DIRECTION('',(0.E0,0.E0,-1.E0));
#7297=AXIS2_PLACEMENT_3D('',#7294,#7295,#7296);
#7298=PLANE('257803',#7297);
#7300=ORIENTED_EDGE('259159',*,*,#7299,.T.);
#7302=ORIENTED_EDGE('257255',*,*,#7301,.T.);
#7303=ORIENTED_EDGE('259148',*,*,#7283,.T.);
#7304=ORIENTED_EDGE('259132',*,*,#7281,.T.);
#7306=ORIENTED_EDGE('258514',*,*,#7305,.T.);
#7307=EDGE_LOOP('257803',(#7300,#7302,#7303,#7304,#7306));
#7308=FACE_OUTER_BOUND('257803',#7307,.F.);
#7309=ADVANCED_FACE('257803',(#7308),#7298,.F.);
#7310=CARTESIAN_POINT('',(0.E0,8.5E-1,2.6E0));
#7311=DIRECTION('',(0.E0,9.615239476408E-1,-2.747211278974E-1));
#7312=DIRECTION('',(1.E0,0.E0,0.E0));
#7313=AXIS2_PLACEMENT_3D('',#7310,#7311,#7312);
#7314=PLANE('257796',#7313);
#7316=ORIENTED_EDGE('259158',*,*,#7315,.T.);
#7318=ORIENTED_EDGE('257239',*,*,#7317,.F.);
#7320=ORIENTED_EDGE('257240',*,*,#7319,.T.);
#7321=ORIENTED_EDGE('259159',*,*,#7299,.F.);
#7323=ORIENTED_EDGE('258506',*,*,#7322,.F.);
#7325=ORIENTED_EDGE('258504',*,*,#7324,.T.);
#7326=EDGE_LOOP('257796',(#7316,#7318,#7320,#7321,#7323,#7325));
#7327=FACE_OUTER_BOUND('257796',#7326,.F.);
#7328=ADVANCED_FACE('257796',(#7327),#7314,.F.);
#7329=CARTESIAN_POINT('',(0.E0,-2.5E-1,2.95E0));
#7330=DIRECTION('',(0.E0,0.E0,-1.E0));
#7331=DIRECTION('',(0.E0,1.E0,0.E0));
#7332=AXIS2_PLACEMENT_3D('',#7329,#7330,#7331);
#7333=PLANE('257791',#7332);
#7335=ORIENTED_EDGE('259155',*,*,#7334,.F.);
#7337=ORIENTED_EDGE('257165',*,*,#7336,.T.);
#7339=ORIENTED_EDGE('259154',*,*,#7338,.T.);
#7341=ORIENTED_EDGE('258480',*,*,#7340,.T.);
#7342=EDGE_LOOP('257791',(#7335,#7337,#7339,#7341));
#7343=FACE_OUTER_BOUND('257791',#7342,.F.);
#7345=ORIENTED_EDGE('259124',*,*,#7344,.F.);
#7347=ORIENTED_EDGE('259140',*,*,#7346,.F.);
#7349=ORIENTED_EDGE('257227',*,*,#7348,.F.);
#7350=ORIENTED_EDGE('259158',*,*,#7315,.F.);
#7352=ORIENTED_EDGE('258497',*,*,#7351,.F.);
#7353=EDGE_LOOP('257791',(#7345,#7347,#7349,#7350,#7352));
#7354=FACE_BOUND('257791',#7353,.F.);
#7355=ADVANCED_FACE('257791',(#7343,#7354),#7333,.F.);
#7356=CARTESIAN_POINT('',(0.E0,1.45E0,2.2E0));
#7357=DIRECTION('',(0.E0,1.E0,0.E0));
#7358=DIRECTION('',(0.E0,0.E0,1.E0));
#7359=AXIS2_PLACEMENT_3D('',#7356,#7357,#7358);
#7360=PLANE('257792',#7359);
#7362=ORIENTED_EDGE('259156',*,*,#7361,.F.);
#7364=ORIENTED_EDGE('257164',*,*,#7363,.F.);
#7365=ORIENTED_EDGE('259155',*,*,#7334,.T.);
#7367=ORIENTED_EDGE('258479',*,*,#7366,.F.);
#7368=EDGE_LOOP('257792',(#7362,#7364,#7365,#7367));
#7369=FACE_OUTER_BOUND('257792',#7368,.F.);
#7370=ADVANCED_FACE('257792',(#7369),#7360,.T.);
#7371=CARTESIAN_POINT('',(0.E0,1.7E0,1.2E0));
#7372=DIRECTION('',(0.E0,7.071067811865E-1,7.071067811865E-1));
#7373=DIRECTION('',(0.E0,-7.071067811865E-1,7.071067811865E-1));
#7374=AXIS2_PLACEMENT_3D('',#7371,#7372,#7373);
#7375=PLANE('257793',#7374);
#7376=ORIENTED_EDGE('259157',*,*,#3610,.T.);
#7378=ORIENTED_EDGE('257163',*,*,#7377,.F.);
#7379=ORIENTED_EDGE('259156',*,*,#7361,.T.);
#7381=ORIENTED_EDGE('258478',*,*,#7380,.T.);
#7382=EDGE_LOOP('257793',(#7376,#7378,#7379,#7381));
#7383=FACE_OUTER_BOUND('257793',#7382,.F.);
#7384=ADVANCED_FACE('257793',(#7383),#7375,.T.);
#7385=CARTESIAN_POINT('',(6.3E0,0.E0,0.E0));
#7386=DIRECTION('',(-1.E0,0.E0,0.E0));
#7387=DIRECTION('',(0.E0,-1.E0,0.E0));
#7388=AXIS2_PLACEMENT_3D('',#7385,#7386,#7387);
#7389=PLANE('256502',#7388);
#7390=ORIENTED_EDGE('257162',*,*,#3608,.F.);
#7392=ORIENTED_EDGE('257171',*,*,#7391,.F.);
#7394=ORIENTED_EDGE('257170',*,*,#7393,.T.);
#7395=ORIENTED_EDGE('257169',*,*,#3752,.T.);
#7397=ORIENTED_EDGE('257168',*,*,#7396,.T.);
#7399=ORIENTED_EDGE('257167',*,*,#7398,.F.);
#7401=ORIENTED_EDGE('257166',*,*,#7400,.F.);
#7402=ORIENTED_EDGE('257165',*,*,#7336,.F.);
#7403=ORIENTED_EDGE('257164',*,*,#7363,.T.);
#7404=ORIENTED_EDGE('257163',*,*,#7377,.T.);
#7405=EDGE_LOOP('256502',(#7390,#7392,#7394,#7395,#7397,#7399,#7401,#7402,#7403,
#7404));
#7406=FACE_OUTER_BOUND('256502',#7405,.F.);
#7407=ADVANCED_FACE('256502',(#7406),#7389,.F.);
#7408=CARTESIAN_POINT('',(5.9E0,1.2E0,-2.95E0));
#7409=DIRECTION('',(0.E0,0.E0,-1.E0));
#7410=DIRECTION('',(0.E0,-1.E0,0.E0));
#7411=AXIS2_PLACEMENT_3D('',#7408,#7409,#7410);
#7412=PLANE('256509',#7411);
#7414=ORIENTED_EDGE('257183',*,*,#7413,.T.);
#7416=ORIENTED_EDGE('257197',*,*,#7415,.T.);
#7417=ORIENTED_EDGE('257171',*,*,#7391,.T.);
#7418=ORIENTED_EDGE('257173',*,*,#3606,.T.);
#7419=EDGE_LOOP('256509',(#7414,#7416,#7417,#7418));
#7420=FACE_OUTER_BOUND('256509',#7419,.F.);
#7421=ADVANCED_FACE('256509',(#7420),#7412,.T.);
#7422=CARTESIAN_POINT('',(5.5E0,1.2E0,-2.5E0));
#7423=DIRECTION('',(-1.E0,0.E0,0.E0));
#7424=DIRECTION('',(0.E0,1.E0,0.E0));
#7425=AXIS2_PLACEMENT_3D('',#7422,#7423,#7424);
#7426=PLANE('256505',#7425);
#7427=ORIENTED_EDGE('257183',*,*,#7413,.F.);
#7428=ORIENTED_EDGE('257172',*,*,#3604,.F.);
#7429=ORIENTED_EDGE('257186',*,*,#3628,.T.);
#7430=ORIENTED_EDGE('257185',*,*,#3733,.T.);
#7432=ORIENTED_EDGE('257184',*,*,#7431,.T.);
#7433=EDGE_LOOP('256505',(#7427,#7428,#7429,#7430,#7432));
#7434=FACE_OUTER_BOUND('256505',#7433,.F.);
#7435=ADVANCED_FACE('256505',(#7434),#7426,.T.);
#7436=CARTESIAN_POINT('',(5.9E0,4.5E-1,-2.7E0));
#7437=DIRECTION('',(0.E0,1.E0,0.E0));
#7438=DIRECTION('',(0.E0,0.E0,-1.E0));
#7439=AXIS2_PLACEMENT_3D('',#7436,#7437,#7438);
#7440=PLANE('256521',#7439);
#7441=ORIENTED_EDGE('257170',*,*,#7393,.F.);
#7442=ORIENTED_EDGE('257197',*,*,#7415,.F.);
#7443=ORIENTED_EDGE('257184',*,*,#7431,.F.);
#7444=ORIENTED_EDGE('257221',*,*,#3754,.F.);
#7445=EDGE_LOOP('256521',(#7441,#7442,#7443,#7444));
#7446=FACE_OUTER_BOUND('256521',#7445,.F.);
#7447=ADVANCED_FACE('256521',(#7446),#7440,.F.);
#7448=CARTESIAN_POINT('',(5.9E0,-5.5E-1,-2.7E0));
#7449=DIRECTION('',(0.E0,1.E0,0.E0));
#7450=DIRECTION('',(0.E0,0.E0,1.E0));
#7451=AXIS2_PLACEMENT_3D('',#7448,#7449,#7450);
#7452=PLANE('256513',#7451);
#7454=ORIENTED_EDGE('257182',*,*,#7453,.F.);
#7456=ORIENTED_EDGE('257195',*,*,#7455,.F.);
#7457=ORIENTED_EDGE('257168',*,*,#7396,.F.);
#7458=ORIENTED_EDGE('257207',*,*,#3750,.T.);
#7459=EDGE_LOOP('256513',(#7454,#7456,#7457,#7458));
#7460=FACE_OUTER_BOUND('256513',#7459,.F.);
#7461=ADVANCED_FACE('256513',(#7460),#7452,.T.);
#7462=CARTESIAN_POINT('',(5.5E0,-1.25E0,-2.7E0));
#7463=DIRECTION('',(-1.E0,0.E0,0.E0));
#7464=DIRECTION('',(0.E0,1.E0,0.E0));
#7465=AXIS2_PLACEMENT_3D('',#7462,#7463,#7464);
#7466=PLANE('256504',#7465);
#7468=ORIENTED_EDGE('257179',*,*,#7467,.F.);
#7469=ORIENTED_EDGE('257182',*,*,#7453,.T.);
#7470=ORIENTED_EDGE('257181',*,*,#3748,.T.);
#7472=ORIENTED_EDGE('257180',*,*,#7471,.F.);
#7473=EDGE_LOOP('256504',(#7468,#7469,#7470,#7472));
#7474=FACE_OUTER_BOUND('256504',#7473,.F.);
#7475=ADVANCED_FACE('256504',(#7474),#7466,.T.);
#7476=CARTESIAN_POINT('',(5.9E0,-1.25E0,-2.95E0));
#7477=DIRECTION('',(0.E0,0.E0,-1.E0));
#7478=DIRECTION('',(0.E0,-1.E0,0.E0));
#7479=AXIS2_PLACEMENT_3D('',#7476,#7477,#7478);
#7480=PLANE('256508',#7479);
#7481=ORIENTED_EDGE('257167',*,*,#7398,.T.);
#7482=ORIENTED_EDGE('257195',*,*,#7455,.T.);
#7483=ORIENTED_EDGE('257179',*,*,#7467,.T.);
#7485=ORIENTED_EDGE('257196',*,*,#7484,.F.);
#7486=EDGE_LOOP('256508',(#7481,#7482,#7483,#7485));
#7487=FACE_OUTER_BOUND('256508',#7486,.F.);
#7488=ADVANCED_FACE('256508',(#7487),#7480,.T.);
#7489=CARTESIAN_POINT('',(0.E0,-1.95E0,0.E0));
#7490=DIRECTION('',(0.E0,1.E0,0.E0));
#7491=DIRECTION('',(0.E0,0.E0,1.E0));
#7492=AXIS2_PLACEMENT_3D('',#7489,#7490,#7491);
#7493=PLANE('257790',#7492);
#7494=ORIENTED_EDGE('259154',*,*,#7338,.F.);
#7495=ORIENTED_EDGE('257166',*,*,#7400,.T.);
#7496=ORIENTED_EDGE('257196',*,*,#7484,.T.);
#7497=ORIENTED_EDGE('257180',*,*,#7471,.T.);
#7498=ORIENTED_EDGE('259153',*,*,#3746,.T.);
#7500=ORIENTED_EDGE('258468',*,*,#7499,.T.);
#7502=ORIENTED_EDGE('258458',*,*,#7501,.T.);
#7504=ORIENTED_EDGE('258481',*,*,#7503,.T.);
#7505=EDGE_LOOP('257790',(#7494,#7495,#7496,#7497,#7498,#7500,#7502,#7504));
#7506=FACE_OUTER_BOUND('257790',#7505,.F.);
#7507=ADVANCED_FACE('257790',(#7506),#7493,.F.);
#7508=CARTESIAN_POINT('',(-1.65E1,-1.25E0,-2.7E0));
#7509=DIRECTION('',(-1.E0,0.E0,0.E0));
#7510=DIRECTION('',(0.E0,-1.E0,0.E0));
#7511=AXIS2_PLACEMENT_3D('',#7508,#7509,#7510);
#7512=PLANE('257778',#7511);
#7514=ORIENTED_EDGE('258466',*,*,#7513,.T.);
#7516=ORIENTED_EDGE('258455',*,*,#7515,.F.);
#7517=ORIENTED_EDGE('258468',*,*,#7499,.F.);
#7518=ORIENTED_EDGE('258467',*,*,#3840,.T.);
#7519=EDGE_LOOP('257778',(#7514,#7516,#7517,#7518));
#7520=FACE_OUTER_BOUND('257778',#7519,.F.);
#7521=ADVANCED_FACE('257778',(#7520),#7512,.F.);
#7522=CARTESIAN_POINT('',(-1.69E1,-5.5E-1,-2.7E0));
#7523=DIRECTION('',(0.E0,1.E0,0.E0));
#7524=DIRECTION('',(0.E0,0.E0,1.E0));
#7525=AXIS2_PLACEMENT_3D('',#7522,#7523,#7524);
#7526=PLANE('257780',#7525);
#7528=ORIENTED_EDGE('258473',*,*,#7527,.F.);
#7530=ORIENTED_EDGE('258456',*,*,#7529,.F.);
#7531=ORIENTED_EDGE('258466',*,*,#7513,.F.);
#7532=ORIENTED_EDGE('258474',*,*,#3838,.T.);
#7533=EDGE_LOOP('257780',(#7528,#7530,#7531,#7532));
#7534=FACE_OUTER_BOUND('257780',#7533,.F.);
#7535=ADVANCED_FACE('257780',(#7534),#7526,.T.);
#7536=CARTESIAN_POINT('',(-1.73E1,0.E0,0.E0));
#7537=DIRECTION('',(-1.E0,0.E0,0.E0));
#7538=DIRECTION('',(0.E0,-1.E0,0.E0));
#7539=AXIS2_PLACEMENT_3D('',#7536,#7537,#7538);
#7540=PLANE('257782',#7539);
#7542=ORIENTED_EDGE('258459',*,*,#7541,.T.);
#7544=ORIENTED_EDGE('258476',*,*,#7543,.T.);
#7546=ORIENTED_EDGE('258477',*,*,#7545,.T.);
#7547=ORIENTED_EDGE('258443',*,*,#3612,.T.);
#7548=ORIENTED_EDGE('258478',*,*,#7380,.F.);
#7549=ORIENTED_EDGE('258479',*,*,#7366,.T.);
#7550=ORIENTED_EDGE('258480',*,*,#7340,.F.);
#7551=ORIENTED_EDGE('258481',*,*,#7503,.F.);
#7553=ORIENTED_EDGE('258457',*,*,#7552,.T.);
#7554=ORIENTED_EDGE('258473',*,*,#7527,.T.);
#7555=ORIENTED_EDGE('258482',*,*,#3836,.T.);
#7557=ORIENTED_EDGE('258483',*,*,#7556,.T.);
#7558=EDGE_LOOP('257782',(#7542,#7544,#7546,#7547,#7548,#7549,#7550,#7551,#7553,
#7554,#7555,#7557));
#7559=FACE_OUTER_BOUND('257782',#7558,.F.);
#7560=ADVANCED_FACE('257782',(#7559),#7540,.T.);
#7561=CARTESIAN_POINT('',(-1.69E1,1.E0,-2.95E0));
#7562=DIRECTION('',(0.E0,0.E0,-1.E0));
#7563=DIRECTION('',(0.E0,-1.E0,0.E0));
#7564=AXIS2_PLACEMENT_3D('',#7561,#7562,#7563);
#7565=PLANE('257775',#7564);
#7566=ORIENTED_EDGE('258459',*,*,#7541,.F.);
#7568=ORIENTED_EDGE('258460',*,*,#7567,.T.);
#7570=ORIENTED_EDGE('258461',*,*,#7569,.T.);
#7572=ORIENTED_EDGE('258462',*,*,#7571,.T.);
#7573=EDGE_LOOP('257775',(#7566,#7568,#7570,#7572));
#7574=FACE_OUTER_BOUND('257775',#7573,.F.);
#7575=ADVANCED_FACE('257775',(#7574),#7565,.T.);
#7576=CARTESIAN_POINT('',(-1.69E1,4.5E-1,-2.7E0));
#7577=DIRECTION('',(0.E0,1.E0,0.E0));
#7578=DIRECTION('',(0.E0,0.E0,-1.E0));
#7579=AXIS2_PLACEMENT_3D('',#7576,#7577,#7578);
#7580=PLANE('257788',#7579);
#7582=ORIENTED_EDGE('258472',*,*,#7581,.F.);
#7583=ORIENTED_EDGE('258460',*,*,#7567,.F.);
#7584=ORIENTED_EDGE('258483',*,*,#7556,.F.);
#7585=ORIENTED_EDGE('258491',*,*,#3834,.T.);
#7586=EDGE_LOOP('257788',(#7582,#7583,#7584,#7585));
#7587=FACE_OUTER_BOUND('257788',#7586,.F.);
#7588=ADVANCED_FACE('257788',(#7587),#7580,.F.);
#7589=CARTESIAN_POINT('',(-1.65E1,1.E0,-2.5E0));
#7590=DIRECTION('',(-1.E0,0.E0,0.E0));
#7591=DIRECTION('',(0.E0,-1.E0,0.E0));
#7592=AXIS2_PLACEMENT_3D('',#7589,#7590,#7591);
#7593=PLANE('257779',#7592);
#7595=ORIENTED_EDGE('258469',*,*,#7594,.F.);
#7596=ORIENTED_EDGE('258461',*,*,#7569,.F.);
#7597=ORIENTED_EDGE('258472',*,*,#7581,.T.);
#7598=ORIENTED_EDGE('258471',*,*,#3736,.T.);
#7599=ORIENTED_EDGE('258470',*,*,#3633,.F.);
#7600=EDGE_LOOP('257779',(#7595,#7596,#7597,#7598,#7599));
#7601=FACE_OUTER_BOUND('257779',#7600,.F.);
#7602=ADVANCED_FACE('257779',(#7601),#7593,.F.);
#7603=CARTESIAN_POINT('',(-1.69E1,1.55E0,-1.5E0));
#7604=DIRECTION('',(0.E0,1.E0,0.E0));
#7605=DIRECTION('',(0.E0,0.E0,1.E0));
#7606=AXIS2_PLACEMENT_3D('',#7603,#7604,#7605);
#7607=PLANE('257783',#7606);
#7608=ORIENTED_EDGE('258476',*,*,#7543,.F.);
#7609=ORIENTED_EDGE('258462',*,*,#7571,.F.);
#7610=ORIENTED_EDGE('258469',*,*,#7594,.T.);
#7612=ORIENTED_EDGE('258485',*,*,#7611,.T.);
#7614=ORIENTED_EDGE('258484',*,*,#7613,.T.);
#7615=EDGE_LOOP('257783',(#7608,#7609,#7610,#7612,#7614));
#7616=FACE_OUTER_BOUND('257783',#7615,.F.);
#7617=ADVANCED_FACE('257783',(#7616),#7607,.T.);
#7618=CARTESIAN_POINT('',(-1.65E1,1.75E0,-1.05E0));
#7619=DIRECTION('',(-1.E0,0.E0,0.E0));
#7620=DIRECTION('',(0.E0,-1.E0,0.E0));
#7621=AXIS2_PLACEMENT_3D('',#7618,#7619,#7620);
#7622=PLANE('257784',#7621);
#7623=ORIENTED_EDGE('258486',*,*,#3631,.F.);
#7624=ORIENTED_EDGE('258445',*,*,#3616,.T.);
#7626=ORIENTED_EDGE('258487',*,*,#7625,.T.);
#7627=ORIENTED_EDGE('258485',*,*,#7611,.F.);
#7628=EDGE_LOOP('257784',(#7623,#7624,#7626,#7627));
#7629=FACE_OUTER_BOUND('257784',#7628,.F.);
#7630=ADVANCED_FACE('257784',(#7629),#7622,.T.);
#7631=CARTESIAN_POINT('',(-1.69E1,1.75E0,-5.E-2));
#7632=DIRECTION('',(0.E0,0.E0,-1.E0));
#7633=DIRECTION('',(0.E0,1.E0,0.E0));
#7634=AXIS2_PLACEMENT_3D('',#7631,#7632,#7633);
#7635=PLANE('257805',#7634);
#7636=ORIENTED_EDGE('258477',*,*,#7545,.F.);
#7637=ORIENTED_EDGE('258484',*,*,#7613,.F.);
#7638=ORIENTED_EDGE('258487',*,*,#7625,.F.);
#7639=ORIENTED_EDGE('258444',*,*,#3614,.F.);
#7640=EDGE_LOOP('257805',(#7636,#7637,#7638,#7639));
#7641=FACE_OUTER_BOUND('257805',#7640,.F.);
#7642=ADVANCED_FACE('257805',(#7641),#7635,.T.);
#7643=CARTESIAN_POINT('',(-1.69E1,-1.25E0,-2.95E0));
#7644=DIRECTION('',(0.E0,0.E0,-1.E0));
#7645=DIRECTION('',(0.E0,-1.E0,0.E0));
#7646=AXIS2_PLACEMENT_3D('',#7643,#7644,#7645);
#7647=PLANE('257774',#7646);
#7648=ORIENTED_EDGE('258455',*,*,#7515,.T.);
#7649=ORIENTED_EDGE('258456',*,*,#7529,.T.);
#7650=ORIENTED_EDGE('258457',*,*,#7552,.F.);
#7651=ORIENTED_EDGE('258458',*,*,#7501,.F.);
#7652=EDGE_LOOP('257774',(#7648,#7649,#7650,#7651));
#7653=FACE_OUTER_BOUND('257774',#7652,.F.);
#7654=ADVANCED_FACE('257774',(#7653),#7647,.T.);
#7655=CARTESIAN_POINT('',(1.75344E1,-2.5E-1,2.45E0));
#7656=DIRECTION('',(-1.E0,0.E0,0.E0));
#7657=DIRECTION('',(0.E0,0.E0,1.E0));
#7658=AXIS2_PLACEMENT_3D('',#7655,#7656,#7657);
#7659=CYLINDRICAL_SURFACE('257794',#7658,5.E-1);
#7660=ORIENTED_EDGE('259127',*,*,#4058,.T.);
#7661=ORIENTED_EDGE('259143',*,*,#4056,.T.);
#7663=ORIENTED_EDGE('257234',*,*,#7662,.T.);
#7665=ORIENTED_EDGE('257235',*,*,#7664,.T.);
#7666=ORIENTED_EDGE('259140',*,*,#7346,.T.);
#7667=ORIENTED_EDGE('259124',*,*,#7344,.T.);
#7669=ORIENTED_EDGE('258499',*,*,#7668,.T.);
#7671=ORIENTED_EDGE('258500',*,*,#7670,.F.);
#7672=EDGE_LOOP('257794',(#7660,#7661,#7663,#7665,#7666,#7667,#7669,#7671));
#7673=FACE_OUTER_BOUND('257794',#7672,.F.);
#7674=ADVANCED_FACE('257794',(#7673),#7659,.T.);
#7675=CARTESIAN_POINT('',(5.56E0,5.362716418906E-1,8.5E-1));
#7676=DIRECTION('',(-1.E0,0.E0,0.E0));
#7677=DIRECTION('',(0.E0,-1.E0,0.E0));
#7678=AXIS2_PLACEMENT_3D('',#7675,#7676,#7677);
#7679=PLANE('256534',#7678);
#7680=ORIENTED_EDGE('257249',*,*,#7249,.F.);
#7681=ORIENTED_EDGE('257251',*,*,#7267,.F.);
#7682=ORIENTED_EDGE('257253',*,*,#7285,.F.);
#7683=ORIENTED_EDGE('257255',*,*,#7301,.F.);
#7684=ORIENTED_EDGE('257240',*,*,#7319,.F.);
#7686=ORIENTED_EDGE('257256',*,*,#7685,.F.);
#7687=ORIENTED_EDGE('257234',*,*,#7662,.F.);
#7688=ORIENTED_EDGE('257247',*,*,#4054,.F.);
#7689=EDGE_LOOP('256534',(#7680,#7681,#7682,#7683,#7684,#7686,#7687,#7688));
#7690=FACE_OUTER_BOUND('256534',#7689,.F.);
#7691=ADVANCED_FACE('256534',(#7690),#7679,.T.);
#7692=CARTESIAN_POINT('',(5.71E0,3.5E-1,2.8E0));
#7693=DIRECTION('',(7.071067811843E-1,0.E0,-7.071067811888E-1));
#7694=DIRECTION('',(0.E0,-1.E0,0.E0));
#7695=AXIS2_PLACEMENT_3D('',#7692,#7693,#7694);
#7696=PLANE('256536',#7695);
#7697=ORIENTED_EDGE('257227',*,*,#7348,.T.);
#7698=ORIENTED_EDGE('257235',*,*,#7664,.F.);
#7699=ORIENTED_EDGE('257256',*,*,#7685,.T.);
#7700=ORIENTED_EDGE('257239',*,*,#7317,.T.);
#7701=EDGE_LOOP('256536',(#7697,#7698,#7699,#7700));
#7702=FACE_OUTER_BOUND('256536',#7701,.F.);
#7703=ADVANCED_FACE('256536',(#7702),#7696,.F.);
#7704=CARTESIAN_POINT('',(-1.671E1,3.5E-1,2.8E0));
#7705=DIRECTION('',(-7.071067811843E-1,0.E0,-7.071067811888E-1));
#7706=DIRECTION('',(0.E0,-1.E0,0.E0));
#7707=AXIS2_PLACEMENT_3D('',#7704,#7705,#7706);
#7708=PLANE('257795',#7707);
#7709=ORIENTED_EDGE('258497',*,*,#7351,.T.);
#7710=ORIENTED_EDGE('258504',*,*,#7324,.F.);
#7712=ORIENTED_EDGE('258505',*,*,#7711,.T.);
#7713=ORIENTED_EDGE('258499',*,*,#7668,.F.);
#7714=EDGE_LOOP('257795',(#7709,#7710,#7712,#7713));
#7715=FACE_OUTER_BOUND('257795',#7714,.F.);
#7716=ADVANCED_FACE('257795',(#7715),#7708,.F.);
#7717=CARTESIAN_POINT('',(-1.656E1,5.362716418906E-1,8.5E-1));
#7718=DIRECTION('',(-1.E0,0.E0,0.E0));
#7719=DIRECTION('',(0.E0,-1.E0,0.E0));
#7720=AXIS2_PLACEMENT_3D('',#7717,#7718,#7719);
#7721=PLANE('257797',#7720);
#7722=ORIENTED_EDGE('258510',*,*,#4060,.F.);
#7723=ORIENTED_EDGE('258500',*,*,#7670,.T.);
#7724=ORIENTED_EDGE('258505',*,*,#7711,.F.);
#7725=ORIENTED_EDGE('258506',*,*,#7322,.T.);
#7726=ORIENTED_EDGE('258514',*,*,#7305,.F.);
#7727=ORIENTED_EDGE('258513',*,*,#7289,.T.);
#7728=ORIENTED_EDGE('258512',*,*,#7271,.F.);
#7729=ORIENTED_EDGE('258511',*,*,#7253,.T.);
#7730=EDGE_LOOP('257797',(#7722,#7723,#7724,#7725,#7726,#7727,#7728,#7729));
#7731=FACE_OUTER_BOUND('257797',#7730,.F.);
#7732=ADVANCED_FACE('257797',(#7731),#7721,.F.);
#7733=CLOSED_SHELL('',(#3620,#3637,#3740,#3944,#3959,#3975,#3989,#4003,#4019,
#4032,#4044,#4272,#4285,#4298,#4310,#4325,#4340,#4354,#4368,#4383,#4396,#4408,
#4421,#4434,#4446,#4461,#4476,#4490,#4504,#4519,#4532,#4544,#4557,#4570,#4582,
#4597,#4612,#4626,#4640,#4655,#4668,#4680,#4693,#4706,#4718,#4733,#4748,#4762,
#4776,#4791,#4804,#4816,#4829,#4842,#4854,#4869,#4884,#4898,#4912,#4927,#4940,
#4952,#4965,#4978,#4990,#5005,#5020,#5034,#5048,#5063,#5076,#5088,#5101,#5114,
#5126,#5141,#5156,#5170,#5184,#5199,#5212,#5224,#5237,#5250,#5262,#5277,#5292,
#5306,#5320,#5335,#5348,#5360,#5373,#5386,#5398,#5413,#5428,#5442,#5456,#5471,
#5484,#5496,#5509,#5522,#5534,#5552,#5567,#5581,#5598,#5613,#5626,#5639,#5651,
#5664,#5677,#5689,#5707,#5722,#5736,#5753,#5768,#5781,#5794,#5806,#5819,#5832,
#5844,#5862,#5877,#5891,#5908,#5923,#5936,#5949,#5961,#5974,#5987,#5999,#6017,
#6032,#6046,#6063,#6078,#6091,#6104,#6116,#6129,#6142,#6154,#6172,#6187,#6201,
#6218,#6233,#6246,#6259,#6271,#6284,#6297,#6309,#6327,#6342,#6356,#6373,#6388,
#6401,#6414,#6426,#6439,#6452,#6464,#6482,#6497,#6511,#6528,#6543,#6556,#6569,
#6581,#6594,#6607,#6619,#6637,#6652,#6666,#6683,#6698,#6711,#6724,#6736,#6749,
#6762,#6774,#6792,#6807,#6821,#6838,#6853,#6866,#6879,#6891,#6904,#6917,#6929,
#6947,#6962,#6976,#6993,#7008,#7021,#7034,#7046,#7059,#7072,#7084,#7102,#7117,
#7131,#7148,#7163,#7176,#7189,#7201,#7214,#7227,#7239,#7257,#7275,#7293,#7309,
#7328,#7355,#7370,#7384,#7407,#7421,#7435,#7447,#7461,#7475,#7488,#7507,#7521,
#7535,#7560,#7575,#7588,#7602,#7617,#7630,#7642,#7654,#7674,#7691,#7703,#7716,
#7732));
#7734=MANIFOLD_SOLID_BREP('',#7733);
#7735=(LENGTH_UNIT()NAMED_UNIT(*)SI_UNIT(.MILLI.,.METRE.));
#7736=DIMENSIONAL_EXPONENTS(0.E0,0.E0,0.E0,0.E0,0.E0,0.E0,0.E0);
#7737=(NAMED_UNIT(*)PLANE_ANGLE_UNIT()SI_UNIT($,.RADIAN.));
#7738=PLANE_ANGLE_MEASURE_WITH_UNIT(PLANE_ANGLE_MEASURE(1.745329251994E-2),
#7737);
#7739=(CONVERSION_BASED_UNIT('DEGREE',#7738)NAMED_UNIT(#7736)PLANE_ANGLE_UNIT(
));
#7740=(NAMED_UNIT(*)SI_UNIT($,.STERADIAN.)SOLID_ANGLE_UNIT());
#7741=UNCERTAINTY_MEASURE_WITH_UNIT(LENGTH_MEASURE(1.296740978552E-2),#7735,
'closure',
'Maximum model space distance between geometric entities at asserted connectivities');
#7742=(GEOMETRIC_REPRESENTATION_CONTEXT(3)GLOBAL_UNCERTAINTY_ASSIGNED_CONTEXT((
#7741))GLOBAL_UNIT_ASSIGNED_CONTEXT((#7735,#7739,#7740))REPRESENTATION_CONTEXT(
'ID1','3'));
#7744=APPLICATION_CONTEXT(
'CONFIGURATION CONTROLLED 3D DESIGNS OF MECHANICAL PARTS AND ASSEMBLIES');
#7745=APPLICATION_PROTOCOL_DEFINITION('international standard',
'config_control_design',1994,#7744);
#7746=DESIGN_CONTEXT('',#7744,'design');
#7747=MECHANICAL_CONTEXT('',#7744,'mechanical');
#7748=PRODUCT('HLW_S-2A7_LF','HLW_S-2A7_LF','NOT SPECIFIED',(#7747));
#7749=PRODUCT_DEFINITION_FORMATION_WITH_SPECIFIED_SOURCE('','LAST_VERSION',
#7748,.MADE.);
#7753=PRODUCT_CATEGORY('part','');
#7754=PRODUCT_RELATED_PRODUCT_CATEGORY('detail','',(#7748));
#7755=PRODUCT_CATEGORY_RELATIONSHIP('','',#7753,#7754);
#7756=SECURITY_CLASSIFICATION_LEVEL('unclassified');
#7757=SECURITY_CLASSIFICATION('','',#7756);
#7758=CC_DESIGN_SECURITY_CLASSIFICATION(#7757,(#7749));
#7759=APPROVAL_STATUS('approved');
#7760=APPROVAL(#7759,'');
#7761=CC_DESIGN_APPROVAL(#7760,(#7757,#7749,#7750));
#7762=CALENDAR_DATE(108,4,4);
#7763=COORDINATED_UNIVERSAL_TIME_OFFSET(8,0,.AHEAD.);
#7764=LOCAL_TIME(12,3,3.2E1,#7763);
#7765=DATE_AND_TIME(#7762,#7764);
#7766=APPROVAL_DATE_TIME(#7765,#7760);
#7767=DATE_TIME_ROLE('creation_date');
#7768=CC_DESIGN_DATE_AND_TIME_ASSIGNMENT(#7765,#7767,(#7750));
#7769=DATE_TIME_ROLE('classification_date');
#7770=CC_DESIGN_DATE_AND_TIME_ASSIGNMENT(#7765,#7769,(#7757));
#7771=PERSON('UNSPECIFIED','UNSPECIFIED',$,$,$,$);
#7772=ORGANIZATION('UNSPECIFIED','UNSPECIFIED','UNSPECIFIED');
#7773=PERSON_AND_ORGANIZATION(#7771,#7772);
#7774=APPROVAL_ROLE('approver');
#7775=APPROVAL_PERSON_ORGANIZATION(#7773,#7760,#7774);
#7776=PERSON_AND_ORGANIZATION_ROLE('creator');
#7777=CC_DESIGN_PERSON_AND_ORGANIZATION_ASSIGNMENT(#7773,#7776,(#7749,#7750));
#7778=PERSON_AND_ORGANIZATION_ROLE('design_supplier');
#7779=CC_DESIGN_PERSON_AND_ORGANIZATION_ASSIGNMENT(#7773,#7778,(#7749));
#7780=PERSON_AND_ORGANIZATION_ROLE('classification_officer');
#7781=CC_DESIGN_PERSON_AND_ORGANIZATION_ASSIGNMENT(#7773,#7780,(#7757));
#7782=PERSON_AND_ORGANIZATION_ROLE('design_owner');
#7783=CC_DESIGN_PERSON_AND_ORGANIZATION_ASSIGNMENT(#7773,#7782,(#7748));
#2619=B_SPLINE_CURVE_WITH_KNOTS('257235',3,(#2614,#2615,#2616,#2617,#2618),
.UNSPECIFIED.,.F.,.F.,(4,1,4),(0.E0,5.E-1,1.E0),.UNSPECIFIED.);
#2633=B_SPLINE_CURVE_WITH_KNOTS('258499',3,(#2628,#2629,#2630,#2631,#2632),
.UNSPECIFIED.,.F.,.F.,(4,1,4),(0.E0,5.E-1,1.E0),.UNSPECIFIED.);
#2638=CIRCLE('257249',#2637,1.5E-1);
#2647=CIRCLE('257253',#2646,1.E-1);
#2656=CIRCLE('257234',#2655,5.E-1);
#2681=CIRCLE('258500',#2680,5.E-1);
#2694=CIRCLE('258513',#2693,1.E-1);
#2699=CIRCLE('258511',#2698,1.5E-1);
#3602=EDGE_CURVE('259150',#3146,#3525,#13,.T.);
#3604=EDGE_CURVE('257172',#3146,#3147,#2445,.T.);
#3606=EDGE_CURVE('257173',#3126,#3147,#2441,.T.);
#3608=EDGE_CURVE('257162',#3126,#3127,#5,.T.);
#3610=EDGE_CURVE('259157',#3521,#3127,#2421,.T.);
#3612=EDGE_CURVE('258443',#3520,#3521,#2533,.T.);
#3614=EDGE_CURVE('258444',#3520,#3523,#2605,.T.);
#3616=EDGE_CURVE('258445',#3525,#3523,#2585,.T.);
#3626=EDGE_CURVE('259151',#3161,#3549,#157,.T.);
#3628=EDGE_CURVE('257186',#3146,#3161,#9,.T.);
#3631=EDGE_CURVE('258486',#3525,#3547,#17,.T.);
#3633=EDGE_CURVE('258470',#3547,#3549,#21,.T.);
#3643=EDGE_CURVE('263329',#3429,#3551,#421,.T.);
#3645=EDGE_CURVE('257483',#3429,#3427,#25,.T.);
#3647=EDGE_CURVE('257482',#3427,#3425,#29,.T.);
#3649=EDGE_CURVE('257481',#3424,#3425,#33,.T.);
#3651=EDGE_CURVE('257496',#3413,#3424,#413,.T.);
#3653=EDGE_CURVE('257467',#3413,#3411,#37,.T.);
#3655=EDGE_CURVE('257466',#3411,#3409,#41,.T.);
#3657=EDGE_CURVE('257465',#3408,#3409,#45,.T.);
#3659=EDGE_CURVE('257480',#3397,#3408,#405,.T.);
#3661=EDGE_CURVE('257451',#3397,#3395,#49,.T.);
#3663=EDGE_CURVE('257450',#3395,#3393,#53,.T.);
#3665=EDGE_CURVE('257449',#3392,#3393,#57,.T.);
#3667=EDGE_CURVE('257464',#3381,#3392,#397,.T.);
#3669=EDGE_CURVE('257435',#3381,#3379,#61,.T.);
#3671=EDGE_CURVE('257434',#3379,#3377,#65,.T.);
#3673=EDGE_CURVE('257433',#3376,#3377,#69,.T.);
#3675=EDGE_CURVE('257448',#3365,#3376,#389,.T.);
#3677=EDGE_CURVE('257419',#3365,#3363,#73,.T.);
#3679=EDGE_CURVE('257418',#3363,#3361,#77,.T.);
#3681=EDGE_CURVE('257417',#3360,#3361,#81,.T.);
#3683=EDGE_CURVE('257432',#3349,#3360,#381,.T.);
#3685=EDGE_CURVE('257403',#3349,#3347,#85,.T.);
#3687=EDGE_CURVE('257402',#3347,#3345,#89,.T.);
#3689=EDGE_CURVE('257401',#3344,#3345,#93,.T.);
#3691=EDGE_CURVE('257416',#3333,#3344,#373,.T.);
#3693=EDGE_CURVE('257387',#3333,#3331,#97,.T.);
#3695=EDGE_CURVE('257386',#3331,#3329,#101,.T.);
#3697=EDGE_CURVE('257385',#3328,#3329,#105,.T.);
#3699=EDGE_CURVE('257400',#3317,#3328,#365,.T.);
#3701=EDGE_CURVE('257371',#3317,#3315,#109,.T.);
#3703=EDGE_CURVE('257370',#3315,#3313,#113,.T.);
#3705=EDGE_CURVE('257369',#3312,#3313,#117,.T.);
#3707=EDGE_CURVE('257384',#3301,#3312,#357,.T.);
#3709=EDGE_CURVE('257355',#3301,#3299,#121,.T.);
#3711=EDGE_CURVE('257354',#3299,#3297,#125,.T.);
#3713=EDGE_CURVE('257353',#3296,#3297,#129,.T.);
#3715=EDGE_CURVE('257368',#3285,#3296,#349,.T.);
#3717=EDGE_CURVE('257339',#3285,#3283,#133,.T.);
#3719=EDGE_CURVE('257338',#3283,#3281,#137,.T.);
#3721=EDGE_CURVE('257337',#3280,#3281,#141,.T.);
#3723=EDGE_CURVE('257352',#3269,#3280,#341,.T.);
#3725=EDGE_CURVE('257323',#3269,#3267,#145,.T.);
#3727=EDGE_CURVE('257322',#3267,#3265,#149,.T.);
#3729=EDGE_CURVE('257321',#3264,#3265,#153,.T.);
#3731=EDGE_CURVE('257336',#3159,#3264,#333,.T.);
#3733=EDGE_CURVE('257185',#3161,#3159,#2449,.T.);
#3736=EDGE_CURVE('258471',#3551,#3549,#2569,.T.);
#3746=EDGE_CURVE('259153',#3153,#3545,#2501,.T.);
#3748=EDGE_CURVE('257181',#3155,#3153,#321,.T.);
#3750=EDGE_CURVE('257207',#3139,#3155,#325,.T.);
#3752=EDGE_CURVE('257169',#3141,#3139,#329,.T.);
#3754=EDGE_CURVE('257221',#3141,#3159,#2465,.T.);
#3757=EDGE_CURVE('257331',#3264,#3110,#337,.T.);
#3759=EDGE_CURVE('257158',#3121,#3110,#2313,.T.);
#3761=EDGE_CURVE('257335',#3121,#3269,#2277,.T.);
#3764=EDGE_CURVE('257347',#3280,#3086,#345,.T.);
#3766=EDGE_CURVE('257144',#3097,#3086,#2229,.T.);
#3768=EDGE_CURVE('257351',#3097,#3285,#2193,.T.);
#3771=EDGE_CURVE('257363',#3296,#2870,#353,.T.);
#3773=EDGE_CURVE('256948',#2881,#2870,#2145,.T.);
#3775=EDGE_CURVE('257367',#2881,#3301,#2109,.T.);
#3778=EDGE_CURVE('257379',#3312,#2894,#361,.T.);
#3780=EDGE_CURVE('256962',#2905,#2894,#2061,.T.);
#3782=EDGE_CURVE('257383',#2905,#3317,#2025,.T.);
#3785=EDGE_CURVE('257395',#3328,#2918,#369,.T.);
#3787=EDGE_CURVE('256976',#2929,#2918,#1977,.T.);
#3789=EDGE_CURVE('257399',#2929,#3333,#1941,.T.);
#3792=EDGE_CURVE('257411',#3344,#2942,#377,.T.);
#3794=EDGE_CURVE('256990',#2953,#2942,#1893,.T.);
#3796=EDGE_CURVE('257415',#2953,#3349,#1857,.T.);
#3799=EDGE_CURVE('257427',#3360,#2966,#385,.T.);
#3801=EDGE_CURVE('257004',#2977,#2966,#1809,.T.);
#3803=EDGE_CURVE('257431',#2977,#3365,#1773,.T.);
#3806=EDGE_CURVE('257443',#3376,#2990,#393,.T.);
#3808=EDGE_CURVE('257018',#3001,#2990,#1725,.T.);
#3810=EDGE_CURVE('257447',#3001,#3381,#1689,.T.);
#3813=EDGE_CURVE('257459',#3392,#3014,#401,.T.);
#3815=EDGE_CURVE('257032',#3025,#3014,#1641,.T.);
#3817=EDGE_CURVE('257463',#3025,#3397,#1605,.T.);
#3820=EDGE_CURVE('257475',#3408,#3038,#409,.T.);
#3822=EDGE_CURVE('257046',#3049,#3038,#1557,.T.);
#3824=EDGE_CURVE('257479',#3049,#3413,#1521,.T.);
#3827=EDGE_CURVE('257491',#3424,#3062,#417,.T.);
#3829=EDGE_CURVE('257130',#3073,#3062,#1473,.T.);
#3831=EDGE_CURVE('257495',#3073,#3429,#1437,.T.);
#3834=EDGE_CURVE('258491',#3563,#3551,#2561,.T.);
#3836=EDGE_CURVE('258482',#3553,#3563,#425,.T.);
#3838=EDGE_CURVE('258474',#3543,#3553,#429,.T.);
#3840=EDGE_CURVE('258467',#3545,#3543,#433,.T.);
#3844=EDGE_CURVE('257686',#3257,#3255,#161,.T.);
#3846=EDGE_CURVE('257688',#3261,#3257,#165,.T.);
#3848=EDGE_CURVE('257689',#3259,#3261,#169,.T.);
#3850=EDGE_CURVE('257687',#3255,#3259,#173,.T.);
#3854=EDGE_CURVE('257674',#3249,#3247,#177,.T.);
#3856=EDGE_CURVE('257676',#3253,#3249,#181,.T.);
#3858=EDGE_CURVE('257677',#3251,#3253,#185,.T.);
#3860=EDGE_CURVE('257675',#3247,#3251,#189,.T.);
#3864=EDGE_CURVE('257662',#3241,#3239,#193,.T.);
#3866=EDGE_CURVE('257664',#3245,#3241,#197,.T.);
#3868=EDGE_CURVE('257665',#3243,#3245,#201,.T.);
#3870=EDGE_CURVE('257663',#3239,#3243,#205,.T.);
#3874=EDGE_CURVE('257650',#3233,#3231,#209,.T.);
#3876=EDGE_CURVE('257652',#3237,#3233,#213,.T.);
#3878=EDGE_CURVE('257653',#3235,#3237,#217,.T.);
#3880=EDGE_CURVE('257651',#3231,#3235,#221,.T.);
#3884=EDGE_CURVE('257638',#3225,#3223,#225,.T.);
#3886=EDGE_CURVE('257640',#3229,#3225,#229,.T.);
#3888=EDGE_CURVE('257641',#3227,#3229,#233,.T.);
#3890=EDGE_CURVE('257639',#3223,#3227,#237,.T.);
#3894=EDGE_CURVE('257626',#3217,#3215,#241,.T.);
#3896=EDGE_CURVE('257628',#3221,#3217,#245,.T.);
#3898=EDGE_CURVE('257629',#3219,#3221,#249,.T.);
#3900=EDGE_CURVE('257627',#3215,#3219,#253,.T.);
#3904=EDGE_CURVE('257614',#3209,#3207,#257,.T.);
#3906=EDGE_CURVE('257616',#3213,#3209,#261,.T.);
#3908=EDGE_CURVE('257617',#3211,#3213,#265,.T.);
#3910=EDGE_CURVE('257615',#3207,#3211,#269,.T.);
#3914=EDGE_CURVE('257602',#3201,#3199,#273,.T.);
#3916=EDGE_CURVE('257604',#3205,#3201,#277,.T.);
#3918=EDGE_CURVE('257605',#3203,#3205,#281,.T.);
#3920=EDGE_CURVE('257603',#3199,#3203,#285,.T.);
#3924=EDGE_CURVE('257590',#3193,#3191,#289,.T.);
#3926=EDGE_CURVE('257592',#3197,#3193,#293,.T.);
#3928=EDGE_CURVE('257593',#3195,#3197,#297,.T.);
#3930=EDGE_CURVE('257591',#3191,#3195,#301,.T.);
#3934=EDGE_CURVE('257578',#3185,#3183,#305,.T.);
#3936=EDGE_CURVE('257580',#3189,#3185,#309,.T.);
#3938=EDGE_CURVE('257581',#3187,#3189,#313,.T.);
#3940=EDGE_CURVE('257579',#3183,#3187,#317,.T.);
#3950=EDGE_CURVE('257293',#2819,#3255,#449,.T.);
#3952=EDGE_CURVE('256867',#2818,#2819,#481,.T.);
#3954=EDGE_CURVE('257294',#3257,#2818,#477,.T.);
#3965=EDGE_CURVE('257690',#3512,#3513,#493,.T.);
#3967=EDGE_CURVE('257695',#3513,#2814,#437,.T.);
#3969=EDGE_CURVE('256866',#2814,#2815,#441,.T.);
#3971=EDGE_CURVE('257694',#2815,#3512,#445,.T.);
#3983=EDGE_CURVE('257295',#3259,#2821,#453,.T.);
#3985=EDGE_CURVE('256868',#2819,#2821,#485,.T.);
#3997=EDGE_CURVE('257296',#2827,#3261,#457,.T.);
#3999=EDGE_CURVE('256873',#2821,#2827,#461,.T.);
#4009=EDGE_CURVE('257693',#3517,#3515,#501,.T.);
#4011=EDGE_CURVE('257696',#3517,#2823,#465,.T.);
#4013=EDGE_CURVE('256871',#2823,#2825,#469,.T.);
#4015=EDGE_CURVE('257697',#2825,#3515,#473,.T.);
#4026=EDGE_CURVE('256872',#2827,#2818,#489,.T.);
#4050=EDGE_CURVE('259129',#3578,#3590,#2353,.T.);
#4052=EDGE_CURVE('259145',#3590,#3175,#2349,.T.);
#4054=EDGE_CURVE('257247',#3175,#3168,#2660,.T.);
#4056=EDGE_CURVE('259143',#3588,#3168,#2613,.T.);
#4058=EDGE_CURVE('259127',#3572,#3588,#2609,.T.);
#4060=EDGE_CURVE('258510',#3572,#3578,#829,.T.);
#4065=EDGE_CURVE('257692',#3517,#3512,#497,.T.);
#4068=EDGE_CURVE('257691',#3513,#3515,#505,.T.);
#4072=EDGE_CURVE('257678',#3504,#3505,#509,.T.);
#4074=EDGE_CURVE('257680',#3509,#3504,#513,.T.);
#4076=EDGE_CURVE('257681',#3509,#3507,#517,.T.);
#4078=EDGE_CURVE('257679',#3505,#3507,#521,.T.);
#4082=EDGE_CURVE('257666',#3496,#3497,#525,.T.);
#4084=EDGE_CURVE('257668',#3501,#3496,#529,.T.);
#4086=EDGE_CURVE('257669',#3501,#3499,#533,.T.);
#4088=EDGE_CURVE('257667',#3497,#3499,#537,.T.);
#4092=EDGE_CURVE('257654',#3488,#3489,#541,.T.);
#4094=EDGE_CURVE('257656',#3493,#3488,#545,.T.);
#4096=EDGE_CURVE('257657',#3493,#3491,#549,.T.);
#4098=EDGE_CURVE('257655',#3489,#3491,#553,.T.);
#4102=EDGE_CURVE('257642',#3480,#3481,#557,.T.);
#4104=EDGE_CURVE('257644',#3485,#3480,#561,.T.);
#4106=EDGE_CURVE('257645',#3485,#3483,#565,.T.);
#4108=EDGE_CURVE('257643',#3481,#3483,#569,.T.);
#4112=EDGE_CURVE('257630',#3472,#3473,#573,.T.);
#4114=EDGE_CURVE('257632',#3477,#3472,#577,.T.);
#4116=EDGE_CURVE('257633',#3477,#3475,#581,.T.);
#4118=EDGE_CURVE('257631',#3473,#3475,#585,.T.);
#4122=EDGE_CURVE('257618',#3464,#3465,#589,.T.);
#4124=EDGE_CURVE('257620',#3469,#3464,#593,.T.);
#4126=EDGE_CURVE('257621',#3469,#3467,#597,.T.);
#4128=EDGE_CURVE('257619',#3465,#3467,#601,.T.);
#4132=EDGE_CURVE('257606',#3456,#3457,#605,.T.);
#4134=EDGE_CURVE('257608',#3461,#3456,#609,.T.);
#4136=EDGE_CURVE('257609',#3461,#3459,#613,.T.);
#4138=EDGE_CURVE('257607',#3457,#3459,#617,.T.);
#4142=EDGE_CURVE('257594',#3448,#3449,#621,.T.);
#4144=EDGE_CURVE('257596',#3453,#3448,#625,.T.);
#4146=EDGE_CURVE('257597',#3453,#3451,#629,.T.);
#4148=EDGE_CURVE('257595',#3449,#3451,#633,.T.);
#4152=EDGE_CURVE('257582',#3440,#3441,#637,.T.);
#4154=EDGE_CURVE('257584',#3445,#3440,#641,.T.);
#4156=EDGE_CURVE('257585',#3445,#3443,#645,.T.);
#4158=EDGE_CURVE('257583',#3441,#3443,#649,.T.);
#4162=EDGE_CURVE('257484',#3432,#3433,#653,.T.);
#4164=EDGE_CURVE('257486',#3437,#3432,#657,.T.);
#4166=EDGE_CURVE('257487',#3437,#3435,#661,.T.);
#4168=EDGE_CURVE('257485',#3433,#3435,#665,.T.);
#4172=EDGE_CURVE('257468',#3416,#3417,#669,.T.);
#4174=EDGE_CURVE('257470',#3421,#3416,#673,.T.);
#4176=EDGE_CURVE('257471',#3421,#3419,#677,.T.);
#4178=EDGE_CURVE('257469',#3417,#3419,#681,.T.);
#4182=EDGE_CURVE('257452',#3400,#3401,#685,.T.);
#4184=EDGE_CURVE('257454',#3405,#3400,#689,.T.);
#4186=EDGE_CURVE('257455',#3405,#3403,#693,.T.);
#4188=EDGE_CURVE('257453',#3401,#3403,#697,.T.);
#4192=EDGE_CURVE('257436',#3384,#3385,#701,.T.);
#4194=EDGE_CURVE('257438',#3389,#3384,#705,.T.);
#4196=EDGE_CURVE('257439',#3389,#3387,#709,.T.);
#4198=EDGE_CURVE('257437',#3385,#3387,#713,.T.);
#4202=EDGE_CURVE('257420',#3368,#3369,#717,.T.);
#4204=EDGE_CURVE('257422',#3373,#3368,#721,.T.);
#4206=EDGE_CURVE('257423',#3373,#3371,#725,.T.);
#4208=EDGE_CURVE('257421',#3369,#3371,#729,.T.);
#4212=EDGE_CURVE('257404',#3352,#3353,#733,.T.);
#4214=EDGE_CURVE('257406',#3357,#3352,#737,.T.);
#4216=EDGE_CURVE('257407',#3357,#3355,#741,.T.);
#4218=EDGE_CURVE('257405',#3353,#3355,#745,.T.);
#4222=EDGE_CURVE('257388',#3336,#3337,#749,.T.);
#4224=EDGE_CURVE('257390',#3341,#3336,#753,.T.);
#4226=EDGE_CURVE('257391',#3341,#3339,#757,.T.);
#4228=EDGE_CURVE('257389',#3337,#3339,#761,.T.);
#4232=EDGE_CURVE('257372',#3320,#3321,#765,.T.);
#4234=EDGE_CURVE('257374',#3325,#3320,#769,.T.);
#4236=EDGE_CURVE('257375',#3325,#3323,#773,.T.);
#4238=EDGE_CURVE('257373',#3321,#3323,#777,.T.);
#4242=EDGE_CURVE('257356',#3304,#3305,#781,.T.);
#4244=EDGE_CURVE('257358',#3309,#3304,#785,.T.);
#4246=EDGE_CURVE('257359',#3309,#3307,#789,.T.);
#4248=EDGE_CURVE('257357',#3305,#3307,#793,.T.);
#4252=EDGE_CURVE('257340',#3288,#3289,#797,.T.);
#4254=EDGE_CURVE('257342',#3293,#3288,#801,.T.);
#4256=EDGE_CURVE('257343',#3293,#3291,#805,.T.);
#4258=EDGE_CURVE('257341',#3289,#3291,#809,.T.);
#4262=EDGE_CURVE('257324',#3272,#3273,#813,.T.);
#4264=EDGE_CURVE('257326',#3277,#3272,#817,.T.);
#4266=EDGE_CURVE('257327',#3277,#3275,#821,.T.);
#4268=EDGE_CURVE('257325',#3273,#3275,#825,.T.);
#4280=EDGE_CURVE('256869',#2823,#2815,#833,.T.);
#4292=EDGE_CURVE('256870',#2825,#2814,#837,.T.);
#4316=EDGE_CURVE('257289',#2803,#3247,#853,.T.);
#4318=EDGE_CURVE('256859',#2802,#2803,#885,.T.);
#4320=EDGE_CURVE('257290',#3249,#2802,#881,.T.);
#4332=EDGE_CURVE('257683',#3505,#2798,#841,.T.);
#4334=EDGE_CURVE('256858',#2798,#2799,#845,.T.);
#4336=EDGE_CURVE('257682',#2799,#3504,#849,.T.);
#4348=EDGE_CURVE('257291',#3251,#2805,#857,.T.);
#4350=EDGE_CURVE('256860',#2803,#2805,#889,.T.);
#4362=EDGE_CURVE('257292',#2811,#3253,#861,.T.);
#4364=EDGE_CURVE('256865',#2805,#2811,#865,.T.);
#4375=EDGE_CURVE('257684',#3509,#2807,#869,.T.);
#4377=EDGE_CURVE('256863',#2807,#2809,#873,.T.);
#4379=EDGE_CURVE('257685',#2809,#3507,#877,.T.);
#4390=EDGE_CURVE('256864',#2811,#2802,#893,.T.);
#4416=EDGE_CURVE('256861',#2807,#2799,#897,.T.);
#4428=EDGE_CURVE('256862',#2809,#2798,#901,.T.);
#4452=EDGE_CURVE('257285',#2787,#3239,#917,.T.);
#4454=EDGE_CURVE('256851',#2786,#2787,#949,.T.);
#4456=EDGE_CURVE('257286',#3241,#2786,#945,.T.);
#4468=EDGE_CURVE('257671',#3497,#2782,#905,.T.);
#4470=EDGE_CURVE('256850',#2782,#2783,#909,.T.);
#4472=EDGE_CURVE('257670',#2783,#3496,#913,.T.);
#4484=EDGE_CURVE('257287',#3243,#2789,#921,.T.);
#4486=EDGE_CURVE('256852',#2787,#2789,#953,.T.);
#4498=EDGE_CURVE('257288',#2795,#3245,#925,.T.);
#4500=EDGE_CURVE('256857',#2789,#2795,#929,.T.);
#4511=EDGE_CURVE('257672',#3501,#2791,#933,.T.);
#4513=EDGE_CURVE('256855',#2791,#2793,#937,.T.);
#4515=EDGE_CURVE('257673',#2793,#3499,#941,.T.);
#4526=EDGE_CURVE('256856',#2795,#2786,#957,.T.);
#4552=EDGE_CURVE('256853',#2791,#2783,#961,.T.);
#4564=EDGE_CURVE('256854',#2793,#2782,#965,.T.);
#4588=EDGE_CURVE('257281',#2771,#3231,#981,.T.);
#4590=EDGE_CURVE('256843',#2770,#2771,#1013,.T.);
#4592=EDGE_CURVE('257282',#3233,#2770,#1009,.T.);
#4604=EDGE_CURVE('257659',#3489,#2766,#969,.T.);
#4606=EDGE_CURVE('256842',#2766,#2767,#973,.T.);
#4608=EDGE_CURVE('257658',#2767,#3488,#977,.T.);
#4620=EDGE_CURVE('257283',#3235,#2773,#985,.T.);
#4622=EDGE_CURVE('256844',#2771,#2773,#1017,.T.);
#4634=EDGE_CURVE('257284',#2779,#3237,#989,.T.);
#4636=EDGE_CURVE('256849',#2773,#2779,#993,.T.);
#4647=EDGE_CURVE('257660',#3493,#2775,#997,.T.);
#4649=EDGE_CURVE('256847',#2775,#2777,#1001,.T.);
#4651=EDGE_CURVE('257661',#2777,#3491,#1005,.T.);
#4662=EDGE_CURVE('256848',#2779,#2770,#1021,.T.);
#4688=EDGE_CURVE('256845',#2775,#2767,#1025,.T.);
#4700=EDGE_CURVE('256846',#2777,#2766,#1029,.T.);
#4724=EDGE_CURVE('257277',#2755,#3223,#1045,.T.);
#4726=EDGE_CURVE('256835',#2754,#2755,#1077,.T.);
#4728=EDGE_CURVE('257278',#3225,#2754,#1073,.T.);
#4740=EDGE_CURVE('257647',#3481,#2750,#1033,.T.);
#4742=EDGE_CURVE('256834',#2750,#2751,#1037,.T.);
#4744=EDGE_CURVE('257646',#2751,#3480,#1041,.T.);
#4756=EDGE_CURVE('257279',#3227,#2757,#1049,.T.);
#4758=EDGE_CURVE('256836',#2755,#2757,#1081,.T.);
#4770=EDGE_CURVE('257280',#2763,#3229,#1053,.T.);
#4772=EDGE_CURVE('256841',#2757,#2763,#1057,.T.);
#4783=EDGE_CURVE('257648',#3485,#2759,#1061,.T.);
#4785=EDGE_CURVE('256839',#2759,#2761,#1065,.T.);
#4787=EDGE_CURVE('257649',#2761,#3483,#1069,.T.);
#4798=EDGE_CURVE('256840',#2763,#2754,#1085,.T.);
#4824=EDGE_CURVE('256837',#2759,#2751,#1089,.T.);
#4836=EDGE_CURVE('256838',#2761,#2750,#1093,.T.);
#4860=EDGE_CURVE('257273',#2739,#3215,#1109,.T.);
#4862=EDGE_CURVE('256827',#2738,#2739,#1141,.T.);
#4864=EDGE_CURVE('257274',#3217,#2738,#1137,.T.);
#4876=EDGE_CURVE('257635',#3473,#2734,#1097,.T.);
#4878=EDGE_CURVE('256826',#2734,#2735,#1101,.T.);
#4880=EDGE_CURVE('257634',#2735,#3472,#1105,.T.);
#4892=EDGE_CURVE('257275',#3219,#2741,#1113,.T.);
#4894=EDGE_CURVE('256828',#2739,#2741,#1145,.T.);
#4906=EDGE_CURVE('257276',#2747,#3221,#1117,.T.);
#4908=EDGE_CURVE('256833',#2741,#2747,#1121,.T.);
#4919=EDGE_CURVE('257636',#3477,#2743,#1125,.T.);
#4921=EDGE_CURVE('256831',#2743,#2745,#1129,.T.);
#4923=EDGE_CURVE('257637',#2745,#3475,#1133,.T.);
#4934=EDGE_CURVE('256832',#2747,#2738,#1149,.T.);
#4960=EDGE_CURVE('256829',#2743,#2735,#1153,.T.);
#4972=EDGE_CURVE('256830',#2745,#2734,#1157,.T.);
#4996=EDGE_CURVE('257269',#2723,#3207,#1173,.T.);
#4998=EDGE_CURVE('256819',#2722,#2723,#1205,.T.);
#5000=EDGE_CURVE('257270',#3209,#2722,#1201,.T.);
#5012=EDGE_CURVE('257623',#3465,#2718,#1161,.T.);
#5014=EDGE_CURVE('256818',#2718,#2719,#1165,.T.);
#5016=EDGE_CURVE('257622',#2719,#3464,#1169,.T.);
#5028=EDGE_CURVE('257271',#3211,#2725,#1177,.T.);
#5030=EDGE_CURVE('256820',#2723,#2725,#1209,.T.);
#5042=EDGE_CURVE('257272',#2731,#3213,#1181,.T.);
#5044=EDGE_CURVE('256825',#2725,#2731,#1185,.T.);
#5055=EDGE_CURVE('257624',#3469,#2727,#1189,.T.);
#5057=EDGE_CURVE('256823',#2727,#2729,#1193,.T.);
#5059=EDGE_CURVE('257625',#2729,#3467,#1197,.T.);
#5070=EDGE_CURVE('256824',#2731,#2722,#1213,.T.);
#5096=EDGE_CURVE('256821',#2727,#2719,#1217,.T.);
#5108=EDGE_CURVE('256822',#2729,#2718,#1221,.T.);
#5132=EDGE_CURVE('257265',#2707,#3199,#1237,.T.);
#5134=EDGE_CURVE('256811',#2706,#2707,#1269,.T.);
#5136=EDGE_CURVE('257266',#3201,#2706,#1265,.T.);
#5148=EDGE_CURVE('257611',#3457,#2702,#1225,.T.);
#5150=EDGE_CURVE('256810',#2702,#2703,#1229,.T.);
#5152=EDGE_CURVE('257610',#2703,#3456,#1233,.T.);
#5164=EDGE_CURVE('257267',#3203,#2709,#1241,.T.);
#5166=EDGE_CURVE('256812',#2707,#2709,#1273,.T.);
#5178=EDGE_CURVE('257268',#2715,#3205,#1245,.T.);
#5180=EDGE_CURVE('256817',#2709,#2715,#1249,.T.);
#5191=EDGE_CURVE('257612',#3461,#2711,#1253,.T.);
#5193=EDGE_CURVE('256815',#2711,#2713,#1257,.T.);
#5195=EDGE_CURVE('257613',#2713,#3459,#1261,.T.);
#5206=EDGE_CURVE('256816',#2715,#2706,#1277,.T.);
#5232=EDGE_CURVE('256813',#2711,#2703,#1281,.T.);
#5244=EDGE_CURVE('256814',#2713,#2702,#1285,.T.);
#5268=EDGE_CURVE('257261',#2835,#3191,#1301,.T.);
#5270=EDGE_CURVE('256923',#2834,#2835,#1333,.T.);
#5272=EDGE_CURVE('257262',#3193,#2834,#1329,.T.);
#5284=EDGE_CURVE('257599',#3449,#2830,#1289,.T.);
#5286=EDGE_CURVE('256922',#2830,#2831,#1293,.T.);
#5288=EDGE_CURVE('257598',#2831,#3448,#1297,.T.);
#5300=EDGE_CURVE('257263',#3195,#2837,#1305,.T.);
#5302=EDGE_CURVE('256924',#2835,#2837,#1337,.T.);
#5314=EDGE_CURVE('257264',#2843,#3197,#1309,.T.);
#5316=EDGE_CURVE('256929',#2837,#2843,#1313,.T.);
#5327=EDGE_CURVE('257600',#3453,#2839,#1317,.T.);
#5329=EDGE_CURVE('256927',#2839,#2841,#1321,.T.);
#5331=EDGE_CURVE('257601',#2841,#3451,#1325,.T.);
#5342=EDGE_CURVE('256928',#2843,#2834,#1341,.T.);
#5368=EDGE_CURVE('256925',#2839,#2831,#1345,.T.);
#5380=EDGE_CURVE('256926',#2841,#2830,#1349,.T.);
#5404=EDGE_CURVE('257257',#2851,#3183,#1365,.T.);
#5406=EDGE_CURVE('256931',#2850,#2851,#1397,.T.);
#5408=EDGE_CURVE('257258',#3185,#2850,#1393,.T.);
#5420=EDGE_CURVE('257587',#3441,#2846,#1353,.T.);
#5422=EDGE_CURVE('256930',#2846,#2847,#1357,.T.);
#5424=EDGE_CURVE('257586',#2847,#3440,#1361,.T.);
#5436=EDGE_CURVE('257259',#3187,#2853,#1369,.T.);
#5438=EDGE_CURVE('256932',#2851,#2853,#1401,.T.);
#5450=EDGE_CURVE('257260',#2859,#3189,#1373,.T.);
#5452=EDGE_CURVE('256937',#2853,#2859,#1377,.T.);
#5463=EDGE_CURVE('257588',#3445,#2855,#1381,.T.);
#5465=EDGE_CURVE('256935',#2855,#2857,#1385,.T.);
#5467=EDGE_CURVE('257589',#2857,#3443,#1389,.T.);
#5478=EDGE_CURVE('256936',#2859,#2850,#1405,.T.);
#5504=EDGE_CURVE('256933',#2855,#2847,#1409,.T.);
#5516=EDGE_CURVE('256934',#2857,#2846,#1413,.T.);
#5541=EDGE_CURVE('257488',#3055,#3425,#1433,.T.);
#5543=EDGE_CURVE('257120',#3054,#3055,#1489,.T.);
#5545=EDGE_CURVE('257123',#3063,#3054,#1477,.T.);
#5547=EDGE_CURVE('257122',#3062,#3063,#1469,.T.);
#5559=EDGE_CURVE('257490',#3433,#3058,#1417,.T.);
#5561=EDGE_CURVE('257121',#3058,#3059,#1421,.T.);
#5563=EDGE_CURVE('257489',#3059,#3432,#1425,.T.);
#5574=EDGE_CURVE('257492',#3427,#3065,#1453,.T.);
#5576=EDGE_CURVE('257124',#3065,#3055,#1429,.T.);
#5589=EDGE_CURVE('257132',#3075,#3073,#1441,.T.);
#5591=EDGE_CURVE('257133',#3067,#3075,#1445,.T.);
#5593=EDGE_CURVE('257125',#3065,#3067,#1449,.T.);
#5605=EDGE_CURVE('257493',#3437,#3069,#1457,.T.);
#5607=EDGE_CURVE('257129',#3069,#3071,#1461,.T.);
#5609=EDGE_CURVE('257494',#3071,#3435,#1465,.T.);
#5620=EDGE_CURVE('257131',#3075,#3063,#1485,.T.);
#5633=EDGE_CURVE('257126',#3054,#3067,#1481,.T.);
#5659=EDGE_CURVE('257127',#3069,#3059,#1493,.T.);
#5671=EDGE_CURVE('257128',#3071,#3058,#1497,.T.);
#5696=EDGE_CURVE('257472',#3031,#3409,#1517,.T.);
#5698=EDGE_CURVE('257036',#3030,#3031,#1573,.T.);
#5700=EDGE_CURVE('257039',#3039,#3030,#1561,.T.);
#5702=EDGE_CURVE('257038',#3038,#3039,#1553,.T.);
#5714=EDGE_CURVE('257474',#3417,#3034,#1501,.T.);
#5716=EDGE_CURVE('257037',#3034,#3035,#1505,.T.);
#5718=EDGE_CURVE('257473',#3035,#3416,#1509,.T.);
#5729=EDGE_CURVE('257476',#3411,#3041,#1537,.T.);
#5731=EDGE_CURVE('257040',#3041,#3031,#1513,.T.);
#5744=EDGE_CURVE('257048',#3051,#3049,#1525,.T.);
#5746=EDGE_CURVE('257049',#3043,#3051,#1529,.T.);
#5748=EDGE_CURVE('257041',#3041,#3043,#1533,.T.);
#5760=EDGE_CURVE('257477',#3421,#3045,#1541,.T.);
#5762=EDGE_CURVE('257045',#3045,#3047,#1545,.T.);
#5764=EDGE_CURVE('257478',#3047,#3419,#1549,.T.);
#5775=EDGE_CURVE('257047',#3051,#3039,#1569,.T.);
#5788=EDGE_CURVE('257042',#3030,#3043,#1565,.T.);
#5814=EDGE_CURVE('257043',#3045,#3035,#1577,.T.);
#5826=EDGE_CURVE('257044',#3047,#3034,#1581,.T.);
#5851=EDGE_CURVE('257456',#3007,#3393,#1601,.T.);
#5853=EDGE_CURVE('257022',#3006,#3007,#1657,.T.);
#5855=EDGE_CURVE('257025',#3015,#3006,#1645,.T.);
#5857=EDGE_CURVE('257024',#3014,#3015,#1637,.T.);
#5869=EDGE_CURVE('257458',#3401,#3010,#1585,.T.);
#5871=EDGE_CURVE('257023',#3010,#3011,#1589,.T.);
#5873=EDGE_CURVE('257457',#3011,#3400,#1593,.T.);
#5884=EDGE_CURVE('257460',#3395,#3017,#1621,.T.);
#5886=EDGE_CURVE('257026',#3017,#3007,#1597,.T.);
#5899=EDGE_CURVE('257034',#3027,#3025,#1609,.T.);
#5901=EDGE_CURVE('257035',#3019,#3027,#1613,.T.);
#5903=EDGE_CURVE('257027',#3017,#3019,#1617,.T.);
#5915=EDGE_CURVE('257461',#3405,#3021,#1625,.T.);
#5917=EDGE_CURVE('257031',#3021,#3023,#1629,.T.);
#5919=EDGE_CURVE('257462',#3023,#3403,#1633,.T.);
#5930=EDGE_CURVE('257033',#3027,#3015,#1653,.T.);
#5943=EDGE_CURVE('257028',#3006,#3019,#1649,.T.);
#5969=EDGE_CURVE('257029',#3021,#3011,#1661,.T.);
#5981=EDGE_CURVE('257030',#3023,#3010,#1665,.T.);
#6006=EDGE_CURVE('257440',#2983,#3377,#1685,.T.);
#6008=EDGE_CURVE('257008',#2982,#2983,#1741,.T.);
#6010=EDGE_CURVE('257011',#2991,#2982,#1729,.T.);
#6012=EDGE_CURVE('257010',#2990,#2991,#1721,.T.);
#6024=EDGE_CURVE('257442',#3385,#2986,#1669,.T.);
#6026=EDGE_CURVE('257009',#2986,#2987,#1673,.T.);
#6028=EDGE_CURVE('257441',#2987,#3384,#1677,.T.);
#6039=EDGE_CURVE('257444',#3379,#2993,#1705,.T.);
#6041=EDGE_CURVE('257012',#2993,#2983,#1681,.T.);
#6054=EDGE_CURVE('257020',#3003,#3001,#1693,.T.);
#6056=EDGE_CURVE('257021',#2995,#3003,#1697,.T.);
#6058=EDGE_CURVE('257013',#2993,#2995,#1701,.T.);
#6070=EDGE_CURVE('257445',#3389,#2997,#1709,.T.);
#6072=EDGE_CURVE('257017',#2997,#2999,#1713,.T.);
#6074=EDGE_CURVE('257446',#2999,#3387,#1717,.T.);
#6085=EDGE_CURVE('257019',#3003,#2991,#1737,.T.);
#6098=EDGE_CURVE('257014',#2982,#2995,#1733,.T.);
#6124=EDGE_CURVE('257015',#2997,#2987,#1745,.T.);
#6136=EDGE_CURVE('257016',#2999,#2986,#1749,.T.);
#6161=EDGE_CURVE('257424',#2959,#3361,#1769,.T.);
#6163=EDGE_CURVE('256994',#2958,#2959,#1825,.T.);
#6165=EDGE_CURVE('256997',#2967,#2958,#1813,.T.);
#6167=EDGE_CURVE('256996',#2966,#2967,#1805,.T.);
#6179=EDGE_CURVE('257426',#3369,#2962,#1753,.T.);
#6181=EDGE_CURVE('256995',#2962,#2963,#1757,.T.);
#6183=EDGE_CURVE('257425',#2963,#3368,#1761,.T.);
#6194=EDGE_CURVE('257428',#3363,#2969,#1789,.T.);
#6196=EDGE_CURVE('256998',#2969,#2959,#1765,.T.);
#6209=EDGE_CURVE('257006',#2979,#2977,#1777,.T.);
#6211=EDGE_CURVE('257007',#2971,#2979,#1781,.T.);
#6213=EDGE_CURVE('256999',#2969,#2971,#1785,.T.);
#6225=EDGE_CURVE('257429',#3373,#2973,#1793,.T.);
#6227=EDGE_CURVE('257003',#2973,#2975,#1797,.T.);
#6229=EDGE_CURVE('257430',#2975,#3371,#1801,.T.);
#6240=EDGE_CURVE('257005',#2979,#2967,#1821,.T.);
#6253=EDGE_CURVE('257000',#2958,#2971,#1817,.T.);
#6279=EDGE_CURVE('257001',#2973,#2963,#1829,.T.);
#6291=EDGE_CURVE('257002',#2975,#2962,#1833,.T.);
#6316=EDGE_CURVE('257408',#2935,#3345,#1853,.T.);
#6318=EDGE_CURVE('256980',#2934,#2935,#1909,.T.);
#6320=EDGE_CURVE('256983',#2943,#2934,#1897,.T.);
#6322=EDGE_CURVE('256982',#2942,#2943,#1889,.T.);
#6334=EDGE_CURVE('257410',#3353,#2938,#1837,.T.);
#6336=EDGE_CURVE('256981',#2938,#2939,#1841,.T.);
#6338=EDGE_CURVE('257409',#2939,#3352,#1845,.T.);
#6349=EDGE_CURVE('257412',#3347,#2945,#1873,.T.);
#6351=EDGE_CURVE('256984',#2945,#2935,#1849,.T.);
#6364=EDGE_CURVE('256992',#2955,#2953,#1861,.T.);
#6366=EDGE_CURVE('256993',#2947,#2955,#1865,.T.);
#6368=EDGE_CURVE('256985',#2945,#2947,#1869,.T.);
#6380=EDGE_CURVE('257413',#3357,#2949,#1877,.T.);
#6382=EDGE_CURVE('256989',#2949,#2951,#1881,.T.);
#6384=EDGE_CURVE('257414',#2951,#3355,#1885,.T.);
#6395=EDGE_CURVE('256991',#2955,#2943,#1905,.T.);
#6408=EDGE_CURVE('256986',#2934,#2947,#1901,.T.);
#6434=EDGE_CURVE('256987',#2949,#2939,#1913,.T.);
#6446=EDGE_CURVE('256988',#2951,#2938,#1917,.T.);
#6471=EDGE_CURVE('257392',#2911,#3329,#1937,.T.);
#6473=EDGE_CURVE('256966',#2910,#2911,#1993,.T.);
#6475=EDGE_CURVE('256969',#2919,#2910,#1981,.T.);
#6477=EDGE_CURVE('256968',#2918,#2919,#1973,.T.);
#6489=EDGE_CURVE('257394',#3337,#2914,#1921,.T.);
#6491=EDGE_CURVE('256967',#2914,#2915,#1925,.T.);
#6493=EDGE_CURVE('257393',#2915,#3336,#1929,.T.);
#6504=EDGE_CURVE('257396',#3331,#2921,#1957,.T.);
#6506=EDGE_CURVE('256970',#2921,#2911,#1933,.T.);
#6519=EDGE_CURVE('256978',#2931,#2929,#1945,.T.);
#6521=EDGE_CURVE('256979',#2923,#2931,#1949,.T.);
#6523=EDGE_CURVE('256971',#2921,#2923,#1953,.T.);
#6535=EDGE_CURVE('257397',#3341,#2925,#1961,.T.);
#6537=EDGE_CURVE('256975',#2925,#2927,#1965,.T.);
#6539=EDGE_CURVE('257398',#2927,#3339,#1969,.T.);
#6550=EDGE_CURVE('256977',#2931,#2919,#1989,.T.);
#6563=EDGE_CURVE('256972',#2910,#2923,#1985,.T.);
#6589=EDGE_CURVE('256973',#2925,#2915,#1997,.T.);
#6601=EDGE_CURVE('256974',#2927,#2914,#2001,.T.);
#6626=EDGE_CURVE('257376',#2887,#3313,#2021,.T.);
#6628=EDGE_CURVE('256952',#2886,#2887,#2077,.T.);
#6630=EDGE_CURVE('256955',#2895,#2886,#2065,.T.);
#6632=EDGE_CURVE('256954',#2894,#2895,#2057,.T.);
#6644=EDGE_CURVE('257378',#3321,#2890,#2005,.T.);
#6646=EDGE_CURVE('256953',#2890,#2891,#2009,.T.);
#6648=EDGE_CURVE('257377',#2891,#3320,#2013,.T.);
#6659=EDGE_CURVE('257380',#3315,#2897,#2041,.T.);
#6661=EDGE_CURVE('256956',#2897,#2887,#2017,.T.);
#6674=EDGE_CURVE('256964',#2907,#2905,#2029,.T.);
#6676=EDGE_CURVE('256965',#2899,#2907,#2033,.T.);
#6678=EDGE_CURVE('256957',#2897,#2899,#2037,.T.);
#6690=EDGE_CURVE('257381',#3325,#2901,#2045,.T.);
#6692=EDGE_CURVE('256961',#2901,#2903,#2049,.T.);
#6694=EDGE_CURVE('257382',#2903,#3323,#2053,.T.);
#6705=EDGE_CURVE('256963',#2907,#2895,#2073,.T.);
#6718=EDGE_CURVE('256958',#2886,#2899,#2069,.T.);
#6744=EDGE_CURVE('256959',#2901,#2891,#2081,.T.);
#6756=EDGE_CURVE('256960',#2903,#2890,#2085,.T.);
#6781=EDGE_CURVE('257360',#2863,#3297,#2105,.T.);
#6783=EDGE_CURVE('256938',#2862,#2863,#2161,.T.);
#6785=EDGE_CURVE('256941',#2871,#2862,#2149,.T.);
#6787=EDGE_CURVE('256940',#2870,#2871,#2141,.T.);
#6799=EDGE_CURVE('257362',#3305,#2866,#2089,.T.);
#6801=EDGE_CURVE('256939',#2866,#2867,#2093,.T.);
#6803=EDGE_CURVE('257361',#2867,#3304,#2097,.T.);
#6814=EDGE_CURVE('257364',#3299,#2873,#2125,.T.);
#6816=EDGE_CURVE('256942',#2873,#2863,#2101,.T.);
#6829=EDGE_CURVE('256950',#2883,#2881,#2113,.T.);
#6831=EDGE_CURVE('256951',#2875,#2883,#2117,.T.);
#6833=EDGE_CURVE('256943',#2873,#2875,#2121,.T.);
#6845=EDGE_CURVE('257365',#3309,#2877,#2129,.T.);
#6847=EDGE_CURVE('256947',#2877,#2879,#2133,.T.);
#6849=EDGE_CURVE('257366',#2879,#3307,#2137,.T.);
#6860=EDGE_CURVE('256949',#2883,#2871,#2157,.T.);
#6873=EDGE_CURVE('256944',#2862,#2875,#2153,.T.);
#6899=EDGE_CURVE('256945',#2877,#2867,#2165,.T.);
#6911=EDGE_CURVE('256946',#2879,#2866,#2169,.T.);
#6936=EDGE_CURVE('257344',#3079,#3281,#2189,.T.);
#6938=EDGE_CURVE('257134',#3078,#3079,#2245,.T.);
#6940=EDGE_CURVE('257137',#3087,#3078,#2233,.T.);
#6942=EDGE_CURVE('257136',#3086,#3087,#2225,.T.);
#6954=EDGE_CURVE('257346',#3289,#3082,#2173,.T.);
#6956=EDGE_CURVE('257135',#3082,#3083,#2177,.T.);
#6958=EDGE_CURVE('257345',#3083,#3288,#2181,.T.);
#6969=EDGE_CURVE('257348',#3283,#3089,#2209,.T.);
#6971=EDGE_CURVE('257138',#3089,#3079,#2185,.T.);
#6984=EDGE_CURVE('257146',#3099,#3097,#2197,.T.);
#6986=EDGE_CURVE('257147',#3091,#3099,#2201,.T.);
#6988=EDGE_CURVE('257139',#3089,#3091,#2205,.T.);
#7000=EDGE_CURVE('257349',#3293,#3093,#2213,.T.);
#7002=EDGE_CURVE('257143',#3093,#3095,#2217,.T.);
#7004=EDGE_CURVE('257350',#3095,#3291,#2221,.T.);
#7015=EDGE_CURVE('257145',#3099,#3087,#2241,.T.);
#7028=EDGE_CURVE('257140',#3078,#3091,#2237,.T.);
#7054=EDGE_CURVE('257141',#3093,#3083,#2249,.T.);
#7066=EDGE_CURVE('257142',#3095,#3082,#2253,.T.);
#7091=EDGE_CURVE('257328',#3103,#3265,#2273,.T.);
#7093=EDGE_CURVE('257148',#3102,#3103,#2329,.T.);
#7095=EDGE_CURVE('257151',#3111,#3102,#2317,.T.);
#7097=EDGE_CURVE('257150',#3110,#3111,#2309,.T.);
#7109=EDGE_CURVE('257330',#3273,#3106,#2257,.T.);
#7111=EDGE_CURVE('257149',#3106,#3107,#2261,.T.);
#7113=EDGE_CURVE('257329',#3107,#3272,#2265,.T.);
#7124=EDGE_CURVE('257332',#3267,#3113,#2293,.T.);
#7126=EDGE_CURVE('257152',#3113,#3103,#2269,.T.);
#7139=EDGE_CURVE('257160',#3123,#3121,#2281,.T.);
#7141=EDGE_CURVE('257161',#3115,#3123,#2285,.T.);
#7143=EDGE_CURVE('257153',#3113,#3115,#2289,.T.);
#7155=EDGE_CURVE('257333',#3277,#3117,#2297,.T.);
#7157=EDGE_CURVE('257157',#3117,#3119,#2301,.T.);
#7159=EDGE_CURVE('257334',#3119,#3275,#2305,.T.);
#7170=EDGE_CURVE('257159',#3123,#3111,#2325,.T.);
#7183=EDGE_CURVE('257154',#3102,#3115,#2321,.T.);
#7209=EDGE_CURVE('257155',#3117,#3107,#2333,.T.);
#7221=EDGE_CURVE('257156',#3119,#3106,#2337,.T.);
#7245=EDGE_CURVE('259130',#3592,#3580,#2341,.T.);
#7247=EDGE_CURVE('259146',#3177,#3592,#2345,.T.);
#7249=EDGE_CURVE('257249',#3177,#3175,#2638,.T.);
#7253=EDGE_CURVE('258511',#3580,#3578,#2699,.T.);
#7263=EDGE_CURVE('259131',#3582,#3594,#2373,.T.);
#7265=EDGE_CURVE('259147',#3594,#3179,#2369,.T.);
#7267=EDGE_CURVE('257251',#3179,#3177,#2642,.T.);
#7271=EDGE_CURVE('258512',#3580,#3582,#2357,.T.);
#7281=EDGE_CURVE('259132',#3596,#3584,#2361,.T.);
#7283=EDGE_CURVE('259148',#3181,#3596,#2365,.T.);
#7285=EDGE_CURVE('257253',#3181,#3179,#2647,.T.);
#7289=EDGE_CURVE('258513',#3584,#3582,#2694,.T.);
#7299=EDGE_CURVE('259159',#3576,#3173,#2377,.T.);
#7301=EDGE_CURVE('257255',#3173,#3181,#2381,.T.);
#7305=EDGE_CURVE('258514',#3584,#3576,#2385,.T.);
#7315=EDGE_CURVE('259158',#3569,#3164,#2389,.T.);
#7317=EDGE_CURVE('257239',#3171,#3164,#2393,.T.);
#7319=EDGE_CURVE('257240',#3171,#3173,#2651,.T.);
#7322=EDGE_CURVE('258506',#3574,#3576,#2689,.T.);
#7324=EDGE_CURVE('258504',#3574,#3569,#2676,.T.);
#7334=EDGE_CURVE('259155',#3131,#3559,#2413,.T.);
#7336=EDGE_CURVE('257165',#3131,#3133,#2397,.T.);
#7338=EDGE_CURVE('259154',#3133,#3561,#2401,.T.);
#7340=EDGE_CURVE('258480',#3561,#3559,#2405,.T.);
#7344=EDGE_CURVE('259124',#3586,#3568,#2627,.T.);
#7346=EDGE_CURVE('259140',#3165,#3586,#2623,.T.);
#7348=EDGE_CURVE('257227',#3164,#3165,#2664,.T.);
#7351=EDGE_CURVE('258497',#3568,#3569,#2672,.T.);
#7361=EDGE_CURVE('259156',#3129,#3557,#2425,.T.);
#7363=EDGE_CURVE('257164',#3131,#3129,#2409,.T.);
#7366=EDGE_CURVE('258479',#3557,#3559,#2417,.T.);
#7377=EDGE_CURVE('257163',#3129,#3127,#2429,.T.);
#7380=EDGE_CURVE('258478',#3557,#3521,#2537,.T.);
#7391=EDGE_CURVE('257171',#3143,#3126,#2437,.T.);
#7393=EDGE_CURVE('257170',#3143,#3141,#2453,.T.);
#7396=EDGE_CURVE('257168',#3139,#3137,#2477,.T.);
#7398=EDGE_CURVE('257167',#3135,#3137,#2481,.T.);
#7400=EDGE_CURVE('257166',#3133,#3135,#2489,.T.);
#7413=EDGE_CURVE('257183',#3147,#3157,#2433,.T.);
#7415=EDGE_CURVE('257197',#3157,#3143,#2457,.T.);
#7431=EDGE_CURVE('257184',#3159,#3157,#2461,.T.);
#7453=EDGE_CURVE('257182',#3150,#3155,#2469,.T.);
#7455=EDGE_CURVE('257195',#3137,#3150,#2473,.T.);
#7467=EDGE_CURVE('257179',#3150,#3151,#2485,.T.);
#7471=EDGE_CURVE('257180',#3151,#3153,#2497,.T.);
#7484=EDGE_CURVE('257196',#3135,#3151,#2493,.T.);
#7499=EDGE_CURVE('258468',#3545,#3528,#2505,.T.);
#7501=EDGE_CURVE('258458',#3528,#3533,#2509,.T.);
#7503=EDGE_CURVE('258481',#3533,#3561,#2513,.T.);
#7513=EDGE_CURVE('258466',#3543,#3529,#2525,.T.);
#7515=EDGE_CURVE('258455',#3528,#3529,#2517,.T.);
#7527=EDGE_CURVE('258473',#3531,#3553,#2545,.T.);
#7529=EDGE_CURVE('258456',#3529,#3531,#2521,.T.);
#7541=EDGE_CURVE('258459',#3536,#3537,#2529,.T.);
#7543=EDGE_CURVE('258476',#3537,#3555,#2573,.T.);
#7545=EDGE_CURVE('258477',#3555,#3520,#2593,.T.);
#7552=EDGE_CURVE('258457',#3533,#3531,#2541,.T.);
#7556=EDGE_CURVE('258483',#3563,#3536,#2557,.T.);
#7567=EDGE_CURVE('258460',#3536,#3539,#2553,.T.);
#7569=EDGE_CURVE('258461',#3539,#3541,#2565,.T.);
#7571=EDGE_CURVE('258462',#3541,#3537,#2577,.T.);
#7581=EDGE_CURVE('258472',#3539,#3551,#2549,.T.);
#7594=EDGE_CURVE('258469',#3541,#3547,#2581,.T.);
#7611=EDGE_CURVE('258485',#3547,#3565,#2589,.T.);
#7613=EDGE_CURVE('258484',#3565,#3555,#2597,.T.);
#7625=EDGE_CURVE('258487',#3523,#3565,#2601,.T.);
#7662=EDGE_CURVE('257234',#3168,#3169,#2656,.T.);
#7664=EDGE_CURVE('257235',#3169,#3165,#2619,.T.);
#7668=EDGE_CURVE('258499',#3568,#3570,#2633,.T.);
#7670=EDGE_CURVE('258500',#3572,#3570,#2681,.T.);
#7685=EDGE_CURVE('257256',#3169,#3171,#2668,.T.);
#7711=EDGE_CURVE('258505',#3574,#3570,#2685,.T.);
#7743=ADVANCED_BREP_SHAPE_REPRESENTATION('',(#7734),#7742);
#7750=PRODUCT_DEFINITION('design','',#7749,#7746);
#7751=PRODUCT_DEFINITION_SHAPE('','SHAPE FOR HLW_S-2A7_LF.',#7750);
#7752=SHAPE_DEFINITION_REPRESENTATION(#7751,#7743);
ENDSEC;
END-ISO-10303-21;
