ISO-10303-21;
HEADER;
FILE_DESCRIPTION((''),'2;1');
FILE_NAME('HLW_R-2C7_LF','2008-04-04T',('gohd'),('FCI - CDC Division'),
'PRO/ENGINEER BY PARAMETRIC TECHNOLOGY CORPORATION, 2006020',
'PRO/ENGINEER BY PARAMETRIC TECHNOLOGY CORPORATION, 2006020','');
FILE_SCHEMA(('CONFIG_CONTROL_DESIGN'));
ENDSEC;
DATA;
#2=DIRECTION('',(0.E0,0.E0,1.E0));
#3=VECTOR('',#2,2.5E-1);
#4=CARTESIAN_POINT('',(-1.5275E1,-1.95E0,4.5E-1));
#5=LINE('263275',#4,#3);
#6=DIRECTION('',(-1.E0,0.E0,0.E0));
#7=VECTOR('',#6,4.5E-1);
#8=CARTESIAN_POINT('',(-1.5275E1,-1.95E0,7.E-1));
#9=LINE('263278',#8,#7);
#10=DIRECTION('',(0.E0,0.E0,1.E0));
#11=VECTOR('',#10,2.5E-1);
#12=CARTESIAN_POINT('',(-1.5725E1,-1.95E0,4.5E-1));
#13=LINE('263277',#12,#11);
#14=DIRECTION('',(1.E0,0.E0,0.E0));
#15=VECTOR('',#14,4.5E-1);
#16=CARTESIAN_POINT('',(-1.5725E1,-1.95E0,4.5E-1));
#17=LINE('263276',#16,#15);
#18=DIRECTION('',(0.E0,0.E0,1.E0));
#19=VECTOR('',#18,2.5E-1);
#20=CARTESIAN_POINT('',(-1.3275E1,-1.95E0,4.5E-1));
#21=LINE('263255',#20,#19);
#22=DIRECTION('',(-1.E0,0.E0,0.E0));
#23=VECTOR('',#22,4.5E-1);
#24=CARTESIAN_POINT('',(-1.3275E1,-1.95E0,7.E-1));
#25=LINE('263258',#24,#23);
#26=DIRECTION('',(0.E0,0.E0,1.E0));
#27=VECTOR('',#26,2.5E-1);
#28=CARTESIAN_POINT('',(-1.3725E1,-1.95E0,4.5E-1));
#29=LINE('263257',#28,#27);
#30=DIRECTION('',(1.E0,0.E0,0.E0));
#31=VECTOR('',#30,4.5E-1);
#32=CARTESIAN_POINT('',(-1.3725E1,-1.95E0,4.5E-1));
#33=LINE('263256',#32,#31);
#34=DIRECTION('',(0.E0,0.E0,1.E0));
#35=VECTOR('',#34,2.5E-1);
#36=CARTESIAN_POINT('',(-1.1275E1,-1.95E0,4.5E-1));
#37=LINE('263235',#36,#35);
#38=DIRECTION('',(-1.E0,0.E0,0.E0));
#39=VECTOR('',#38,4.5E-1);
#40=CARTESIAN_POINT('',(-1.1275E1,-1.95E0,7.E-1));
#41=LINE('263238',#40,#39);
#42=DIRECTION('',(0.E0,0.E0,1.E0));
#43=VECTOR('',#42,2.5E-1);
#44=CARTESIAN_POINT('',(-1.1725E1,-1.95E0,4.5E-1));
#45=LINE('263237',#44,#43);
#46=DIRECTION('',(1.E0,0.E0,0.E0));
#47=VECTOR('',#46,4.5E-1);
#48=CARTESIAN_POINT('',(-1.1725E1,-1.95E0,4.5E-1));
#49=LINE('263236',#48,#47);
#50=DIRECTION('',(0.E0,0.E0,1.E0));
#51=VECTOR('',#50,2.5E-1);
#52=CARTESIAN_POINT('',(-9.275E0,-1.95E0,4.5E-1));
#53=LINE('263215',#52,#51);
#54=DIRECTION('',(-1.E0,0.E0,0.E0));
#55=VECTOR('',#54,4.5E-1);
#56=CARTESIAN_POINT('',(-9.275E0,-1.95E0,7.E-1));
#57=LINE('263218',#56,#55);
#58=DIRECTION('',(0.E0,0.E0,1.E0));
#59=VECTOR('',#58,2.5E-1);
#60=CARTESIAN_POINT('',(-9.725E0,-1.95E0,4.5E-1));
#61=LINE('263217',#60,#59);
#62=DIRECTION('',(1.E0,0.E0,0.E0));
#63=VECTOR('',#62,4.5E-1);
#64=CARTESIAN_POINT('',(-9.725E0,-1.95E0,4.5E-1));
#65=LINE('263216',#64,#63);
#66=DIRECTION('',(0.E0,0.E0,1.E0));
#67=VECTOR('',#66,2.5E-1);
#68=CARTESIAN_POINT('',(-7.275E0,-1.95E0,4.5E-1));
#69=LINE('263195',#68,#67);
#70=DIRECTION('',(-1.E0,0.E0,0.E0));
#71=VECTOR('',#70,4.5E-1);
#72=CARTESIAN_POINT('',(-7.275E0,-1.95E0,7.E-1));
#73=LINE('263198',#72,#71);
#74=DIRECTION('',(0.E0,0.E0,1.E0));
#75=VECTOR('',#74,2.5E-1);
#76=CARTESIAN_POINT('',(-7.725E0,-1.95E0,4.5E-1));
#77=LINE('263197',#76,#75);
#78=DIRECTION('',(1.E0,0.E0,0.E0));
#79=VECTOR('',#78,4.5E-1);
#80=CARTESIAN_POINT('',(-7.725E0,-1.95E0,4.5E-1));
#81=LINE('263196',#80,#79);
#82=DIRECTION('',(0.E0,0.E0,1.E0));
#83=VECTOR('',#82,2.5E-1);
#84=CARTESIAN_POINT('',(-5.275E0,-1.95E0,4.5E-1));
#85=LINE('263175',#84,#83);
#86=DIRECTION('',(-1.E0,0.E0,0.E0));
#87=VECTOR('',#86,4.5E-1);
#88=CARTESIAN_POINT('',(-5.275E0,-1.95E0,7.E-1));
#89=LINE('263178',#88,#87);
#90=DIRECTION('',(0.E0,0.E0,1.E0));
#91=VECTOR('',#90,2.5E-1);
#92=CARTESIAN_POINT('',(-5.725E0,-1.95E0,4.5E-1));
#93=LINE('263177',#92,#91);
#94=DIRECTION('',(1.E0,0.E0,0.E0));
#95=VECTOR('',#94,4.5E-1);
#96=CARTESIAN_POINT('',(-5.725E0,-1.95E0,4.5E-1));
#97=LINE('263176',#96,#95);
#98=DIRECTION('',(0.E0,0.E0,1.E0));
#99=VECTOR('',#98,2.5E-1);
#100=CARTESIAN_POINT('',(-3.275E0,-1.95E0,4.5E-1));
#101=LINE('263155',#100,#99);
#102=DIRECTION('',(-1.E0,0.E0,0.E0));
#103=VECTOR('',#102,4.5E-1);
#104=CARTESIAN_POINT('',(-3.275E0,-1.95E0,7.E-1));
#105=LINE('263158',#104,#103);
#106=DIRECTION('',(0.E0,0.E0,1.E0));
#107=VECTOR('',#106,2.5E-1);
#108=CARTESIAN_POINT('',(-3.725E0,-1.95E0,4.5E-1));
#109=LINE('263157',#108,#107);
#110=DIRECTION('',(1.E0,0.E0,0.E0));
#111=VECTOR('',#110,4.5E-1);
#112=CARTESIAN_POINT('',(-3.725E0,-1.95E0,4.5E-1));
#113=LINE('263156',#112,#111);
#114=DIRECTION('',(0.E0,0.E0,1.E0));
#115=VECTOR('',#114,2.5E-1);
#116=CARTESIAN_POINT('',(-1.275E0,-1.95E0,4.5E-1));
#117=LINE('263135',#116,#115);
#118=DIRECTION('',(-1.E0,0.E0,0.E0));
#119=VECTOR('',#118,4.5E-1);
#120=CARTESIAN_POINT('',(-1.275E0,-1.95E0,7.E-1));
#121=LINE('263138',#120,#119);
#122=DIRECTION('',(0.E0,0.E0,1.E0));
#123=VECTOR('',#122,2.5E-1);
#124=CARTESIAN_POINT('',(-1.725E0,-1.95E0,4.5E-1));
#125=LINE('263137',#124,#123);
#126=DIRECTION('',(1.E0,0.E0,0.E0));
#127=VECTOR('',#126,4.5E-1);
#128=CARTESIAN_POINT('',(-1.725E0,-1.95E0,4.5E-1));
#129=LINE('263136',#128,#127);
#130=DIRECTION('',(0.E0,0.E0,1.E0));
#131=VECTOR('',#130,2.5E-1);
#132=CARTESIAN_POINT('',(7.25E-1,-1.95E0,4.5E-1));
#133=LINE('263115',#132,#131);
#134=DIRECTION('',(-1.E0,0.E0,0.E0));
#135=VECTOR('',#134,4.5E-1);
#136=CARTESIAN_POINT('',(7.25E-1,-1.95E0,7.E-1));
#137=LINE('263118',#136,#135);
#138=DIRECTION('',(0.E0,0.E0,1.E0));
#139=VECTOR('',#138,2.5E-1);
#140=CARTESIAN_POINT('',(2.75E-1,-1.95E0,4.5E-1));
#141=LINE('263117',#140,#139);
#142=DIRECTION('',(1.E0,0.E0,0.E0));
#143=VECTOR('',#142,4.5E-1);
#144=CARTESIAN_POINT('',(2.75E-1,-1.95E0,4.5E-1));
#145=LINE('263116',#144,#143);
#146=DIRECTION('',(0.E0,0.E0,1.E0));
#147=VECTOR('',#146,2.5E-1);
#148=CARTESIAN_POINT('',(2.725E0,-1.95E0,4.5E-1));
#149=LINE('263095',#148,#147);
#150=DIRECTION('',(-1.E0,0.E0,0.E0));
#151=VECTOR('',#150,4.5E-1);
#152=CARTESIAN_POINT('',(2.725E0,-1.95E0,7.E-1));
#153=LINE('263098',#152,#151);
#154=DIRECTION('',(0.E0,0.E0,1.E0));
#155=VECTOR('',#154,2.5E-1);
#156=CARTESIAN_POINT('',(2.275E0,-1.95E0,4.5E-1));
#157=LINE('263097',#156,#155);
#158=DIRECTION('',(1.E0,0.E0,0.E0));
#159=VECTOR('',#158,4.5E-1);
#160=CARTESIAN_POINT('',(2.275E0,-1.95E0,4.5E-1));
#161=LINE('263096',#160,#159);
#162=DIRECTION('',(0.E0,0.E0,1.E0));
#163=VECTOR('',#162,2.5E-1);
#164=CARTESIAN_POINT('',(4.725E0,-1.95E0,4.5E-1));
#165=LINE('263075',#164,#163);
#166=DIRECTION('',(-1.E0,0.E0,0.E0));
#167=VECTOR('',#166,4.5E-1);
#168=CARTESIAN_POINT('',(4.725E0,-1.95E0,7.E-1));
#169=LINE('263078',#168,#167);
#170=DIRECTION('',(0.E0,0.E0,1.E0));
#171=VECTOR('',#170,2.5E-1);
#172=CARTESIAN_POINT('',(4.275E0,-1.95E0,4.5E-1));
#173=LINE('263077',#172,#171);
#174=DIRECTION('',(1.E0,0.E0,0.E0));
#175=VECTOR('',#174,4.5E-1);
#176=CARTESIAN_POINT('',(4.275E0,-1.95E0,4.5E-1));
#177=LINE('263076',#176,#175);
#178=DIRECTION('',(0.E0,0.E0,1.E0));
#179=VECTOR('',#178,2.5E-1);
#180=CARTESIAN_POINT('',(6.725E0,-1.95E0,4.5E-1));
#181=LINE('263055',#180,#179);
#182=DIRECTION('',(-1.E0,0.E0,0.E0));
#183=VECTOR('',#182,4.5E-1);
#184=CARTESIAN_POINT('',(6.725E0,-1.95E0,7.E-1));
#185=LINE('263058',#184,#183);
#186=DIRECTION('',(0.E0,0.E0,1.E0));
#187=VECTOR('',#186,2.5E-1);
#188=CARTESIAN_POINT('',(6.275E0,-1.95E0,4.5E-1));
#189=LINE('263057',#188,#187);
#190=DIRECTION('',(1.E0,0.E0,0.E0));
#191=VECTOR('',#190,4.5E-1);
#192=CARTESIAN_POINT('',(6.275E0,-1.95E0,4.5E-1));
#193=LINE('263056',#192,#191);
#194=DIRECTION('',(0.E0,0.E0,1.E0));
#195=VECTOR('',#194,2.5E-1);
#196=CARTESIAN_POINT('',(8.725E0,-1.95E0,4.5E-1));
#197=LINE('263034',#196,#195);
#198=DIRECTION('',(-1.E0,0.E0,0.E0));
#199=VECTOR('',#198,4.5E-1);
#200=CARTESIAN_POINT('',(8.725E0,-1.95E0,7.E-1));
#201=LINE('263037',#200,#199);
#202=DIRECTION('',(0.E0,0.E0,1.E0));
#203=VECTOR('',#202,2.5E-1);
#204=CARTESIAN_POINT('',(8.275E0,-1.95E0,4.5E-1));
#205=LINE('263036',#204,#203);
#206=DIRECTION('',(1.E0,0.E0,0.E0));
#207=VECTOR('',#206,4.5E-1);
#208=CARTESIAN_POINT('',(8.275E0,-1.95E0,4.5E-1));
#209=LINE('263035',#208,#207);
#210=DIRECTION('',(0.E0,0.E0,-1.E0));
#211=VECTOR('',#210,3.9E0);
#212=CARTESIAN_POINT('',(1.03E1,-1.95E0,2.95E0));
#213=LINE('262715',#212,#211);
#214=DIRECTION('',(-5.044853423900E-13,-1.358912982142E-13,1.E0));
#215=VECTOR('',#214,2.499999999998E-1);
#216=CARTESIAN_POINT('',(-1.5275E1,1.2E0,2.45E0));
#217=LINE('262954',#216,#215);
#218=DIRECTION('',(0.E0,-9.447080890264E-1,3.279125287756E-1));
#219=VECTOR('',#218,8.957327769598E-1);
#220=CARTESIAN_POINT('',(-1.5275E1,-2.392738613052E0,4.499999999993E-1));
#221=LINE('262569',#220,#219);
#222=DIRECTION('',(0.E0,-9.654452819790E-1,-2.606058470267E-1));
#223=VECTOR('',#222,1.127073714390E0);
#224=CARTESIAN_POINT('',(-1.5275E1,-3.238944613052E0,7.437219999994E-1));
#225=LINE('262568',#224,#223);
#226=DIRECTION('',(0.E0,9.654453626180E-1,2.606055482899E-1));
#227=VECTOR('',#226,1.170949743789E0);
#228=CARTESIAN_POINT('',(-1.5275E1,-4.360221613052E0,6.999999999994E-1));
#229=LINE('262564',#228,#227);
#230=DIRECTION('',(0.E0,9.447083110677E-1,-3.279118890793E-1));
#231=VECTOR('',#230,9.306036473909E-1);
#232=CARTESIAN_POINT('',(-1.5275E1,-3.229733613052E0,1.005155999999E0));
#233=LINE('262563',#232,#231);
#234=DIRECTION('',(-1.057270763256E-13,-3.809781629647E-1,9.245840358475E-1));
#235=VECTOR('',#234,1.192895329944E0);
#236=CARTESIAN_POINT('',(-1.5275E1,-2.5E-1,-1.759483844583E0));
#237=LINE('263292',#236,#235);
#238=DIRECTION('',(0.E0,6.247562038888E-1,7.808198804478E-1));
#239=VECTOR('',#238,2.764455862066E-1);
#240=CARTESIAN_POINT('',(-1.5275E1,-7.044670714111E-1,-6.565518660800E-1));
#241=LINE('262561',#240,#239);
#242=DIRECTION('',(1.719181244372E-13,3.840663340634E-1,-9.233055025500E-1));
#243=VECTOR('',#242,7.336127939408E-1);
#244=CARTESIAN_POINT('',(-1.5275E1,-5.317559763909E-1,-4.406976565078E-1));
#245=LINE('263291',#244,#243);
#246=DIRECTION('',(0.E0,-1.E0,4.662936703426E-14));
#247=VECTOR('',#246,2.8E0);
#248=CARTESIAN_POINT('',(-1.5275E1,1.2E0,2.7E0));
#249=LINE('262562',#248,#247);
#250=DIRECTION('',(-1.E0,0.E0,1.440822769737E-13));
#251=VECTOR('',#250,4.499999999997E-1);
#252=CARTESIAN_POINT('',(-1.5275E1,-1.6E0,2.7E0));
#253=LINE('262584',#252,#251);
#254=DIRECTION('',(0.E0,1.E0,-4.678797032349E-14));
#255=VECTOR('',#254,2.8E0);
#256=CARTESIAN_POINT('',(-1.5725E1,-1.6E0,2.7E0));
#257=LINE('262575',#256,#255);
#258=DIRECTION('',(1.E0,0.E0,-1.450691418844E-13));
#259=VECTOR('',#258,4.499999999997E-1);
#260=CARTESIAN_POINT('',(-1.5725E1,1.2E0,2.7E0));
#261=LINE('262560',#260,#259);
#262=DIRECTION('',(1.940328239960E-13,-2.767017384451E-14,-1.E0));
#263=VECTOR('',#262,6.5E-1);
#264=CARTESIAN_POINT('',(-1.5275E1,-1.6E0,2.7E0));
#265=LINE('262959',#264,#263);
#266=DIRECTION('',(1.967656806720E-13,2.767017384450E-14,1.E0));
#267=VECTOR('',#266,6.5E-1);
#268=CARTESIAN_POINT('',(-1.5725E1,-1.6E0,2.05E0));
#269=LINE('262965',#268,#267);
#270=DIRECTION('',(0.E0,-1.E0,0.E0));
#271=VECTOR('',#270,2.5E-1);
#272=CARTESIAN_POINT('',(-1.5275E1,-1.35E0,2.05E0));
#273=LINE('263279',#272,#271);
#274=DIRECTION('',(1.E0,0.E0,0.E0));
#275=VECTOR('',#274,4.5E-1);
#276=CARTESIAN_POINT('',(-1.5725E1,-1.35E0,2.05E0));
#277=LINE('263280',#276,#275);
#278=DIRECTION('',(0.E0,-1.E0,0.E0));
#279=VECTOR('',#278,2.5E-1);
#280=CARTESIAN_POINT('',(-1.5725E1,-1.35E0,2.05E0));
#281=LINE('263281',#280,#279);
#282=DIRECTION('',(-1.E0,0.E0,0.E0));
#283=VECTOR('',#282,4.5E-1);
#284=CARTESIAN_POINT('',(-1.5275E1,-1.6E0,2.05E0));
#285=LINE('263282',#284,#283);
#286=DIRECTION('',(0.E0,-1.E0,0.E0));
#287=VECTOR('',#286,2.5E-1);
#288=CARTESIAN_POINT('',(-1.3275E1,-1.35E0,2.05E0));
#289=LINE('263259',#288,#287);
#290=DIRECTION('',(1.E0,0.E0,0.E0));
#291=VECTOR('',#290,4.5E-1);
#292=CARTESIAN_POINT('',(-1.3725E1,-1.35E0,2.05E0));
#293=LINE('263260',#292,#291);
#294=DIRECTION('',(0.E0,-1.E0,0.E0));
#295=VECTOR('',#294,2.5E-1);
#296=CARTESIAN_POINT('',(-1.3725E1,-1.35E0,2.05E0));
#297=LINE('263261',#296,#295);
#298=DIRECTION('',(-1.E0,0.E0,0.E0));
#299=VECTOR('',#298,4.5E-1);
#300=CARTESIAN_POINT('',(-1.3275E1,-1.6E0,2.05E0));
#301=LINE('263262',#300,#299);
#302=DIRECTION('',(0.E0,-1.E0,0.E0));
#303=VECTOR('',#302,2.5E-1);
#304=CARTESIAN_POINT('',(-1.1275E1,-1.35E0,2.05E0));
#305=LINE('263239',#304,#303);
#306=DIRECTION('',(1.E0,0.E0,0.E0));
#307=VECTOR('',#306,4.5E-1);
#308=CARTESIAN_POINT('',(-1.1725E1,-1.35E0,2.05E0));
#309=LINE('263240',#308,#307);
#310=DIRECTION('',(0.E0,-1.E0,0.E0));
#311=VECTOR('',#310,2.5E-1);
#312=CARTESIAN_POINT('',(-1.1725E1,-1.35E0,2.05E0));
#313=LINE('263241',#312,#311);
#314=DIRECTION('',(-1.E0,0.E0,0.E0));
#315=VECTOR('',#314,4.5E-1);
#316=CARTESIAN_POINT('',(-1.1275E1,-1.6E0,2.05E0));
#317=LINE('263242',#316,#315);
#318=DIRECTION('',(0.E0,-1.E0,0.E0));
#319=VECTOR('',#318,2.5E-1);
#320=CARTESIAN_POINT('',(-9.275E0,-1.35E0,2.05E0));
#321=LINE('263219',#320,#319);
#322=DIRECTION('',(1.E0,0.E0,0.E0));
#323=VECTOR('',#322,4.5E-1);
#324=CARTESIAN_POINT('',(-9.725E0,-1.35E0,2.05E0));
#325=LINE('263220',#324,#323);
#326=DIRECTION('',(0.E0,-1.E0,0.E0));
#327=VECTOR('',#326,2.5E-1);
#328=CARTESIAN_POINT('',(-9.725E0,-1.35E0,2.05E0));
#329=LINE('263221',#328,#327);
#330=DIRECTION('',(-1.E0,0.E0,0.E0));
#331=VECTOR('',#330,4.5E-1);
#332=CARTESIAN_POINT('',(-9.275E0,-1.6E0,2.05E0));
#333=LINE('263222',#332,#331);
#334=DIRECTION('',(0.E0,-1.E0,0.E0));
#335=VECTOR('',#334,2.5E-1);
#336=CARTESIAN_POINT('',(-7.275E0,-1.35E0,2.05E0));
#337=LINE('263199',#336,#335);
#338=DIRECTION('',(1.E0,0.E0,0.E0));
#339=VECTOR('',#338,4.5E-1);
#340=CARTESIAN_POINT('',(-7.725E0,-1.35E0,2.05E0));
#341=LINE('263200',#340,#339);
#342=DIRECTION('',(0.E0,-1.E0,0.E0));
#343=VECTOR('',#342,2.5E-1);
#344=CARTESIAN_POINT('',(-7.725E0,-1.35E0,2.05E0));
#345=LINE('263201',#344,#343);
#346=DIRECTION('',(-1.E0,0.E0,0.E0));
#347=VECTOR('',#346,4.5E-1);
#348=CARTESIAN_POINT('',(-7.275E0,-1.6E0,2.05E0));
#349=LINE('263202',#348,#347);
#350=DIRECTION('',(0.E0,-1.E0,0.E0));
#351=VECTOR('',#350,2.5E-1);
#352=CARTESIAN_POINT('',(-5.275E0,-1.35E0,2.05E0));
#353=LINE('263179',#352,#351);
#354=DIRECTION('',(1.E0,0.E0,0.E0));
#355=VECTOR('',#354,4.5E-1);
#356=CARTESIAN_POINT('',(-5.725E0,-1.35E0,2.05E0));
#357=LINE('263180',#356,#355);
#358=DIRECTION('',(0.E0,-1.E0,0.E0));
#359=VECTOR('',#358,2.5E-1);
#360=CARTESIAN_POINT('',(-5.725E0,-1.35E0,2.05E0));
#361=LINE('263181',#360,#359);
#362=DIRECTION('',(-1.E0,0.E0,0.E0));
#363=VECTOR('',#362,4.5E-1);
#364=CARTESIAN_POINT('',(-5.275E0,-1.6E0,2.05E0));
#365=LINE('263182',#364,#363);
#366=DIRECTION('',(0.E0,-1.E0,0.E0));
#367=VECTOR('',#366,2.5E-1);
#368=CARTESIAN_POINT('',(-3.275E0,-1.35E0,2.05E0));
#369=LINE('263159',#368,#367);
#370=DIRECTION('',(1.E0,0.E0,0.E0));
#371=VECTOR('',#370,4.5E-1);
#372=CARTESIAN_POINT('',(-3.725E0,-1.35E0,2.05E0));
#373=LINE('263160',#372,#371);
#374=DIRECTION('',(0.E0,-1.E0,0.E0));
#375=VECTOR('',#374,2.5E-1);
#376=CARTESIAN_POINT('',(-3.725E0,-1.35E0,2.05E0));
#377=LINE('263161',#376,#375);
#378=DIRECTION('',(-1.E0,0.E0,0.E0));
#379=VECTOR('',#378,4.5E-1);
#380=CARTESIAN_POINT('',(-3.275E0,-1.6E0,2.05E0));
#381=LINE('263162',#380,#379);
#382=DIRECTION('',(0.E0,-1.E0,0.E0));
#383=VECTOR('',#382,2.5E-1);
#384=CARTESIAN_POINT('',(-1.275E0,-1.35E0,2.05E0));
#385=LINE('263139',#384,#383);
#386=DIRECTION('',(1.E0,0.E0,0.E0));
#387=VECTOR('',#386,4.5E-1);
#388=CARTESIAN_POINT('',(-1.725E0,-1.35E0,2.05E0));
#389=LINE('263140',#388,#387);
#390=DIRECTION('',(0.E0,-1.E0,0.E0));
#391=VECTOR('',#390,2.5E-1);
#392=CARTESIAN_POINT('',(-1.725E0,-1.35E0,2.05E0));
#393=LINE('263141',#392,#391);
#394=DIRECTION('',(-1.E0,0.E0,0.E0));
#395=VECTOR('',#394,4.5E-1);
#396=CARTESIAN_POINT('',(-1.275E0,-1.6E0,2.05E0));
#397=LINE('263142',#396,#395);
#398=DIRECTION('',(0.E0,-1.E0,0.E0));
#399=VECTOR('',#398,2.5E-1);
#400=CARTESIAN_POINT('',(7.25E-1,-1.35E0,2.05E0));
#401=LINE('263119',#400,#399);
#402=DIRECTION('',(1.E0,0.E0,0.E0));
#403=VECTOR('',#402,4.5E-1);
#404=CARTESIAN_POINT('',(2.75E-1,-1.35E0,2.05E0));
#405=LINE('263120',#404,#403);
#406=DIRECTION('',(0.E0,-1.E0,0.E0));
#407=VECTOR('',#406,2.5E-1);
#408=CARTESIAN_POINT('',(2.75E-1,-1.35E0,2.05E0));
#409=LINE('263121',#408,#407);
#410=DIRECTION('',(-1.E0,0.E0,0.E0));
#411=VECTOR('',#410,4.5E-1);
#412=CARTESIAN_POINT('',(7.25E-1,-1.6E0,2.05E0));
#413=LINE('263122',#412,#411);
#414=DIRECTION('',(0.E0,-1.E0,0.E0));
#415=VECTOR('',#414,2.5E-1);
#416=CARTESIAN_POINT('',(2.725E0,-1.35E0,2.05E0));
#417=LINE('263099',#416,#415);
#418=DIRECTION('',(1.E0,0.E0,0.E0));
#419=VECTOR('',#418,4.5E-1);
#420=CARTESIAN_POINT('',(2.275E0,-1.35E0,2.05E0));
#421=LINE('263100',#420,#419);
#422=DIRECTION('',(0.E0,-1.E0,0.E0));
#423=VECTOR('',#422,2.5E-1);
#424=CARTESIAN_POINT('',(2.275E0,-1.35E0,2.05E0));
#425=LINE('263101',#424,#423);
#426=DIRECTION('',(-1.E0,0.E0,0.E0));
#427=VECTOR('',#426,4.5E-1);
#428=CARTESIAN_POINT('',(2.725E0,-1.6E0,2.05E0));
#429=LINE('263102',#428,#427);
#430=DIRECTION('',(0.E0,-1.E0,0.E0));
#431=VECTOR('',#430,2.5E-1);
#432=CARTESIAN_POINT('',(4.725E0,-1.35E0,2.05E0));
#433=LINE('263079',#432,#431);
#434=DIRECTION('',(1.E0,0.E0,0.E0));
#435=VECTOR('',#434,4.5E-1);
#436=CARTESIAN_POINT('',(4.275E0,-1.35E0,2.05E0));
#437=LINE('263080',#436,#435);
#438=DIRECTION('',(0.E0,-1.E0,0.E0));
#439=VECTOR('',#438,2.5E-1);
#440=CARTESIAN_POINT('',(4.275E0,-1.35E0,2.05E0));
#441=LINE('263081',#440,#439);
#442=DIRECTION('',(-1.E0,0.E0,0.E0));
#443=VECTOR('',#442,4.5E-1);
#444=CARTESIAN_POINT('',(4.725E0,-1.6E0,2.05E0));
#445=LINE('263082',#444,#443);
#446=DIRECTION('',(0.E0,-1.E0,0.E0));
#447=VECTOR('',#446,2.5E-1);
#448=CARTESIAN_POINT('',(6.725E0,-1.35E0,2.05E0));
#449=LINE('263059',#448,#447);
#450=DIRECTION('',(1.E0,0.E0,0.E0));
#451=VECTOR('',#450,4.5E-1);
#452=CARTESIAN_POINT('',(6.275E0,-1.35E0,2.05E0));
#453=LINE('263060',#452,#451);
#454=DIRECTION('',(0.E0,-1.E0,0.E0));
#455=VECTOR('',#454,2.5E-1);
#456=CARTESIAN_POINT('',(6.275E0,-1.35E0,2.05E0));
#457=LINE('263061',#456,#455);
#458=DIRECTION('',(-1.E0,0.E0,0.E0));
#459=VECTOR('',#458,4.5E-1);
#460=CARTESIAN_POINT('',(6.725E0,-1.6E0,2.05E0));
#461=LINE('263062',#460,#459);
#462=DIRECTION('',(0.E0,-1.E0,0.E0));
#463=VECTOR('',#462,2.5E-1);
#464=CARTESIAN_POINT('',(8.725E0,-1.35E0,2.05E0));
#465=LINE('263038',#464,#463);
#466=DIRECTION('',(1.E0,0.E0,0.E0));
#467=VECTOR('',#466,4.5E-1);
#468=CARTESIAN_POINT('',(8.275E0,-1.35E0,2.05E0));
#469=LINE('263039',#468,#467);
#470=DIRECTION('',(0.E0,-1.E0,0.E0));
#471=VECTOR('',#470,2.5E-1);
#472=CARTESIAN_POINT('',(8.275E0,-1.35E0,2.05E0));
#473=LINE('263040',#472,#471);
#474=DIRECTION('',(-1.E0,0.E0,0.E0));
#475=VECTOR('',#474,4.5E-1);
#476=CARTESIAN_POINT('',(8.725E0,-1.6E0,2.05E0));
#477=LINE('263041',#476,#475);
#478=DIRECTION('',(0.E0,1.E0,2.018587317500E-14));
#479=VECTOR('',#478,1.1E0);
#480=CARTESIAN_POINT('',(9.5E0,-1.95E0,2.05E0));
#481=LINE('262739',#480,#479);
#482=DIRECTION('',(-1.E0,0.E0,0.E0));
#483=VECTOR('',#482,2.6E1);
#484=CARTESIAN_POINT('',(9.5E0,-1.95E0,2.05E0));
#485=LINE('266159',#484,#483);
#486=DIRECTION('',(0.E0,1.E0,0.E0));
#487=VECTOR('',#486,4.E-1);
#488=CARTESIAN_POINT('',(-1.65E1,-1.95E0,2.05E0));
#489=LINE('265207',#488,#487);
#490=DIRECTION('',(0.E0,1.E0,3.172065784643E-14));
#491=VECTOR('',#490,7.E-1);
#492=CARTESIAN_POINT('',(-1.65E1,-1.55E0,2.05E0));
#493=LINE('265191',#492,#491);
#494=DIRECTION('',(-3.153033389936E-13,4.884981308352E-14,1.E0));
#495=VECTOR('',#494,3.999999999999E-1);
#496=CARTESIAN_POINT('',(-1.5275E1,-1.35E0,2.05E0));
#497=LINE('262957',#496,#495);
#498=DIRECTION('',(1.381610875089E-13,1.E0,1.159566270164E-13));
#499=VECTOR('',#498,9.000000000001E-1);
#500=CARTESIAN_POINT('',(-1.5275E1,-1.35E0,2.45E0));
#501=LINE('262958',#500,#499);
#502=DIRECTION('',(1.E0,0.E0,-3.059281223413E-13));
#503=VECTOR('',#502,4.499999999997E-1);
#504=CARTESIAN_POINT('',(-1.5725E1,-1.35E0,2.45E0));
#505=LINE('262571',#504,#503);
#506=DIRECTION('',(1.E0,0.E0,0.E0));
#507=VECTOR('',#506,4.5E-1);
#508=CARTESIAN_POINT('',(-1.5725E1,-4.499999999999E-1,2.45E0));
#509=LINE('263283',#508,#507);
#510=DIRECTION('',(1.E0,0.E0,0.E0));
#511=VECTOR('',#510,4.5E-1);
#512=CARTESIAN_POINT('',(-1.4725E1,-4.500001449618E-1,2.449999884031E0));
#513=LINE('263531',#512,#511);
#514=DIRECTION('',(1.E0,0.E0,0.E0));
#515=VECTOR('',#514,4.5E-1);
#516=CARTESIAN_POINT('',(-1.3725E1,-4.499999999999E-1,2.45E0));
#517=LINE('263263',#516,#515);
#518=DIRECTION('',(1.E0,0.E0,0.E0));
#519=VECTOR('',#518,4.5E-1);
#520=CARTESIAN_POINT('',(-1.2725E1,-4.500001449618E-1,2.449999884031E0));
#521=LINE('263515',#520,#519);
#522=DIRECTION('',(1.E0,0.E0,0.E0));
#523=VECTOR('',#522,4.5E-1);
#524=CARTESIAN_POINT('',(-1.1725E1,-4.499999999999E-1,2.45E0));
#525=LINE('263243',#524,#523);
#526=DIRECTION('',(1.E0,0.E0,0.E0));
#527=VECTOR('',#526,4.5E-1);
#528=CARTESIAN_POINT('',(-1.0725E1,-4.500001449618E-1,2.449999884031E0));
#529=LINE('263499',#528,#527);
#530=DIRECTION('',(1.E0,0.E0,0.E0));
#531=VECTOR('',#530,4.5E-1);
#532=CARTESIAN_POINT('',(-9.725E0,-4.499999999999E-1,2.45E0));
#533=LINE('263223',#532,#531);
#534=DIRECTION('',(1.E0,0.E0,0.E0));
#535=VECTOR('',#534,4.5E-1);
#536=CARTESIAN_POINT('',(-8.725E0,-4.500001449618E-1,2.449999884031E0));
#537=LINE('263483',#536,#535);
#538=DIRECTION('',(1.E0,0.E0,0.E0));
#539=VECTOR('',#538,4.5E-1);
#540=CARTESIAN_POINT('',(-7.725E0,-4.499999999999E-1,2.45E0));
#541=LINE('263203',#540,#539);
#542=DIRECTION('',(1.E0,0.E0,0.E0));
#543=VECTOR('',#542,4.5E-1);
#544=CARTESIAN_POINT('',(-6.725E0,-4.500001449618E-1,2.449999884031E0));
#545=LINE('263467',#544,#543);
#546=DIRECTION('',(1.E0,0.E0,0.E0));
#547=VECTOR('',#546,4.5E-1);
#548=CARTESIAN_POINT('',(-5.725E0,-4.499999999999E-1,2.45E0));
#549=LINE('263183',#548,#547);
#550=DIRECTION('',(1.E0,0.E0,0.E0));
#551=VECTOR('',#550,4.5E-1);
#552=CARTESIAN_POINT('',(-4.725E0,-4.500001449618E-1,2.449999884031E0));
#553=LINE('263451',#552,#551);
#554=DIRECTION('',(1.E0,0.E0,0.E0));
#555=VECTOR('',#554,4.5E-1);
#556=CARTESIAN_POINT('',(-3.725E0,-4.499999999999E-1,2.45E0));
#557=LINE('263163',#556,#555);
#558=DIRECTION('',(1.E0,0.E0,0.E0));
#559=VECTOR('',#558,4.5E-1);
#560=CARTESIAN_POINT('',(-2.725E0,-4.500001449618E-1,2.449999884031E0));
#561=LINE('263435',#560,#559);
#562=DIRECTION('',(1.E0,0.E0,0.E0));
#563=VECTOR('',#562,4.5E-1);
#564=CARTESIAN_POINT('',(-1.725E0,-4.499999999999E-1,2.45E0));
#565=LINE('263143',#564,#563);
#566=DIRECTION('',(1.E0,0.E0,0.E0));
#567=VECTOR('',#566,4.5E-1);
#568=CARTESIAN_POINT('',(-7.25E-1,-4.500001449618E-1,2.449999884031E0));
#569=LINE('263419',#568,#567);
#570=DIRECTION('',(1.E0,0.E0,0.E0));
#571=VECTOR('',#570,4.5E-1);
#572=CARTESIAN_POINT('',(2.75E-1,-4.499999999999E-1,2.45E0));
#573=LINE('263123',#572,#571);
#574=DIRECTION('',(1.E0,0.E0,0.E0));
#575=VECTOR('',#574,4.5E-1);
#576=CARTESIAN_POINT('',(1.275E0,-4.500001449618E-1,2.449999884031E0));
#577=LINE('263403',#576,#575);
#578=DIRECTION('',(1.E0,0.E0,0.E0));
#579=VECTOR('',#578,4.5E-1);
#580=CARTESIAN_POINT('',(2.275E0,-4.499999999999E-1,2.45E0));
#581=LINE('263103',#580,#579);
#582=DIRECTION('',(1.E0,0.E0,0.E0));
#583=VECTOR('',#582,4.5E-1);
#584=CARTESIAN_POINT('',(3.275E0,-4.500001449618E-1,2.449999884031E0));
#585=LINE('263387',#584,#583);
#586=DIRECTION('',(1.E0,0.E0,0.E0));
#587=VECTOR('',#586,4.5E-1);
#588=CARTESIAN_POINT('',(4.275E0,-4.499999999999E-1,2.45E0));
#589=LINE('263083',#588,#587);
#590=DIRECTION('',(1.E0,0.E0,0.E0));
#591=VECTOR('',#590,4.5E-1);
#592=CARTESIAN_POINT('',(5.275E0,-4.500001449618E-1,2.449999884031E0));
#593=LINE('263371',#592,#591);
#594=DIRECTION('',(1.E0,0.E0,0.E0));
#595=VECTOR('',#594,4.5E-1);
#596=CARTESIAN_POINT('',(6.275E0,-4.499999999999E-1,2.45E0));
#597=LINE('263063',#596,#595);
#598=DIRECTION('',(1.E0,0.E0,0.E0));
#599=VECTOR('',#598,4.5E-1);
#600=CARTESIAN_POINT('',(7.275E0,-4.500001449618E-1,2.449999884031E0));
#601=LINE('263355',#600,#599);
#602=DIRECTION('',(1.E0,0.E0,0.E0));
#603=VECTOR('',#602,4.5E-1);
#604=CARTESIAN_POINT('',(8.275E0,-4.499999999999E-1,2.45E0));
#605=LINE('263042',#604,#603);
#606=DIRECTION('',(-1.E0,0.E0,0.E0));
#607=VECTOR('',#606,2.6E1);
#608=CARTESIAN_POINT('',(9.5E0,-8.5E-1,2.05E0));
#609=LINE('266160',#608,#607);
#610=DIRECTION('',(0.E0,1.E0,-4.567774729886E-14));
#611=VECTOR('',#610,1.4E0);
#612=CARTESIAN_POINT('',(9.5E0,5.5E-1,2.45E0));
#613=LINE('262734',#612,#611);
#614=DIRECTION('',(-1.E0,0.E0,0.E0));
#615=VECTOR('',#614,8.E-1);
#616=CARTESIAN_POINT('',(1.03E1,5.5E-1,2.45E0));
#617=LINE('262760',#616,#615);
#618=DIRECTION('',(0.E0,1.E0,0.E0));
#619=VECTOR('',#618,1.E0);
#620=CARTESIAN_POINT('',(1.03E1,-4.5E-1,2.45E0));
#621=LINE('262722',#620,#619);
#622=DIRECTION('',(-1.E0,1.144604124743E-13,-3.953826513504E-14));
#623=VECTOR('',#622,7.75E-1);
#624=CARTESIAN_POINT('',(9.5E0,-4.5E-1,2.45E0));
#625=LINE('263054',#624,#623);
#626=DIRECTION('',(0.E0,1.E0,0.E0));
#627=VECTOR('',#626,1.65E0);
#628=CARTESIAN_POINT('',(8.725E0,-4.499999999999E-1,2.45E0));
#629=LINE('263044',#628,#627);
#630=DIRECTION('',(1.E0,0.E0,0.E0));
#631=VECTOR('',#630,4.5E-1);
#632=CARTESIAN_POINT('',(8.275E0,1.2E0,2.45E0));
#633=LINE('263043',#632,#631);
#634=DIRECTION('',(0.E0,-1.E0,0.E0));
#635=VECTOR('',#634,1.65E0);
#636=CARTESIAN_POINT('',(8.275E0,1.2E0,2.45E0));
#637=LINE('263045',#636,#635);
#638=DIRECTION('',(-9.999999999999E-1,-2.635670454614E-7,-2.108536359654E-7));
#639=VECTOR('',#638,5.5E-1);
#640=CARTESIAN_POINT('',(8.275E0,-4.499999999999E-1,2.45E0));
#641=LINE('263369',#640,#639);
#642=DIRECTION('',(0.E0,1.E0,7.028453228744E-8));
#643=VECTOR('',#642,1.650000312313E0);
#644=CARTESIAN_POINT('',(7.725E0,-4.500001449618E-1,2.449999884031E0));
#645=LINE('263356',#644,#643);
#646=DIRECTION('',(1.E0,0.E0,0.E0));
#647=VECTOR('',#646,4.5E-1);
#648=CARTESIAN_POINT('',(7.275E0,1.200000167352E0,2.45E0));
#649=LINE('263358',#648,#647);
#650=DIRECTION('',(0.E0,-1.E0,-7.028453228744E-8));
#651=VECTOR('',#650,1.650000312313E0);
#652=CARTESIAN_POINT('',(7.275E0,1.200000167352E0,2.45E0));
#653=LINE('263357',#652,#651);
#654=DIRECTION('',(-9.999999999999E-1,2.635670454614E-7,2.108536359654E-7));
#655=VECTOR('',#654,5.5E-1);
#656=CARTESIAN_POINT('',(7.275E0,-4.500001449618E-1,2.449999884031E0));
#657=LINE('263370',#656,#655);
#658=DIRECTION('',(0.E0,1.E0,0.E0));
#659=VECTOR('',#658,1.65E0);
#660=CARTESIAN_POINT('',(6.725E0,-4.499999999999E-1,2.45E0));
#661=LINE('263065',#660,#659);
#662=DIRECTION('',(1.E0,0.E0,0.E0));
#663=VECTOR('',#662,4.5E-1);
#664=CARTESIAN_POINT('',(6.275E0,1.2E0,2.45E0));
#665=LINE('263064',#664,#663);
#666=DIRECTION('',(0.E0,-1.E0,0.E0));
#667=VECTOR('',#666,1.65E0);
#668=CARTESIAN_POINT('',(6.275E0,1.2E0,2.45E0));
#669=LINE('263066',#668,#667);
#670=DIRECTION('',(-9.999999999999E-1,-2.635670453605E-7,-2.108536359654E-7));
#671=VECTOR('',#670,5.5E-1);
#672=CARTESIAN_POINT('',(6.275E0,-4.499999999999E-1,2.45E0));
#673=LINE('263385',#672,#671);
#674=DIRECTION('',(0.E0,1.E0,7.028453228744E-8));
#675=VECTOR('',#674,1.650000312313E0);
#676=CARTESIAN_POINT('',(5.725E0,-4.500001449618E-1,2.449999884031E0));
#677=LINE('263372',#676,#675);
#678=DIRECTION('',(1.E0,0.E0,0.E0));
#679=VECTOR('',#678,4.5E-1);
#680=CARTESIAN_POINT('',(5.275E0,1.200000167352E0,2.45E0));
#681=LINE('263374',#680,#679);
#682=DIRECTION('',(0.E0,-1.E0,-7.028453228744E-8));
#683=VECTOR('',#682,1.650000312313E0);
#684=CARTESIAN_POINT('',(5.275E0,1.200000167352E0,2.45E0));
#685=LINE('263373',#684,#683);
#686=DIRECTION('',(-9.999999999999E-1,2.635670456633E-7,2.108536359654E-7));
#687=VECTOR('',#686,5.5E-1);
#688=CARTESIAN_POINT('',(5.275E0,-4.500001449618E-1,2.449999884031E0));
#689=LINE('263386',#688,#687);
#690=DIRECTION('',(0.E0,1.E0,0.E0));
#691=VECTOR('',#690,1.65E0);
#692=CARTESIAN_POINT('',(4.725E0,-4.499999999999E-1,2.45E0));
#693=LINE('263085',#692,#691);
#694=DIRECTION('',(1.E0,0.E0,0.E0));
#695=VECTOR('',#694,4.5E-1);
#696=CARTESIAN_POINT('',(4.275E0,1.2E0,2.45E0));
#697=LINE('263084',#696,#695);
#698=DIRECTION('',(0.E0,-1.E0,0.E0));
#699=VECTOR('',#698,1.65E0);
#700=CARTESIAN_POINT('',(4.275E0,1.2E0,2.45E0));
#701=LINE('263086',#700,#699);
#702=DIRECTION('',(-9.999999999999E-1,-2.635670454614E-7,-2.108536359654E-7));
#703=VECTOR('',#702,5.5E-1);
#704=CARTESIAN_POINT('',(4.275E0,-4.499999999999E-1,2.45E0));
#705=LINE('263401',#704,#703);
#706=DIRECTION('',(0.E0,1.E0,7.028453228744E-8));
#707=VECTOR('',#706,1.650000312313E0);
#708=CARTESIAN_POINT('',(3.725E0,-4.500001449618E-1,2.449999884031E0));
#709=LINE('263388',#708,#707);
#710=DIRECTION('',(1.E0,0.E0,0.E0));
#711=VECTOR('',#710,4.5E-1);
#712=CARTESIAN_POINT('',(3.275E0,1.200000167352E0,2.45E0));
#713=LINE('263390',#712,#711);
#714=DIRECTION('',(0.E0,-1.E0,-7.028453228744E-8));
#715=VECTOR('',#714,1.650000312313E0);
#716=CARTESIAN_POINT('',(3.275E0,1.200000167352E0,2.45E0));
#717=LINE('263389',#716,#715);
#718=DIRECTION('',(-9.999999999999E-1,2.635670454614E-7,2.108536359654E-7));
#719=VECTOR('',#718,5.5E-1);
#720=CARTESIAN_POINT('',(3.275E0,-4.500001449618E-1,2.449999884031E0));
#721=LINE('263402',#720,#719);
#722=DIRECTION('',(0.E0,1.E0,0.E0));
#723=VECTOR('',#722,1.65E0);
#724=CARTESIAN_POINT('',(2.725E0,-4.499999999999E-1,2.45E0));
#725=LINE('263105',#724,#723);
#726=DIRECTION('',(1.E0,0.E0,0.E0));
#727=VECTOR('',#726,4.5E-1);
#728=CARTESIAN_POINT('',(2.275E0,1.2E0,2.45E0));
#729=LINE('263104',#728,#727);
#730=DIRECTION('',(0.E0,-1.E0,0.E0));
#731=VECTOR('',#730,1.65E0);
#732=CARTESIAN_POINT('',(2.275E0,1.2E0,2.45E0));
#733=LINE('263106',#732,#731);
#734=DIRECTION('',(-9.999999999999E-1,-2.635670453605E-7,-2.108536359654E-7));
#735=VECTOR('',#734,5.5E-1);
#736=CARTESIAN_POINT('',(2.275E0,-4.499999999999E-1,2.45E0));
#737=LINE('263417',#736,#735);
#738=DIRECTION('',(0.E0,1.E0,7.028453228744E-8));
#739=VECTOR('',#738,1.650000312313E0);
#740=CARTESIAN_POINT('',(1.725E0,-4.500001449618E-1,2.449999884031E0));
#741=LINE('263404',#740,#739);
#742=DIRECTION('',(1.E0,0.E0,0.E0));
#743=VECTOR('',#742,4.5E-1);
#744=CARTESIAN_POINT('',(1.275E0,1.200000167352E0,2.45E0));
#745=LINE('263406',#744,#743);
#746=DIRECTION('',(0.E0,-1.E0,-7.028453228744E-8));
#747=VECTOR('',#746,1.650000312313E0);
#748=CARTESIAN_POINT('',(1.275E0,1.200000167352E0,2.45E0));
#749=LINE('263405',#748,#747);
#750=DIRECTION('',(-9.999999999999E-1,2.635670455624E-7,2.108536359654E-7));
#751=VECTOR('',#750,5.5E-1);
#752=CARTESIAN_POINT('',(1.275E0,-4.500001449618E-1,2.449999884031E0));
#753=LINE('263418',#752,#751);
#754=DIRECTION('',(0.E0,1.E0,0.E0));
#755=VECTOR('',#754,1.65E0);
#756=CARTESIAN_POINT('',(7.25E-1,-4.499999999999E-1,2.45E0));
#757=LINE('263125',#756,#755);
#758=DIRECTION('',(1.E0,0.E0,0.E0));
#759=VECTOR('',#758,4.5E-1);
#760=CARTESIAN_POINT('',(2.75E-1,1.2E0,2.45E0));
#761=LINE('263124',#760,#759);
#762=DIRECTION('',(0.E0,-1.E0,0.E0));
#763=VECTOR('',#762,1.65E0);
#764=CARTESIAN_POINT('',(2.75E-1,1.2E0,2.45E0));
#765=LINE('263126',#764,#763);
#766=DIRECTION('',(-9.999999999999E-1,-2.635670453605E-7,-2.108536359654E-7));
#767=VECTOR('',#766,5.5E-1);
#768=CARTESIAN_POINT('',(2.75E-1,-4.499999999999E-1,2.45E0));
#769=LINE('263433',#768,#767);
#770=DIRECTION('',(0.E0,1.E0,7.028453228744E-8));
#771=VECTOR('',#770,1.650000312313E0);
#772=CARTESIAN_POINT('',(-2.75E-1,-4.500001449618E-1,2.449999884031E0));
#773=LINE('263420',#772,#771);
#774=DIRECTION('',(1.E0,0.E0,0.E0));
#775=VECTOR('',#774,4.5E-1);
#776=CARTESIAN_POINT('',(-7.25E-1,1.200000167352E0,2.45E0));
#777=LINE('263422',#776,#775);
#778=DIRECTION('',(0.E0,-1.E0,-7.028453228744E-8));
#779=VECTOR('',#778,1.650000312313E0);
#780=CARTESIAN_POINT('',(-7.25E-1,1.200000167352E0,2.45E0));
#781=LINE('263421',#780,#779);
#782=DIRECTION('',(-9.999999999999E-1,2.635670457642E-7,2.108536359654E-7));
#783=VECTOR('',#782,5.5E-1);
#784=CARTESIAN_POINT('',(-7.25E-1,-4.500001449618E-1,2.449999884031E0));
#785=LINE('263434',#784,#783);
#786=DIRECTION('',(0.E0,1.E0,0.E0));
#787=VECTOR('',#786,1.65E0);
#788=CARTESIAN_POINT('',(-1.275E0,-4.499999999999E-1,2.45E0));
#789=LINE('263145',#788,#787);
#790=DIRECTION('',(1.E0,0.E0,0.E0));
#791=VECTOR('',#790,4.5E-1);
#792=CARTESIAN_POINT('',(-1.725E0,1.2E0,2.45E0));
#793=LINE('263144',#792,#791);
#794=DIRECTION('',(0.E0,-1.E0,0.E0));
#795=VECTOR('',#794,1.65E0);
#796=CARTESIAN_POINT('',(-1.725E0,1.2E0,2.45E0));
#797=LINE('263146',#796,#795);
#798=DIRECTION('',(-9.999999999999E-1,-2.635670455624E-7,-2.108536359654E-7));
#799=VECTOR('',#798,5.5E-1);
#800=CARTESIAN_POINT('',(-1.725E0,-4.499999999999E-1,2.45E0));
#801=LINE('263449',#800,#799);
#802=DIRECTION('',(0.E0,1.E0,7.028453228744E-8));
#803=VECTOR('',#802,1.650000312313E0);
#804=CARTESIAN_POINT('',(-2.275E0,-4.500001449618E-1,2.449999884031E0));
#805=LINE('263436',#804,#803);
#806=DIRECTION('',(1.E0,0.E0,0.E0));
#807=VECTOR('',#806,4.5E-1);
#808=CARTESIAN_POINT('',(-2.725E0,1.200000167352E0,2.45E0));
#809=LINE('263438',#808,#807);
#810=DIRECTION('',(0.E0,-1.E0,-7.028453228744E-8));
#811=VECTOR('',#810,1.650000312313E0);
#812=CARTESIAN_POINT('',(-2.725E0,1.200000167352E0,2.45E0));
#813=LINE('263437',#812,#811);
#814=DIRECTION('',(-9.999999999999E-1,2.635670454614E-7,2.108536359654E-7));
#815=VECTOR('',#814,5.5E-1);
#816=CARTESIAN_POINT('',(-2.725E0,-4.500001449618E-1,2.449999884031E0));
#817=LINE('263450',#816,#815);
#818=DIRECTION('',(0.E0,1.E0,0.E0));
#819=VECTOR('',#818,1.65E0);
#820=CARTESIAN_POINT('',(-3.275E0,-4.499999999999E-1,2.45E0));
#821=LINE('263165',#820,#819);
#822=DIRECTION('',(1.E0,0.E0,0.E0));
#823=VECTOR('',#822,4.5E-1);
#824=CARTESIAN_POINT('',(-3.725E0,1.2E0,2.45E0));
#825=LINE('263164',#824,#823);
#826=DIRECTION('',(0.E0,-1.E0,0.E0));
#827=VECTOR('',#826,1.65E0);
#828=CARTESIAN_POINT('',(-3.725E0,1.2E0,2.45E0));
#829=LINE('263166',#828,#827);
#830=DIRECTION('',(-9.999999999999E-1,-2.635670453605E-7,-2.108536359654E-7));
#831=VECTOR('',#830,5.5E-1);
#832=CARTESIAN_POINT('',(-3.725E0,-4.499999999999E-1,2.45E0));
#833=LINE('263465',#832,#831);
#834=DIRECTION('',(0.E0,1.E0,7.028453228744E-8));
#835=VECTOR('',#834,1.650000312313E0);
#836=CARTESIAN_POINT('',(-4.275E0,-4.500001449618E-1,2.449999884031E0));
#837=LINE('263452',#836,#835);
#838=DIRECTION('',(1.E0,0.E0,0.E0));
#839=VECTOR('',#838,4.5E-1);
#840=CARTESIAN_POINT('',(-4.725E0,1.200000167352E0,2.45E0));
#841=LINE('263454',#840,#839);
#842=DIRECTION('',(0.E0,-1.E0,-7.028453228744E-8));
#843=VECTOR('',#842,1.650000312313E0);
#844=CARTESIAN_POINT('',(-4.725E0,1.200000167352E0,2.45E0));
#845=LINE('263453',#844,#843);
#846=DIRECTION('',(-9.999999999999E-1,2.635670455624E-7,2.108536359654E-7));
#847=VECTOR('',#846,5.5E-1);
#848=CARTESIAN_POINT('',(-4.725E0,-4.500001449618E-1,2.449999884031E0));
#849=LINE('263466',#848,#847);
#850=DIRECTION('',(0.E0,1.E0,0.E0));
#851=VECTOR('',#850,1.65E0);
#852=CARTESIAN_POINT('',(-5.275E0,-4.499999999999E-1,2.45E0));
#853=LINE('263185',#852,#851);
#854=DIRECTION('',(1.E0,0.E0,0.E0));
#855=VECTOR('',#854,4.5E-1);
#856=CARTESIAN_POINT('',(-5.725E0,1.2E0,2.45E0));
#857=LINE('263184',#856,#855);
#858=DIRECTION('',(0.E0,-1.E0,0.E0));
#859=VECTOR('',#858,1.65E0);
#860=CARTESIAN_POINT('',(-5.725E0,1.2E0,2.45E0));
#861=LINE('263186',#860,#859);
#862=DIRECTION('',(-9.999999999999E-1,-2.635670451586E-7,-2.108536359654E-7));
#863=VECTOR('',#862,5.5E-1);
#864=CARTESIAN_POINT('',(-5.725E0,-4.499999999999E-1,2.45E0));
#865=LINE('263481',#864,#863);
#866=DIRECTION('',(0.E0,1.E0,7.028453228744E-8));
#867=VECTOR('',#866,1.650000312313E0);
#868=CARTESIAN_POINT('',(-6.275E0,-4.500001449618E-1,2.449999884031E0));
#869=LINE('263468',#868,#867);
#870=DIRECTION('',(1.E0,0.E0,0.E0));
#871=VECTOR('',#870,4.5E-1);
#872=CARTESIAN_POINT('',(-6.725E0,1.200000167352E0,2.45E0));
#873=LINE('263470',#872,#871);
#874=DIRECTION('',(0.E0,-1.E0,-7.028453228744E-8));
#875=VECTOR('',#874,1.650000312313E0);
#876=CARTESIAN_POINT('',(-6.725E0,1.200000167352E0,2.45E0));
#877=LINE('263469',#876,#875);
#878=DIRECTION('',(-9.999999999999E-1,2.635670453605E-7,2.108536359654E-7));
#879=VECTOR('',#878,5.5E-1);
#880=CARTESIAN_POINT('',(-6.725E0,-4.500001449618E-1,2.449999884031E0));
#881=LINE('263482',#880,#879);
#882=DIRECTION('',(0.E0,1.E0,0.E0));
#883=VECTOR('',#882,1.65E0);
#884=CARTESIAN_POINT('',(-7.275E0,-4.499999999999E-1,2.45E0));
#885=LINE('263205',#884,#883);
#886=DIRECTION('',(1.E0,0.E0,0.E0));
#887=VECTOR('',#886,4.5E-1);
#888=CARTESIAN_POINT('',(-7.725E0,1.2E0,2.45E0));
#889=LINE('263204',#888,#887);
#890=DIRECTION('',(0.E0,-1.E0,0.E0));
#891=VECTOR('',#890,1.65E0);
#892=CARTESIAN_POINT('',(-7.725E0,1.2E0,2.45E0));
#893=LINE('263206',#892,#891);
#894=DIRECTION('',(-9.999999999999E-1,-2.635670450577E-7,-2.108536359654E-7));
#895=VECTOR('',#894,5.5E-1);
#896=CARTESIAN_POINT('',(-7.725E0,-4.499999999999E-1,2.45E0));
#897=LINE('263497',#896,#895);
#898=DIRECTION('',(0.E0,1.E0,7.028453228744E-8));
#899=VECTOR('',#898,1.650000312313E0);
#900=CARTESIAN_POINT('',(-8.275E0,-4.500001449618E-1,2.449999884031E0));
#901=LINE('263484',#900,#899);
#902=DIRECTION('',(1.E0,0.E0,0.E0));
#903=VECTOR('',#902,4.5E-1);
#904=CARTESIAN_POINT('',(-8.725E0,1.200000167352E0,2.45E0));
#905=LINE('263486',#904,#903);
#906=DIRECTION('',(0.E0,-1.E0,-7.028453228744E-8));
#907=VECTOR('',#906,1.650000312313E0);
#908=CARTESIAN_POINT('',(-8.725E0,1.200000167352E0,2.45E0));
#909=LINE('263485',#908,#907);
#910=DIRECTION('',(-9.999999999999E-1,2.635670453605E-7,2.108536359654E-7));
#911=VECTOR('',#910,5.5E-1);
#912=CARTESIAN_POINT('',(-8.725E0,-4.500001449618E-1,2.449999884031E0));
#913=LINE('263498',#912,#911);
#914=DIRECTION('',(0.E0,1.E0,0.E0));
#915=VECTOR('',#914,1.65E0);
#916=CARTESIAN_POINT('',(-9.275E0,-4.499999999999E-1,2.45E0));
#917=LINE('263225',#916,#915);
#918=DIRECTION('',(1.E0,0.E0,0.E0));
#919=VECTOR('',#918,4.5E-1);
#920=CARTESIAN_POINT('',(-9.725E0,1.2E0,2.45E0));
#921=LINE('263224',#920,#919);
#922=DIRECTION('',(0.E0,-1.E0,0.E0));
#923=VECTOR('',#922,1.65E0);
#924=CARTESIAN_POINT('',(-9.725E0,1.2E0,2.45E0));
#925=LINE('263226',#924,#923);
#926=DIRECTION('',(-9.999999999999E-1,-2.635670452596E-7,-2.108536359654E-7));
#927=VECTOR('',#926,5.5E-1);
#928=CARTESIAN_POINT('',(-9.725E0,-4.499999999999E-1,2.45E0));
#929=LINE('263513',#928,#927);
#930=DIRECTION('',(0.E0,1.E0,7.028453228744E-8));
#931=VECTOR('',#930,1.650000312313E0);
#932=CARTESIAN_POINT('',(-1.0275E1,-4.500001449618E-1,2.449999884031E0));
#933=LINE('263500',#932,#931);
#934=DIRECTION('',(1.E0,0.E0,0.E0));
#935=VECTOR('',#934,4.5E-1);
#936=CARTESIAN_POINT('',(-1.0725E1,1.200000167352E0,2.45E0));
#937=LINE('263502',#936,#935);
#938=DIRECTION('',(0.E0,-1.E0,-7.028453228744E-8));
#939=VECTOR('',#938,1.650000312313E0);
#940=CARTESIAN_POINT('',(-1.0725E1,1.200000167352E0,2.45E0));
#941=LINE('263501',#940,#939);
#942=DIRECTION('',(-9.999999999999E-1,2.635670456633E-7,2.108536359654E-7));
#943=VECTOR('',#942,5.5E-1);
#944=CARTESIAN_POINT('',(-1.0725E1,-4.500001449618E-1,2.449999884031E0));
#945=LINE('263514',#944,#943);
#946=DIRECTION('',(0.E0,1.E0,0.E0));
#947=VECTOR('',#946,1.65E0);
#948=CARTESIAN_POINT('',(-1.1275E1,-4.499999999999E-1,2.45E0));
#949=LINE('263245',#948,#947);
#950=DIRECTION('',(1.E0,0.E0,0.E0));
#951=VECTOR('',#950,4.5E-1);
#952=CARTESIAN_POINT('',(-1.1725E1,1.2E0,2.45E0));
#953=LINE('263244',#952,#951);
#954=DIRECTION('',(0.E0,-1.E0,0.E0));
#955=VECTOR('',#954,1.65E0);
#956=CARTESIAN_POINT('',(-1.1725E1,1.2E0,2.45E0));
#957=LINE('263246',#956,#955);
#958=DIRECTION('',(-9.999999999999E-1,-2.635670453605E-7,-2.108536359654E-7));
#959=VECTOR('',#958,5.5E-1);
#960=CARTESIAN_POINT('',(-1.1725E1,-4.499999999999E-1,2.45E0));
#961=LINE('263529',#960,#959);
#962=DIRECTION('',(0.E0,1.E0,7.028453228744E-8));
#963=VECTOR('',#962,1.650000312313E0);
#964=CARTESIAN_POINT('',(-1.2275E1,-4.500001449618E-1,2.449999884031E0));
#965=LINE('263516',#964,#963);
#966=DIRECTION('',(1.E0,0.E0,0.E0));
#967=VECTOR('',#966,4.5E-1);
#968=CARTESIAN_POINT('',(-1.2725E1,1.200000167352E0,2.45E0));
#969=LINE('263518',#968,#967);
#970=DIRECTION('',(0.E0,-1.E0,-7.028453228744E-8));
#971=VECTOR('',#970,1.650000312313E0);
#972=CARTESIAN_POINT('',(-1.2725E1,1.200000167352E0,2.45E0));
#973=LINE('263517',#972,#971);
#974=DIRECTION('',(-9.999999999999E-1,2.635670454614E-7,2.108536359654E-7));
#975=VECTOR('',#974,5.5E-1);
#976=CARTESIAN_POINT('',(-1.2725E1,-4.500001449618E-1,2.449999884031E0));
#977=LINE('263530',#976,#975);
#978=DIRECTION('',(0.E0,1.E0,0.E0));
#979=VECTOR('',#978,1.65E0);
#980=CARTESIAN_POINT('',(-1.3275E1,-4.499999999999E-1,2.45E0));
#981=LINE('263265',#980,#979);
#982=DIRECTION('',(1.E0,0.E0,0.E0));
#983=VECTOR('',#982,4.5E-1);
#984=CARTESIAN_POINT('',(-1.3725E1,1.2E0,2.45E0));
#985=LINE('263264',#984,#983);
#986=DIRECTION('',(0.E0,-1.E0,0.E0));
#987=VECTOR('',#986,1.65E0);
#988=CARTESIAN_POINT('',(-1.3725E1,1.2E0,2.45E0));
#989=LINE('263266',#988,#987);
#990=DIRECTION('',(-9.999999999999E-1,-2.635670455623E-7,-2.108536359654E-7));
#991=VECTOR('',#990,5.5E-1);
#992=CARTESIAN_POINT('',(-1.3725E1,-4.499999999999E-1,2.45E0));
#993=LINE('263545',#992,#991);
#994=DIRECTION('',(0.E0,1.E0,7.028453228744E-8));
#995=VECTOR('',#994,1.650000312313E0);
#996=CARTESIAN_POINT('',(-1.4275E1,-4.500001449618E-1,2.449999884031E0));
#997=LINE('263532',#996,#995);
#998=DIRECTION('',(1.E0,0.E0,0.E0));
#999=VECTOR('',#998,4.5E-1);
#1000=CARTESIAN_POINT('',(-1.4725E1,1.200000167352E0,2.45E0));
#1001=LINE('263534',#1000,#999);
#1002=DIRECTION('',(0.E0,-1.E0,-7.028453228744E-8));
#1003=VECTOR('',#1002,1.650000312313E0);
#1004=CARTESIAN_POINT('',(-1.4725E1,1.200000167352E0,2.45E0));
#1005=LINE('263533',#1004,#1003);
#1006=DIRECTION('',(-9.999999999999E-1,2.635670454614E-7,2.108536359654E-7));
#1007=VECTOR('',#1006,5.5E-1);
#1008=CARTESIAN_POINT('',(-1.4725E1,-4.500001449618E-1,2.449999884031E0));
#1009=LINE('263546',#1008,#1007);
#1010=DIRECTION('',(0.E0,1.E0,0.E0));
#1011=VECTOR('',#1010,1.65E0);
#1012=CARTESIAN_POINT('',(-1.5275E1,-4.499999999999E-1,2.45E0));
#1013=LINE('263285',#1012,#1011);
#1014=DIRECTION('',(1.E0,0.E0,0.E0));
#1015=VECTOR('',#1014,4.5E-1);
#1016=CARTESIAN_POINT('',(-1.5725E1,1.2E0,2.45E0));
#1017=LINE('263284',#1016,#1015);
#1018=DIRECTION('',(0.E0,-1.E0,0.E0));
#1019=VECTOR('',#1018,1.65E0);
#1020=CARTESIAN_POINT('',(-1.5725E1,1.2E0,2.45E0));
#1021=LINE('263286',#1020,#1019);
#1022=DIRECTION('',(-1.E0,-1.137441395551E-13,3.953826513504E-14));
#1023=VECTOR('',#1022,7.75E-1);
#1024=CARTESIAN_POINT('',(-1.5725E1,-4.499999999999E-1,2.45E0));
#1025=LINE('266184',#1024,#1023);
#1026=DIRECTION('',(0.E0,-1.E0,0.E0));
#1027=VECTOR('',#1026,1.E0);
#1028=CARTESIAN_POINT('',(-1.73E1,5.5E-1,2.45E0));
#1029=LINE('265203',#1028,#1027);
#1030=DIRECTION('',(-1.E0,0.E0,0.E0));
#1031=VECTOR('',#1030,8.E-1);
#1032=CARTESIAN_POINT('',(-1.65E1,5.5E-1,2.45E0));
#1033=LINE('265195',#1032,#1031);
#1034=DIRECTION('',(0.E0,-1.E0,4.567774729886E-14));
#1035=VECTOR('',#1034,1.4E0);
#1036=CARTESIAN_POINT('',(-1.65E1,1.95E0,2.45E0));
#1037=LINE('265188',#1036,#1035);
#1038=DIRECTION('',(0.E0,0.E0,1.E0));
#1039=VECTOR('',#1038,5.9E0);
#1040=CARTESIAN_POINT('',(1.03E1,1.95E0,-2.95E0));
#1041=LINE('262719',#1040,#1039);
#1042=DIRECTION('',(-1.E0,0.E0,0.E0));
#1043=VECTOR('',#1042,8.E-1);
#1044=CARTESIAN_POINT('',(1.03E1,1.95E0,2.95E0));
#1045=LINE('262749',#1044,#1043);
#1046=DIRECTION('',(0.E0,0.E0,-1.E0));
#1047=VECTOR('',#1046,5.E-1);
#1048=CARTESIAN_POINT('',(9.5E0,1.95E0,2.95E0));
#1049=LINE('262733',#1048,#1047);
#1050=DIRECTION('',(-1.E0,0.E0,0.E0));
#1051=VECTOR('',#1050,2.6E1);
#1052=CARTESIAN_POINT('',(9.5E0,1.95E0,2.45E0));
#1053=LINE('266162',#1052,#1051);
#1054=DIRECTION('',(0.E0,0.E0,1.E0));
#1055=VECTOR('',#1054,5.E-1);
#1056=CARTESIAN_POINT('',(-1.65E1,1.95E0,2.45E0));
#1057=LINE('265189',#1056,#1055);
#1058=DIRECTION('',(-1.E0,0.E0,0.E0));
#1059=VECTOR('',#1058,8.E-1);
#1060=CARTESIAN_POINT('',(-1.65E1,1.95E0,2.95E0));
#1061=LINE('265179',#1060,#1059);
#1062=DIRECTION('',(0.E0,0.E0,-1.E0));
#1063=VECTOR('',#1062,5.9E0);
#1064=CARTESIAN_POINT('',(-1.73E1,1.95E0,2.95E0));
#1065=LINE('265202',#1064,#1063);
#1066=DIRECTION('',(0.E0,1.E0,0.E0));
#1067=VECTOR('',#1066,3.4E0);
#1068=CARTESIAN_POINT('',(1.03E1,-1.45E0,-2.95E0));
#1069=LINE('262718',#1068,#1067);
#1070=DIRECTION('',(-1.E0,0.E0,0.E0));
#1071=VECTOR('',#1070,2.76E1);
#1072=CARTESIAN_POINT('',(1.03E1,1.95E0,-2.95E0));
#1073=LINE('266163',#1072,#1071);
#1074=DIRECTION('',(0.E0,-1.E0,0.E0));
#1075=VECTOR('',#1074,3.4E0);
#1076=CARTESIAN_POINT('',(-1.73E1,1.95E0,-2.95E0));
#1077=LINE('265201',#1076,#1075);
#1078=DIRECTION('',(0.E0,-1.065814103640E-14,1.E0));
#1079=VECTOR('',#1078,1.5E0);
#1080=CARTESIAN_POINT('',(1.03E1,-1.45E0,-2.95E0));
#1081=LINE('262717',#1080,#1079);
#1082=DIRECTION('',(-1.E0,0.E0,0.E0));
#1083=VECTOR('',#1082,2.76E1);
#1084=CARTESIAN_POINT('',(1.03E1,-1.45E0,-2.95E0));
#1085=LINE('266164',#1084,#1083);
#1086=DIRECTION('',(0.E0,1.065814103640E-14,-1.E0));
#1087=VECTOR('',#1086,1.5E0);
#1088=CARTESIAN_POINT('',(-1.73E1,-1.45E0,-1.45E0));
#1089=LINE('265200',#1088,#1087);
#1090=DIRECTION('',(1.E0,0.E0,0.E0));
#1091=VECTOR('',#1090,2.76E1);
#1092=CARTESIAN_POINT('',(-1.73E1,-1.95E0,-9.5E-1));
#1093=LINE('266166',#1092,#1091);
#1094=DIRECTION('',(-1.E0,0.E0,0.E0));
#1095=VECTOR('',#1094,2.76E1);
#1096=CARTESIAN_POINT('',(1.03E1,-1.45E0,-1.45E0));
#1097=LINE('266165',#1096,#1095);
#1098=DIRECTION('',(0.E0,-7.071067811865E-1,7.071067811865E-1));
#1099=VECTOR('',#1098,7.071067811865E-1);
#1100=CARTESIAN_POINT('',(1.03E1,-1.45E0,-1.45E0));
#1101=LINE('262716',#1100,#1099);
#1102=DIRECTION('',(0.E0,1.E0,-4.292862361884E-14));
#1103=VECTOR('',#1102,1.5E0);
#1104=CARTESIAN_POINT('',(9.5E0,-1.95E0,2.95E0));
#1105=LINE('262736',#1104,#1103);
#1106=DIRECTION('',(0.E0,-1.E0,4.292862361884E-14));
#1107=VECTOR('',#1106,1.5E0);
#1108=CARTESIAN_POINT('',(1.03E1,-4.5E-1,2.95E0));
#1109=LINE('262724',#1108,#1107);
#1110=DIRECTION('',(-1.E0,0.E0,0.E0));
#1111=VECTOR('',#1110,8.E-1);
#1112=CARTESIAN_POINT('',(1.03E1,-1.95E0,2.95E0));
#1113=LINE('262726',#1112,#1111);
#1114=DIRECTION('',(0.E0,0.E0,1.E0));
#1115=VECTOR('',#1114,9.E-1);
#1116=CARTESIAN_POINT('',(9.5E0,-1.95E0,2.05E0));
#1117=LINE('262725',#1116,#1115);
#1118=DIRECTION('',(0.E0,7.071067811866E-1,7.071067811865E-1));
#1119=VECTOR('',#1118,5.656854249493E-1);
#1120=CARTESIAN_POINT('',(9.5E0,-8.5E-1,2.05E0));
#1121=LINE('262738',#1120,#1119);
#1122=DIRECTION('',(0.E0,0.E0,-1.E0));
#1123=VECTOR('',#1122,4.999999999999E-1);
#1124=CARTESIAN_POINT('',(1.03E1,-4.5E-1,2.95E0));
#1125=LINE('262723',#1124,#1123);
#1126=DIRECTION('',(1.E0,0.E0,0.E0));
#1127=VECTOR('',#1126,8.E-1);
#1128=CARTESIAN_POINT('',(9.5E0,-4.5E-1,2.95E0));
#1129=LINE('262750',#1128,#1127);
#1130=DIRECTION('',(0.E0,-1.254552017827E-14,1.E0));
#1131=VECTOR('',#1130,4.999999999999E-1);
#1132=CARTESIAN_POINT('',(9.5E0,-4.5E-1,2.45E0));
#1133=LINE('262737',#1132,#1131);
#1134=DIRECTION('',(-1.E0,0.E0,-4.107825191113E-14));
#1135=VECTOR('',#1134,8.E-1);
#1136=CARTESIAN_POINT('',(1.03E1,-4.5E-1,2.45E0));
#1137=LINE('262774',#1136,#1135);
#1138=DIRECTION('',(0.E0,0.E0,-1.E0));
#1139=VECTOR('',#1138,4.999999999999E-1);
#1140=CARTESIAN_POINT('',(9.5E0,5.5E-1,2.95E0));
#1141=LINE('262735',#1140,#1139);
#1142=DIRECTION('',(-1.E0,0.E0,0.E0));
#1143=VECTOR('',#1142,8.E-1);
#1144=CARTESIAN_POINT('',(1.03E1,5.5E-1,2.95E0));
#1145=LINE('262748',#1144,#1143);
#1146=DIRECTION('',(0.E0,0.E0,1.E0));
#1147=VECTOR('',#1146,4.999999999999E-1);
#1148=CARTESIAN_POINT('',(1.03E1,5.5E-1,2.45E0));
#1149=LINE('262721',#1148,#1147);
#1150=DIRECTION('',(0.E0,-1.E0,-4.567774729886E-14));
#1151=VECTOR('',#1150,1.4E0);
#1152=CARTESIAN_POINT('',(1.03E1,1.95E0,2.95E0));
#1153=LINE('262720',#1152,#1151);
#1154=DIRECTION('',(0.E0,1.E0,4.536054072040E-14));
#1155=VECTOR('',#1154,1.4E0);
#1156=CARTESIAN_POINT('',(9.5E0,5.5E-1,2.95E0));
#1157=LINE('262732',#1156,#1155);
#1158=DIRECTION('',(0.E0,-1.E0,5.813531474401E-14));
#1159=VECTOR('',#1158,1.1E0);
#1160=CARTESIAN_POINT('',(-1.73E1,-4.5E-1,2.95E0));
#1161=LINE('265180',#1160,#1159);
#1162=DIRECTION('',(0.E0,-6.239453398393E-14,-1.E0));
#1163=VECTOR('',#1162,1.E0);
#1164=CARTESIAN_POINT('',(-1.73E1,-1.95E0,5.E-2));
#1165=LINE('265164',#1164,#1163);
#1166=DIRECTION('',(0.E0,-7.071067811865E-1,7.071067811865E-1));
#1167=VECTOR('',#1166,7.071067811865E-1);
#1168=CARTESIAN_POINT('',(-1.73E1,-1.45E0,-1.45E0));
#1169=LINE('265199',#1168,#1167);
#1170=DIRECTION('',(0.E0,-1.E0,-4.536054072040E-14));
#1171=VECTOR('',#1170,1.4E0);
#1172=CARTESIAN_POINT('',(-1.73E1,1.95E0,2.95E0));
#1173=LINE('265178',#1172,#1171);
#1174=DIRECTION('',(0.E0,0.E0,-1.E0));
#1175=VECTOR('',#1174,4.999999999999E-1);
#1176=CARTESIAN_POINT('',(-1.73E1,5.5E-1,2.95E0));
#1177=LINE('265194',#1176,#1175);
#1178=DIRECTION('',(0.E0,1.354472090043E-14,-1.E0));
#1179=VECTOR('',#1178,4.999999999999E-1);
#1180=CARTESIAN_POINT('',(-1.65E1,-4.5E-1,2.95E0));
#1181=LINE('265193',#1180,#1179);
#1182=DIRECTION('',(1.E0,0.E0,0.E0));
#1183=VECTOR('',#1182,8.E-1);
#1184=CARTESIAN_POINT('',(-1.73E1,-4.5E-1,2.95E0));
#1185=LINE('265181',#1184,#1183);
#1186=DIRECTION('',(0.E0,0.E0,1.E0));
#1187=VECTOR('',#1186,4.999999999999E-1);
#1188=CARTESIAN_POINT('',(-1.73E1,-4.5E-1,2.45E0));
#1189=LINE('265204',#1188,#1187);
#1190=DIRECTION('',(1.E0,0.E0,-4.107825191113E-14));
#1191=VECTOR('',#1190,8.E-1);
#1192=CARTESIAN_POINT('',(-1.73E1,-4.5E-1,2.45E0));
#1193=LINE('265212',#1192,#1191);
#1194=DIRECTION('',(0.E0,-1.E0,5.813531474401E-14));
#1195=VECTOR('',#1194,1.1E0);
#1196=CARTESIAN_POINT('',(-1.65E1,-4.5E-1,2.95E0));
#1197=LINE('265182',#1196,#1195);
#1198=DIRECTION('',(0.E0,-7.071067811866E-1,-7.071067811865E-1));
#1199=VECTOR('',#1198,5.656854249493E-1);
#1200=CARTESIAN_POINT('',(-1.65E1,-4.5E-1,2.45E0));
#1201=LINE('265192',#1200,#1199);
#1202=DIRECTION('',(0.E0,-2.189819207192E-14,-1.E0));
#1203=VECTOR('',#1202,2.9E0);
#1204=CARTESIAN_POINT('',(-1.73E1,-1.55E0,2.95E0));
#1205=LINE('265197',#1204,#1203);
#1206=DIRECTION('',(-1.E0,0.E0,0.E0));
#1207=VECTOR('',#1206,8.E-1);
#1208=CARTESIAN_POINT('',(-1.65E1,-1.55E0,2.95E0));
#1209=LINE('265183',#1208,#1207);
#1210=DIRECTION('',(0.E0,0.E0,-1.E0));
#1211=VECTOR('',#1210,9.E-1);
#1212=CARTESIAN_POINT('',(-1.65E1,-1.55E0,2.95E0));
#1213=LINE('265190',#1212,#1211);
#1214=DIRECTION('',(0.E0,3.108624468950E-14,-1.E0));
#1215=VECTOR('',#1214,2.E0);
#1216=CARTESIAN_POINT('',(-1.65E1,-1.95E0,2.05E0));
#1217=LINE('265166',#1216,#1215);
#1218=DIRECTION('',(0.E0,-3.175237850428E-14,-1.E0));
#1219=VECTOR('',#1218,2.E0);
#1220=CARTESIAN_POINT('',(-1.65E1,-1.55E0,2.05E0));
#1221=LINE('265206',#1220,#1219);
#1222=DIRECTION('',(0.E0,-1.E0,0.E0));
#1223=VECTOR('',#1222,3.999999999999E-1);
#1224=CARTESIAN_POINT('',(-1.73E1,-1.55E0,5.E-2));
#1225=LINE('265198',#1224,#1223);
#1226=DIRECTION('',(-1.E0,0.E0,0.E0));
#1227=VECTOR('',#1226,8.E-1);
#1228=CARTESIAN_POINT('',(-1.65E1,-1.55E0,5.E-2));
#1229=LINE('265205',#1228,#1227);
#1230=DIRECTION('',(0.E0,1.E0,0.E0));
#1231=VECTOR('',#1230,3.999999999999E-1);
#1232=CARTESIAN_POINT('',(-1.65E1,-1.95E0,5.E-2));
#1233=LINE('265208',#1232,#1231);
#1234=DIRECTION('',(1.E0,0.E0,0.E0));
#1235=VECTOR('',#1234,8.E-1);
#1236=CARTESIAN_POINT('',(-1.73E1,-1.95E0,5.E-2));
#1237=LINE('265165',#1236,#1235);
#1238=DIRECTION('',(0.E0,-1.E0,-4.536054072040E-14));
#1239=VECTOR('',#1238,1.4E0);
#1240=CARTESIAN_POINT('',(-1.65E1,1.95E0,2.95E0));
#1241=LINE('265176',#1240,#1239);
#1242=DIRECTION('',(-1.E0,0.E0,0.E0));
#1243=VECTOR('',#1242,8.E-1);
#1244=CARTESIAN_POINT('',(-1.65E1,5.5E-1,2.95E0));
#1245=LINE('265177',#1244,#1243);
#1246=DIRECTION('',(0.E0,0.E0,1.E0));
#1247=VECTOR('',#1246,4.999999999999E-1);
#1248=CARTESIAN_POINT('',(-1.65E1,5.5E-1,2.45E0));
#1249=LINE('265187',#1248,#1247);
#1250=DIRECTION('',(1.E0,0.E0,0.E0));
#1251=VECTOR('',#1250,8.100000000001E-1);
#1252=CARTESIAN_POINT('',(-1.656E1,-2.5E-1,-2.45E0));
#1253=LINE('266136',#1252,#1251);
#1254=DIRECTION('',(1.E0,0.E0,0.E0));
#1255=VECTOR('',#1254,2.531E1);
#1256=CARTESIAN_POINT('',(-1.575E1,-2.5E-1,-2.45E0));
#1257=LINE('266152',#1256,#1255);
#1258=CARTESIAN_POINT('',(9.559999999999E0,-2.082575694955E-1,-2.65E0));
#1259=CARTESIAN_POINT('',(9.646860489038E0,-1.703485441698E-1,
-2.736860489039E0));
#1260=CARTESIAN_POINT('',(9.782055429335E0,-5.432510731656E-2,
-2.872055429334E0));
#1261=CARTESIAN_POINT('',(9.860000000001E0,1.214442404507E-1,-2.95E0));
#1262=CARTESIAN_POINT('',(9.860000000001E0,2.5E-1,-2.95E0));
#1264=DIRECTION('',(-1.E0,0.E0,0.E0));
#1265=VECTOR('',#1264,2.561E1);
#1266=CARTESIAN_POINT('',(9.86E0,2.5E-1,-2.95E0));
#1267=LINE('266149',#1266,#1265);
#1268=DIRECTION('',(-1.E0,0.E0,1.960393809248E-14));
#1269=VECTOR('',#1268,1.11E0);
#1270=CARTESIAN_POINT('',(-1.575E1,2.5E-1,-2.95E0));
#1271=LINE('266133',#1270,#1269);
#1272=CARTESIAN_POINT('',(-1.686E1,2.5E-1,-2.95E0));
#1273=CARTESIAN_POINT('',(-1.686E1,1.214442404507E-1,-2.95E0));
#1274=CARTESIAN_POINT('',(-1.678205542933E1,-5.432510731656E-2,
-2.872055429334E0));
#1275=CARTESIAN_POINT('',(-1.664686048904E1,-1.703485441698E-1,
-2.736860489039E0));
#1276=CARTESIAN_POINT('',(-1.656E1,-2.082575694955E-1,-2.65E0));
#1278=DIRECTION('',(0.E0,0.E0,-1.E0));
#1279=VECTOR('',#1278,6.414374586886E-1);
#1280=CARTESIAN_POINT('',(-1.4275E1,-2.5E-1,-1.118046385894E0));
#1281=LINE('263535',#1280,#1279);
#1282=DIRECTION('',(1.E0,0.E0,0.E0));
#1283=VECTOR('',#1282,4.5E-1);
#1284=CARTESIAN_POINT('',(-1.4725E1,-2.5E-1,-1.118046385894E0));
#1285=LINE('263536',#1284,#1283);
#1286=DIRECTION('',(0.E0,0.E0,-1.E0));
#1287=VECTOR('',#1286,6.414374586886E-1);
#1288=CARTESIAN_POINT('',(-1.4725E1,-2.5E-1,-1.118046385894E0));
#1289=LINE('263538',#1288,#1287);
#1290=DIRECTION('',(-1.E0,0.E0,0.E0));
#1291=VECTOR('',#1290,4.5E-1);
#1292=CARTESIAN_POINT('',(-1.4275E1,-2.5E-1,-1.759483844583E0));
#1293=LINE('263537',#1292,#1291);
#1294=DIRECTION('',(0.E0,0.E0,-1.E0));
#1295=VECTOR('',#1294,6.414374586886E-1);
#1296=CARTESIAN_POINT('',(-1.2275E1,-2.5E-1,-1.118046385894E0));
#1297=LINE('263519',#1296,#1295);
#1298=DIRECTION('',(1.E0,0.E0,0.E0));
#1299=VECTOR('',#1298,4.5E-1);
#1300=CARTESIAN_POINT('',(-1.2725E1,-2.5E-1,-1.118046385894E0));
#1301=LINE('263520',#1300,#1299);
#1302=DIRECTION('',(0.E0,0.E0,-1.E0));
#1303=VECTOR('',#1302,6.414374586886E-1);
#1304=CARTESIAN_POINT('',(-1.2725E1,-2.5E-1,-1.118046385894E0));
#1305=LINE('263522',#1304,#1303);
#1306=DIRECTION('',(-1.E0,0.E0,0.E0));
#1307=VECTOR('',#1306,4.5E-1);
#1308=CARTESIAN_POINT('',(-1.2275E1,-2.5E-1,-1.759483844583E0));
#1309=LINE('263521',#1308,#1307);
#1310=DIRECTION('',(0.E0,0.E0,-1.E0));
#1311=VECTOR('',#1310,6.414374586886E-1);
#1312=CARTESIAN_POINT('',(-1.0275E1,-2.5E-1,-1.118046385894E0));
#1313=LINE('263503',#1312,#1311);
#1314=DIRECTION('',(1.E0,0.E0,0.E0));
#1315=VECTOR('',#1314,4.5E-1);
#1316=CARTESIAN_POINT('',(-1.0725E1,-2.5E-1,-1.118046385894E0));
#1317=LINE('263504',#1316,#1315);
#1318=DIRECTION('',(0.E0,0.E0,-1.E0));
#1319=VECTOR('',#1318,6.414374586886E-1);
#1320=CARTESIAN_POINT('',(-1.0725E1,-2.5E-1,-1.118046385894E0));
#1321=LINE('263506',#1320,#1319);
#1322=DIRECTION('',(-1.E0,0.E0,0.E0));
#1323=VECTOR('',#1322,4.5E-1);
#1324=CARTESIAN_POINT('',(-1.0275E1,-2.5E-1,-1.759483844583E0));
#1325=LINE('263505',#1324,#1323);
#1326=DIRECTION('',(0.E0,0.E0,-1.E0));
#1327=VECTOR('',#1326,6.414374586886E-1);
#1328=CARTESIAN_POINT('',(-8.275E0,-2.5E-1,-1.118046385894E0));
#1329=LINE('263487',#1328,#1327);
#1330=DIRECTION('',(1.E0,0.E0,0.E0));
#1331=VECTOR('',#1330,4.5E-1);
#1332=CARTESIAN_POINT('',(-8.725E0,-2.5E-1,-1.118046385894E0));
#1333=LINE('263488',#1332,#1331);
#1334=DIRECTION('',(0.E0,0.E0,-1.E0));
#1335=VECTOR('',#1334,6.414374586886E-1);
#1336=CARTESIAN_POINT('',(-8.725E0,-2.5E-1,-1.118046385894E0));
#1337=LINE('263490',#1336,#1335);
#1338=DIRECTION('',(-1.E0,0.E0,0.E0));
#1339=VECTOR('',#1338,4.5E-1);
#1340=CARTESIAN_POINT('',(-8.275E0,-2.5E-1,-1.759483844583E0));
#1341=LINE('263489',#1340,#1339);
#1342=DIRECTION('',(0.E0,0.E0,-1.E0));
#1343=VECTOR('',#1342,6.414374586886E-1);
#1344=CARTESIAN_POINT('',(-6.275E0,-2.5E-1,-1.118046385894E0));
#1345=LINE('263471',#1344,#1343);
#1346=DIRECTION('',(1.E0,0.E0,0.E0));
#1347=VECTOR('',#1346,4.5E-1);
#1348=CARTESIAN_POINT('',(-6.725E0,-2.5E-1,-1.118046385894E0));
#1349=LINE('263472',#1348,#1347);
#1350=DIRECTION('',(0.E0,0.E0,-1.E0));
#1351=VECTOR('',#1350,6.414374586886E-1);
#1352=CARTESIAN_POINT('',(-6.725E0,-2.5E-1,-1.118046385894E0));
#1353=LINE('263474',#1352,#1351);
#1354=DIRECTION('',(-1.E0,0.E0,0.E0));
#1355=VECTOR('',#1354,4.5E-1);
#1356=CARTESIAN_POINT('',(-6.275E0,-2.5E-1,-1.759483844583E0));
#1357=LINE('263473',#1356,#1355);
#1358=DIRECTION('',(0.E0,0.E0,-1.E0));
#1359=VECTOR('',#1358,6.414374586886E-1);
#1360=CARTESIAN_POINT('',(-4.275E0,-2.5E-1,-1.118046385894E0));
#1361=LINE('263455',#1360,#1359);
#1362=DIRECTION('',(1.E0,0.E0,0.E0));
#1363=VECTOR('',#1362,4.5E-1);
#1364=CARTESIAN_POINT('',(-4.725E0,-2.5E-1,-1.118046385894E0));
#1365=LINE('263456',#1364,#1363);
#1366=DIRECTION('',(0.E0,0.E0,-1.E0));
#1367=VECTOR('',#1366,6.414374586886E-1);
#1368=CARTESIAN_POINT('',(-4.725E0,-2.5E-1,-1.118046385894E0));
#1369=LINE('263458',#1368,#1367);
#1370=DIRECTION('',(-1.E0,0.E0,0.E0));
#1371=VECTOR('',#1370,4.5E-1);
#1372=CARTESIAN_POINT('',(-4.275E0,-2.5E-1,-1.759483844583E0));
#1373=LINE('263457',#1372,#1371);
#1374=DIRECTION('',(0.E0,0.E0,-1.E0));
#1375=VECTOR('',#1374,6.414374586886E-1);
#1376=CARTESIAN_POINT('',(-2.275E0,-2.5E-1,-1.118046385894E0));
#1377=LINE('263439',#1376,#1375);
#1378=DIRECTION('',(1.E0,0.E0,0.E0));
#1379=VECTOR('',#1378,4.5E-1);
#1380=CARTESIAN_POINT('',(-2.725E0,-2.5E-1,-1.118046385894E0));
#1381=LINE('263440',#1380,#1379);
#1382=DIRECTION('',(0.E0,0.E0,-1.E0));
#1383=VECTOR('',#1382,6.414374586886E-1);
#1384=CARTESIAN_POINT('',(-2.725E0,-2.5E-1,-1.118046385894E0));
#1385=LINE('263442',#1384,#1383);
#1386=DIRECTION('',(-1.E0,0.E0,0.E0));
#1387=VECTOR('',#1386,4.5E-1);
#1388=CARTESIAN_POINT('',(-2.275E0,-2.5E-1,-1.759483844583E0));
#1389=LINE('263441',#1388,#1387);
#1390=DIRECTION('',(0.E0,0.E0,-1.E0));
#1391=VECTOR('',#1390,6.414374586886E-1);
#1392=CARTESIAN_POINT('',(-2.75E-1,-2.5E-1,-1.118046385894E0));
#1393=LINE('263423',#1392,#1391);
#1394=DIRECTION('',(1.E0,0.E0,0.E0));
#1395=VECTOR('',#1394,4.5E-1);
#1396=CARTESIAN_POINT('',(-7.25E-1,-2.5E-1,-1.118046385894E0));
#1397=LINE('263424',#1396,#1395);
#1398=DIRECTION('',(0.E0,0.E0,-1.E0));
#1399=VECTOR('',#1398,6.414374586886E-1);
#1400=CARTESIAN_POINT('',(-7.25E-1,-2.5E-1,-1.118046385894E0));
#1401=LINE('263426',#1400,#1399);
#1402=DIRECTION('',(-1.E0,0.E0,0.E0));
#1403=VECTOR('',#1402,4.5E-1);
#1404=CARTESIAN_POINT('',(-2.75E-1,-2.5E-1,-1.759483844583E0));
#1405=LINE('263425',#1404,#1403);
#1406=DIRECTION('',(0.E0,0.E0,-1.E0));
#1407=VECTOR('',#1406,6.414374586886E-1);
#1408=CARTESIAN_POINT('',(1.725E0,-2.5E-1,-1.118046385894E0));
#1409=LINE('263407',#1408,#1407);
#1410=DIRECTION('',(1.E0,0.E0,0.E0));
#1411=VECTOR('',#1410,4.5E-1);
#1412=CARTESIAN_POINT('',(1.275E0,-2.5E-1,-1.118046385894E0));
#1413=LINE('263408',#1412,#1411);
#1414=DIRECTION('',(0.E0,0.E0,-1.E0));
#1415=VECTOR('',#1414,6.414374586886E-1);
#1416=CARTESIAN_POINT('',(1.275E0,-2.5E-1,-1.118046385894E0));
#1417=LINE('263410',#1416,#1415);
#1418=DIRECTION('',(-1.E0,0.E0,0.E0));
#1419=VECTOR('',#1418,4.5E-1);
#1420=CARTESIAN_POINT('',(1.725E0,-2.5E-1,-1.759483844583E0));
#1421=LINE('263409',#1420,#1419);
#1422=DIRECTION('',(0.E0,0.E0,-1.E0));
#1423=VECTOR('',#1422,6.414374586886E-1);
#1424=CARTESIAN_POINT('',(3.725E0,-2.5E-1,-1.118046385894E0));
#1425=LINE('263391',#1424,#1423);
#1426=DIRECTION('',(1.E0,0.E0,0.E0));
#1427=VECTOR('',#1426,4.5E-1);
#1428=CARTESIAN_POINT('',(3.275E0,-2.5E-1,-1.118046385894E0));
#1429=LINE('263392',#1428,#1427);
#1430=DIRECTION('',(0.E0,0.E0,-1.E0));
#1431=VECTOR('',#1430,6.414374586886E-1);
#1432=CARTESIAN_POINT('',(3.275E0,-2.5E-1,-1.118046385894E0));
#1433=LINE('263394',#1432,#1431);
#1434=DIRECTION('',(-1.E0,0.E0,0.E0));
#1435=VECTOR('',#1434,4.5E-1);
#1436=CARTESIAN_POINT('',(3.725E0,-2.5E-1,-1.759483844583E0));
#1437=LINE('263393',#1436,#1435);
#1438=DIRECTION('',(0.E0,0.E0,-1.E0));
#1439=VECTOR('',#1438,6.414374586886E-1);
#1440=CARTESIAN_POINT('',(5.725E0,-2.5E-1,-1.118046385894E0));
#1441=LINE('263375',#1440,#1439);
#1442=DIRECTION('',(1.E0,0.E0,0.E0));
#1443=VECTOR('',#1442,4.5E-1);
#1444=CARTESIAN_POINT('',(5.275E0,-2.5E-1,-1.118046385894E0));
#1445=LINE('263376',#1444,#1443);
#1446=DIRECTION('',(0.E0,0.E0,-1.E0));
#1447=VECTOR('',#1446,6.414374586886E-1);
#1448=CARTESIAN_POINT('',(5.275E0,-2.5E-1,-1.118046385894E0));
#1449=LINE('263378',#1448,#1447);
#1450=DIRECTION('',(-1.E0,0.E0,0.E0));
#1451=VECTOR('',#1450,4.5E-1);
#1452=CARTESIAN_POINT('',(5.725E0,-2.5E-1,-1.759483844583E0));
#1453=LINE('263377',#1452,#1451);
#1454=DIRECTION('',(0.E0,0.E0,-1.E0));
#1455=VECTOR('',#1454,6.414374586886E-1);
#1456=CARTESIAN_POINT('',(7.725E0,-2.5E-1,-1.118046385894E0));
#1457=LINE('263359',#1456,#1455);
#1458=DIRECTION('',(1.E0,0.E0,0.E0));
#1459=VECTOR('',#1458,4.5E-1);
#1460=CARTESIAN_POINT('',(7.275E0,-2.5E-1,-1.118046385894E0));
#1461=LINE('263360',#1460,#1459);
#1462=DIRECTION('',(0.E0,0.E0,-1.E0));
#1463=VECTOR('',#1462,6.414374586886E-1);
#1464=CARTESIAN_POINT('',(7.275E0,-2.5E-1,-1.118046385894E0));
#1465=LINE('263362',#1464,#1463);
#1466=DIRECTION('',(-1.E0,0.E0,0.E0));
#1467=VECTOR('',#1466,4.5E-1);
#1468=CARTESIAN_POINT('',(7.725E0,-2.5E-1,-1.759483844583E0));
#1469=LINE('263361',#1468,#1467);
#1470=DIRECTION('',(0.E0,0.E0,-1.E0));
#1471=VECTOR('',#1470,6.414374586886E-1);
#1472=CARTESIAN_POINT('',(-1.5275E1,-2.5E-1,-1.118046385894E0));
#1473=LINE('263287',#1472,#1471);
#1474=DIRECTION('',(1.E0,0.E0,0.E0));
#1475=VECTOR('',#1474,4.5E-1);
#1476=CARTESIAN_POINT('',(-1.5725E1,-2.5E-1,-1.118046385894E0));
#1477=LINE('263288',#1476,#1475);
#1478=DIRECTION('',(0.E0,0.E0,-1.E0));
#1479=VECTOR('',#1478,6.414374586886E-1);
#1480=CARTESIAN_POINT('',(-1.5725E1,-2.5E-1,-1.118046385894E0));
#1481=LINE('263290',#1480,#1479);
#1482=DIRECTION('',(-1.E0,0.E0,0.E0));
#1483=VECTOR('',#1482,4.5E-1);
#1484=CARTESIAN_POINT('',(-1.5275E1,-2.5E-1,-1.759483844583E0));
#1485=LINE('263289',#1484,#1483);
#1486=DIRECTION('',(0.E0,0.E0,-1.E0));
#1487=VECTOR('',#1486,6.414374586886E-1);
#1488=CARTESIAN_POINT('',(-1.3275E1,-2.5E-1,-1.118046385894E0));
#1489=LINE('263267',#1488,#1487);
#1490=DIRECTION('',(1.E0,0.E0,0.E0));
#1491=VECTOR('',#1490,4.5E-1);
#1492=CARTESIAN_POINT('',(-1.3725E1,-2.5E-1,-1.118046385894E0));
#1493=LINE('263268',#1492,#1491);
#1494=DIRECTION('',(0.E0,0.E0,-1.E0));
#1495=VECTOR('',#1494,6.414374586886E-1);
#1496=CARTESIAN_POINT('',(-1.3725E1,-2.5E-1,-1.118046385894E0));
#1497=LINE('263270',#1496,#1495);
#1498=DIRECTION('',(-1.E0,0.E0,0.E0));
#1499=VECTOR('',#1498,4.5E-1);
#1500=CARTESIAN_POINT('',(-1.3275E1,-2.5E-1,-1.759483844583E0));
#1501=LINE('263269',#1500,#1499);
#1502=DIRECTION('',(0.E0,0.E0,-1.E0));
#1503=VECTOR('',#1502,6.414374586886E-1);
#1504=CARTESIAN_POINT('',(-1.1275E1,-2.5E-1,-1.118046385894E0));
#1505=LINE('263247',#1504,#1503);
#1506=DIRECTION('',(1.E0,0.E0,0.E0));
#1507=VECTOR('',#1506,4.5E-1);
#1508=CARTESIAN_POINT('',(-1.1725E1,-2.5E-1,-1.118046385894E0));
#1509=LINE('263248',#1508,#1507);
#1510=DIRECTION('',(0.E0,0.E0,-1.E0));
#1511=VECTOR('',#1510,6.414374586886E-1);
#1512=CARTESIAN_POINT('',(-1.1725E1,-2.5E-1,-1.118046385894E0));
#1513=LINE('263250',#1512,#1511);
#1514=DIRECTION('',(-1.E0,0.E0,0.E0));
#1515=VECTOR('',#1514,4.5E-1);
#1516=CARTESIAN_POINT('',(-1.1275E1,-2.5E-1,-1.759483844583E0));
#1517=LINE('263249',#1516,#1515);
#1518=DIRECTION('',(0.E0,0.E0,-1.E0));
#1519=VECTOR('',#1518,6.414374586886E-1);
#1520=CARTESIAN_POINT('',(-9.275E0,-2.5E-1,-1.118046385894E0));
#1521=LINE('263227',#1520,#1519);
#1522=DIRECTION('',(1.E0,0.E0,0.E0));
#1523=VECTOR('',#1522,4.5E-1);
#1524=CARTESIAN_POINT('',(-9.725E0,-2.5E-1,-1.118046385894E0));
#1525=LINE('263228',#1524,#1523);
#1526=DIRECTION('',(0.E0,0.E0,-1.E0));
#1527=VECTOR('',#1526,6.414374586886E-1);
#1528=CARTESIAN_POINT('',(-9.725E0,-2.5E-1,-1.118046385894E0));
#1529=LINE('263230',#1528,#1527);
#1530=DIRECTION('',(-1.E0,0.E0,0.E0));
#1531=VECTOR('',#1530,4.5E-1);
#1532=CARTESIAN_POINT('',(-9.275E0,-2.5E-1,-1.759483844583E0));
#1533=LINE('263229',#1532,#1531);
#1534=DIRECTION('',(0.E0,0.E0,-1.E0));
#1535=VECTOR('',#1534,6.414374586886E-1);
#1536=CARTESIAN_POINT('',(-7.275E0,-2.5E-1,-1.118046385894E0));
#1537=LINE('263207',#1536,#1535);
#1538=DIRECTION('',(1.E0,0.E0,0.E0));
#1539=VECTOR('',#1538,4.5E-1);
#1540=CARTESIAN_POINT('',(-7.725E0,-2.5E-1,-1.118046385894E0));
#1541=LINE('263208',#1540,#1539);
#1542=DIRECTION('',(0.E0,0.E0,-1.E0));
#1543=VECTOR('',#1542,6.414374586886E-1);
#1544=CARTESIAN_POINT('',(-7.725E0,-2.5E-1,-1.118046385894E0));
#1545=LINE('263210',#1544,#1543);
#1546=DIRECTION('',(-1.E0,0.E0,0.E0));
#1547=VECTOR('',#1546,4.5E-1);
#1548=CARTESIAN_POINT('',(-7.275E0,-2.5E-1,-1.759483844583E0));
#1549=LINE('263209',#1548,#1547);
#1550=DIRECTION('',(0.E0,0.E0,-1.E0));
#1551=VECTOR('',#1550,6.414374586886E-1);
#1552=CARTESIAN_POINT('',(-5.275E0,-2.5E-1,-1.118046385894E0));
#1553=LINE('263187',#1552,#1551);
#1554=DIRECTION('',(1.E0,0.E0,0.E0));
#1555=VECTOR('',#1554,4.5E-1);
#1556=CARTESIAN_POINT('',(-5.725E0,-2.5E-1,-1.118046385894E0));
#1557=LINE('263188',#1556,#1555);
#1558=DIRECTION('',(0.E0,0.E0,-1.E0));
#1559=VECTOR('',#1558,6.414374586886E-1);
#1560=CARTESIAN_POINT('',(-5.725E0,-2.5E-1,-1.118046385894E0));
#1561=LINE('263190',#1560,#1559);
#1562=DIRECTION('',(-1.E0,0.E0,0.E0));
#1563=VECTOR('',#1562,4.5E-1);
#1564=CARTESIAN_POINT('',(-5.275E0,-2.5E-1,-1.759483844583E0));
#1565=LINE('263189',#1564,#1563);
#1566=DIRECTION('',(0.E0,0.E0,-1.E0));
#1567=VECTOR('',#1566,6.414374586886E-1);
#1568=CARTESIAN_POINT('',(-3.275E0,-2.5E-1,-1.118046385894E0));
#1569=LINE('263167',#1568,#1567);
#1570=DIRECTION('',(1.E0,0.E0,0.E0));
#1571=VECTOR('',#1570,4.5E-1);
#1572=CARTESIAN_POINT('',(-3.725E0,-2.5E-1,-1.118046385894E0));
#1573=LINE('263168',#1572,#1571);
#1574=DIRECTION('',(0.E0,0.E0,-1.E0));
#1575=VECTOR('',#1574,6.414374586886E-1);
#1576=CARTESIAN_POINT('',(-3.725E0,-2.5E-1,-1.118046385894E0));
#1577=LINE('263170',#1576,#1575);
#1578=DIRECTION('',(-1.E0,0.E0,0.E0));
#1579=VECTOR('',#1578,4.5E-1);
#1580=CARTESIAN_POINT('',(-3.275E0,-2.5E-1,-1.759483844583E0));
#1581=LINE('263169',#1580,#1579);
#1582=DIRECTION('',(0.E0,0.E0,-1.E0));
#1583=VECTOR('',#1582,6.414374586886E-1);
#1584=CARTESIAN_POINT('',(-1.275E0,-2.5E-1,-1.118046385894E0));
#1585=LINE('263147',#1584,#1583);
#1586=DIRECTION('',(1.E0,0.E0,0.E0));
#1587=VECTOR('',#1586,4.5E-1);
#1588=CARTESIAN_POINT('',(-1.725E0,-2.5E-1,-1.118046385894E0));
#1589=LINE('263148',#1588,#1587);
#1590=DIRECTION('',(0.E0,0.E0,-1.E0));
#1591=VECTOR('',#1590,6.414374586886E-1);
#1592=CARTESIAN_POINT('',(-1.725E0,-2.5E-1,-1.118046385894E0));
#1593=LINE('263150',#1592,#1591);
#1594=DIRECTION('',(-1.E0,0.E0,0.E0));
#1595=VECTOR('',#1594,4.5E-1);
#1596=CARTESIAN_POINT('',(-1.275E0,-2.5E-1,-1.759483844583E0));
#1597=LINE('263149',#1596,#1595);
#1598=DIRECTION('',(0.E0,0.E0,-1.E0));
#1599=VECTOR('',#1598,6.414374586886E-1);
#1600=CARTESIAN_POINT('',(7.25E-1,-2.5E-1,-1.118046385894E0));
#1601=LINE('263127',#1600,#1599);
#1602=DIRECTION('',(1.E0,0.E0,0.E0));
#1603=VECTOR('',#1602,4.5E-1);
#1604=CARTESIAN_POINT('',(2.75E-1,-2.5E-1,-1.118046385894E0));
#1605=LINE('263128',#1604,#1603);
#1606=DIRECTION('',(0.E0,0.E0,-1.E0));
#1607=VECTOR('',#1606,6.414374586886E-1);
#1608=CARTESIAN_POINT('',(2.75E-1,-2.5E-1,-1.118046385894E0));
#1609=LINE('263130',#1608,#1607);
#1610=DIRECTION('',(-1.E0,0.E0,0.E0));
#1611=VECTOR('',#1610,4.5E-1);
#1612=CARTESIAN_POINT('',(7.25E-1,-2.5E-1,-1.759483844583E0));
#1613=LINE('263129',#1612,#1611);
#1614=DIRECTION('',(0.E0,0.E0,-1.E0));
#1615=VECTOR('',#1614,6.414374586886E-1);
#1616=CARTESIAN_POINT('',(2.725E0,-2.5E-1,-1.118046385894E0));
#1617=LINE('263107',#1616,#1615);
#1618=DIRECTION('',(1.E0,0.E0,0.E0));
#1619=VECTOR('',#1618,4.5E-1);
#1620=CARTESIAN_POINT('',(2.275E0,-2.5E-1,-1.118046385894E0));
#1621=LINE('263108',#1620,#1619);
#1622=DIRECTION('',(0.E0,0.E0,-1.E0));
#1623=VECTOR('',#1622,6.414374586886E-1);
#1624=CARTESIAN_POINT('',(2.275E0,-2.5E-1,-1.118046385894E0));
#1625=LINE('263110',#1624,#1623);
#1626=DIRECTION('',(-1.E0,0.E0,0.E0));
#1627=VECTOR('',#1626,4.5E-1);
#1628=CARTESIAN_POINT('',(2.725E0,-2.5E-1,-1.759483844583E0));
#1629=LINE('263109',#1628,#1627);
#1630=DIRECTION('',(0.E0,0.E0,-1.E0));
#1631=VECTOR('',#1630,6.414374586886E-1);
#1632=CARTESIAN_POINT('',(4.725E0,-2.5E-1,-1.118046385894E0));
#1633=LINE('263087',#1632,#1631);
#1634=DIRECTION('',(1.E0,0.E0,0.E0));
#1635=VECTOR('',#1634,4.5E-1);
#1636=CARTESIAN_POINT('',(4.275E0,-2.5E-1,-1.118046385894E0));
#1637=LINE('263088',#1636,#1635);
#1638=DIRECTION('',(0.E0,0.E0,-1.E0));
#1639=VECTOR('',#1638,6.414374586886E-1);
#1640=CARTESIAN_POINT('',(4.275E0,-2.5E-1,-1.118046385894E0));
#1641=LINE('263090',#1640,#1639);
#1642=DIRECTION('',(-1.E0,0.E0,0.E0));
#1643=VECTOR('',#1642,4.5E-1);
#1644=CARTESIAN_POINT('',(4.725E0,-2.5E-1,-1.759483844583E0));
#1645=LINE('263089',#1644,#1643);
#1646=DIRECTION('',(0.E0,0.E0,-1.E0));
#1647=VECTOR('',#1646,6.414374586886E-1);
#1648=CARTESIAN_POINT('',(6.725E0,-2.5E-1,-1.118046385894E0));
#1649=LINE('263067',#1648,#1647);
#1650=DIRECTION('',(1.E0,0.E0,0.E0));
#1651=VECTOR('',#1650,4.5E-1);
#1652=CARTESIAN_POINT('',(6.275E0,-2.5E-1,-1.118046385894E0));
#1653=LINE('263068',#1652,#1651);
#1654=DIRECTION('',(0.E0,0.E0,-1.E0));
#1655=VECTOR('',#1654,6.414374586886E-1);
#1656=CARTESIAN_POINT('',(6.275E0,-2.5E-1,-1.118046385894E0));
#1657=LINE('263070',#1656,#1655);
#1658=DIRECTION('',(-1.E0,0.E0,0.E0));
#1659=VECTOR('',#1658,4.5E-1);
#1660=CARTESIAN_POINT('',(6.725E0,-2.5E-1,-1.759483844583E0));
#1661=LINE('263069',#1660,#1659);
#1662=DIRECTION('',(0.E0,0.E0,-1.E0));
#1663=VECTOR('',#1662,6.414374586886E-1);
#1664=CARTESIAN_POINT('',(8.725E0,-2.5E-1,-1.118046385894E0));
#1665=LINE('263046',#1664,#1663);
#1666=DIRECTION('',(1.E0,0.E0,0.E0));
#1667=VECTOR('',#1666,4.5E-1);
#1668=CARTESIAN_POINT('',(8.275E0,-2.5E-1,-1.118046385894E0));
#1669=LINE('263047',#1668,#1667);
#1670=DIRECTION('',(0.E0,0.E0,-1.E0));
#1671=VECTOR('',#1670,6.414374586886E-1);
#1672=CARTESIAN_POINT('',(8.275E0,-2.5E-1,-1.118046385894E0));
#1673=LINE('263049',#1672,#1671);
#1674=DIRECTION('',(-1.E0,0.E0,0.E0));
#1675=VECTOR('',#1674,4.5E-1);
#1676=CARTESIAN_POINT('',(8.725E0,-2.5E-1,-1.759483844583E0));
#1677=LINE('263048',#1676,#1675);
#1678=DIRECTION('',(3.279428011200E-14,0.E0,1.E0));
#1679=VECTOR('',#1678,3.25E0);
#1680=CARTESIAN_POINT('',(-1.656E1,-2.5E-1,-2.45E0));
#1681=LINE('265231',#1680,#1679);
#1682=DIRECTION('',(0.E0,-9.447083110676E-1,-3.279118890796E-1));
#1683=VECTOR('',#1682,9.306024673535E-1);
#1684=CARTESIAN_POINT('',(-1.4275E1,-2.350585882852E0,2.449999768061E0));
#1685=LINE('262111',#1684,#1683);
#1686=DIRECTION('',(0.E0,-9.654453626180E-1,2.606055482898E-1));
#1687=VECTOR('',#1686,1.170949743789E0);
#1688=CARTESIAN_POINT('',(-1.4275E1,-3.229733768061E0,2.144844155009E0));
#1689=LINE('262110',#1688,#1687);
#1690=DIRECTION('',(0.E0,9.654452819790E-1,-2.606058470266E-1));
#1691=VECTOR('',#1690,1.127073714390E0);
#1692=CARTESIAN_POINT('',(-1.4275E1,-4.327072768061E0,2.700000155009E0));
#1693=LINE('262106',#1692,#1691);
#1694=DIRECTION('',(0.E0,9.447081096581E-1,3.279124693364E-1));
#1695=VECTOR('',#1694,8.957327395005E-1);
#1696=CARTESIAN_POINT('',(-1.4275E1,-3.238944768061E0,2.406278155009E0));
#1697=LINE('262105',#1696,#1695);
#1698=DIRECTION('',(-1.057270763256E-13,-3.809781629647E-1,9.245840358475E-1));
#1699=VECTOR('',#1698,1.192895329944E0);
#1700=CARTESIAN_POINT('',(-1.4275E1,-2.5E-1,-1.759483844583E0));
#1701=LINE('263540',#1700,#1699);
#1702=DIRECTION('',(0.E0,6.247562038888E-1,7.808198804477E-1));
#1703=VECTOR('',#1702,2.764455862066E-1);
#1704=CARTESIAN_POINT('',(-1.4275E1,-7.044670714112E-1,-6.565518660798E-1));
#1705=LINE('262103',#1704,#1703);
#1706=DIRECTION('',(1.719181244371E-13,3.840663340634E-1,-9.233055025500E-1));
#1707=VECTOR('',#1706,7.336127939410E-1);
#1708=CARTESIAN_POINT('',(-1.4275E1,-5.317559763909E-1,-4.406976565076E-1));
#1709=LINE('263539',#1708,#1707);
#1710=DIRECTION('',(6.542455637705E-14,1.E0,6.101781902308E-8));
#1711=VECTOR('',#1710,1.900585737890E0);
#1712=CARTESIAN_POINT('',(-1.4275E1,-2.350585882852E0,2.449999768061E0));
#1713=LINE('263024',#1712,#1711);
#1714=DIRECTION('',(6.448991985738E-14,-1.E0,-6.101781014403E-8));
#1715=VECTOR('',#1714,1.900585737890E0);
#1716=CARTESIAN_POINT('',(-1.4725E1,-4.500001449618E-1,2.449999884031E0));
#1717=LINE('263025',#1716,#1715);
#1718=DIRECTION('',(0.E0,-9.447081096581E-1,-3.279124693364E-1));
#1719=VECTOR('',#1718,8.957327395004E-1);
#1720=CARTESIAN_POINT('',(-1.4725E1,-2.392738784968E0,2.700000089484E0));
#1721=LINE('262123',#1720,#1719);
#1722=DIRECTION('',(0.E0,-9.654452819790E-1,2.606058470266E-1));
#1723=VECTOR('',#1722,1.127073714390E0);
#1724=CARTESIAN_POINT('',(-1.4725E1,-3.238944768061E0,2.406278155009E0));
#1725=LINE('262122',#1724,#1723);
#1726=DIRECTION('',(0.E0,9.654453626180E-1,-2.606055482898E-1));
#1727=VECTOR('',#1726,1.170949743789E0);
#1728=CARTESIAN_POINT('',(-1.4725E1,-4.360221768061E0,2.450000155009E0));
#1729=LINE('262118',#1728,#1727);
#1730=DIRECTION('',(0.E0,9.447083110677E-1,3.279118890795E-1));
#1731=VECTOR('',#1730,9.306024673534E-1);
#1732=CARTESIAN_POINT('',(-1.4725E1,-3.229733768061E0,2.144844155009E0));
#1733=LINE('262117',#1732,#1731);
#1734=DIRECTION('',(1.694967424026E-13,-3.840663340630E-1,9.233055025502E-1));
#1735=VECTOR('',#1734,7.336127939417E-1);
#1736=CARTESIAN_POINT('',(-1.4725E1,-2.5E-1,-1.118046385894E0));
#1737=LINE('263542',#1736,#1735);
#1738=DIRECTION('',(-1.285140315514E-14,-6.247562038889E-1,-7.808198804477E-1));
#1739=VECTOR('',#1738,2.764455862066E-1);
#1740=CARTESIAN_POINT('',(-1.4725E1,-5.317559763909E-1,-4.406976565069E-1));
#1741=LINE('262115',#1740,#1739);
#1742=DIRECTION('',(-1.027488488234E-13,3.809781629644E-1,-9.245840358476E-1));
#1743=VECTOR('',#1742,1.192895329945E0);
#1744=CARTESIAN_POINT('',(-1.4725E1,-7.044670714112E-1,-6.565518660790E-1));
#1745=LINE('263543',#1744,#1743);
#1746=DIRECTION('',(-5.044852821987E-13,-6.971561588900E-7,9.999999999998E-1));
#1747=VECTOR('',#1746,2.500000298279E-1);
#1748=CARTESIAN_POINT('',(-1.4275E1,1.200000167352E0,2.45E0));
#1749=LINE('263541',#1748,#1747);
#1750=DIRECTION('',(-1.E0,0.E0,2.032941716204E-13));
#1751=VECTOR('',#1750,4.499999999997E-1);
#1752=CARTESIAN_POINT('',(-1.4275E1,1.199999993063E0,2.700000029828E0));
#1753=LINE('262124',#1752,#1751);
#1754=DIRECTION('',(-4.902744291789E-13,6.971561588897E-7,-9.999999999998E-1));
#1755=VECTOR('',#1754,2.500000298280E-1);
#1756=CARTESIAN_POINT('',(-1.4725E1,1.199999993063E0,2.700000029828E0));
#1757=LINE('263544',#1756,#1755);
#1758=DIRECTION('',(0.E0,1.E0,-1.660462350104E-8));
#1759=VECTOR('',#1758,3.592738778031E0);
#1760=CARTESIAN_POINT('',(-1.4275E1,-2.392738784968E0,2.700000089484E0));
#1761=LINE('262104',#1760,#1759);
#1762=DIRECTION('',(0.E0,-1.E0,1.660462362465E-8));
#1763=VECTOR('',#1762,3.592738778031E0);
#1764=CARTESIAN_POINT('',(-1.4725E1,1.199999993063E0,2.700000029828E0));
#1765=LINE('262116',#1764,#1763);
#1766=DIRECTION('',(1.E0,2.102022259958E-13,-2.052679014419E-13));
#1767=VECTOR('',#1766,4.499999999997E-1);
#1768=CARTESIAN_POINT('',(-1.4725E1,-2.392738784968E0,2.700000089484E0));
#1769=LINE('262125',#1768,#1767);
#1770=DIRECTION('',(1.E0,0.E0,-2.812564995719E-13));
#1771=VECTOR('',#1770,4.499999999997E-1);
#1772=CARTESIAN_POINT('',(-1.4725E1,-3.238944768061E0,2.406278155009E0));
#1773=LINE('262126',#1772,#1771);
#1774=DIRECTION('',(0.E0,-1.E0,-9.695539371324E-14));
#1775=VECTOR('',#1774,6.22927E-1);
#1776=CARTESIAN_POINT('',(-1.4275E1,-4.327072768061E0,2.700000155009E0));
#1777=LINE('262107',#1776,#1775);
#1778=DIRECTION('',(0.E0,1.E0,9.695539371324E-14));
#1779=VECTOR('',#1778,6.22927E-1);
#1780=CARTESIAN_POINT('',(-1.4725E1,-4.949999768061E0,2.700000155009E0));
#1781=LINE('262121',#1780,#1779);
#1782=DIRECTION('',(1.E0,0.E0,-1.302661682228E-13));
#1783=VECTOR('',#1782,4.499999999997E-1);
#1784=CARTESIAN_POINT('',(-1.4725E1,-4.327072768061E0,2.700000155009E0));
#1785=LINE('262127',#1784,#1783);
#1786=DIRECTION('',(0.E0,2.557953848737E-13,-1.E0));
#1787=VECTOR('',#1786,2.499999999999E-1);
#1788=CARTESIAN_POINT('',(-1.4275E1,-4.949999768061E0,2.700000155009E0));
#1789=LINE('262108',#1788,#1787);
#1790=DIRECTION('',(0.E0,-2.557953848738E-13,1.E0));
#1791=VECTOR('',#1790,2.499999999999E-1);
#1792=CARTESIAN_POINT('',(-1.4725E1,-4.949999768061E0,2.450000155009E0));
#1793=LINE('262120',#1792,#1791);
#1794=DIRECTION('',(1.E0,0.E0,-1.312530331335E-13));
#1795=VECTOR('',#1794,4.499999999997E-1);
#1796=CARTESIAN_POINT('',(-1.4725E1,-4.949999768061E0,2.700000155009E0));
#1797=LINE('262128',#1796,#1795);
#1798=DIRECTION('',(0.E0,1.E0,-1.355358419151E-13));
#1799=VECTOR('',#1798,5.897779999999E-1);
#1800=CARTESIAN_POINT('',(-1.4275E1,-4.949999768061E0,2.450000155009E0));
#1801=LINE('262109',#1800,#1799);
#1802=DIRECTION('',(0.E0,-1.E0,1.340298881161E-13));
#1803=VECTOR('',#1802,5.897779999999E-1);
#1804=CARTESIAN_POINT('',(-1.4725E1,-4.360221768061E0,2.450000155009E0));
#1805=LINE('262119',#1804,#1803);
#1806=DIRECTION('',(1.E0,0.E0,-2.605323364455E-13));
#1807=VECTOR('',#1806,4.499999999997E-1);
#1808=CARTESIAN_POINT('',(-1.4725E1,-4.949999768061E0,2.450000155009E0));
#1809=LINE('262129',#1808,#1807);
#1810=DIRECTION('',(1.E0,0.E0,-2.605323364455E-13));
#1811=VECTOR('',#1810,4.499999999997E-1);
#1812=CARTESIAN_POINT('',(-1.4725E1,-4.360221768061E0,2.450000155009E0));
#1813=LINE('262130',#1812,#1811);
#1814=DIRECTION('',(-1.E0,0.E0,3.750086660958E-14));
#1815=VECTOR('',#1814,4.499999999997E-1);
#1816=CARTESIAN_POINT('',(-1.4275E1,-2.350585882852E0,2.449999768061E0));
#1817=LINE('262112',#1816,#1815);
#1818=DIRECTION('',(1.E0,0.E0,-4.154701274377E-13));
#1819=VECTOR('',#1818,4.499999999997E-1);
#1820=CARTESIAN_POINT('',(-1.4725E1,-3.229733768061E0,2.144844155009E0));
#1821=LINE('262131',#1820,#1819);
#1822=DIRECTION('',(1.E0,0.E0,-1.670268861493E-12));
#1823=VECTOR('',#1822,4.499999999997E-1);
#1824=CARTESIAN_POINT('',(-1.4725E1,-5.317559763909E-1,-4.406976565069E-1));
#1825=LINE('262113',#1824,#1823);
#1826=DIRECTION('',(1.E0,0.E0,-1.780797731500E-12));
#1827=VECTOR('',#1826,4.499999999997E-1);
#1828=CARTESIAN_POINT('',(-1.4725E1,-7.044670714112E-1,-6.565518660790E-1));
#1829=LINE('262114',#1828,#1827);
#1830=DIRECTION('',(0.E0,-9.447083110676E-1,-3.279118890796E-1));
#1831=VECTOR('',#1830,9.306024673535E-1);
#1832=CARTESIAN_POINT('',(-1.2275E1,-2.350585882852E0,2.449999768061E0));
#1833=LINE('262140',#1832,#1831);
#1834=DIRECTION('',(0.E0,-9.654453626180E-1,2.606055482898E-1));
#1835=VECTOR('',#1834,1.170949743789E0);
#1836=CARTESIAN_POINT('',(-1.2275E1,-3.229733768061E0,2.144844155009E0));
#1837=LINE('262139',#1836,#1835);
#1838=DIRECTION('',(0.E0,9.654452819790E-1,-2.606058470266E-1));
#1839=VECTOR('',#1838,1.127073714390E0);
#1840=CARTESIAN_POINT('',(-1.2275E1,-4.327072768061E0,2.700000155009E0));
#1841=LINE('262135',#1840,#1839);
#1842=DIRECTION('',(0.E0,9.447081096581E-1,3.279124693364E-1));
#1843=VECTOR('',#1842,8.957327395005E-1);
#1844=CARTESIAN_POINT('',(-1.2275E1,-3.238944768061E0,2.406278155009E0));
#1845=LINE('262134',#1844,#1843);
#1846=DIRECTION('',(-1.057270763256E-13,-3.809781629647E-1,9.245840358475E-1));
#1847=VECTOR('',#1846,1.192895329944E0);
#1848=CARTESIAN_POINT('',(-1.2275E1,-2.5E-1,-1.759483844583E0));
#1849=LINE('263524',#1848,#1847);
#1850=DIRECTION('',(0.E0,6.247562038888E-1,7.808198804477E-1));
#1851=VECTOR('',#1850,2.764455862066E-1);
#1852=CARTESIAN_POINT('',(-1.2275E1,-7.044670714112E-1,-6.565518660798E-1));
#1853=LINE('262132',#1852,#1851);
#1854=DIRECTION('',(1.719181244371E-13,3.840663340634E-1,-9.233055025500E-1));
#1855=VECTOR('',#1854,7.336127939410E-1);
#1856=CARTESIAN_POINT('',(-1.2275E1,-5.317559763909E-1,-4.406976565076E-1));
#1857=LINE('263523',#1856,#1855);
#1858=DIRECTION('',(6.542455637705E-14,1.E0,6.101781902308E-8));
#1859=VECTOR('',#1858,1.900585737890E0);
#1860=CARTESIAN_POINT('',(-1.2275E1,-2.350585882852E0,2.449999768061E0));
#1861=LINE('263022',#1860,#1859);
#1862=DIRECTION('',(6.635919289672E-14,-1.E0,-6.101781014403E-8));
#1863=VECTOR('',#1862,1.900585737890E0);
#1864=CARTESIAN_POINT('',(-1.2725E1,-4.500001449618E-1,2.449999884031E0));
#1865=LINE('263023',#1864,#1863);
#1866=DIRECTION('',(0.E0,-9.447081096581E-1,-3.279124693364E-1));
#1867=VECTOR('',#1866,8.957327395004E-1);
#1868=CARTESIAN_POINT('',(-1.2725E1,-2.392738784968E0,2.700000089484E0));
#1869=LINE('262152',#1868,#1867);
#1870=DIRECTION('',(0.E0,-9.654452819790E-1,2.606058470266E-1));
#1871=VECTOR('',#1870,1.127073714390E0);
#1872=CARTESIAN_POINT('',(-1.2725E1,-3.238944768061E0,2.406278155009E0));
#1873=LINE('262151',#1872,#1871);
#1874=DIRECTION('',(0.E0,9.654453626180E-1,-2.606055482898E-1));
#1875=VECTOR('',#1874,1.170949743789E0);
#1876=CARTESIAN_POINT('',(-1.2725E1,-4.360221768061E0,2.450000155009E0));
#1877=LINE('262147',#1876,#1875);
#1878=DIRECTION('',(0.E0,9.447083110677E-1,3.279118890795E-1));
#1879=VECTOR('',#1878,9.306024673534E-1);
#1880=CARTESIAN_POINT('',(-1.2725E1,-3.229733768061E0,2.144844155009E0));
#1881=LINE('262146',#1880,#1879);
#1882=DIRECTION('',(1.743395064713E-13,-3.840663340630E-1,9.233055025502E-1));
#1883=VECTOR('',#1882,7.336127939417E-1);
#1884=CARTESIAN_POINT('',(-1.2725E1,-2.5E-1,-1.118046385894E0));
#1885=LINE('263526',#1884,#1883);
#1886=DIRECTION('',(0.E0,-6.247562038889E-1,-7.808198804477E-1));
#1887=VECTOR('',#1886,2.764455862066E-1);
#1888=CARTESIAN_POINT('',(-1.2725E1,-5.317559763909E-1,-4.406976565069E-1));
#1889=LINE('262144',#1888,#1887);
#1890=DIRECTION('',(-1.057270763255E-13,3.809781629644E-1,-9.245840358476E-1));
#1891=VECTOR('',#1890,1.192895329945E0);
#1892=CARTESIAN_POINT('',(-1.2725E1,-7.044670714112E-1,-6.565518660790E-1));
#1893=LINE('263527',#1892,#1891);
#1894=DIRECTION('',(-5.044852821987E-13,-6.971561571136E-7,9.999999999998E-1));
#1895=VECTOR('',#1894,2.500000298279E-1);
#1896=CARTESIAN_POINT('',(-1.2275E1,1.200000167352E0,2.45E0));
#1897=LINE('263525',#1896,#1895);
#1898=DIRECTION('',(-1.E0,0.E0,2.032941716204E-13));
#1899=VECTOR('',#1898,4.499999999997E-1);
#1900=CARTESIAN_POINT('',(-1.2275E1,1.199999993063E0,2.700000029828E0));
#1901=LINE('262153',#1900,#1899);
#1902=DIRECTION('',(-5.044852821985E-13,6.971561588897E-7,-9.999999999998E-1));
#1903=VECTOR('',#1902,2.500000298280E-1);
#1904=CARTESIAN_POINT('',(-1.2725E1,1.199999993063E0,2.700000029828E0));
#1905=LINE('263528',#1904,#1903);
#1906=DIRECTION('',(0.E0,1.E0,-1.660462350104E-8));
#1907=VECTOR('',#1906,3.592738778031E0);
#1908=CARTESIAN_POINT('',(-1.2275E1,-2.392738784968E0,2.700000089484E0));
#1909=LINE('262133',#1908,#1907);
#1910=DIRECTION('',(0.E0,-1.E0,1.660462362465E-8));
#1911=VECTOR('',#1910,3.592738778031E0);
#1912=CARTESIAN_POINT('',(-1.2725E1,1.199999993063E0,2.700000029828E0));
#1913=LINE('262145',#1912,#1911);
#1914=DIRECTION('',(1.E0,2.102022259958E-13,-2.052679014419E-13));
#1915=VECTOR('',#1914,4.499999999997E-1);
#1916=CARTESIAN_POINT('',(-1.2725E1,-2.392738784968E0,2.700000089484E0));
#1917=LINE('262154',#1916,#1915);
#1918=DIRECTION('',(1.E0,0.E0,-2.812564995719E-13));
#1919=VECTOR('',#1918,4.499999999997E-1);
#1920=CARTESIAN_POINT('',(-1.2725E1,-3.238944768061E0,2.406278155009E0));
#1921=LINE('262155',#1920,#1919);
#1922=DIRECTION('',(0.E0,-1.E0,-9.695539371324E-14));
#1923=VECTOR('',#1922,6.22927E-1);
#1924=CARTESIAN_POINT('',(-1.2275E1,-4.327072768061E0,2.700000155009E0));
#1925=LINE('262136',#1924,#1923);
#1926=DIRECTION('',(0.E0,1.E0,9.695539371324E-14));
#1927=VECTOR('',#1926,6.22927E-1);
#1928=CARTESIAN_POINT('',(-1.2725E1,-4.949999768061E0,2.700000155009E0));
#1929=LINE('262150',#1928,#1927);
#1930=DIRECTION('',(1.E0,0.E0,-1.302661682228E-13));
#1931=VECTOR('',#1930,4.499999999997E-1);
#1932=CARTESIAN_POINT('',(-1.2725E1,-4.327072768061E0,2.700000155009E0));
#1933=LINE('262156',#1932,#1931);
#1934=DIRECTION('',(0.E0,2.557953848737E-13,-1.E0));
#1935=VECTOR('',#1934,2.499999999999E-1);
#1936=CARTESIAN_POINT('',(-1.2275E1,-4.949999768061E0,2.700000155009E0));
#1937=LINE('262137',#1936,#1935);
#1938=DIRECTION('',(0.E0,-2.557953848738E-13,1.E0));
#1939=VECTOR('',#1938,2.499999999999E-1);
#1940=CARTESIAN_POINT('',(-1.2725E1,-4.949999768061E0,2.450000155009E0));
#1941=LINE('262149',#1940,#1939);
#1942=DIRECTION('',(1.E0,0.E0,-1.312530331335E-13));
#1943=VECTOR('',#1942,4.499999999997E-1);
#1944=CARTESIAN_POINT('',(-1.2725E1,-4.949999768061E0,2.700000155009E0));
#1945=LINE('262157',#1944,#1943);
#1946=DIRECTION('',(0.E0,1.E0,-1.355358419151E-13));
#1947=VECTOR('',#1946,5.897779999999E-1);
#1948=CARTESIAN_POINT('',(-1.2275E1,-4.949999768061E0,2.450000155009E0));
#1949=LINE('262138',#1948,#1947);
#1950=DIRECTION('',(0.E0,-1.E0,1.340298881161E-13));
#1951=VECTOR('',#1950,5.897779999999E-1);
#1952=CARTESIAN_POINT('',(-1.2725E1,-4.360221768061E0,2.450000155009E0));
#1953=LINE('262148',#1952,#1951);
#1954=DIRECTION('',(1.E0,0.E0,-2.605323364455E-13));
#1955=VECTOR('',#1954,4.499999999997E-1);
#1956=CARTESIAN_POINT('',(-1.2725E1,-4.949999768061E0,2.450000155009E0));
#1957=LINE('262158',#1956,#1955);
#1958=DIRECTION('',(1.E0,0.E0,-2.605323364455E-13));
#1959=VECTOR('',#1958,4.499999999997E-1);
#1960=CARTESIAN_POINT('',(-1.2725E1,-4.360221768061E0,2.450000155009E0));
#1961=LINE('262159',#1960,#1959);
#1962=DIRECTION('',(-1.E0,0.E0,3.750086660958E-14));
#1963=VECTOR('',#1962,4.499999999997E-1);
#1964=CARTESIAN_POINT('',(-1.2275E1,-2.350585882852E0,2.449999768061E0));
#1965=LINE('262141',#1964,#1963);
#1966=DIRECTION('',(1.E0,0.E0,-4.154701274377E-13));
#1967=VECTOR('',#1966,4.499999999997E-1);
#1968=CARTESIAN_POINT('',(-1.2725E1,-3.229733768061E0,2.144844155009E0));
#1969=LINE('262160',#1968,#1967);
#1970=DIRECTION('',(1.E0,0.E0,-1.670268861493E-12));
#1971=VECTOR('',#1970,4.499999999997E-1);
#1972=CARTESIAN_POINT('',(-1.2725E1,-5.317559763909E-1,-4.406976565069E-1));
#1973=LINE('262142',#1972,#1971);
#1974=DIRECTION('',(1.E0,0.E0,-1.780797731500E-12));
#1975=VECTOR('',#1974,4.499999999997E-1);
#1976=CARTESIAN_POINT('',(-1.2725E1,-7.044670714112E-1,-6.565518660790E-1));
#1977=LINE('262143',#1976,#1975);
#1978=DIRECTION('',(0.E0,-9.447083110676E-1,-3.279118890796E-1));
#1979=VECTOR('',#1978,9.306024673535E-1);
#1980=CARTESIAN_POINT('',(-1.0275E1,-2.350585882852E0,2.449999768061E0));
#1981=LINE('261966',#1980,#1979);
#1982=DIRECTION('',(0.E0,-9.654453626180E-1,2.606055482898E-1));
#1983=VECTOR('',#1982,1.170949743789E0);
#1984=CARTESIAN_POINT('',(-1.0275E1,-3.229733768061E0,2.144844155009E0));
#1985=LINE('261965',#1984,#1983);
#1986=DIRECTION('',(0.E0,9.654452819790E-1,-2.606058470266E-1));
#1987=VECTOR('',#1986,1.127073714390E0);
#1988=CARTESIAN_POINT('',(-1.0275E1,-4.327072768061E0,2.700000155009E0));
#1989=LINE('261961',#1988,#1987);
#1990=DIRECTION('',(0.E0,9.447081096581E-1,3.279124693364E-1));
#1991=VECTOR('',#1990,8.957327395005E-1);
#1992=CARTESIAN_POINT('',(-1.0275E1,-3.238944768061E0,2.406278155009E0));
#1993=LINE('261960',#1992,#1991);
#1994=DIRECTION('',(-1.072161900767E-13,-3.809781629647E-1,9.245840358475E-1));
#1995=VECTOR('',#1994,1.192895329944E0);
#1996=CARTESIAN_POINT('',(-1.0275E1,-2.5E-1,-1.759483844583E0));
#1997=LINE('263508',#1996,#1995);
#1998=DIRECTION('',(0.E0,6.247562038888E-1,7.808198804477E-1));
#1999=VECTOR('',#1998,2.764455862066E-1);
#2000=CARTESIAN_POINT('',(-1.0275E1,-7.044670714112E-1,-6.565518660798E-1));
#2001=LINE('261958',#2000,#1999);
#2002=DIRECTION('',(1.743395064715E-13,3.840663340634E-1,-9.233055025500E-1));
#2003=VECTOR('',#2002,7.336127939410E-1);
#2004=CARTESIAN_POINT('',(-1.0275E1,-5.317559763909E-1,-4.406976565076E-1));
#2005=LINE('263507',#2004,#2003);
#2006=DIRECTION('',(6.635919289672E-14,1.E0,6.101781902308E-8));
#2007=VECTOR('',#2006,1.900585737890E0);
#2008=CARTESIAN_POINT('',(-1.0275E1,-2.350585882852E0,2.449999768061E0));
#2009=LINE('263020',#2008,#2007);
#2010=DIRECTION('',(6.542455637705E-14,-1.E0,-6.101781014403E-8));
#2011=VECTOR('',#2010,1.900585737890E0);
#2012=CARTESIAN_POINT('',(-1.0725E1,-4.500001449618E-1,2.449999884031E0));
#2013=LINE('263021',#2012,#2011);
#2014=DIRECTION('',(0.E0,-9.447081096581E-1,-3.279124693364E-1));
#2015=VECTOR('',#2014,8.957327395004E-1);
#2016=CARTESIAN_POINT('',(-1.0725E1,-2.392738784968E0,2.700000089484E0));
#2017=LINE('261978',#2016,#2015);
#2018=DIRECTION('',(0.E0,-9.654452819790E-1,2.606058470266E-1));
#2019=VECTOR('',#2018,1.127073714390E0);
#2020=CARTESIAN_POINT('',(-1.0725E1,-3.238944768061E0,2.406278155009E0));
#2021=LINE('261977',#2020,#2019);
#2022=DIRECTION('',(0.E0,9.654453626180E-1,-2.606055482898E-1));
#2023=VECTOR('',#2022,1.170949743789E0);
#2024=CARTESIAN_POINT('',(-1.0725E1,-4.360221768061E0,2.450000155009E0));
#2025=LINE('261973',#2024,#2023);
#2026=DIRECTION('',(0.E0,9.447083110677E-1,3.279118890795E-1));
#2027=VECTOR('',#2026,9.306024673534E-1);
#2028=CARTESIAN_POINT('',(-1.0725E1,-3.229733768061E0,2.144844155009E0));
#2029=LINE('261972',#2028,#2027);
#2030=DIRECTION('',(1.694967424026E-13,-3.840663340630E-1,9.233055025502E-1));
#2031=VECTOR('',#2030,7.336127939417E-1);
#2032=CARTESIAN_POINT('',(-1.0725E1,-2.5E-1,-1.118046385894E0));
#2033=LINE('263510',#2032,#2031);
#2034=DIRECTION('',(0.E0,-6.247562038889E-1,-7.808198804477E-1));
#2035=VECTOR('',#2034,2.764455862066E-1);
#2036=CARTESIAN_POINT('',(-1.0725E1,-5.317559763909E-1,-4.406976565069E-1));
#2037=LINE('261970',#2036,#2035);
#2038=DIRECTION('',(-1.042379625745E-13,3.809781629644E-1,-9.245840358476E-1));
#2039=VECTOR('',#2038,1.192895329945E0);
#2040=CARTESIAN_POINT('',(-1.0725E1,-7.044670714112E-1,-6.565518660790E-1));
#2041=LINE('263511',#2040,#2039);
#2042=DIRECTION('',(-5.115907087086E-13,-6.971561597781E-7,9.999999999998E-1));
#2043=VECTOR('',#2042,2.500000298279E-1);
#2044=CARTESIAN_POINT('',(-1.0275E1,1.200000167352E0,2.45E0));
#2045=LINE('263509',#2044,#2043);
#2046=DIRECTION('',(-1.E0,0.E0,2.032941716204E-13));
#2047=VECTOR('',#2046,4.499999999997E-1);
#2048=CARTESIAN_POINT('',(-1.0275E1,1.199999993063E0,2.700000029828E0));
#2049=LINE('261979',#2048,#2047);
#2050=DIRECTION('',(-4.973798556887E-13,6.971561597779E-7,-9.999999999998E-1));
#2051=VECTOR('',#2050,2.500000298280E-1);
#2052=CARTESIAN_POINT('',(-1.0725E1,1.199999993063E0,2.700000029828E0));
#2053=LINE('263512',#2052,#2051);
#2054=DIRECTION('',(0.E0,1.E0,-1.660462350104E-8));
#2055=VECTOR('',#2054,3.592738778031E0);
#2056=CARTESIAN_POINT('',(-1.0275E1,-2.392738784968E0,2.700000089484E0));
#2057=LINE('261959',#2056,#2055);
#2058=DIRECTION('',(0.E0,-1.E0,1.660462362465E-8));
#2059=VECTOR('',#2058,3.592738778031E0);
#2060=CARTESIAN_POINT('',(-1.0725E1,1.199999993063E0,2.700000029828E0));
#2061=LINE('261971',#2060,#2059);
#2062=DIRECTION('',(1.E0,2.111890909066E-13,-2.052679014419E-13));
#2063=VECTOR('',#2062,4.499999999997E-1);
#2064=CARTESIAN_POINT('',(-1.0725E1,-2.392738784968E0,2.700000089484E0));
#2065=LINE('261980',#2064,#2063);
#2066=DIRECTION('',(1.E0,0.E0,-2.812564995719E-13));
#2067=VECTOR('',#2066,4.499999999997E-1);
#2068=CARTESIAN_POINT('',(-1.0725E1,-3.238944768061E0,2.406278155009E0));
#2069=LINE('261981',#2068,#2067);
#2070=DIRECTION('',(0.E0,-1.E0,-9.695539371324E-14));
#2071=VECTOR('',#2070,6.22927E-1);
#2072=CARTESIAN_POINT('',(-1.0275E1,-4.327072768061E0,2.700000155009E0));
#2073=LINE('261962',#2072,#2071);
#2074=DIRECTION('',(0.E0,1.E0,9.695539371324E-14));
#2075=VECTOR('',#2074,6.22927E-1);
#2076=CARTESIAN_POINT('',(-1.0725E1,-4.949999768061E0,2.700000155009E0));
#2077=LINE('261976',#2076,#2075);
#2078=DIRECTION('',(1.E0,0.E0,-1.302661682228E-13));
#2079=VECTOR('',#2078,4.499999999997E-1);
#2080=CARTESIAN_POINT('',(-1.0725E1,-4.327072768061E0,2.700000155009E0));
#2081=LINE('261982',#2080,#2079);
#2082=DIRECTION('',(0.E0,2.522426711949E-13,-1.E0));
#2083=VECTOR('',#2082,2.499999999999E-1);
#2084=CARTESIAN_POINT('',(-1.0275E1,-4.949999768061E0,2.700000155009E0));
#2085=LINE('261963',#2084,#2083);
#2086=DIRECTION('',(0.E0,-2.557953848738E-13,1.E0));
#2087=VECTOR('',#2086,2.499999999999E-1);
#2088=CARTESIAN_POINT('',(-1.0725E1,-4.949999768061E0,2.450000155009E0));
#2089=LINE('261975',#2088,#2087);
#2090=DIRECTION('',(1.E0,0.E0,-1.312530331335E-13));
#2091=VECTOR('',#2090,4.499999999997E-1);
#2092=CARTESIAN_POINT('',(-1.0725E1,-4.949999768061E0,2.700000155009E0));
#2093=LINE('261983',#2092,#2091);
#2094=DIRECTION('',(0.E0,1.E0,-1.355358419151E-13));
#2095=VECTOR('',#2094,5.897779999999E-1);
#2096=CARTESIAN_POINT('',(-1.0275E1,-4.949999768061E0,2.450000155009E0));
#2097=LINE('261964',#2096,#2095);
#2098=DIRECTION('',(0.E0,-1.E0,1.340298881161E-13));
#2099=VECTOR('',#2098,5.897779999999E-1);
#2100=CARTESIAN_POINT('',(-1.0725E1,-4.360221768061E0,2.450000155009E0));
#2101=LINE('261974',#2100,#2099);
#2102=DIRECTION('',(1.E0,0.E0,-2.605323364455E-13));
#2103=VECTOR('',#2102,4.499999999997E-1);
#2104=CARTESIAN_POINT('',(-1.0725E1,-4.949999768061E0,2.450000155009E0));
#2105=LINE('261984',#2104,#2103);
#2106=DIRECTION('',(1.E0,0.E0,-2.605323364455E-13));
#2107=VECTOR('',#2106,4.499999999997E-1);
#2108=CARTESIAN_POINT('',(-1.0725E1,-4.360221768061E0,2.450000155009E0));
#2109=LINE('261985',#2108,#2107);
#2110=DIRECTION('',(-1.E0,0.E0,3.750086660958E-14));
#2111=VECTOR('',#2110,4.499999999997E-1);
#2112=CARTESIAN_POINT('',(-1.0275E1,-2.350585882852E0,2.449999768061E0));
#2113=LINE('261967',#2112,#2111);
#2114=DIRECTION('',(1.E0,0.E0,-4.154701274377E-13));
#2115=VECTOR('',#2114,4.499999999997E-1);
#2116=CARTESIAN_POINT('',(-1.0725E1,-3.229733768061E0,2.144844155009E0));
#2117=LINE('261986',#2116,#2115);
#2118=DIRECTION('',(1.E0,0.E0,-1.670268861493E-12));
#2119=VECTOR('',#2118,4.499999999997E-1);
#2120=CARTESIAN_POINT('',(-1.0725E1,-5.317559763909E-1,-4.406976565069E-1));
#2121=LINE('261968',#2120,#2119);
#2122=DIRECTION('',(1.E0,0.E0,-1.780797731500E-12));
#2123=VECTOR('',#2122,4.499999999997E-1);
#2124=CARTESIAN_POINT('',(-1.0725E1,-7.044670714112E-1,-6.565518660790E-1));
#2125=LINE('261969',#2124,#2123);
#2126=DIRECTION('',(0.E0,-9.447083110676E-1,-3.279118890796E-1));
#2127=VECTOR('',#2126,9.306024673535E-1);
#2128=CARTESIAN_POINT('',(-8.275E0,-2.350585882852E0,2.449999768061E0));
#2129=LINE('261937',#2128,#2127);
#2130=DIRECTION('',(0.E0,-9.654453626180E-1,2.606055482898E-1));
#2131=VECTOR('',#2130,1.170949743789E0);
#2132=CARTESIAN_POINT('',(-8.275E0,-3.229733768061E0,2.144844155009E0));
#2133=LINE('261936',#2132,#2131);
#2134=DIRECTION('',(0.E0,9.654452819790E-1,-2.606058470266E-1));
#2135=VECTOR('',#2134,1.127073714390E0);
#2136=CARTESIAN_POINT('',(-8.275E0,-4.327072768061E0,2.700000155009E0));
#2137=LINE('261932',#2136,#2135);
#2138=DIRECTION('',(0.E0,9.447081096581E-1,3.279124693364E-1));
#2139=VECTOR('',#2138,8.957327395005E-1);
#2140=CARTESIAN_POINT('',(-8.275E0,-3.238944768061E0,2.406278155009E0));
#2141=LINE('261931',#2140,#2139);
#2142=DIRECTION('',(-1.072161900767E-13,-3.809781629647E-1,9.245840358475E-1));
#2143=VECTOR('',#2142,1.192895329944E0);
#2144=CARTESIAN_POINT('',(-8.275E0,-2.5E-1,-1.759483844583E0));
#2145=LINE('263492',#2144,#2143);
#2146=DIRECTION('',(0.E0,6.247562038888E-1,7.808198804477E-1));
#2147=VECTOR('',#2146,2.764455862066E-1);
#2148=CARTESIAN_POINT('',(-8.275E0,-7.044670714112E-1,-6.565518660798E-1));
#2149=LINE('261929',#2148,#2147);
#2150=DIRECTION('',(1.743395064715E-13,3.840663340634E-1,-9.233055025500E-1));
#2151=VECTOR('',#2150,7.336127939410E-1);
#2152=CARTESIAN_POINT('',(-8.275E0,-5.317559763909E-1,-4.406976565076E-1));
#2153=LINE('263491',#2152,#2151);
#2154=DIRECTION('',(6.635919289672E-14,1.E0,6.101781902308E-8));
#2155=VECTOR('',#2154,1.900585737890E0);
#2156=CARTESIAN_POINT('',(-8.275E0,-2.350585882852E0,2.449999768061E0));
#2157=LINE('263018',#2156,#2155);
#2158=DIRECTION('',(6.635919289672E-14,-1.E0,-6.101781014403E-8));
#2159=VECTOR('',#2158,1.900585737890E0);
#2160=CARTESIAN_POINT('',(-8.725E0,-4.500001449618E-1,2.449999884031E0));
#2161=LINE('263019',#2160,#2159);
#2162=DIRECTION('',(0.E0,-9.447081096581E-1,-3.279124693364E-1));
#2163=VECTOR('',#2162,8.957327395004E-1);
#2164=CARTESIAN_POINT('',(-8.725E0,-2.392738784968E0,2.700000089484E0));
#2165=LINE('261949',#2164,#2163);
#2166=DIRECTION('',(0.E0,-9.654452819790E-1,2.606058470266E-1));
#2167=VECTOR('',#2166,1.127073714390E0);
#2168=CARTESIAN_POINT('',(-8.725E0,-3.238944768061E0,2.406278155009E0));
#2169=LINE('261948',#2168,#2167);
#2170=DIRECTION('',(0.E0,9.654453626180E-1,-2.606055482898E-1));
#2171=VECTOR('',#2170,1.170949743789E0);
#2172=CARTESIAN_POINT('',(-8.725E0,-4.360221768061E0,2.450000155009E0));
#2173=LINE('261944',#2172,#2171);
#2174=DIRECTION('',(0.E0,9.447083110677E-1,3.279118890795E-1));
#2175=VECTOR('',#2174,9.306024673534E-1);
#2176=CARTESIAN_POINT('',(-8.725E0,-3.229733768061E0,2.144844155009E0));
#2177=LINE('261943',#2176,#2175);
#2178=DIRECTION('',(1.719181244370E-13,-3.840663340630E-1,9.233055025502E-1));
#2179=VECTOR('',#2178,7.336127939417E-1);
#2180=CARTESIAN_POINT('',(-8.725E0,-2.5E-1,-1.118046385894E0));
#2181=LINE('263494',#2180,#2179);
#2182=DIRECTION('',(0.E0,-6.247562038889E-1,-7.808198804477E-1));
#2183=VECTOR('',#2182,2.764455862066E-1);
#2184=CARTESIAN_POINT('',(-8.725E0,-5.317559763909E-1,-4.406976565069E-1));
#2185=LINE('261941',#2184,#2183);
#2186=DIRECTION('',(-1.057270763255E-13,3.809781629644E-1,-9.245840358476E-1));
#2187=VECTOR('',#2186,1.192895329945E0);
#2188=CARTESIAN_POINT('',(-8.725E0,-7.044670714112E-1,-6.565518660790E-1));
#2189=LINE('263495',#2188,#2187);
#2190=DIRECTION('',(-5.115907087086E-13,-6.971561588900E-7,9.999999999998E-1));
#2191=VECTOR('',#2190,2.500000298279E-1);
#2192=CARTESIAN_POINT('',(-8.275E0,1.200000167352E0,2.45E0));
#2193=LINE('263493',#2192,#2191);
#2194=DIRECTION('',(-1.E0,0.E0,2.032941716204E-13));
#2195=VECTOR('',#2194,4.499999999997E-1);
#2196=CARTESIAN_POINT('',(-8.275E0,1.199999993063E0,2.700000029828E0));
#2197=LINE('261950',#2196,#2195);
#2198=DIRECTION('',(-5.044852821985E-13,6.971561588897E-7,-9.999999999998E-1));
#2199=VECTOR('',#2198,2.500000298280E-1);
#2200=CARTESIAN_POINT('',(-8.725E0,1.199999993063E0,2.700000029828E0));
#2201=LINE('263496',#2200,#2199);
#2202=DIRECTION('',(0.E0,1.E0,-1.660462350104E-8));
#2203=VECTOR('',#2202,3.592738778031E0);
#2204=CARTESIAN_POINT('',(-8.275E0,-2.392738784968E0,2.700000089484E0));
#2205=LINE('261930',#2204,#2203);
#2206=DIRECTION('',(0.E0,-1.E0,1.660462362465E-8));
#2207=VECTOR('',#2206,3.592738778031E0);
#2208=CARTESIAN_POINT('',(-8.725E0,1.199999993063E0,2.700000029828E0));
#2209=LINE('261942',#2208,#2207);
#2210=DIRECTION('',(1.E0,2.102022259958E-13,-2.052679014419E-13));
#2211=VECTOR('',#2210,4.499999999997E-1);
#2212=CARTESIAN_POINT('',(-8.725E0,-2.392738784968E0,2.700000089484E0));
#2213=LINE('261951',#2212,#2211);
#2214=DIRECTION('',(1.E0,0.E0,-2.812564995719E-13));
#2215=VECTOR('',#2214,4.499999999997E-1);
#2216=CARTESIAN_POINT('',(-8.725E0,-3.238944768061E0,2.406278155009E0));
#2217=LINE('261952',#2216,#2215);
#2218=DIRECTION('',(0.E0,-1.E0,-9.695539371324E-14));
#2219=VECTOR('',#2218,6.22927E-1);
#2220=CARTESIAN_POINT('',(-8.275E0,-4.327072768061E0,2.700000155009E0));
#2221=LINE('261933',#2220,#2219);
#2222=DIRECTION('',(0.E0,1.E0,9.695539371324E-14));
#2223=VECTOR('',#2222,6.22927E-1);
#2224=CARTESIAN_POINT('',(-8.725E0,-4.949999768061E0,2.700000155009E0));
#2225=LINE('261947',#2224,#2223);
#2226=DIRECTION('',(1.E0,0.E0,-1.302661682228E-13));
#2227=VECTOR('',#2226,4.499999999997E-1);
#2228=CARTESIAN_POINT('',(-8.725E0,-4.327072768061E0,2.700000155009E0));
#2229=LINE('261953',#2228,#2227);
#2230=DIRECTION('',(0.E0,2.522426711949E-13,-1.E0));
#2231=VECTOR('',#2230,2.499999999999E-1);
#2232=CARTESIAN_POINT('',(-8.275E0,-4.949999768061E0,2.700000155009E0));
#2233=LINE('261934',#2232,#2231);
#2234=DIRECTION('',(0.E0,-2.593480985526E-13,1.E0));
#2235=VECTOR('',#2234,2.499999999999E-1);
#2236=CARTESIAN_POINT('',(-8.725E0,-4.949999768061E0,2.450000155009E0));
#2237=LINE('261946',#2236,#2235);
#2238=DIRECTION('',(1.E0,0.E0,-1.312530331335E-13));
#2239=VECTOR('',#2238,4.499999999997E-1);
#2240=CARTESIAN_POINT('',(-8.725E0,-4.949999768061E0,2.700000155009E0));
#2241=LINE('261954',#2240,#2239);
#2242=DIRECTION('',(0.E0,1.E0,-1.355358419151E-13));
#2243=VECTOR('',#2242,5.897779999999E-1);
#2244=CARTESIAN_POINT('',(-8.275E0,-4.949999768061E0,2.450000155009E0));
#2245=LINE('261935',#2244,#2243);
#2246=DIRECTION('',(0.E0,-1.E0,1.340298881161E-13));
#2247=VECTOR('',#2246,5.897779999999E-1);
#2248=CARTESIAN_POINT('',(-8.725E0,-4.360221768061E0,2.450000155009E0));
#2249=LINE('261945',#2248,#2247);
#2250=DIRECTION('',(1.E0,0.E0,-2.605323364455E-13));
#2251=VECTOR('',#2250,4.499999999997E-1);
#2252=CARTESIAN_POINT('',(-8.725E0,-4.949999768061E0,2.450000155009E0));
#2253=LINE('261955',#2252,#2251);
#2254=DIRECTION('',(1.E0,0.E0,-2.605323364455E-13));
#2255=VECTOR('',#2254,4.499999999997E-1);
#2256=CARTESIAN_POINT('',(-8.725E0,-4.360221768061E0,2.450000155009E0));
#2257=LINE('261956',#2256,#2255);
#2258=DIRECTION('',(-1.E0,0.E0,3.750086660958E-14));
#2259=VECTOR('',#2258,4.499999999997E-1);
#2260=CARTESIAN_POINT('',(-8.275E0,-2.350585882852E0,2.449999768061E0));
#2261=LINE('261938',#2260,#2259);
#2262=DIRECTION('',(1.E0,0.E0,-4.154701274377E-13));
#2263=VECTOR('',#2262,4.499999999997E-1);
#2264=CARTESIAN_POINT('',(-8.725E0,-3.229733768061E0,2.144844155009E0));
#2265=LINE('261957',#2264,#2263);
#2266=DIRECTION('',(1.E0,0.E0,-1.670268861493E-12));
#2267=VECTOR('',#2266,4.499999999997E-1);
#2268=CARTESIAN_POINT('',(-8.725E0,-5.317559763909E-1,-4.406976565069E-1));
#2269=LINE('261939',#2268,#2267);
#2270=DIRECTION('',(1.E0,0.E0,-1.780797731500E-12));
#2271=VECTOR('',#2270,4.499999999997E-1);
#2272=CARTESIAN_POINT('',(-8.725E0,-7.044670714112E-1,-6.565518660790E-1));
#2273=LINE('261940',#2272,#2271);
#2274=DIRECTION('',(0.E0,-9.447083110676E-1,-3.279118890796E-1));
#2275=VECTOR('',#2274,9.306024673535E-1);
#2276=CARTESIAN_POINT('',(-6.275E0,-2.350585882852E0,2.449999768061E0));
#2277=LINE('261908',#2276,#2275);
#2278=DIRECTION('',(0.E0,-9.654453626180E-1,2.606055482898E-1));
#2279=VECTOR('',#2278,1.170949743789E0);
#2280=CARTESIAN_POINT('',(-6.275E0,-3.229733768061E0,2.144844155009E0));
#2281=LINE('261907',#2280,#2279);
#2282=DIRECTION('',(0.E0,9.654452819790E-1,-2.606058470266E-1));
#2283=VECTOR('',#2282,1.127073714390E0);
#2284=CARTESIAN_POINT('',(-6.275E0,-4.327072768061E0,2.700000155009E0));
#2285=LINE('261903',#2284,#2283);
#2286=DIRECTION('',(0.E0,9.447081096581E-1,3.279124693364E-1));
#2287=VECTOR('',#2286,8.957327395005E-1);
#2288=CARTESIAN_POINT('',(-6.275E0,-3.238944768061E0,2.406278155009E0));
#2289=LINE('261902',#2288,#2287);
#2290=DIRECTION('',(0.E0,-3.809781629647E-1,9.245840358475E-1));
#2291=VECTOR('',#2290,1.192895329944E0);
#2292=CARTESIAN_POINT('',(-6.275E0,-2.5E-1,-1.759483844583E0));
#2293=LINE('263476',#2292,#2291);
#2294=DIRECTION('',(0.E0,6.247562038888E-1,7.808198804477E-1));
#2295=VECTOR('',#2294,2.764455862066E-1);
#2296=CARTESIAN_POINT('',(-6.275E0,-7.044670714112E-1,-6.565518660798E-1));
#2297=LINE('261900',#2296,#2295);
#2298=DIRECTION('',(0.E0,3.840663340634E-1,-9.233055025500E-1));
#2299=VECTOR('',#2298,7.336127939410E-1);
#2300=CARTESIAN_POINT('',(-6.275E0,-5.317559763909E-1,-4.406976565076E-1));
#2301=LINE('263475',#2300,#2299);
#2302=DIRECTION('',(0.E0,1.E0,6.101781902308E-8));
#2303=VECTOR('',#2302,1.900585737890E0);
#2304=CARTESIAN_POINT('',(-6.275E0,-2.350585882852E0,2.449999768061E0));
#2305=LINE('263016',#2304,#2303);
#2306=DIRECTION('',(0.E0,-1.E0,-6.101781014403E-8));
#2307=VECTOR('',#2306,1.900585737890E0);
#2308=CARTESIAN_POINT('',(-6.725E0,-4.500001449618E-1,2.449999884031E0));
#2309=LINE('263017',#2308,#2307);
#2310=DIRECTION('',(0.E0,-9.447081096581E-1,-3.279124693364E-1));
#2311=VECTOR('',#2310,8.957327395004E-1);
#2312=CARTESIAN_POINT('',(-6.725E0,-2.392738784968E0,2.700000089484E0));
#2313=LINE('261920',#2312,#2311);
#2314=DIRECTION('',(0.E0,-9.654452819790E-1,2.606058470266E-1));
#2315=VECTOR('',#2314,1.127073714390E0);
#2316=CARTESIAN_POINT('',(-6.725E0,-3.238944768061E0,2.406278155009E0));
#2317=LINE('261919',#2316,#2315);
#2318=DIRECTION('',(0.E0,9.654453626180E-1,-2.606055482898E-1));
#2319=VECTOR('',#2318,1.170949743789E0);
#2320=CARTESIAN_POINT('',(-6.725E0,-4.360221768061E0,2.450000155009E0));
#2321=LINE('261915',#2320,#2319);
#2322=DIRECTION('',(0.E0,9.447083110677E-1,3.279118890795E-1));
#2323=VECTOR('',#2322,9.306024673534E-1);
#2324=CARTESIAN_POINT('',(-6.725E0,-3.229733768061E0,2.144844155009E0));
#2325=LINE('261914',#2324,#2323);
#2326=DIRECTION('',(0.E0,-3.840663340630E-1,9.233055025502E-1));
#2327=VECTOR('',#2326,7.336127939417E-1);
#2328=CARTESIAN_POINT('',(-6.725E0,-2.5E-1,-1.118046385894E0));
#2329=LINE('263478',#2328,#2327);
#2330=DIRECTION('',(0.E0,-6.247562038889E-1,-7.808198804477E-1));
#2331=VECTOR('',#2330,2.764455862066E-1);
#2332=CARTESIAN_POINT('',(-6.725E0,-5.317559763909E-1,-4.406976565069E-1));
#2333=LINE('261912',#2332,#2331);
#2334=DIRECTION('',(0.E0,3.809781629644E-1,-9.245840358476E-1));
#2335=VECTOR('',#2334,1.192895329945E0);
#2336=CARTESIAN_POINT('',(-6.725E0,-7.044670714112E-1,-6.565518660790E-1));
#2337=LINE('263479',#2336,#2335);
#2338=DIRECTION('',(0.E0,-6.971561597781E-7,9.999999999998E-1));
#2339=VECTOR('',#2338,2.500000298279E-1);
#2340=CARTESIAN_POINT('',(-6.275E0,1.200000167352E0,2.45E0));
#2341=LINE('263477',#2340,#2339);
#2342=DIRECTION('',(-1.E0,0.E0,2.032941716203E-13));
#2343=VECTOR('',#2342,4.5E-1);
#2344=CARTESIAN_POINT('',(-6.275E0,1.199999993063E0,2.700000029828E0));
#2345=LINE('261921',#2344,#2343);
#2346=DIRECTION('',(0.E0,6.971561588897E-7,-9.999999999998E-1));
#2347=VECTOR('',#2346,2.500000298280E-1);
#2348=CARTESIAN_POINT('',(-6.725E0,1.199999993063E0,2.700000029828E0));
#2349=LINE('263480',#2348,#2347);
#2350=DIRECTION('',(0.E0,1.E0,-1.660462350104E-8));
#2351=VECTOR('',#2350,3.592738778031E0);
#2352=CARTESIAN_POINT('',(-6.275E0,-2.392738784968E0,2.700000089484E0));
#2353=LINE('261901',#2352,#2351);
#2354=DIRECTION('',(0.E0,-1.E0,1.660462362465E-8));
#2355=VECTOR('',#2354,3.592738778031E0);
#2356=CARTESIAN_POINT('',(-6.725E0,1.199999993063E0,2.700000029828E0));
#2357=LINE('261913',#2356,#2355);
#2358=DIRECTION('',(1.E0,2.102022259957E-13,-2.052679014418E-13));
#2359=VECTOR('',#2358,4.5E-1);
#2360=CARTESIAN_POINT('',(-6.725E0,-2.392738784968E0,2.700000089484E0));
#2361=LINE('261922',#2360,#2359);
#2362=DIRECTION('',(1.E0,0.E0,-2.812564995717E-13));
#2363=VECTOR('',#2362,4.5E-1);
#2364=CARTESIAN_POINT('',(-6.725E0,-3.238944768061E0,2.406278155009E0));
#2365=LINE('261923',#2364,#2363);
#2366=DIRECTION('',(0.E0,-1.E0,-9.695539371324E-14));
#2367=VECTOR('',#2366,6.22927E-1);
#2368=CARTESIAN_POINT('',(-6.275E0,-4.327072768061E0,2.700000155009E0));
#2369=LINE('261904',#2368,#2367);
#2370=DIRECTION('',(0.E0,1.E0,9.695539371324E-14));
#2371=VECTOR('',#2370,6.22927E-1);
#2372=CARTESIAN_POINT('',(-6.725E0,-4.949999768061E0,2.700000155009E0));
#2373=LINE('261918',#2372,#2371);
#2374=DIRECTION('',(1.E0,0.E0,-1.302661682227E-13));
#2375=VECTOR('',#2374,4.5E-1);
#2376=CARTESIAN_POINT('',(-6.725E0,-4.327072768061E0,2.700000155009E0));
#2377=LINE('261924',#2376,#2375);
#2378=DIRECTION('',(0.E0,2.522426711949E-13,-1.E0));
#2379=VECTOR('',#2378,2.499999999999E-1);
#2380=CARTESIAN_POINT('',(-6.275E0,-4.949999768061E0,2.700000155009E0));
#2381=LINE('261905',#2380,#2379);
#2382=DIRECTION('',(0.E0,-2.593480985526E-13,1.E0));
#2383=VECTOR('',#2382,2.499999999999E-1);
#2384=CARTESIAN_POINT('',(-6.725E0,-4.949999768061E0,2.450000155009E0));
#2385=LINE('261917',#2384,#2383);
#2386=DIRECTION('',(1.E0,0.E0,-1.312530331335E-13));
#2387=VECTOR('',#2386,4.5E-1);
#2388=CARTESIAN_POINT('',(-6.725E0,-4.949999768061E0,2.700000155009E0));
#2389=LINE('261925',#2388,#2387);
#2390=DIRECTION('',(0.E0,1.E0,-1.355358419151E-13));
#2391=VECTOR('',#2390,5.897779999999E-1);
#2392=CARTESIAN_POINT('',(-6.275E0,-4.949999768061E0,2.450000155009E0));
#2393=LINE('261906',#2392,#2391);
#2394=DIRECTION('',(0.E0,-1.E0,1.340298881161E-13));
#2395=VECTOR('',#2394,5.897779999999E-1);
#2396=CARTESIAN_POINT('',(-6.725E0,-4.360221768061E0,2.450000155009E0));
#2397=LINE('261916',#2396,#2395);
#2398=DIRECTION('',(1.E0,0.E0,-2.605323364454E-13));
#2399=VECTOR('',#2398,4.5E-1);
#2400=CARTESIAN_POINT('',(-6.725E0,-4.949999768061E0,2.450000155009E0));
#2401=LINE('261926',#2400,#2399);
#2402=DIRECTION('',(1.E0,0.E0,-2.605323364454E-13));
#2403=VECTOR('',#2402,4.5E-1);
#2404=CARTESIAN_POINT('',(-6.725E0,-4.360221768061E0,2.450000155009E0));
#2405=LINE('261927',#2404,#2403);
#2406=DIRECTION('',(-1.E0,0.E0,3.750086660956E-14));
#2407=VECTOR('',#2406,4.5E-1);
#2408=CARTESIAN_POINT('',(-6.275E0,-2.350585882852E0,2.449999768061E0));
#2409=LINE('261909',#2408,#2407);
#2410=DIRECTION('',(1.E0,0.E0,-4.154701274375E-13));
#2411=VECTOR('',#2410,4.5E-1);
#2412=CARTESIAN_POINT('',(-6.725E0,-3.229733768061E0,2.144844155009E0));
#2413=LINE('261928',#2412,#2411);
#2414=DIRECTION('',(1.E0,0.E0,-1.670268861492E-12));
#2415=VECTOR('',#2414,4.5E-1);
#2416=CARTESIAN_POINT('',(-6.725E0,-5.317559763909E-1,-4.406976565069E-1));
#2417=LINE('261910',#2416,#2415);
#2418=DIRECTION('',(1.E0,0.E0,-1.780797731499E-12));
#2419=VECTOR('',#2418,4.5E-1);
#2420=CARTESIAN_POINT('',(-6.725E0,-7.044670714112E-1,-6.565518660790E-1));
#2421=LINE('261911',#2420,#2419);
#2422=DIRECTION('',(0.E0,-9.447083110676E-1,-3.279118890796E-1));
#2423=VECTOR('',#2422,9.306024673535E-1);
#2424=CARTESIAN_POINT('',(-4.275E0,-2.350585882852E0,2.449999768061E0));
#2425=LINE('261879',#2424,#2423);
#2426=DIRECTION('',(0.E0,-9.654453626180E-1,2.606055482898E-1));
#2427=VECTOR('',#2426,1.170949743789E0);
#2428=CARTESIAN_POINT('',(-4.275E0,-3.229733768061E0,2.144844155009E0));
#2429=LINE('261878',#2428,#2427);
#2430=DIRECTION('',(0.E0,9.654452819790E-1,-2.606058470266E-1));
#2431=VECTOR('',#2430,1.127073714390E0);
#2432=CARTESIAN_POINT('',(-4.275E0,-4.327072768061E0,2.700000155009E0));
#2433=LINE('261874',#2432,#2431);
#2434=DIRECTION('',(0.E0,9.447081096581E-1,3.279124693364E-1));
#2435=VECTOR('',#2434,8.957327395005E-1);
#2436=CARTESIAN_POINT('',(-4.275E0,-3.238944768061E0,2.406278155009E0));
#2437=LINE('261873',#2436,#2435);
#2438=DIRECTION('',(-1.064716332011E-13,-3.809781629647E-1,9.245840358475E-1));
#2439=VECTOR('',#2438,1.192895329944E0);
#2440=CARTESIAN_POINT('',(-4.275E0,-2.5E-1,-1.759483844583E0));
#2441=LINE('263460',#2440,#2439);
#2442=DIRECTION('',(0.E0,6.247562038888E-1,7.808198804477E-1));
#2443=VECTOR('',#2442,2.764455862066E-1);
#2444=CARTESIAN_POINT('',(-4.275E0,-7.044670714112E-1,-6.565518660798E-1));
#2445=LINE('261871',#2444,#2443);
#2446=DIRECTION('',(1.731288154543E-13,3.840663340634E-1,-9.233055025500E-1));
#2447=VECTOR('',#2446,7.336127939410E-1);
#2448=CARTESIAN_POINT('',(-4.275E0,-5.317559763909E-1,-4.406976565076E-1));
#2449=LINE('263459',#2448,#2447);
#2450=DIRECTION('',(6.682651115656E-14,1.E0,6.101781902308E-8));
#2451=VECTOR('',#2450,1.900585737890E0);
#2452=CARTESIAN_POINT('',(-4.275E0,-2.350585882852E0,2.449999768061E0));
#2453=LINE('263014',#2452,#2451);
#2454=DIRECTION('',(6.682651115656E-14,-1.E0,-6.101781014403E-8));
#2455=VECTOR('',#2454,1.900585737890E0);
#2456=CARTESIAN_POINT('',(-4.725E0,-4.500001449618E-1,2.449999884031E0));
#2457=LINE('263015',#2456,#2455);
#2458=DIRECTION('',(0.E0,-9.447081096581E-1,-3.279124693364E-1));
#2459=VECTOR('',#2458,8.957327395004E-1);
#2460=CARTESIAN_POINT('',(-4.725E0,-2.392738784968E0,2.700000089484E0));
#2461=LINE('261891',#2460,#2459);
#2462=DIRECTION('',(0.E0,-9.654452819790E-1,2.606058470266E-1));
#2463=VECTOR('',#2462,1.127073714390E0);
#2464=CARTESIAN_POINT('',(-4.725E0,-3.238944768061E0,2.406278155009E0));
#2465=LINE('261890',#2464,#2463);
#2466=DIRECTION('',(0.E0,9.654453626180E-1,-2.606055482898E-1));
#2467=VECTOR('',#2466,1.170949743789E0);
#2468=CARTESIAN_POINT('',(-4.725E0,-4.360221768061E0,2.450000155009E0));
#2469=LINE('261886',#2468,#2467);
#2470=DIRECTION('',(0.E0,9.447083110677E-1,3.279118890795E-1));
#2471=VECTOR('',#2470,9.306024673534E-1);
#2472=CARTESIAN_POINT('',(-4.725E0,-3.229733768061E0,2.144844155009E0));
#2473=LINE('261885',#2472,#2471);
#2474=DIRECTION('',(1.719181244370E-13,-3.840663340630E-1,9.233055025502E-1));
#2475=VECTOR('',#2474,7.336127939417E-1);
#2476=CARTESIAN_POINT('',(-4.725E0,-2.5E-1,-1.118046385894E0));
#2477=LINE('263462',#2476,#2475);
#2478=DIRECTION('',(0.E0,-6.247562038889E-1,-7.808198804477E-1));
#2479=VECTOR('',#2478,2.764455862066E-1);
#2480=CARTESIAN_POINT('',(-4.725E0,-5.317559763909E-1,-4.406976565069E-1));
#2481=LINE('261883',#2480,#2479);
#2482=DIRECTION('',(-1.057270763255E-13,3.809781629644E-1,-9.245840358476E-1));
#2483=VECTOR('',#2482,1.192895329945E0);
#2484=CARTESIAN_POINT('',(-4.725E0,-7.044670714112E-1,-6.565518660790E-1));
#2485=LINE('263463',#2484,#2483);
#2486=DIRECTION('',(-5.080379954536E-13,-6.971561580018E-7,9.999999999998E-1));
#2487=VECTOR('',#2486,2.500000298279E-1);
#2488=CARTESIAN_POINT('',(-4.275E0,1.200000167352E0,2.45E0));
#2489=LINE('263461',#2488,#2487);
#2490=DIRECTION('',(-1.E0,0.E0,2.032941716204E-13));
#2491=VECTOR('',#2490,4.499999999997E-1);
#2492=CARTESIAN_POINT('',(-4.275E0,1.199999993063E0,2.700000029828E0));
#2493=LINE('261892',#2492,#2491);
#2494=DIRECTION('',(-5.044852821985E-13,6.971561597779E-7,-9.999999999998E-1));
#2495=VECTOR('',#2494,2.500000298280E-1);
#2496=CARTESIAN_POINT('',(-4.725E0,1.199999993063E0,2.700000029828E0));
#2497=LINE('263464',#2496,#2495);
#2498=DIRECTION('',(0.E0,1.E0,-1.660462350104E-8));
#2499=VECTOR('',#2498,3.592738778031E0);
#2500=CARTESIAN_POINT('',(-4.275E0,-2.392738784968E0,2.700000089484E0));
#2501=LINE('261872',#2500,#2499);
#2502=DIRECTION('',(0.E0,-1.E0,1.660462362465E-8));
#2503=VECTOR('',#2502,3.592738778031E0);
#2504=CARTESIAN_POINT('',(-4.725E0,1.199999993063E0,2.700000029828E0));
#2505=LINE('261884',#2504,#2503);
#2506=DIRECTION('',(1.E0,2.102022259958E-13,-2.052679014419E-13));
#2507=VECTOR('',#2506,4.499999999997E-1);
#2508=CARTESIAN_POINT('',(-4.725E0,-2.392738784968E0,2.700000089484E0));
#2509=LINE('261893',#2508,#2507);
#2510=DIRECTION('',(1.E0,0.E0,-2.812564995719E-13));
#2511=VECTOR('',#2510,4.499999999997E-1);
#2512=CARTESIAN_POINT('',(-4.725E0,-3.238944768061E0,2.406278155009E0));
#2513=LINE('261894',#2512,#2511);
#2514=DIRECTION('',(0.E0,-1.E0,-9.695539371324E-14));
#2515=VECTOR('',#2514,6.22927E-1);
#2516=CARTESIAN_POINT('',(-4.275E0,-4.327072768061E0,2.700000155009E0));
#2517=LINE('261875',#2516,#2515);
#2518=DIRECTION('',(0.E0,1.E0,9.695539371324E-14));
#2519=VECTOR('',#2518,6.22927E-1);
#2520=CARTESIAN_POINT('',(-4.725E0,-4.949999768061E0,2.700000155009E0));
#2521=LINE('261889',#2520,#2519);
#2522=DIRECTION('',(1.E0,0.E0,-1.302661682228E-13));
#2523=VECTOR('',#2522,4.499999999997E-1);
#2524=CARTESIAN_POINT('',(-4.725E0,-4.327072768061E0,2.700000155009E0));
#2525=LINE('261895',#2524,#2523);
#2526=DIRECTION('',(0.E0,2.557953848737E-13,-1.E0));
#2527=VECTOR('',#2526,2.499999999999E-1);
#2528=CARTESIAN_POINT('',(-4.275E0,-4.949999768061E0,2.700000155009E0));
#2529=LINE('261876',#2528,#2527);
#2530=DIRECTION('',(0.E0,-2.593480985526E-13,1.E0));
#2531=VECTOR('',#2530,2.499999999999E-1);
#2532=CARTESIAN_POINT('',(-4.725E0,-4.949999768061E0,2.450000155009E0));
#2533=LINE('261888',#2532,#2531);
#2534=DIRECTION('',(1.E0,0.E0,-1.312530331335E-13));
#2535=VECTOR('',#2534,4.499999999997E-1);
#2536=CARTESIAN_POINT('',(-4.725E0,-4.949999768061E0,2.700000155009E0));
#2537=LINE('261896',#2536,#2535);
#2538=DIRECTION('',(0.E0,1.E0,-1.355358419151E-13));
#2539=VECTOR('',#2538,5.897779999999E-1);
#2540=CARTESIAN_POINT('',(-4.275E0,-4.949999768061E0,2.450000155009E0));
#2541=LINE('261877',#2540,#2539);
#2542=DIRECTION('',(0.E0,-1.E0,1.340298881161E-13));
#2543=VECTOR('',#2542,5.897779999999E-1);
#2544=CARTESIAN_POINT('',(-4.725E0,-4.360221768061E0,2.450000155009E0));
#2545=LINE('261887',#2544,#2543);
#2546=DIRECTION('',(1.E0,0.E0,-2.605323364455E-13));
#2547=VECTOR('',#2546,4.499999999997E-1);
#2548=CARTESIAN_POINT('',(-4.725E0,-4.949999768061E0,2.450000155009E0));
#2549=LINE('261897',#2548,#2547);
#2550=DIRECTION('',(1.E0,0.E0,-2.605323364455E-13));
#2551=VECTOR('',#2550,4.499999999997E-1);
#2552=CARTESIAN_POINT('',(-4.725E0,-4.360221768061E0,2.450000155009E0));
#2553=LINE('261898',#2552,#2551);
#2554=DIRECTION('',(-1.E0,0.E0,3.750086660958E-14));
#2555=VECTOR('',#2554,4.499999999997E-1);
#2556=CARTESIAN_POINT('',(-4.275E0,-2.350585882852E0,2.449999768061E0));
#2557=LINE('261880',#2556,#2555);
#2558=DIRECTION('',(1.E0,0.E0,-4.154701274377E-13));
#2559=VECTOR('',#2558,4.499999999997E-1);
#2560=CARTESIAN_POINT('',(-4.725E0,-3.229733768061E0,2.144844155009E0));
#2561=LINE('261899',#2560,#2559);
#2562=DIRECTION('',(1.E0,0.E0,-1.670268861493E-12));
#2563=VECTOR('',#2562,4.499999999997E-1);
#2564=CARTESIAN_POINT('',(-4.725E0,-5.317559763909E-1,-4.406976565069E-1));
#2565=LINE('261881',#2564,#2563);
#2566=DIRECTION('',(1.E0,0.E0,-1.780797731500E-12));
#2567=VECTOR('',#2566,4.499999999997E-1);
#2568=CARTESIAN_POINT('',(-4.725E0,-7.044670714112E-1,-6.565518660790E-1));
#2569=LINE('261882',#2568,#2567);
#2570=DIRECTION('',(0.E0,-9.447083110676E-1,-3.279118890796E-1));
#2571=VECTOR('',#2570,9.306024673535E-1);
#2572=CARTESIAN_POINT('',(-2.275E0,-2.350585882852E0,2.449999768061E0));
#2573=LINE('261850',#2572,#2571);
#2574=DIRECTION('',(0.E0,-9.654453626180E-1,2.606055482898E-1));
#2575=VECTOR('',#2574,1.170949743789E0);
#2576=CARTESIAN_POINT('',(-2.275E0,-3.229733768061E0,2.144844155009E0));
#2577=LINE('261849',#2576,#2575);
#2578=DIRECTION('',(0.E0,9.654452819790E-1,-2.606058470266E-1));
#2579=VECTOR('',#2578,1.127073714390E0);
#2580=CARTESIAN_POINT('',(-2.275E0,-4.327072768061E0,2.700000155009E0));
#2581=LINE('261845',#2580,#2579);
#2582=DIRECTION('',(0.E0,9.447081096581E-1,3.279124693364E-1));
#2583=VECTOR('',#2582,8.957327395005E-1);
#2584=CARTESIAN_POINT('',(-2.275E0,-3.238944768061E0,2.406278155009E0));
#2585=LINE('261844',#2584,#2583);
#2586=DIRECTION('',(-1.057270763256E-13,-3.809781629647E-1,9.245840358475E-1));
#2587=VECTOR('',#2586,1.192895329944E0);
#2588=CARTESIAN_POINT('',(-2.275E0,-2.5E-1,-1.759483844583E0));
#2589=LINE('263444',#2588,#2587);
#2590=DIRECTION('',(0.E0,6.247562038888E-1,7.808198804477E-1));
#2591=VECTOR('',#2590,2.764455862066E-1);
#2592=CARTESIAN_POINT('',(-2.275E0,-7.044670714112E-1,-6.565518660798E-1));
#2593=LINE('261842',#2592,#2591);
#2594=DIRECTION('',(1.719181244371E-13,3.840663340634E-1,-9.233055025500E-1));
#2595=VECTOR('',#2594,7.336127939410E-1);
#2596=CARTESIAN_POINT('',(-2.275E0,-5.317559763909E-1,-4.406976565076E-1));
#2597=LINE('263443',#2596,#2595);
#2598=DIRECTION('',(6.659285202664E-14,1.E0,6.101781902308E-8));
#2599=VECTOR('',#2598,1.900585737890E0);
#2600=CARTESIAN_POINT('',(-2.275E0,-2.350585882852E0,2.449999768061E0));
#2601=LINE('263012',#2600,#2599);
#2602=DIRECTION('',(6.706017028647E-14,-1.E0,-6.101781014403E-8));
#2603=VECTOR('',#2602,1.900585737890E0);
#2604=CARTESIAN_POINT('',(-2.725E0,-4.500001449618E-1,2.449999884031E0));
#2605=LINE('263013',#2604,#2603);
#2606=DIRECTION('',(0.E0,-9.447081096581E-1,-3.279124693364E-1));
#2607=VECTOR('',#2606,8.957327395004E-1);
#2608=CARTESIAN_POINT('',(-2.725E0,-2.392738784968E0,2.700000089484E0));
#2609=LINE('261862',#2608,#2607);
#2610=DIRECTION('',(0.E0,-9.654452819790E-1,2.606058470266E-1));
#2611=VECTOR('',#2610,1.127073714390E0);
#2612=CARTESIAN_POINT('',(-2.725E0,-3.238944768061E0,2.406278155009E0));
#2613=LINE('261861',#2612,#2611);
#2614=DIRECTION('',(0.E0,9.654453626180E-1,-2.606055482898E-1));
#2615=VECTOR('',#2614,1.170949743789E0);
#2616=CARTESIAN_POINT('',(-2.725E0,-4.360221768061E0,2.450000155009E0));
#2617=LINE('261857',#2616,#2615);
#2618=DIRECTION('',(0.E0,9.447083110677E-1,3.279118890795E-1));
#2619=VECTOR('',#2618,9.306024673534E-1);
#2620=CARTESIAN_POINT('',(-2.725E0,-3.229733768061E0,2.144844155009E0));
#2621=LINE('261856',#2620,#2619);
#2622=DIRECTION('',(1.731288154541E-13,-3.840663340630E-1,9.233055025502E-1));
#2623=VECTOR('',#2622,7.336127939417E-1);
#2624=CARTESIAN_POINT('',(-2.725E0,-2.5E-1,-1.118046385894E0));
#2625=LINE('263446',#2624,#2623);
#2626=DIRECTION('',(0.E0,-6.247562038889E-1,-7.808198804477E-1));
#2627=VECTOR('',#2626,2.764455862066E-1);
#2628=CARTESIAN_POINT('',(-2.725E0,-5.317559763909E-1,-4.406976565069E-1));
#2629=LINE('261854',#2628,#2627);
#2630=DIRECTION('',(-1.064716332011E-13,3.809781629644E-1,-9.245840358476E-1));
#2631=VECTOR('',#2630,1.192895329945E0);
#2632=CARTESIAN_POINT('',(-2.725E0,-7.044670714112E-1,-6.565518660790E-1));
#2633=LINE('263447',#2632,#2631);
#2634=DIRECTION('',(-5.062616388262E-13,-6.971561588900E-7,9.999999999998E-1));
#2635=VECTOR('',#2634,2.500000298279E-1);
#2636=CARTESIAN_POINT('',(-2.275E0,1.200000167352E0,2.45E0));
#2637=LINE('263445',#2636,#2635);
#2638=DIRECTION('',(-1.E0,0.E0,2.032941716204E-13));
#2639=VECTOR('',#2638,4.499999999997E-1);
#2640=CARTESIAN_POINT('',(-2.275E0,1.199999993063E0,2.700000029828E0));
#2641=LINE('261863',#2640,#2639);
#2642=DIRECTION('',(-5.080379954535E-13,6.971561588897E-7,-9.999999999998E-1));
#2643=VECTOR('',#2642,2.500000298280E-1);
#2644=CARTESIAN_POINT('',(-2.725E0,1.199999993063E0,2.700000029828E0));
#2645=LINE('263448',#2644,#2643);
#2646=DIRECTION('',(0.E0,1.E0,-1.660462350104E-8));
#2647=VECTOR('',#2646,3.592738778031E0);
#2648=CARTESIAN_POINT('',(-2.275E0,-2.392738784968E0,2.700000089484E0));
#2649=LINE('261843',#2648,#2647);
#2650=DIRECTION('',(0.E0,-1.E0,1.660462362465E-8));
#2651=VECTOR('',#2650,3.592738778031E0);
#2652=CARTESIAN_POINT('',(-2.725E0,1.199999993063E0,2.700000029828E0));
#2653=LINE('261855',#2652,#2651);
#2654=DIRECTION('',(1.E0,2.102022259958E-13,-2.052679014419E-13));
#2655=VECTOR('',#2654,4.499999999997E-1);
#2656=CARTESIAN_POINT('',(-2.725E0,-2.392738784968E0,2.700000089484E0));
#2657=LINE('261864',#2656,#2655);
#2658=DIRECTION('',(1.E0,0.E0,-2.812564995719E-13));
#2659=VECTOR('',#2658,4.499999999997E-1);
#2660=CARTESIAN_POINT('',(-2.725E0,-3.238944768061E0,2.406278155009E0));
#2661=LINE('261865',#2660,#2659);
#2662=DIRECTION('',(0.E0,-1.E0,-9.695539371324E-14));
#2663=VECTOR('',#2662,6.22927E-1);
#2664=CARTESIAN_POINT('',(-2.275E0,-4.327072768061E0,2.700000155009E0));
#2665=LINE('261846',#2664,#2663);
#2666=DIRECTION('',(0.E0,1.E0,9.695539371324E-14));
#2667=VECTOR('',#2666,6.22927E-1);
#2668=CARTESIAN_POINT('',(-2.725E0,-4.949999768061E0,2.700000155009E0));
#2669=LINE('261860',#2668,#2667);
#2670=DIRECTION('',(1.E0,0.E0,-1.302661682228E-13));
#2671=VECTOR('',#2670,4.499999999997E-1);
#2672=CARTESIAN_POINT('',(-2.725E0,-4.327072768061E0,2.700000155009E0));
#2673=LINE('261866',#2672,#2671);
#2674=DIRECTION('',(0.E0,2.557953848737E-13,-1.E0));
#2675=VECTOR('',#2674,2.499999999999E-1);
#2676=CARTESIAN_POINT('',(-2.275E0,-4.949999768061E0,2.700000155009E0));
#2677=LINE('261847',#2676,#2675);
#2678=DIRECTION('',(0.E0,-2.557953848738E-13,1.E0));
#2679=VECTOR('',#2678,2.499999999999E-1);
#2680=CARTESIAN_POINT('',(-2.725E0,-4.949999768061E0,2.450000155009E0));
#2681=LINE('261859',#2680,#2679);
#2682=DIRECTION('',(1.E0,0.E0,-1.312530331335E-13));
#2683=VECTOR('',#2682,4.499999999997E-1);
#2684=CARTESIAN_POINT('',(-2.725E0,-4.949999768061E0,2.700000155009E0));
#2685=LINE('261867',#2684,#2683);
#2686=DIRECTION('',(0.E0,1.E0,-1.355358419151E-13));
#2687=VECTOR('',#2686,5.897779999999E-1);
#2688=CARTESIAN_POINT('',(-2.275E0,-4.949999768061E0,2.450000155009E0));
#2689=LINE('261848',#2688,#2687);
#2690=DIRECTION('',(0.E0,-1.E0,1.340298881161E-13));
#2691=VECTOR('',#2690,5.897779999999E-1);
#2692=CARTESIAN_POINT('',(-2.725E0,-4.360221768061E0,2.450000155009E0));
#2693=LINE('261858',#2692,#2691);
#2694=DIRECTION('',(1.E0,0.E0,-2.605323364455E-13));
#2695=VECTOR('',#2694,4.499999999997E-1);
#2696=CARTESIAN_POINT('',(-2.725E0,-4.949999768061E0,2.450000155009E0));
#2697=LINE('261868',#2696,#2695);
#2698=DIRECTION('',(1.E0,0.E0,-2.605323364455E-13));
#2699=VECTOR('',#2698,4.499999999997E-1);
#2700=CARTESIAN_POINT('',(-2.725E0,-4.360221768061E0,2.450000155009E0));
#2701=LINE('261869',#2700,#2699);
#2702=DIRECTION('',(-1.E0,0.E0,3.750086660958E-14));
#2703=VECTOR('',#2702,4.499999999997E-1);
#2704=CARTESIAN_POINT('',(-2.275E0,-2.350585882852E0,2.449999768061E0));
#2705=LINE('261851',#2704,#2703);
#2706=DIRECTION('',(1.E0,0.E0,-4.154701274377E-13));
#2707=VECTOR('',#2706,4.499999999997E-1);
#2708=CARTESIAN_POINT('',(-2.725E0,-3.229733768061E0,2.144844155009E0));
#2709=LINE('261870',#2708,#2707);
#2710=DIRECTION('',(1.E0,0.E0,-1.670268861493E-12));
#2711=VECTOR('',#2710,4.499999999997E-1);
#2712=CARTESIAN_POINT('',(-2.725E0,-5.317559763909E-1,-4.406976565069E-1));
#2713=LINE('261852',#2712,#2711);
#2714=DIRECTION('',(1.E0,0.E0,-1.780797731500E-12));
#2715=VECTOR('',#2714,4.499999999997E-1);
#2716=CARTESIAN_POINT('',(-2.725E0,-7.044670714112E-1,-6.565518660790E-1));
#2717=LINE('261853',#2716,#2715);
#2718=DIRECTION('',(0.E0,-9.447083110676E-1,-3.279118890796E-1));
#2719=VECTOR('',#2718,9.306024673535E-1);
#2720=CARTESIAN_POINT('',(-2.750000000001E-1,-2.350585882852E0,
2.449999768061E0));
#2721=LINE('261821',#2720,#2719);
#2722=DIRECTION('',(0.E0,-9.654453626180E-1,2.606055482898E-1));
#2723=VECTOR('',#2722,1.170949743789E0);
#2724=CARTESIAN_POINT('',(-2.750000000001E-1,-3.229733768061E0,
2.144844155009E0));
#2725=LINE('261820',#2724,#2723);
#2726=DIRECTION('',(0.E0,9.654452819790E-1,-2.606058470266E-1));
#2727=VECTOR('',#2726,1.127073714390E0);
#2728=CARTESIAN_POINT('',(-2.750000000001E-1,-4.327072768061E0,
2.700000155009E0));
#2729=LINE('261816',#2728,#2727);
#2730=DIRECTION('',(0.E0,9.447081096581E-1,3.279124693364E-1));
#2731=VECTOR('',#2730,8.957327395005E-1);
#2732=CARTESIAN_POINT('',(-2.750000000001E-1,-3.238944768061E0,
2.406278155009E0));
#2733=LINE('261815',#2732,#2731);
#2734=DIRECTION('',(-1.058666807397E-13,-3.809781629647E-1,9.245840358475E-1));
#2735=VECTOR('',#2734,1.192895329944E0);
#2736=CARTESIAN_POINT('',(-2.75E-1,-2.5E-1,-1.759483844583E0));
#2737=LINE('263428',#2736,#2735);
#2738=DIRECTION('',(0.E0,6.247562038888E-1,7.808198804477E-1));
#2739=VECTOR('',#2738,2.764455862066E-1);
#2740=CARTESIAN_POINT('',(-2.750000000001E-1,-7.044670714112E-1,
-6.565518660798E-1));
#2741=LINE('261813',#2740,#2739);
#2742=DIRECTION('',(1.719937926257E-13,3.840663340634E-1,-9.233055025500E-1));
#2743=VECTOR('',#2742,7.336127939410E-1);
#2744=CARTESIAN_POINT('',(-2.750000000001E-1,-5.317559763909E-1,
-4.406976565076E-1));
#2745=LINE('263427',#2744,#2743);
#2746=DIRECTION('',(6.659285202664E-14,1.E0,6.101781902308E-8));
#2747=VECTOR('',#2746,1.900585737890E0);
#2748=CARTESIAN_POINT('',(-2.750000000001E-1,-2.350585882852E0,
2.449999768061E0));
#2749=LINE('263010',#2748,#2747);
#2750=DIRECTION('',(6.635919289672E-14,-1.E0,-6.101781014403E-8));
#2751=VECTOR('',#2750,1.900585737890E0);
#2752=CARTESIAN_POINT('',(-7.25E-1,-4.500001449618E-1,2.449999884031E0));
#2753=LINE('263011',#2752,#2751);
#2754=DIRECTION('',(0.E0,-9.447081096581E-1,-3.279124693364E-1));
#2755=VECTOR('',#2754,8.957327395004E-1);
#2756=CARTESIAN_POINT('',(-7.249999999999E-1,-2.392738784968E0,
2.700000089484E0));
#2757=LINE('261833',#2756,#2755);
#2758=DIRECTION('',(0.E0,-9.654452819790E-1,2.606058470266E-1));
#2759=VECTOR('',#2758,1.127073714390E0);
#2760=CARTESIAN_POINT('',(-7.249999999999E-1,-3.238944768061E0,
2.406278155009E0));
#2761=LINE('261832',#2760,#2759);
#2762=DIRECTION('',(0.E0,9.654453626180E-1,-2.606055482898E-1));
#2763=VECTOR('',#2762,1.170949743789E0);
#2764=CARTESIAN_POINT('',(-7.249999999999E-1,-4.360221768061E0,
2.450000155009E0));
#2765=LINE('261828',#2764,#2763);
#2766=DIRECTION('',(0.E0,9.447083110677E-1,3.279118890795E-1));
#2767=VECTOR('',#2766,9.306024673534E-1);
#2768=CARTESIAN_POINT('',(-7.249999999999E-1,-3.229733768061E0,
2.144844155009E0));
#2769=LINE('261827',#2768,#2767);
#2770=DIRECTION('',(1.725234699455E-13,-3.840663340630E-1,9.233055025502E-1));
#2771=VECTOR('',#2770,7.336127939417E-1);
#2772=CARTESIAN_POINT('',(-7.25E-1,-2.5E-1,-1.118046385894E0));
#2773=LINE('263430',#2772,#2771);
#2774=DIRECTION('',(0.E0,-6.247562038889E-1,-7.808198804477E-1));
#2775=VECTOR('',#2774,2.764455862066E-1);
#2776=CARTESIAN_POINT('',(-7.249999999999E-1,-5.317559763909E-1,
-4.406976565069E-1));
#2777=LINE('261825',#2776,#2775);
#2778=DIRECTION('',(-1.062854939822E-13,3.809781629644E-1,-9.245840358476E-1));
#2779=VECTOR('',#2778,1.192895329945E0);
#2780=CARTESIAN_POINT('',(-7.249999999999E-1,-7.044670714112E-1,
-6.565518660790E-1));
#2781=LINE('263431',#2780,#2779);
#2782=DIRECTION('',(-5.060395942477E-13,-6.971561588900E-7,9.999999999998E-1));
#2783=VECTOR('',#2782,2.500000298279E-1);
#2784=CARTESIAN_POINT('',(-2.75E-1,1.200000167352E0,2.45E0));
#2785=LINE('263429',#2784,#2783);
#2786=DIRECTION('',(-1.E0,0.E0,2.032941716204E-13));
#2787=VECTOR('',#2786,4.499999999997E-1);
#2788=CARTESIAN_POINT('',(-2.750000000001E-1,1.199999993063E0,
2.700000029828E0));
#2789=LINE('261834',#2788,#2787);
#2790=DIRECTION('',(-5.062616388260E-13,6.971561588897E-7,-9.999999999998E-1));
#2791=VECTOR('',#2790,2.500000298280E-1);
#2792=CARTESIAN_POINT('',(-7.249999999999E-1,1.199999993063E0,
2.700000029828E0));
#2793=LINE('263432',#2792,#2791);
#2794=DIRECTION('',(0.E0,1.E0,-1.660462350104E-8));
#2795=VECTOR('',#2794,3.592738778031E0);
#2796=CARTESIAN_POINT('',(-2.750000000001E-1,-2.392738784968E0,
2.700000089484E0));
#2797=LINE('261814',#2796,#2795);
#2798=DIRECTION('',(0.E0,-1.E0,1.660462362465E-8));
#2799=VECTOR('',#2798,3.592738778031E0);
#2800=CARTESIAN_POINT('',(-7.249999999999E-1,1.199999993063E0,
2.700000029828E0));
#2801=LINE('261826',#2800,#2799);
#2802=DIRECTION('',(1.E0,2.102022259958E-13,-2.052679014419E-13));
#2803=VECTOR('',#2802,4.499999999997E-1);
#2804=CARTESIAN_POINT('',(-7.249999999999E-1,-2.392738784968E0,
2.700000089484E0));
#2805=LINE('261835',#2804,#2803);
#2806=DIRECTION('',(1.E0,0.E0,-2.812564995719E-13));
#2807=VECTOR('',#2806,4.499999999997E-1);
#2808=CARTESIAN_POINT('',(-7.249999999999E-1,-3.238944768061E0,
2.406278155009E0));
#2809=LINE('261836',#2808,#2807);
#2810=DIRECTION('',(0.E0,-1.E0,-9.695539371324E-14));
#2811=VECTOR('',#2810,6.22927E-1);
#2812=CARTESIAN_POINT('',(-2.750000000001E-1,-4.327072768061E0,
2.700000155009E0));
#2813=LINE('261817',#2812,#2811);
#2814=DIRECTION('',(0.E0,1.E0,9.695539371324E-14));
#2815=VECTOR('',#2814,6.22927E-1);
#2816=CARTESIAN_POINT('',(-7.249999999999E-1,-4.949999768061E0,
2.700000155009E0));
#2817=LINE('261831',#2816,#2815);
#2818=DIRECTION('',(1.E0,0.E0,-1.302661682228E-13));
#2819=VECTOR('',#2818,4.499999999997E-1);
#2820=CARTESIAN_POINT('',(-7.249999999999E-1,-4.327072768061E0,
2.700000155009E0));
#2821=LINE('261837',#2820,#2819);
#2822=DIRECTION('',(0.E0,2.557953848737E-13,-1.E0));
#2823=VECTOR('',#2822,2.499999999999E-1);
#2824=CARTESIAN_POINT('',(-2.750000000001E-1,-4.949999768061E0,
2.700000155009E0));
#2825=LINE('261818',#2824,#2823);
#2826=DIRECTION('',(0.E0,-2.557953848738E-13,1.E0));
#2827=VECTOR('',#2826,2.499999999999E-1);
#2828=CARTESIAN_POINT('',(-7.249999999999E-1,-4.949999768061E0,
2.450000155009E0));
#2829=LINE('261830',#2828,#2827);
#2830=DIRECTION('',(1.E0,0.E0,-1.312530331335E-13));
#2831=VECTOR('',#2830,4.499999999997E-1);
#2832=CARTESIAN_POINT('',(-7.249999999999E-1,-4.949999768061E0,
2.700000155009E0));
#2833=LINE('261838',#2832,#2831);
#2834=DIRECTION('',(0.E0,1.E0,-1.355358419151E-13));
#2835=VECTOR('',#2834,5.897779999999E-1);
#2836=CARTESIAN_POINT('',(-2.750000000001E-1,-4.949999768061E0,
2.450000155009E0));
#2837=LINE('261819',#2836,#2835);
#2838=DIRECTION('',(0.E0,-1.E0,1.340298881161E-13));
#2839=VECTOR('',#2838,5.897779999999E-1);
#2840=CARTESIAN_POINT('',(-7.249999999999E-1,-4.360221768061E0,
2.450000155009E0));
#2841=LINE('261829',#2840,#2839);
#2842=DIRECTION('',(1.E0,0.E0,-2.605323364455E-13));
#2843=VECTOR('',#2842,4.499999999997E-1);
#2844=CARTESIAN_POINT('',(-7.249999999999E-1,-4.949999768061E0,
2.450000155009E0));
#2845=LINE('261839',#2844,#2843);
#2846=DIRECTION('',(1.E0,0.E0,-2.605323364455E-13));
#2847=VECTOR('',#2846,4.499999999997E-1);
#2848=CARTESIAN_POINT('',(-7.249999999999E-1,-4.360221768061E0,
2.450000155009E0));
#2849=LINE('261840',#2848,#2847);
#2850=DIRECTION('',(-1.E0,0.E0,3.750086660958E-14));
#2851=VECTOR('',#2850,4.499999999997E-1);
#2852=CARTESIAN_POINT('',(-2.750000000001E-1,-2.350585882852E0,
2.449999768061E0));
#2853=LINE('261822',#2852,#2851);
#2854=DIRECTION('',(1.E0,0.E0,-4.154701274377E-13));
#2855=VECTOR('',#2854,4.499999999997E-1);
#2856=CARTESIAN_POINT('',(-7.249999999999E-1,-3.229733768061E0,
2.144844155009E0));
#2857=LINE('261841',#2856,#2855);
#2858=DIRECTION('',(1.E0,0.E0,-1.670268861493E-12));
#2859=VECTOR('',#2858,4.499999999997E-1);
#2860=CARTESIAN_POINT('',(-7.249999999999E-1,-5.317559763909E-1,
-4.406976565069E-1));
#2861=LINE('261823',#2860,#2859);
#2862=DIRECTION('',(1.E0,0.E0,-1.780797731500E-12));
#2863=VECTOR('',#2862,4.499999999997E-1);
#2864=CARTESIAN_POINT('',(-7.249999999999E-1,-7.044670714112E-1,
-6.565518660790E-1));
#2865=LINE('261824',#2864,#2863);
#2866=DIRECTION('',(0.E0,-9.447083110676E-1,-3.279118890796E-1));
#2867=VECTOR('',#2866,9.306024673535E-1);
#2868=CARTESIAN_POINT('',(1.725E0,-2.350585882852E0,2.449999768061E0));
#2869=LINE('261792',#2868,#2867);
#2870=DIRECTION('',(0.E0,-9.654453626180E-1,2.606055482898E-1));
#2871=VECTOR('',#2870,1.170949743789E0);
#2872=CARTESIAN_POINT('',(1.725E0,-3.229733768061E0,2.144844155009E0));
#2873=LINE('261791',#2872,#2871);
#2874=DIRECTION('',(0.E0,9.654452819790E-1,-2.606058470266E-1));
#2875=VECTOR('',#2874,1.127073714390E0);
#2876=CARTESIAN_POINT('',(1.725E0,-4.327072768061E0,2.700000155009E0));
#2877=LINE('261787',#2876,#2875);
#2878=DIRECTION('',(0.E0,9.447081096581E-1,3.279124693364E-1));
#2879=VECTOR('',#2878,8.957327395005E-1);
#2880=CARTESIAN_POINT('',(1.725E0,-3.238944768061E0,2.406278155009E0));
#2881=LINE('261786',#2880,#2879);
#2882=DIRECTION('',(-1.064716332011E-13,-3.809781629647E-1,9.245840358475E-1));
#2883=VECTOR('',#2882,1.192895329944E0);
#2884=CARTESIAN_POINT('',(1.725E0,-2.5E-1,-1.759483844583E0));
#2885=LINE('263412',#2884,#2883);
#2886=DIRECTION('',(0.E0,6.247562038888E-1,7.808198804477E-1));
#2887=VECTOR('',#2886,2.764455862066E-1);
#2888=CARTESIAN_POINT('',(1.725E0,-7.044670714112E-1,-6.565518660798E-1));
#2889=LINE('261784',#2888,#2887);
#2890=DIRECTION('',(1.728261427E-13,3.840663340634E-1,-9.233055025500E-1));
#2891=VECTOR('',#2890,7.336127939410E-1);
#2892=CARTESIAN_POINT('',(1.725E0,-5.317559763909E-1,-4.406976565076E-1));
#2893=LINE('263411',#2892,#2891);
#2894=DIRECTION('',(6.717699985143E-14,1.E0,6.101781902308E-8));
#2895=VECTOR('',#2894,1.900585737890E0);
#2896=CARTESIAN_POINT('',(1.725E0,-2.350585882852E0,2.449999768061E0));
#2897=LINE('263008',#2896,#2895);
#2898=DIRECTION('',(6.694334072152E-14,-1.E0,-6.101781014403E-8));
#2899=VECTOR('',#2898,1.900585737890E0);
#2900=CARTESIAN_POINT('',(1.275E0,-4.500001449618E-1,2.449999884031E0));
#2901=LINE('263009',#2900,#2899);
#2902=DIRECTION('',(0.E0,-9.447081096581E-1,-3.279124693364E-1));
#2903=VECTOR('',#2902,8.957327395004E-1);
#2904=CARTESIAN_POINT('',(1.275E0,-2.392738784968E0,2.700000089484E0));
#2905=LINE('261804',#2904,#2903);
#2906=DIRECTION('',(0.E0,-9.654452819790E-1,2.606058470266E-1));
#2907=VECTOR('',#2906,1.127073714390E0);
#2908=CARTESIAN_POINT('',(1.275E0,-3.238944768061E0,2.406278155009E0));
#2909=LINE('261803',#2908,#2907);
#2910=DIRECTION('',(0.E0,9.654453626180E-1,-2.606055482898E-1));
#2911=VECTOR('',#2910,1.170949743789E0);
#2912=CARTESIAN_POINT('',(1.275E0,-4.360221768061E0,2.450000155009E0));
#2913=LINE('261799',#2912,#2911);
#2914=DIRECTION('',(0.E0,9.447083110677E-1,3.279118890795E-1));
#2915=VECTOR('',#2914,9.306024673534E-1);
#2916=CARTESIAN_POINT('',(1.275E0,-3.229733768061E0,2.144844155009E0));
#2917=LINE('261798',#2916,#2915);
#2918=DIRECTION('',(1.743395064713E-13,-3.840663340630E-1,9.233055025502E-1));
#2919=VECTOR('',#2918,7.336127939417E-1);
#2920=CARTESIAN_POINT('',(1.275E0,-2.5E-1,-1.118046385894E0));
#2921=LINE('263414',#2920,#2919);
#2922=DIRECTION('',(0.E0,-6.247562038889E-1,-7.808198804477E-1));
#2923=VECTOR('',#2922,2.764455862066E-1);
#2924=CARTESIAN_POINT('',(1.275E0,-5.317559763909E-1,-4.406976565069E-1));
#2925=LINE('261796',#2924,#2923);
#2926=DIRECTION('',(-1.072161900766E-13,3.809781629644E-1,-9.245840358476E-1));
#2927=VECTOR('',#2926,1.192895329945E0);
#2928=CARTESIAN_POINT('',(1.275E0,-7.044670714112E-1,-6.565518660790E-1));
#2929=LINE('263415',#2928,#2927);
#2930=DIRECTION('',(-5.107025303948E-13,-6.971561571136E-7,9.999999999998E-1));
#2931=VECTOR('',#2930,2.500000298279E-1);
#2932=CARTESIAN_POINT('',(1.725E0,1.200000167352E0,2.45E0));
#2933=LINE('263413',#2932,#2931);
#2934=DIRECTION('',(-1.E0,0.E0,2.052679014419E-13));
#2935=VECTOR('',#2934,4.499999999997E-1);
#2936=CARTESIAN_POINT('',(1.725E0,1.199999993063E0,2.700000029828E0));
#2937=LINE('261805',#2936,#2935);
#2938=DIRECTION('',(-5.098143520809E-13,6.971561588897E-7,-9.999999999998E-1));
#2939=VECTOR('',#2938,2.500000298280E-1);
#2940=CARTESIAN_POINT('',(1.275E0,1.199999993063E0,2.700000029828E0));
#2941=LINE('263416',#2940,#2939);
#2942=DIRECTION('',(0.E0,1.E0,-1.660462350104E-8));
#2943=VECTOR('',#2942,3.592738778031E0);
#2944=CARTESIAN_POINT('',(1.725E0,-2.392738784968E0,2.700000089484E0));
#2945=LINE('261785',#2944,#2943);
#2946=DIRECTION('',(0.E0,-1.E0,1.660462362465E-8));
#2947=VECTOR('',#2946,3.592738778031E0);
#2948=CARTESIAN_POINT('',(1.275E0,1.199999993063E0,2.700000029828E0));
#2949=LINE('261797',#2948,#2947);
#2950=DIRECTION('',(1.E0,2.111890909066E-13,-2.052679014419E-13));
#2951=VECTOR('',#2950,4.499999999997E-1);
#2952=CARTESIAN_POINT('',(1.275E0,-2.392738784968E0,2.700000089484E0));
#2953=LINE('261806',#2952,#2951);
#2954=DIRECTION('',(1.E0,0.E0,-2.812564995719E-13));
#2955=VECTOR('',#2954,4.499999999997E-1);
#2956=CARTESIAN_POINT('',(1.275E0,-3.238944768061E0,2.406278155009E0));
#2957=LINE('261807',#2956,#2955);
#2958=DIRECTION('',(0.E0,-1.E0,-9.695539371324E-14));
#2959=VECTOR('',#2958,6.22927E-1);
#2960=CARTESIAN_POINT('',(1.725E0,-4.327072768061E0,2.700000155009E0));
#2961=LINE('261788',#2960,#2959);
#2962=DIRECTION('',(0.E0,1.E0,9.695539371324E-14));
#2963=VECTOR('',#2962,6.22927E-1);
#2964=CARTESIAN_POINT('',(1.275E0,-4.949999768061E0,2.700000155009E0));
#2965=LINE('261802',#2964,#2963);
#2966=DIRECTION('',(1.E0,0.E0,-1.302661682228E-13));
#2967=VECTOR('',#2966,4.499999999997E-1);
#2968=CARTESIAN_POINT('',(1.275E0,-4.327072768061E0,2.700000155009E0));
#2969=LINE('261808',#2968,#2967);
#2970=DIRECTION('',(0.E0,2.557953848737E-13,-1.E0));
#2971=VECTOR('',#2970,2.499999999999E-1);
#2972=CARTESIAN_POINT('',(1.725E0,-4.949999768061E0,2.700000155009E0));
#2973=LINE('261789',#2972,#2971);
#2974=DIRECTION('',(0.E0,-2.557953848738E-13,1.E0));
#2975=VECTOR('',#2974,2.499999999999E-1);
#2976=CARTESIAN_POINT('',(1.275E0,-4.949999768061E0,2.450000155009E0));
#2977=LINE('261801',#2976,#2975);
#2978=DIRECTION('',(1.E0,0.E0,-1.312530331335E-13));
#2979=VECTOR('',#2978,4.499999999997E-1);
#2980=CARTESIAN_POINT('',(1.275E0,-4.949999768061E0,2.700000155009E0));
#2981=LINE('261809',#2980,#2979);
#2982=DIRECTION('',(0.E0,1.E0,-1.355358419151E-13));
#2983=VECTOR('',#2982,5.897779999999E-1);
#2984=CARTESIAN_POINT('',(1.725E0,-4.949999768061E0,2.450000155009E0));
#2985=LINE('261790',#2984,#2983);
#2986=DIRECTION('',(0.E0,-1.E0,1.340298881161E-13));
#2987=VECTOR('',#2986,5.897779999999E-1);
#2988=CARTESIAN_POINT('',(1.275E0,-4.360221768061E0,2.450000155009E0));
#2989=LINE('261800',#2988,#2987);
#2990=DIRECTION('',(1.E0,0.E0,-2.605323364455E-13));
#2991=VECTOR('',#2990,4.499999999997E-1);
#2992=CARTESIAN_POINT('',(1.275E0,-4.949999768061E0,2.450000155009E0));
#2993=LINE('261810',#2992,#2991);
#2994=DIRECTION('',(1.E0,0.E0,-2.605323364455E-13));
#2995=VECTOR('',#2994,4.499999999997E-1);
#2996=CARTESIAN_POINT('',(1.275E0,-4.360221768061E0,2.450000155009E0));
#2997=LINE('261811',#2996,#2995);
#2998=DIRECTION('',(-1.E0,0.E0,3.750086660958E-14));
#2999=VECTOR('',#2998,4.499999999997E-1);
#3000=CARTESIAN_POINT('',(1.725E0,-2.350585882852E0,2.449999768061E0));
#3001=LINE('261793',#3000,#2999);
#3002=DIRECTION('',(1.E0,0.E0,-4.154701274377E-13));
#3003=VECTOR('',#3002,4.499999999997E-1);
#3004=CARTESIAN_POINT('',(1.275E0,-3.229733768061E0,2.144844155009E0));
#3005=LINE('261812',#3004,#3003);
#3006=DIRECTION('',(1.E0,0.E0,-1.670268861493E-12));
#3007=VECTOR('',#3006,4.499999999997E-1);
#3008=CARTESIAN_POINT('',(1.275E0,-5.317559763909E-1,-4.406976565069E-1));
#3009=LINE('261794',#3008,#3007);
#3010=DIRECTION('',(1.E0,0.E0,-1.780797731500E-12));
#3011=VECTOR('',#3010,4.499999999997E-1);
#3012=CARTESIAN_POINT('',(1.275E0,-7.044670714112E-1,-6.565518660790E-1));
#3013=LINE('261795',#3012,#3011);
#3014=DIRECTION('',(0.E0,-9.447083110676E-1,-3.279118890796E-1));
#3015=VECTOR('',#3014,9.306024673535E-1);
#3016=CARTESIAN_POINT('',(3.725000000001E0,-2.350585882852E0,2.449999768061E0));
#3017=LINE('261763',#3016,#3015);
#3018=DIRECTION('',(0.E0,-9.654453626180E-1,2.606055482898E-1));
#3019=VECTOR('',#3018,1.170949743789E0);
#3020=CARTESIAN_POINT('',(3.725000000001E0,-3.229733768061E0,2.144844155009E0));
#3021=LINE('261762',#3020,#3019);
#3022=DIRECTION('',(0.E0,9.654452819790E-1,-2.606058470266E-1));
#3023=VECTOR('',#3022,1.127073714390E0);
#3024=CARTESIAN_POINT('',(3.725000000001E0,-4.327072768061E0,2.700000155009E0));
#3025=LINE('261758',#3024,#3023);
#3026=DIRECTION('',(0.E0,9.447081096581E-1,3.279124693364E-1));
#3027=VECTOR('',#3026,8.957327395005E-1);
#3028=CARTESIAN_POINT('',(3.725000000001E0,-3.238944768061E0,2.406278155009E0));
#3029=LINE('261757',#3028,#3027);
#3030=DIRECTION('',(4.247696974912E-13,-3.809781629647E-1,9.245840358475E-1));
#3031=VECTOR('',#3030,1.192895329944E0);
#3032=CARTESIAN_POINT('',(3.725E0,-2.5E-1,-1.759483844583E0));
#3033=LINE('263396',#3032,#3031);
#3034=DIRECTION('',(0.E0,6.247562038888E-1,7.808198804477E-1));
#3035=VECTOR('',#3034,2.764455862066E-1);
#3036=CARTESIAN_POINT('',(3.725000000001E0,-7.044670714112E-1,
-6.565518660798E-1));
#3037=LINE('261755',#3036,#3035);
#3038=DIRECTION('',(-6.906992252914E-13,3.840663340634E-1,-9.233055025500E-1));
#3039=VECTOR('',#3038,7.336127939410E-1);
#3040=CARTESIAN_POINT('',(3.725000000001E0,-5.317559763909E-1,
-4.406976565076E-1));
#3041=LINE('263395',#3040,#3039);
#3042=DIRECTION('',(-2.654367715869E-13,1.E0,6.101781902308E-8));
#3043=VECTOR('',#3042,1.900585737890E0);
#3044=CARTESIAN_POINT('',(3.725000000001E0,-2.350585882852E0,2.449999768061E0));
#3045=LINE('263006',#3044,#3043);
#3046=DIRECTION('',(-2.668387263664E-13,-1.E0,-6.101781014403E-8));
#3047=VECTOR('',#3046,1.900585737890E0);
#3048=CARTESIAN_POINT('',(3.275E0,-4.500001449618E-1,2.449999884031E0));
#3049=LINE('263007',#3048,#3047);
#3050=DIRECTION('',(0.E0,-9.447081096581E-1,-3.279124693364E-1));
#3051=VECTOR('',#3050,8.957327395004E-1);
#3052=CARTESIAN_POINT('',(3.274999999999E0,-2.392738784968E0,2.700000089484E0));
#3053=LINE('261775',#3052,#3051);
#3054=DIRECTION('',(0.E0,-9.654452819790E-1,2.606058470266E-1));
#3055=VECTOR('',#3054,1.127073714390E0);
#3056=CARTESIAN_POINT('',(3.274999999999E0,-3.238944768061E0,2.406278155009E0));
#3057=LINE('261774',#3056,#3055);
#3058=DIRECTION('',(0.E0,9.654453626180E-1,-2.606055482898E-1));
#3059=VECTOR('',#3058,1.170949743789E0);
#3060=CARTESIAN_POINT('',(3.274999999999E0,-4.360221768061E0,2.450000155009E0));
#3061=LINE('261770',#3060,#3059);
#3062=DIRECTION('',(0.E0,9.447083110677E-1,3.279118890795E-1));
#3063=VECTOR('',#3062,9.306024673534E-1);
#3064=CARTESIAN_POINT('',(3.274999999999E0,-3.229733768061E0,2.144844155009E0));
#3065=LINE('261769',#3064,#3063);
#3066=DIRECTION('',(-6.894885342736E-13,-3.840663340630E-1,9.233055025502E-1));
#3067=VECTOR('',#3066,7.336127939417E-1);
#3068=CARTESIAN_POINT('',(3.275E0,-2.5E-1,-1.118046385894E0));
#3069=LINE('263398',#3068,#3067);
#3070=DIRECTION('',(0.E0,-6.247562038889E-1,-7.808198804477E-1));
#3071=VECTOR('',#3070,2.764455862066E-1);
#3072=CARTESIAN_POINT('',(3.274999999999E0,-5.317559763909E-1,
-4.406976565069E-1));
#3073=LINE('261767',#3072,#3071);
#3074=DIRECTION('',(4.240251406154E-13,3.809781629644E-1,-9.245840358476E-1));
#3075=VECTOR('',#3074,1.192895329945E0);
#3076=CARTESIAN_POINT('',(3.274999999999E0,-7.044670714112E-1,
-6.565518660790E-1));
#3077=LINE('263399',#3076,#3075);
#3078=DIRECTION('',(2.023270198677E-12,-6.971561597781E-7,9.999999999998E-1));
#3079=VECTOR('',#3078,2.500000298279E-1);
#3080=CARTESIAN_POINT('',(3.725E0,1.200000167352E0,2.45E0));
#3081=LINE('263397',#3080,#3079);
#3082=DIRECTION('',(-1.E0,0.E0,2.032941716198E-13));
#3083=VECTOR('',#3082,4.500000000010E-1);
#3084=CARTESIAN_POINT('',(3.725000000001E0,1.199999993063E0,2.700000029828E0));
#3085=LINE('261776',#3084,#3083);
#3086=DIRECTION('',(2.023270198677E-12,6.971561597779E-7,-9.999999999998E-1));
#3087=VECTOR('',#3086,2.500000298280E-1);
#3088=CARTESIAN_POINT('',(3.274999999999E0,1.199999993063E0,2.700000029828E0));
#3089=LINE('263400',#3088,#3087);
#3090=DIRECTION('',(0.E0,1.E0,-1.660462350104E-8));
#3091=VECTOR('',#3090,3.592738778031E0);
#3092=CARTESIAN_POINT('',(3.725000000001E0,-2.392738784968E0,2.700000089484E0));
#3093=LINE('261756',#3092,#3091);
#3094=DIRECTION('',(0.E0,-1.E0,1.660462362465E-8));
#3095=VECTOR('',#3094,3.592738778031E0);
#3096=CARTESIAN_POINT('',(3.274999999999E0,1.199999993063E0,2.700000029828E0));
#3097=LINE('261768',#3096,#3095);
#3098=DIRECTION('',(1.E0,2.111890909060E-13,-2.052679014413E-13));
#3099=VECTOR('',#3098,4.500000000010E-1);
#3100=CARTESIAN_POINT('',(3.274999999999E0,-2.392738784968E0,2.700000089484E0));
#3101=LINE('261777',#3100,#3099);
#3102=DIRECTION('',(1.E0,0.E0,-2.812564995711E-13));
#3103=VECTOR('',#3102,4.500000000010E-1);
#3104=CARTESIAN_POINT('',(3.274999999999E0,-3.238944768061E0,2.406278155009E0));
#3105=LINE('261778',#3104,#3103);
#3106=DIRECTION('',(0.E0,-1.E0,-9.695539371324E-14));
#3107=VECTOR('',#3106,6.22927E-1);
#3108=CARTESIAN_POINT('',(3.725000000001E0,-4.327072768061E0,2.700000155009E0));
#3109=LINE('261759',#3108,#3107);
#3110=DIRECTION('',(0.E0,1.E0,9.695539371324E-14));
#3111=VECTOR('',#3110,6.22927E-1);
#3112=CARTESIAN_POINT('',(3.274999999999E0,-4.949999768061E0,2.700000155009E0));
#3113=LINE('261773',#3112,#3111);
#3114=DIRECTION('',(1.E0,0.E0,-1.302661682224E-13));
#3115=VECTOR('',#3114,4.500000000010E-1);
#3116=CARTESIAN_POINT('',(3.274999999999E0,-4.327072768061E0,2.700000155009E0));
#3117=LINE('261779',#3116,#3115);
#3118=DIRECTION('',(0.E0,2.557953848737E-13,-1.E0));
#3119=VECTOR('',#3118,2.499999999999E-1);
#3120=CARTESIAN_POINT('',(3.725000000001E0,-4.949999768061E0,2.700000155009E0));
#3121=LINE('261760',#3120,#3119);
#3122=DIRECTION('',(0.E0,-2.557953848738E-13,1.E0));
#3123=VECTOR('',#3122,2.499999999999E-1);
#3124=CARTESIAN_POINT('',(3.274999999999E0,-4.949999768061E0,2.450000155009E0));
#3125=LINE('261772',#3124,#3123);
#3126=DIRECTION('',(1.E0,0.E0,-1.312530331332E-13));
#3127=VECTOR('',#3126,4.500000000010E-1);
#3128=CARTESIAN_POINT('',(3.274999999999E0,-4.949999768061E0,2.700000155009E0));
#3129=LINE('261780',#3128,#3127);
#3130=DIRECTION('',(0.E0,1.E0,-1.355358419151E-13));
#3131=VECTOR('',#3130,5.897779999999E-1);
#3132=CARTESIAN_POINT('',(3.725000000001E0,-4.949999768061E0,2.450000155009E0));
#3133=LINE('261761',#3132,#3131);
#3134=DIRECTION('',(0.E0,-1.E0,1.340298881161E-13));
#3135=VECTOR('',#3134,5.897779999999E-1);
#3136=CARTESIAN_POINT('',(3.274999999999E0,-4.360221768061E0,2.450000155009E0));
#3137=LINE('261771',#3136,#3135);
#3138=DIRECTION('',(1.E0,0.E0,-2.605323364448E-13));
#3139=VECTOR('',#3138,4.500000000010E-1);
#3140=CARTESIAN_POINT('',(3.274999999999E0,-4.949999768061E0,2.450000155009E0));
#3141=LINE('261781',#3140,#3139);
#3142=DIRECTION('',(1.E0,0.E0,-2.605323364448E-13));
#3143=VECTOR('',#3142,4.500000000010E-1);
#3144=CARTESIAN_POINT('',(3.274999999999E0,-4.360221768061E0,2.450000155009E0));
#3145=LINE('261782',#3144,#3143);
#3146=DIRECTION('',(-1.E0,0.E0,3.848773152025E-14));
#3147=VECTOR('',#3146,4.500000000010E-1);
#3148=CARTESIAN_POINT('',(3.725000000001E0,-2.350585882852E0,2.449999768061E0));
#3149=LINE('261764',#3148,#3147);
#3150=DIRECTION('',(1.E0,0.E0,-4.154701274366E-13));
#3151=VECTOR('',#3150,4.500000000010E-1);
#3152=CARTESIAN_POINT('',(3.274999999999E0,-3.229733768061E0,2.144844155009E0));
#3153=LINE('261783',#3152,#3151);
#3154=DIRECTION('',(1.E0,0.E0,-1.670268861488E-12));
#3155=VECTOR('',#3154,4.500000000010E-1);
#3156=CARTESIAN_POINT('',(3.274999999999E0,-5.317559763909E-1,
-4.406976565069E-1));
#3157=LINE('261765',#3156,#3155);
#3158=DIRECTION('',(1.E0,0.E0,-1.780797731495E-12));
#3159=VECTOR('',#3158,4.500000000010E-1);
#3160=CARTESIAN_POINT('',(3.274999999999E0,-7.044670714112E-1,
-6.565518660790E-1));
#3161=LINE('261766',#3160,#3159);
#3162=DIRECTION('',(0.E0,-9.447083110676E-1,-3.279118890796E-1));
#3163=VECTOR('',#3162,9.306024673535E-1);
#3164=CARTESIAN_POINT('',(5.725000000001E0,-2.350585882852E0,2.449999768061E0));
#3165=LINE('262169',#3164,#3163);
#3166=DIRECTION('',(0.E0,-9.654453626180E-1,2.606055482898E-1));
#3167=VECTOR('',#3166,1.170949743789E0);
#3168=CARTESIAN_POINT('',(5.725000000001E0,-3.229733768061E0,2.144844155009E0));
#3169=LINE('262168',#3168,#3167);
#3170=DIRECTION('',(0.E0,9.654452819790E-1,-2.606058470266E-1));
#3171=VECTOR('',#3170,1.127073714390E0);
#3172=CARTESIAN_POINT('',(5.725000000001E0,-4.327072768061E0,2.700000155009E0));
#3173=LINE('262164',#3172,#3171);
#3174=DIRECTION('',(0.E0,9.447081096581E-1,3.279124693364E-1));
#3175=VECTOR('',#3174,8.957327395005E-1);
#3176=CARTESIAN_POINT('',(5.725000000001E0,-3.238944768061E0,2.406278155009E0));
#3177=LINE('262163',#3176,#3175);
#3178=DIRECTION('',(4.251419759289E-13,-3.809781629647E-1,9.245840358475E-1));
#3179=VECTOR('',#3178,1.192895329944E0);
#3180=CARTESIAN_POINT('',(5.725E0,-2.5E-1,-1.759483844583E0));
#3181=LINE('263380',#3180,#3179);
#3182=DIRECTION('',(0.E0,6.247562038888E-1,7.808198804477E-1));
#3183=VECTOR('',#3182,2.764455862066E-1);
#3184=CARTESIAN_POINT('',(5.725000000001E0,-7.044670714112E-1,
-6.565518660798E-1));
#3185=LINE('262161',#3184,#3183);
#3186=DIRECTION('',(-6.913045708E-13,3.840663340634E-1,-9.233055025500E-1));
#3187=VECTOR('',#3186,7.336127939410E-1);
#3188=CARTESIAN_POINT('',(5.725000000001E0,-5.317559763909E-1,
-4.406976565076E-1));
#3189=LINE('263379',#3188,#3187);
#3190=DIRECTION('',(-2.659040898467E-13,1.E0,6.101781902308E-8));
#3191=VECTOR('',#3190,1.900585737890E0);
#3192=CARTESIAN_POINT('',(5.725000000001E0,-2.350585882852E0,2.449999768061E0));
#3193=LINE('263004',#3192,#3191);
#3194=DIRECTION('',(-2.668387263664E-13,-1.E0,-6.101781014403E-8));
#3195=VECTOR('',#3194,1.900585737890E0);
#3196=CARTESIAN_POINT('',(5.275E0,-4.500001449618E-1,2.449999884031E0));
#3197=LINE('263005',#3196,#3195);
#3198=DIRECTION('',(0.E0,-9.447081096581E-1,-3.279124693364E-1));
#3199=VECTOR('',#3198,8.957327395004E-1);
#3200=CARTESIAN_POINT('',(5.274999999999E0,-2.392738784968E0,2.700000089484E0));
#3201=LINE('262181',#3200,#3199);
#3202=DIRECTION('',(0.E0,-9.654452819790E-1,2.606058470266E-1));
#3203=VECTOR('',#3202,1.127073714390E0);
#3204=CARTESIAN_POINT('',(5.274999999999E0,-3.238944768061E0,2.406278155009E0));
#3205=LINE('262180',#3204,#3203);
#3206=DIRECTION('',(0.E0,9.654453626180E-1,-2.606055482898E-1));
#3207=VECTOR('',#3206,1.170949743789E0);
#3208=CARTESIAN_POINT('',(5.274999999999E0,-4.360221768061E0,2.450000155009E0));
#3209=LINE('262176',#3208,#3207);
#3210=DIRECTION('',(0.E0,9.447083110677E-1,3.279118890795E-1));
#3211=VECTOR('',#3210,9.306024673534E-1);
#3212=CARTESIAN_POINT('',(5.274999999999E0,-3.229733768061E0,2.144844155009E0));
#3213=LINE('262175',#3212,#3211);
#3214=DIRECTION('',(-6.900938797822E-13,-3.840663340630E-1,9.233055025502E-1));
#3215=VECTOR('',#3214,7.336127939417E-1);
#3216=CARTESIAN_POINT('',(5.275E0,-2.5E-1,-1.118046385894E0));
#3217=LINE('263382',#3216,#3215);
#3218=DIRECTION('',(0.E0,-6.247562038889E-1,-7.808198804477E-1));
#3219=VECTOR('',#3218,2.764455862066E-1);
#3220=CARTESIAN_POINT('',(5.274999999999E0,-5.317559763909E-1,
-4.406976565069E-1));
#3221=LINE('262173',#3220,#3219);
#3222=DIRECTION('',(4.243974190531E-13,3.809781629644E-1,-9.245840358476E-1));
#3223=VECTOR('',#3222,1.192895329945E0);
#3224=CARTESIAN_POINT('',(5.274999999999E0,-7.044670714112E-1,
-6.565518660790E-1));
#3225=LINE('263383',#3224,#3223);
#3226=DIRECTION('',(2.025046555305E-12,-6.971561588900E-7,9.999999999998E-1));
#3227=VECTOR('',#3226,2.500000298279E-1);
#3228=CARTESIAN_POINT('',(5.725E0,1.200000167352E0,2.45E0));
#3229=LINE('263381',#3228,#3227);
#3230=DIRECTION('',(-1.E0,0.E0,2.032941716198E-13));
#3231=VECTOR('',#3230,4.500000000010E-1);
#3232=CARTESIAN_POINT('',(5.725000000001E0,1.199999993063E0,2.700000029828E0));
#3233=LINE('262182',#3232,#3231);
#3234=DIRECTION('',(2.025046555304E-12,6.971561588897E-7,-9.999999999998E-1));
#3235=VECTOR('',#3234,2.500000298280E-1);
#3236=CARTESIAN_POINT('',(5.274999999999E0,1.199999993063E0,2.700000029828E0));
#3237=LINE('263384',#3236,#3235);
#3238=DIRECTION('',(0.E0,1.E0,-1.660462350104E-8));
#3239=VECTOR('',#3238,3.592738778031E0);
#3240=CARTESIAN_POINT('',(5.725000000001E0,-2.392738784968E0,2.700000089484E0));
#3241=LINE('262162',#3240,#3239);
#3242=DIRECTION('',(0.E0,-1.E0,1.660462362465E-8));
#3243=VECTOR('',#3242,3.592738778031E0);
#3244=CARTESIAN_POINT('',(5.274999999999E0,1.199999993063E0,2.700000029828E0));
#3245=LINE('262174',#3244,#3243);
#3246=DIRECTION('',(1.E0,2.102022259952E-13,-2.052679014413E-13));
#3247=VECTOR('',#3246,4.500000000010E-1);
#3248=CARTESIAN_POINT('',(5.274999999999E0,-2.392738784968E0,2.700000089484E0));
#3249=LINE('262183',#3248,#3247);
#3250=DIRECTION('',(1.E0,0.E0,-2.812564995711E-13));
#3251=VECTOR('',#3250,4.500000000010E-1);
#3252=CARTESIAN_POINT('',(5.274999999999E0,-3.238944768061E0,2.406278155009E0));
#3253=LINE('262184',#3252,#3251);
#3254=DIRECTION('',(0.E0,-1.E0,-9.695539371324E-14));
#3255=VECTOR('',#3254,6.22927E-1);
#3256=CARTESIAN_POINT('',(5.725000000001E0,-4.327072768061E0,2.700000155009E0));
#3257=LINE('262165',#3256,#3255);
#3258=DIRECTION('',(0.E0,1.E0,9.695539371324E-14));
#3259=VECTOR('',#3258,6.22927E-1);
#3260=CARTESIAN_POINT('',(5.274999999999E0,-4.949999768061E0,2.700000155009E0));
#3261=LINE('262179',#3260,#3259);
#3262=DIRECTION('',(1.E0,0.E0,-1.302661682224E-13));
#3263=VECTOR('',#3262,4.500000000010E-1);
#3264=CARTESIAN_POINT('',(5.274999999999E0,-4.327072768061E0,2.700000155009E0));
#3265=LINE('262185',#3264,#3263);
#3266=DIRECTION('',(0.E0,2.557953848737E-13,-1.E0));
#3267=VECTOR('',#3266,2.499999999999E-1);
#3268=CARTESIAN_POINT('',(5.725000000001E0,-4.949999768061E0,2.700000155009E0));
#3269=LINE('262166',#3268,#3267);
#3270=DIRECTION('',(0.E0,-2.557953848738E-13,1.E0));
#3271=VECTOR('',#3270,2.499999999999E-1);
#3272=CARTESIAN_POINT('',(5.274999999999E0,-4.949999768061E0,2.450000155009E0));
#3273=LINE('262178',#3272,#3271);
#3274=DIRECTION('',(1.E0,0.E0,-1.312530331332E-13));
#3275=VECTOR('',#3274,4.500000000010E-1);
#3276=CARTESIAN_POINT('',(5.274999999999E0,-4.949999768061E0,2.700000155009E0));
#3277=LINE('262186',#3276,#3275);
#3278=DIRECTION('',(0.E0,1.E0,-1.355358419151E-13));
#3279=VECTOR('',#3278,5.897779999999E-1);
#3280=CARTESIAN_POINT('',(5.725000000001E0,-4.949999768061E0,2.450000155009E0));
#3281=LINE('262167',#3280,#3279);
#3282=DIRECTION('',(0.E0,-1.E0,1.340298881161E-13));
#3283=VECTOR('',#3282,5.897779999999E-1);
#3284=CARTESIAN_POINT('',(5.274999999999E0,-4.360221768061E0,2.450000155009E0));
#3285=LINE('262177',#3284,#3283);
#3286=DIRECTION('',(1.E0,0.E0,-2.605323364448E-13));
#3287=VECTOR('',#3286,4.500000000010E-1);
#3288=CARTESIAN_POINT('',(5.274999999999E0,-4.949999768061E0,2.450000155009E0));
#3289=LINE('262187',#3288,#3287);
#3290=DIRECTION('',(1.E0,0.E0,-2.605323364448E-13));
#3291=VECTOR('',#3290,4.500000000010E-1);
#3292=CARTESIAN_POINT('',(5.274999999999E0,-4.360221768061E0,2.450000155009E0));
#3293=LINE('262188',#3292,#3291);
#3294=DIRECTION('',(-1.E0,0.E0,3.848773152025E-14));
#3295=VECTOR('',#3294,4.500000000010E-1);
#3296=CARTESIAN_POINT('',(5.725000000001E0,-2.350585882852E0,2.449999768061E0));
#3297=LINE('262170',#3296,#3295);
#3298=DIRECTION('',(1.E0,0.E0,-4.154701274366E-13));
#3299=VECTOR('',#3298,4.500000000010E-1);
#3300=CARTESIAN_POINT('',(5.274999999999E0,-3.229733768061E0,2.144844155009E0));
#3301=LINE('262189',#3300,#3299);
#3302=DIRECTION('',(1.E0,0.E0,-1.670268861488E-12));
#3303=VECTOR('',#3302,4.500000000010E-1);
#3304=CARTESIAN_POINT('',(5.274999999999E0,-5.317559763909E-1,
-4.406976565069E-1));
#3305=LINE('262171',#3304,#3303);
#3306=DIRECTION('',(1.E0,0.E0,-1.780797731495E-12));
#3307=VECTOR('',#3306,4.500000000010E-1);
#3308=CARTESIAN_POINT('',(5.274999999999E0,-7.044670714112E-1,
-6.565518660790E-1));
#3309=LINE('262172',#3308,#3307);
#3310=DIRECTION('',(0.E0,-9.447083110676E-1,-3.279118890796E-1));
#3311=VECTOR('',#3310,9.306024673535E-1);
#3312=CARTESIAN_POINT('',(7.725000000001E0,-2.350585882852E0,2.449999768061E0));
#3313=LINE('262198',#3312,#3311);
#3314=DIRECTION('',(0.E0,-9.654453626180E-1,2.606055482898E-1));
#3315=VECTOR('',#3314,1.170949743789E0);
#3316=CARTESIAN_POINT('',(7.725000000001E0,-3.229733768061E0,2.144844155009E0));
#3317=LINE('262197',#3316,#3315);
#3318=DIRECTION('',(0.E0,9.654452819790E-1,-2.606058470266E-1));
#3319=VECTOR('',#3318,1.127073714390E0);
#3320=CARTESIAN_POINT('',(7.725000000001E0,-4.327072768061E0,2.700000155009E0));
#3321=LINE('262193',#3320,#3319);
#3322=DIRECTION('',(0.E0,9.447081096581E-1,3.279124693364E-1));
#3323=VECTOR('',#3322,8.957327395005E-1);
#3324=CARTESIAN_POINT('',(7.725000000001E0,-3.238944768061E0,2.406278155009E0));
#3325=LINE('262192',#3324,#3323);
#3326=DIRECTION('',(4.251419759289E-13,-3.809781629647E-1,9.245840358475E-1));
#3327=VECTOR('',#3326,1.192895329944E0);
#3328=CARTESIAN_POINT('',(7.725E0,-2.5E-1,-1.759483844583E0));
#3329=LINE('263364',#3328,#3327);
#3330=DIRECTION('',(0.E0,6.247562038888E-1,7.808198804477E-1));
#3331=VECTOR('',#3330,2.764455862066E-1);
#3332=CARTESIAN_POINT('',(7.725000000001E0,-7.044670714112E-1,
-6.565518660798E-1));
#3333=LINE('262190',#3332,#3331);
#3334=DIRECTION('',(-6.900938797828E-13,3.840663340634E-1,-9.233055025500E-1));
#3335=VECTOR('',#3334,7.336127939410E-1);
#3336=CARTESIAN_POINT('',(7.725000000001E0,-5.317559763909E-1,
-4.406976565076E-1));
#3337=LINE('263363',#3336,#3335);
#3338=DIRECTION('',(-2.659040898467E-13,1.E0,6.101781902308E-8));
#3339=VECTOR('',#3338,1.900585737890E0);
#3340=CARTESIAN_POINT('',(7.725000000001E0,-2.350585882852E0,2.449999768061E0));
#3341=LINE('263002',#3340,#3339);
#3342=DIRECTION('',(-2.668387263664E-13,-1.E0,-6.101781014403E-8));
#3343=VECTOR('',#3342,1.900585737890E0);
#3344=CARTESIAN_POINT('',(7.275E0,-4.500001449618E-1,2.449999884031E0));
#3345=LINE('263003',#3344,#3343);
#3346=DIRECTION('',(0.E0,-9.447081096581E-1,-3.279124693364E-1));
#3347=VECTOR('',#3346,8.957327395004E-1);
#3348=CARTESIAN_POINT('',(7.274999999999E0,-2.392738784968E0,2.700000089484E0));
#3349=LINE('262210',#3348,#3347);
#3350=DIRECTION('',(0.E0,-9.654452819790E-1,2.606058470266E-1));
#3351=VECTOR('',#3350,1.127073714390E0);
#3352=CARTESIAN_POINT('',(7.274999999999E0,-3.238944768061E0,2.406278155009E0));
#3353=LINE('262209',#3352,#3351);
#3354=DIRECTION('',(0.E0,9.654453626180E-1,-2.606055482898E-1));
#3355=VECTOR('',#3354,1.170949743789E0);
#3356=CARTESIAN_POINT('',(7.274999999999E0,-4.360221768061E0,2.450000155009E0));
#3357=LINE('262205',#3356,#3355);
#3358=DIRECTION('',(0.E0,9.447083110677E-1,3.279118890795E-1));
#3359=VECTOR('',#3358,9.306024673534E-1);
#3360=CARTESIAN_POINT('',(7.274999999999E0,-3.229733768061E0,2.144844155009E0));
#3361=LINE('262204',#3360,#3359);
#3362=DIRECTION('',(-6.913045707993E-13,-3.840663340630E-1,9.233055025502E-1));
#3363=VECTOR('',#3362,7.336127939417E-1);
#3364=CARTESIAN_POINT('',(7.275E0,-2.5E-1,-1.118046385894E0));
#3365=LINE('263366',#3364,#3363);
#3366=DIRECTION('',(0.E0,-6.247562038889E-1,-7.808198804477E-1));
#3367=VECTOR('',#3366,2.764455862066E-1);
#3368=CARTESIAN_POINT('',(7.274999999999E0,-5.317559763909E-1,
-4.406976565069E-1));
#3369=LINE('262202',#3368,#3367);
#3370=DIRECTION('',(4.243974190531E-13,3.809781629644E-1,-9.245840358476E-1));
#3371=VECTOR('',#3370,1.192895329945E0);
#3372=CARTESIAN_POINT('',(7.274999999999E0,-7.044670714112E-1,
-6.565518660790E-1));
#3373=LINE('263367',#3372,#3371);
#3374=DIRECTION('',(2.025046555305E-12,-6.971561597781E-7,9.999999999998E-1));
#3375=VECTOR('',#3374,2.500000298279E-1);
#3376=CARTESIAN_POINT('',(7.725E0,1.200000167352E0,2.45E0));
#3377=LINE('263365',#3376,#3375);
#3378=DIRECTION('',(-1.E0,0.E0,2.032941716198E-13));
#3379=VECTOR('',#3378,4.500000000010E-1);
#3380=CARTESIAN_POINT('',(7.725000000001E0,1.199999993063E0,2.700000029828E0));
#3381=LINE('262211',#3380,#3379);
#3382=DIRECTION('',(2.025046555304E-12,6.971561588897E-7,-9.999999999998E-1));
#3383=VECTOR('',#3382,2.500000298280E-1);
#3384=CARTESIAN_POINT('',(7.274999999999E0,1.199999993063E0,2.700000029828E0));
#3385=LINE('263368',#3384,#3383);
#3386=DIRECTION('',(0.E0,1.E0,-1.660462350104E-8));
#3387=VECTOR('',#3386,3.592738778031E0);
#3388=CARTESIAN_POINT('',(7.725000000001E0,-2.392738784968E0,2.700000089484E0));
#3389=LINE('262191',#3388,#3387);
#3390=DIRECTION('',(0.E0,-1.E0,1.660462362465E-8));
#3391=VECTOR('',#3390,3.592738778031E0);
#3392=CARTESIAN_POINT('',(7.274999999999E0,1.199999993063E0,2.700000029828E0));
#3393=LINE('262203',#3392,#3391);
#3394=DIRECTION('',(1.E0,2.102022259952E-13,-2.052679014413E-13));
#3395=VECTOR('',#3394,4.500000000010E-1);
#3396=CARTESIAN_POINT('',(7.274999999999E0,-2.392738784968E0,2.700000089484E0));
#3397=LINE('262212',#3396,#3395);
#3398=DIRECTION('',(1.E0,0.E0,-2.812564995711E-13));
#3399=VECTOR('',#3398,4.500000000010E-1);
#3400=CARTESIAN_POINT('',(7.274999999999E0,-3.238944768061E0,2.406278155009E0));
#3401=LINE('262213',#3400,#3399);
#3402=DIRECTION('',(0.E0,-1.E0,-9.695539371324E-14));
#3403=VECTOR('',#3402,6.22927E-1);
#3404=CARTESIAN_POINT('',(7.725000000001E0,-4.327072768061E0,2.700000155009E0));
#3405=LINE('262194',#3404,#3403);
#3406=DIRECTION('',(0.E0,1.E0,9.695539371324E-14));
#3407=VECTOR('',#3406,6.22927E-1);
#3408=CARTESIAN_POINT('',(7.274999999999E0,-4.949999768061E0,2.700000155009E0));
#3409=LINE('262208',#3408,#3407);
#3410=DIRECTION('',(1.E0,0.E0,-1.302661682224E-13));
#3411=VECTOR('',#3410,4.500000000010E-1);
#3412=CARTESIAN_POINT('',(7.274999999999E0,-4.327072768061E0,2.700000155009E0));
#3413=LINE('262214',#3412,#3411);
#3414=DIRECTION('',(0.E0,2.557953848737E-13,-1.E0));
#3415=VECTOR('',#3414,2.499999999999E-1);
#3416=CARTESIAN_POINT('',(7.725000000001E0,-4.949999768061E0,2.700000155009E0));
#3417=LINE('262195',#3416,#3415);
#3418=DIRECTION('',(0.E0,-2.557953848738E-13,1.E0));
#3419=VECTOR('',#3418,2.499999999999E-1);
#3420=CARTESIAN_POINT('',(7.274999999999E0,-4.949999768061E0,2.450000155009E0));
#3421=LINE('262207',#3420,#3419);
#3422=DIRECTION('',(1.E0,0.E0,-1.312530331332E-13));
#3423=VECTOR('',#3422,4.500000000010E-1);
#3424=CARTESIAN_POINT('',(7.274999999999E0,-4.949999768061E0,2.700000155009E0));
#3425=LINE('262215',#3424,#3423);
#3426=DIRECTION('',(0.E0,1.E0,-1.355358419151E-13));
#3427=VECTOR('',#3426,5.897779999999E-1);
#3428=CARTESIAN_POINT('',(7.725000000001E0,-4.949999768061E0,2.450000155009E0));
#3429=LINE('262196',#3428,#3427);
#3430=DIRECTION('',(0.E0,-1.E0,1.340298881161E-13));
#3431=VECTOR('',#3430,5.897779999999E-1);
#3432=CARTESIAN_POINT('',(7.274999999999E0,-4.360221768061E0,2.450000155009E0));
#3433=LINE('262206',#3432,#3431);
#3434=DIRECTION('',(1.E0,0.E0,-2.605323364448E-13));
#3435=VECTOR('',#3434,4.500000000010E-1);
#3436=CARTESIAN_POINT('',(7.274999999999E0,-4.949999768061E0,2.450000155009E0));
#3437=LINE('262216',#3436,#3435);
#3438=DIRECTION('',(1.E0,0.E0,-2.605323364448E-13));
#3439=VECTOR('',#3438,4.500000000010E-1);
#3440=CARTESIAN_POINT('',(7.274999999999E0,-4.360221768061E0,2.450000155009E0));
#3441=LINE('262217',#3440,#3439);
#3442=DIRECTION('',(-1.E0,0.E0,3.848773152025E-14));
#3443=VECTOR('',#3442,4.500000000010E-1);
#3444=CARTESIAN_POINT('',(7.725000000001E0,-2.350585882852E0,2.449999768061E0));
#3445=LINE('262199',#3444,#3443);
#3446=DIRECTION('',(1.E0,0.E0,-4.154701274366E-13));
#3447=VECTOR('',#3446,4.500000000010E-1);
#3448=CARTESIAN_POINT('',(7.274999999999E0,-3.229733768061E0,2.144844155009E0));
#3449=LINE('262218',#3448,#3447);
#3450=DIRECTION('',(1.E0,0.E0,-1.670268861488E-12));
#3451=VECTOR('',#3450,4.500000000010E-1);
#3452=CARTESIAN_POINT('',(7.274999999999E0,-5.317559763909E-1,
-4.406976565069E-1));
#3453=LINE('262200',#3452,#3451);
#3454=DIRECTION('',(1.E0,0.E0,-1.780797731495E-12));
#3455=VECTOR('',#3454,4.500000000010E-1);
#3456=CARTESIAN_POINT('',(7.274999999999E0,-7.044670714112E-1,
-6.565518660790E-1));
#3457=LINE('262201',#3456,#3455);
#3458=DIRECTION('',(1.E0,0.E0,-2.087342644410E-12));
#3459=VECTOR('',#3458,4.499999999997E-1);
#3460=CARTESIAN_POINT('',(-1.5725E1,-5.317559763909E-1,-4.406976565069E-1));
#3461=LINE('262572',#3460,#3459);
#3462=DIRECTION('',(1.E0,0.E0,-2.226120522489E-12));
#3463=VECTOR('',#3462,4.499999999997E-1);
#3464=CARTESIAN_POINT('',(-1.5725E1,-7.044670714111E-1,-6.565518660790E-1));
#3465=LINE('262573',#3464,#3463);
#3466=DIRECTION('',(-4.973799150323E-13,1.358912982142E-13,-1.E0));
#3467=VECTOR('',#3466,2.499999999999E-1);
#3468=CARTESIAN_POINT('',(-1.5725E1,1.2E0,2.7E0));
#3469=LINE('262955',#3468,#3467);
#3470=DIRECTION('',(-3.108624468950E-13,-4.884981308350E-14,-1.E0));
#3471=VECTOR('',#3470,4.E-1);
#3472=CARTESIAN_POINT('',(-1.5725E1,-1.35E0,2.45E0));
#3473=LINE('262962',#3472,#3471);
#3474=DIRECTION('',(1.381610875089E-13,-1.E0,3.750086660956E-14));
#3475=VECTOR('',#3474,9.000000000001E-1);
#3476=CARTESIAN_POINT('',(-1.5725E1,-4.499999999999E-1,2.45E0));
#3477=LINE('262963',#3476,#3475);
#3478=DIRECTION('',(2.808541543301E-13,-1.E0,0.E0));
#3479=VECTOR('',#3478,4.427386130520E-1);
#3480=CARTESIAN_POINT('',(-1.5725E1,-1.95E0,4.5E-1));
#3481=LINE('262961',#3480,#3479);
#3482=DIRECTION('',(0.E0,-9.447083110677E-1,3.279118890793E-1));
#3483=VECTOR('',#3482,9.306036473908E-1);
#3484=CARTESIAN_POINT('',(-1.5725E1,-2.350584613052E0,7.E-1));
#3485=LINE('262582',#3484,#3483);
#3486=DIRECTION('',(0.E0,-9.654453626180E-1,-2.606055482898E-1));
#3487=VECTOR('',#3486,1.170949743789E0);
#3488=CARTESIAN_POINT('',(-1.5725E1,-3.229733613052E0,1.005156E0));
#3489=LINE('262581',#3488,#3487);
#3490=DIRECTION('',(0.E0,9.654452819790E-1,2.606058470267E-1));
#3491=VECTOR('',#3490,1.127073714390E0);
#3492=CARTESIAN_POINT('',(-1.5725E1,-4.327072613052E0,4.499999999999E-1));
#3493=LINE('262577',#3492,#3491);
#3494=DIRECTION('',(0.E0,9.447080890265E-1,-3.279125287755E-1));
#3495=VECTOR('',#3494,8.957327769597E-1);
#3496=CARTESIAN_POINT('',(-1.5725E1,-3.238944613052E0,7.43722E-1));
#3497=LINE('262576',#3496,#3495);
#3498=DIRECTION('',(1.694967424026E-13,-3.840663340630E-1,9.233055025502E-1));
#3499=VECTOR('',#3498,7.336127939417E-1);
#3500=CARTESIAN_POINT('',(-1.5725E1,-2.5E-1,-1.118046385894E0));
#3501=LINE('263293',#3500,#3499);
#3502=DIRECTION('',(0.E0,-6.247562038889E-1,-7.808198804477E-1));
#3503=VECTOR('',#3502,2.764455862066E-1);
#3504=CARTESIAN_POINT('',(-1.5725E1,-5.317559763909E-1,-4.406976565069E-1));
#3505=LINE('262574',#3504,#3503);
#3506=DIRECTION('',(-1.042379625745E-13,3.809781629644E-1,-9.245840358476E-1));
#3507=VECTOR('',#3506,1.192895329945E0);
#3508=CARTESIAN_POINT('',(-1.5725E1,-7.044670714111E-1,-6.565518660790E-1));
#3509=LINE('263294',#3508,#3507);
#3510=DIRECTION('',(2.848663565349E-13,1.E0,1.539306452103E-12));
#3511=VECTOR('',#3510,4.427386130520E-1);
#3512=CARTESIAN_POINT('',(-1.5275E1,-2.392738613052E0,4.499999999993E-1));
#3513=LINE('262956',#3512,#3511);
#3514=DIRECTION('',(-1.E0,0.E0,1.515084354273E-12));
#3515=VECTOR('',#3514,4.499999999997E-1);
#3516=CARTESIAN_POINT('',(-1.5275E1,-2.392738613052E0,4.499999999993E-1));
#3517=LINE('262570',#3516,#3515);
#3518=DIRECTION('',(1.E0,0.E0,-1.326346440086E-12));
#3519=VECTOR('',#3518,4.499999999997E-1);
#3520=CARTESIAN_POINT('',(-1.5725E1,-3.238944613052E0,7.43722E-1));
#3521=LINE('262590',#3520,#3519);
#3522=DIRECTION('',(1.E0,0.E0,-1.514837638045E-12));
#3523=VECTOR('',#3522,4.499999999997E-1);
#3524=CARTESIAN_POINT('',(-1.5725E1,-4.327072613052E0,4.499999999999E-1));
#3525=LINE('262589',#3524,#3523);
#3526=DIRECTION('',(0.E0,1.E0,-1.093421581675E-13));
#3527=VECTOR('',#3526,6.229269999998E-1);
#3528=CARTESIAN_POINT('',(-1.5275E1,-4.949999613052E0,4.499999999993E-1));
#3529=LINE('262567',#3528,#3527);
#3530=DIRECTION('',(0.E0,-1.E0,1.093421581675E-13));
#3531=VECTOR('',#3530,6.229269999998E-1);
#3532=CARTESIAN_POINT('',(-1.5725E1,-4.327072613052E0,4.499999999999E-1));
#3533=LINE('262578',#3532,#3531);
#3534=DIRECTION('',(1.E0,0.E0,-1.514837638045E-12));
#3535=VECTOR('',#3534,4.499999999997E-1);
#3536=CARTESIAN_POINT('',(-1.5725E1,-4.949999613052E0,4.5E-1));
#3537=LINE('262588',#3536,#3535);
#3538=DIRECTION('',(0.E0,-2.557953848736E-13,-1.E0));
#3539=VECTOR('',#3538,2.500000000001E-1);
#3540=CARTESIAN_POINT('',(-1.5275E1,-4.949999613052E0,6.999999999994E-1));
#3541=LINE('262566',#3540,#3539);
#3542=DIRECTION('',(1.421085471520E-14,2.557953848736E-13,1.E0));
#3543=VECTOR('',#3542,2.5E-1);
#3544=CARTESIAN_POINT('',(-1.5725E1,-4.949999613052E0,4.5E-1));
#3545=LINE('262579',#3544,#3543);
#3546=DIRECTION('',(1.E0,0.E0,-1.354718806271E-12));
#3547=VECTOR('',#3546,4.499999999997E-1);
#3548=CARTESIAN_POINT('',(-1.5725E1,-4.949999613052E0,7.E-1));
#3549=LINE('262587',#3548,#3547);
#3550=DIRECTION('',(0.E0,-1.E0,0.E0));
#3551=VECTOR('',#3550,5.897779999999E-1);
#3552=CARTESIAN_POINT('',(-1.5275E1,-4.360221613052E0,6.999999999994E-1));
#3553=LINE('262565',#3552,#3551);
#3554=DIRECTION('',(0.E0,1.E0,0.E0));
#3555=VECTOR('',#3554,5.897779999999E-1);
#3556=CARTESIAN_POINT('',(-1.5725E1,-4.949999613052E0,7.E-1));
#3557=LINE('262580',#3556,#3555);
#3558=DIRECTION('',(1.E0,0.E0,-1.354965522499E-12));
#3559=VECTOR('',#3558,4.499999999997E-1);
#3560=CARTESIAN_POINT('',(-1.5725E1,-4.360221613052E0,7.E-1));
#3561=LINE('262586',#3560,#3559);
#3562=DIRECTION('',(1.E0,0.E0,-1.158579405254E-12));
#3563=VECTOR('',#3562,4.499999999997E-1);
#3564=CARTESIAN_POINT('',(-1.5725E1,-3.229733613052E0,1.005156E0));
#3565=LINE('262585',#3564,#3563);
#3566=DIRECTION('',(1.E0,0.E0,-1.354965522499E-12));
#3567=VECTOR('',#3566,4.499999999997E-1);
#3568=CARTESIAN_POINT('',(-1.5725E1,-2.350584613052E0,7.E-1));
#3569=LINE('262583',#3568,#3567);
#3570=DIRECTION('',(-3.148431854048E-13,-1.E0,-1.526546008107E-12));
#3571=VECTOR('',#3570,4.005846130520E-1);
#3572=CARTESIAN_POINT('',(-1.5275E1,-1.95E0,7.E-1));
#3573=LINE('262960',#3572,#3571);
#3574=DIRECTION('',(-3.104087743427E-13,1.E0,0.E0));
#3575=VECTOR('',#3574,4.005846130520E-1);
#3576=CARTESIAN_POINT('',(-1.5725E1,-2.350584613052E0,7.E-1));
#3577=LINE('262964',#3576,#3575);
#3578=DIRECTION('',(-5.044853423900E-13,-1.350031197945E-13,1.E0));
#3579=VECTOR('',#3578,2.499999999998E-1);
#3580=CARTESIAN_POINT('',(-1.3275E1,1.2E0,2.45E0));
#3581=LINE('262942',#3580,#3579);
#3582=DIRECTION('',(0.E0,-9.447080890264E-1,3.279125287756E-1));
#3583=VECTOR('',#3582,8.957327769598E-1);
#3584=CARTESIAN_POINT('',(-1.3275E1,-2.392738613052E0,4.499999999993E-1));
#3585=LINE('262600',#3584,#3583);
#3586=DIRECTION('',(0.E0,-9.654452819790E-1,-2.606058470267E-1));
#3587=VECTOR('',#3586,1.127073714390E0);
#3588=CARTESIAN_POINT('',(-1.3275E1,-3.238944613052E0,7.437219999994E-1));
#3589=LINE('262599',#3588,#3587);
#3590=DIRECTION('',(0.E0,9.654453626180E-1,2.606055482899E-1));
#3591=VECTOR('',#3590,1.170949743789E0);
#3592=CARTESIAN_POINT('',(-1.3275E1,-4.360221613052E0,6.999999999994E-1));
#3593=LINE('262595',#3592,#3591);
#3594=DIRECTION('',(0.E0,9.447083110677E-1,-3.279118890793E-1));
#3595=VECTOR('',#3594,9.306036473909E-1);
#3596=CARTESIAN_POINT('',(-1.3275E1,-3.229733613052E0,1.005155999999E0));
#3597=LINE('262594',#3596,#3595);
#3598=DIRECTION('',(-1.057270763256E-13,-3.809781629647E-1,9.245840358475E-1));
#3599=VECTOR('',#3598,1.192895329944E0);
#3600=CARTESIAN_POINT('',(-1.3275E1,-2.5E-1,-1.759483844583E0));
#3601=LINE('263272',#3600,#3599);
#3602=DIRECTION('',(0.E0,6.247562038888E-1,7.808198804478E-1));
#3603=VECTOR('',#3602,2.764455862066E-1);
#3604=CARTESIAN_POINT('',(-1.3275E1,-7.044670714111E-1,-6.565518660800E-1));
#3605=LINE('262592',#3604,#3603);
#3606=DIRECTION('',(1.719181244372E-13,3.840663340634E-1,-9.233055025500E-1));
#3607=VECTOR('',#3606,7.336127939408E-1);
#3608=CARTESIAN_POINT('',(-1.3275E1,-5.317559763909E-1,-4.406976565078E-1));
#3609=LINE('263271',#3608,#3607);
#3610=DIRECTION('',(0.E0,-1.E0,4.662936703426E-14));
#3611=VECTOR('',#3610,2.8E0);
#3612=CARTESIAN_POINT('',(-1.3275E1,1.2E0,2.7E0));
#3613=LINE('262593',#3612,#3611);
#3614=DIRECTION('',(-1.E0,0.E0,1.440822769737E-13));
#3615=VECTOR('',#3614,4.499999999997E-1);
#3616=CARTESIAN_POINT('',(-1.3275E1,-1.6E0,2.7E0));
#3617=LINE('262615',#3616,#3615);
#3618=DIRECTION('',(0.E0,1.E0,-4.678797032349E-14));
#3619=VECTOR('',#3618,2.8E0);
#3620=CARTESIAN_POINT('',(-1.3725E1,-1.6E0,2.7E0));
#3621=LINE('262606',#3620,#3619);
#3622=DIRECTION('',(1.E0,0.E0,-1.450691418844E-13));
#3623=VECTOR('',#3622,4.499999999997E-1);
#3624=CARTESIAN_POINT('',(-1.3725E1,1.2E0,2.7E0));
#3625=LINE('262591',#3624,#3623);
#3626=DIRECTION('',(1.940328239960E-13,-2.732856676001E-14,-1.E0));
#3627=VECTOR('',#3626,6.5E-1);
#3628=CARTESIAN_POINT('',(-1.3275E1,-1.6E0,2.7E0));
#3629=LINE('262947',#3628,#3627);
#3630=DIRECTION('',(1.912999673200E-13,2.801178092900E-14,1.E0));
#3631=VECTOR('',#3630,6.5E-1);
#3632=CARTESIAN_POINT('',(-1.3725E1,-1.6E0,2.05E0));
#3633=LINE('262953',#3632,#3631);
#3634=DIRECTION('',(-4.973799150323E-13,1.358912982142E-13,-1.E0));
#3635=VECTOR('',#3634,2.499999999999E-1);
#3636=CARTESIAN_POINT('',(-1.3725E1,1.2E0,2.7E0));
#3637=LINE('262943',#3636,#3635);
#3638=DIRECTION('',(-3.108624468950E-13,-4.884981308350E-14,-1.E0));
#3639=VECTOR('',#3638,4.E-1);
#3640=CARTESIAN_POINT('',(-1.3725E1,-1.35E0,2.45E0));
#3641=LINE('262950',#3640,#3639);
#3642=DIRECTION('',(1.381610875089E-13,-1.E0,3.750086660956E-14));
#3643=VECTOR('',#3642,9.000000000001E-1);
#3644=CARTESIAN_POINT('',(-1.3725E1,-4.499999999999E-1,2.45E0));
#3645=LINE('262951',#3644,#3643);
#3646=DIRECTION('',(2.808541543301E-13,-1.E0,0.E0));
#3647=VECTOR('',#3646,4.427386130520E-1);
#3648=CARTESIAN_POINT('',(-1.3725E1,-1.95E0,4.5E-1));
#3649=LINE('262949',#3648,#3647);
#3650=DIRECTION('',(0.E0,-9.447083110677E-1,3.279118890793E-1));
#3651=VECTOR('',#3650,9.306036473908E-1);
#3652=CARTESIAN_POINT('',(-1.3725E1,-2.350584613052E0,7.E-1));
#3653=LINE('262613',#3652,#3651);
#3654=DIRECTION('',(0.E0,-9.654453626180E-1,-2.606055482898E-1));
#3655=VECTOR('',#3654,1.170949743789E0);
#3656=CARTESIAN_POINT('',(-1.3725E1,-3.229733613052E0,1.005156E0));
#3657=LINE('262612',#3656,#3655);
#3658=DIRECTION('',(0.E0,9.654452819790E-1,2.606058470267E-1));
#3659=VECTOR('',#3658,1.127073714390E0);
#3660=CARTESIAN_POINT('',(-1.3725E1,-4.327072613052E0,4.499999999999E-1));
#3661=LINE('262608',#3660,#3659);
#3662=DIRECTION('',(0.E0,9.447080890265E-1,-3.279125287755E-1));
#3663=VECTOR('',#3662,8.957327769597E-1);
#3664=CARTESIAN_POINT('',(-1.3725E1,-3.238944613052E0,7.43722E-1));
#3665=LINE('262607',#3664,#3663);
#3666=DIRECTION('',(1.694967424026E-13,-3.840663340630E-1,9.233055025502E-1));
#3667=VECTOR('',#3666,7.336127939417E-1);
#3668=CARTESIAN_POINT('',(-1.3725E1,-2.5E-1,-1.118046385894E0));
#3669=LINE('263273',#3668,#3667);
#3670=DIRECTION('',(0.E0,-6.247562038889E-1,-7.808198804477E-1));
#3671=VECTOR('',#3670,2.764455862066E-1);
#3672=CARTESIAN_POINT('',(-1.3725E1,-5.317559763909E-1,-4.406976565069E-1));
#3673=LINE('262605',#3672,#3671);
#3674=DIRECTION('',(-1.042379625745E-13,3.809781629644E-1,-9.245840358476E-1));
#3675=VECTOR('',#3674,1.192895329945E0);
#3676=CARTESIAN_POINT('',(-1.3725E1,-7.044670714111E-1,-6.565518660790E-1));
#3677=LINE('263274',#3676,#3675);
#3678=DIRECTION('',(-3.197442310921E-13,4.884981308352E-14,1.E0));
#3679=VECTOR('',#3678,3.999999999999E-1);
#3680=CARTESIAN_POINT('',(-1.3275E1,-1.35E0,2.05E0));
#3681=LINE('262945',#3680,#3679);
#3682=DIRECTION('',(1.381610875089E-13,1.E0,1.159566270164E-13));
#3683=VECTOR('',#3682,9.000000000001E-1);
#3684=CARTESIAN_POINT('',(-1.3275E1,-1.35E0,2.45E0));
#3685=LINE('262946',#3684,#3683);
#3686=DIRECTION('',(1.E0,0.E0,-3.059281223413E-13));
#3687=VECTOR('',#3686,4.499999999997E-1);
#3688=CARTESIAN_POINT('',(-1.3725E1,-1.35E0,2.45E0));
#3689=LINE('262602',#3688,#3687);
#3690=DIRECTION('',(2.848663565349E-13,1.E0,1.539306452103E-12));
#3691=VECTOR('',#3690,4.427386130520E-1);
#3692=CARTESIAN_POINT('',(-1.3275E1,-2.392738613052E0,4.499999999993E-1));
#3693=LINE('262944',#3692,#3691);
#3694=DIRECTION('',(-1.E0,0.E0,1.515084354273E-12));
#3695=VECTOR('',#3694,4.499999999997E-1);
#3696=CARTESIAN_POINT('',(-1.3275E1,-2.392738613052E0,4.499999999993E-1));
#3697=LINE('262601',#3696,#3695);
#3698=DIRECTION('',(1.E0,0.E0,-1.326346440086E-12));
#3699=VECTOR('',#3698,4.499999999997E-1);
#3700=CARTESIAN_POINT('',(-1.3725E1,-3.238944613052E0,7.43722E-1));
#3701=LINE('262621',#3700,#3699);
#3702=DIRECTION('',(1.E0,0.E0,-1.514837638045E-12));
#3703=VECTOR('',#3702,4.499999999997E-1);
#3704=CARTESIAN_POINT('',(-1.3725E1,-4.327072613052E0,4.499999999999E-1));
#3705=LINE('262620',#3704,#3703);
#3706=DIRECTION('',(0.E0,1.E0,-1.093421581675E-13));
#3707=VECTOR('',#3706,6.229269999998E-1);
#3708=CARTESIAN_POINT('',(-1.3275E1,-4.949999613052E0,4.499999999993E-1));
#3709=LINE('262598',#3708,#3707);
#3710=DIRECTION('',(0.E0,-1.E0,1.093421581675E-13));
#3711=VECTOR('',#3710,6.229269999998E-1);
#3712=CARTESIAN_POINT('',(-1.3725E1,-4.327072613052E0,4.499999999999E-1));
#3713=LINE('262609',#3712,#3711);
#3714=DIRECTION('',(1.E0,0.E0,-1.514837638045E-12));
#3715=VECTOR('',#3714,4.499999999997E-1);
#3716=CARTESIAN_POINT('',(-1.3725E1,-4.949999613052E0,4.5E-1));
#3717=LINE('262619',#3716,#3715);
#3718=DIRECTION('',(0.E0,-2.557953848736E-13,-1.E0));
#3719=VECTOR('',#3718,2.500000000001E-1);
#3720=CARTESIAN_POINT('',(-1.3275E1,-4.949999613052E0,6.999999999994E-1));
#3721=LINE('262597',#3720,#3719);
#3722=DIRECTION('',(0.E0,2.557953848736E-13,1.E0));
#3723=VECTOR('',#3722,2.5E-1);
#3724=CARTESIAN_POINT('',(-1.3725E1,-4.949999613052E0,4.5E-1));
#3725=LINE('262610',#3724,#3723);
#3726=DIRECTION('',(1.E0,0.E0,-1.354718806271E-12));
#3727=VECTOR('',#3726,4.499999999997E-1);
#3728=CARTESIAN_POINT('',(-1.3725E1,-4.949999613052E0,7.E-1));
#3729=LINE('262618',#3728,#3727);
#3730=DIRECTION('',(0.E0,-1.E0,0.E0));
#3731=VECTOR('',#3730,5.897779999999E-1);
#3732=CARTESIAN_POINT('',(-1.3275E1,-4.360221613052E0,6.999999999994E-1));
#3733=LINE('262596',#3732,#3731);
#3734=DIRECTION('',(0.E0,1.E0,0.E0));
#3735=VECTOR('',#3734,5.897779999999E-1);
#3736=CARTESIAN_POINT('',(-1.3725E1,-4.949999613052E0,7.E-1));
#3737=LINE('262611',#3736,#3735);
#3738=DIRECTION('',(1.E0,0.E0,-1.354965522499E-12));
#3739=VECTOR('',#3738,4.499999999997E-1);
#3740=CARTESIAN_POINT('',(-1.3725E1,-4.360221613052E0,7.E-1));
#3741=LINE('262617',#3740,#3739);
#3742=DIRECTION('',(1.E0,0.E0,-1.158579405254E-12));
#3743=VECTOR('',#3742,4.499999999997E-1);
#3744=CARTESIAN_POINT('',(-1.3725E1,-3.229733613052E0,1.005156E0));
#3745=LINE('262616',#3744,#3743);
#3746=DIRECTION('',(1.E0,0.E0,-1.354965522499E-12));
#3747=VECTOR('',#3746,4.499999999997E-1);
#3748=CARTESIAN_POINT('',(-1.3725E1,-2.350584613052E0,7.E-1));
#3749=LINE('262614',#3748,#3747);
#3750=DIRECTION('',(-3.148431854048E-13,-1.E0,-1.526546008107E-12));
#3751=VECTOR('',#3750,4.005846130520E-1);
#3752=CARTESIAN_POINT('',(-1.3275E1,-1.95E0,7.E-1));
#3753=LINE('262948',#3752,#3751);
#3754=DIRECTION('',(-3.104087743427E-13,1.E0,0.E0));
#3755=VECTOR('',#3754,4.005846130520E-1);
#3756=CARTESIAN_POINT('',(-1.3725E1,-2.350584613052E0,7.E-1));
#3757=LINE('262952',#3756,#3755);
#3758=DIRECTION('',(1.E0,0.E0,-2.087342644410E-12));
#3759=VECTOR('',#3758,4.499999999997E-1);
#3760=CARTESIAN_POINT('',(-1.3725E1,-5.317559763909E-1,-4.406976565069E-1));
#3761=LINE('262603',#3760,#3759);
#3762=DIRECTION('',(1.E0,0.E0,-2.226120522489E-12));
#3763=VECTOR('',#3762,4.499999999997E-1);
#3764=CARTESIAN_POINT('',(-1.3725E1,-7.044670714111E-1,-6.565518660790E-1));
#3765=LINE('262604',#3764,#3763);
#3766=DIRECTION('',(-5.044853423900E-13,-1.367794766339E-13,1.E0));
#3767=VECTOR('',#3766,2.499999999998E-1);
#3768=CARTESIAN_POINT('',(-1.1275E1,1.2E0,2.45E0));
#3769=LINE('262930',#3768,#3767);
#3770=DIRECTION('',(0.E0,-9.447080890264E-1,3.279125287756E-1));
#3771=VECTOR('',#3770,8.957327769598E-1);
#3772=CARTESIAN_POINT('',(-1.1275E1,-2.392738613052E0,4.499999999993E-1));
#3773=LINE('262631',#3772,#3771);
#3774=DIRECTION('',(0.E0,-9.654452819790E-1,-2.606058470267E-1));
#3775=VECTOR('',#3774,1.127073714390E0);
#3776=CARTESIAN_POINT('',(-1.1275E1,-3.238944613052E0,7.437219999994E-1));
#3777=LINE('262630',#3776,#3775);
#3778=DIRECTION('',(0.E0,9.654453626180E-1,2.606055482899E-1));
#3779=VECTOR('',#3778,1.170949743789E0);
#3780=CARTESIAN_POINT('',(-1.1275E1,-4.360221613052E0,6.999999999994E-1));
#3781=LINE('262626',#3780,#3779);
#3782=DIRECTION('',(0.E0,9.447083110677E-1,-3.279118890793E-1));
#3783=VECTOR('',#3782,9.306036473909E-1);
#3784=CARTESIAN_POINT('',(-1.1275E1,-3.229733613052E0,1.005155999999E0));
#3785=LINE('262625',#3784,#3783);
#3786=DIRECTION('',(-1.057270763256E-13,-3.809781629647E-1,9.245840358475E-1));
#3787=VECTOR('',#3786,1.192895329944E0);
#3788=CARTESIAN_POINT('',(-1.1275E1,-2.5E-1,-1.759483844583E0));
#3789=LINE('263252',#3788,#3787);
#3790=DIRECTION('',(0.E0,6.247562038888E-1,7.808198804478E-1));
#3791=VECTOR('',#3790,2.764455862066E-1);
#3792=CARTESIAN_POINT('',(-1.1275E1,-7.044670714111E-1,-6.565518660800E-1));
#3793=LINE('262623',#3792,#3791);
#3794=DIRECTION('',(1.719181244372E-13,3.840663340634E-1,-9.233055025500E-1));
#3795=VECTOR('',#3794,7.336127939408E-1);
#3796=CARTESIAN_POINT('',(-1.1275E1,-5.317559763909E-1,-4.406976565078E-1));
#3797=LINE('263251',#3796,#3795);
#3798=DIRECTION('',(0.E0,-1.E0,4.662936703426E-14));
#3799=VECTOR('',#3798,2.8E0);
#3800=CARTESIAN_POINT('',(-1.1275E1,1.2E0,2.7E0));
#3801=LINE('262624',#3800,#3799);
#3802=DIRECTION('',(-1.E0,0.E0,1.440822769737E-13));
#3803=VECTOR('',#3802,4.499999999997E-1);
#3804=CARTESIAN_POINT('',(-1.1275E1,-1.6E0,2.7E0));
#3805=LINE('262646',#3804,#3803);
#3806=DIRECTION('',(0.E0,1.E0,-4.678797032349E-14));
#3807=VECTOR('',#3806,2.8E0);
#3808=CARTESIAN_POINT('',(-1.1725E1,-1.6E0,2.7E0));
#3809=LINE('262637',#3808,#3807);
#3810=DIRECTION('',(1.E0,0.E0,-1.450691418844E-13));
#3811=VECTOR('',#3810,4.499999999997E-1);
#3812=CARTESIAN_POINT('',(-1.1725E1,1.2E0,2.7E0));
#3813=LINE('262622',#3812,#3811);
#3814=DIRECTION('',(1.940328239960E-13,-2.732856676001E-14,-1.E0));
#3815=VECTOR('',#3814,6.5E-1);
#3816=CARTESIAN_POINT('',(-1.1275E1,-1.6E0,2.7E0));
#3817=LINE('262935',#3816,#3815);
#3818=DIRECTION('',(1.912999673200E-13,2.732856676E-14,1.E0));
#3819=VECTOR('',#3818,6.5E-1);
#3820=CARTESIAN_POINT('',(-1.1725E1,-1.6E0,2.05E0));
#3821=LINE('262941',#3820,#3819);
#3822=DIRECTION('',(-4.973799150323E-13,1.350031197945E-13,-1.E0));
#3823=VECTOR('',#3822,2.499999999999E-1);
#3824=CARTESIAN_POINT('',(-1.1725E1,1.2E0,2.7E0));
#3825=LINE('262931',#3824,#3823);
#3826=DIRECTION('',(-3.108624468950E-13,-4.829470157119E-14,-1.E0));
#3827=VECTOR('',#3826,4.E-1);
#3828=CARTESIAN_POINT('',(-1.1725E1,-1.35E0,2.45E0));
#3829=LINE('262938',#3828,#3827);
#3830=DIRECTION('',(1.381610875089E-13,-1.E0,3.750086660956E-14));
#3831=VECTOR('',#3830,9.000000000001E-1);
#3832=CARTESIAN_POINT('',(-1.1725E1,-4.499999999999E-1,2.45E0));
#3833=LINE('262939',#3832,#3831);
#3834=DIRECTION('',(2.808541543301E-13,-1.E0,0.E0));
#3835=VECTOR('',#3834,4.427386130520E-1);
#3836=CARTESIAN_POINT('',(-1.1725E1,-1.95E0,4.5E-1));
#3837=LINE('262937',#3836,#3835);
#3838=DIRECTION('',(0.E0,-9.447083110677E-1,3.279118890793E-1));
#3839=VECTOR('',#3838,9.306036473908E-1);
#3840=CARTESIAN_POINT('',(-1.1725E1,-2.350584613052E0,7.E-1));
#3841=LINE('262644',#3840,#3839);
#3842=DIRECTION('',(0.E0,-9.654453626180E-1,-2.606055482898E-1));
#3843=VECTOR('',#3842,1.170949743789E0);
#3844=CARTESIAN_POINT('',(-1.1725E1,-3.229733613052E0,1.005156E0));
#3845=LINE('262643',#3844,#3843);
#3846=DIRECTION('',(0.E0,9.654452819790E-1,2.606058470267E-1));
#3847=VECTOR('',#3846,1.127073714390E0);
#3848=CARTESIAN_POINT('',(-1.1725E1,-4.327072613052E0,4.499999999999E-1));
#3849=LINE('262639',#3848,#3847);
#3850=DIRECTION('',(0.E0,9.447080890265E-1,-3.279125287755E-1));
#3851=VECTOR('',#3850,8.957327769597E-1);
#3852=CARTESIAN_POINT('',(-1.1725E1,-3.238944613052E0,7.43722E-1));
#3853=LINE('262638',#3852,#3851);
#3854=DIRECTION('',(1.694967424026E-13,-3.840663340630E-1,9.233055025502E-1));
#3855=VECTOR('',#3854,7.336127939417E-1);
#3856=CARTESIAN_POINT('',(-1.1725E1,-2.5E-1,-1.118046385894E0));
#3857=LINE('263253',#3856,#3855);
#3858=DIRECTION('',(0.E0,-6.247562038889E-1,-7.808198804477E-1));
#3859=VECTOR('',#3858,2.764455862066E-1);
#3860=CARTESIAN_POINT('',(-1.1725E1,-5.317559763909E-1,-4.406976565069E-1));
#3861=LINE('262636',#3860,#3859);
#3862=DIRECTION('',(-1.042379625745E-13,3.809781629644E-1,-9.245840358476E-1));
#3863=VECTOR('',#3862,1.192895329945E0);
#3864=CARTESIAN_POINT('',(-1.1725E1,-7.044670714111E-1,-6.565518660790E-1));
#3865=LINE('263254',#3864,#3863);
#3866=DIRECTION('',(-3.153033389936E-13,4.829470157121E-14,1.E0));
#3867=VECTOR('',#3866,3.999999999999E-1);
#3868=CARTESIAN_POINT('',(-1.1275E1,-1.35E0,2.05E0));
#3869=LINE('262933',#3868,#3867);
#3870=DIRECTION('',(1.381610875089E-13,1.E0,1.159566270164E-13));
#3871=VECTOR('',#3870,9.000000000001E-1);
#3872=CARTESIAN_POINT('',(-1.1275E1,-1.35E0,2.45E0));
#3873=LINE('262934',#3872,#3871);
#3874=DIRECTION('',(1.E0,0.E0,-3.059281223413E-13));
#3875=VECTOR('',#3874,4.499999999997E-1);
#3876=CARTESIAN_POINT('',(-1.1725E1,-1.35E0,2.45E0));
#3877=LINE('262633',#3876,#3875);
#3878=DIRECTION('',(2.848663565349E-13,1.E0,1.539306452103E-12));
#3879=VECTOR('',#3878,4.427386130520E-1);
#3880=CARTESIAN_POINT('',(-1.1275E1,-2.392738613052E0,4.499999999993E-1));
#3881=LINE('262932',#3880,#3879);
#3882=DIRECTION('',(-1.E0,0.E0,1.515084354273E-12));
#3883=VECTOR('',#3882,4.499999999997E-1);
#3884=CARTESIAN_POINT('',(-1.1275E1,-2.392738613052E0,4.499999999993E-1));
#3885=LINE('262632',#3884,#3883);
#3886=DIRECTION('',(1.E0,0.E0,-1.326346440086E-12));
#3887=VECTOR('',#3886,4.499999999997E-1);
#3888=CARTESIAN_POINT('',(-1.1725E1,-3.238944613052E0,7.43722E-1));
#3889=LINE('262652',#3888,#3887);
#3890=DIRECTION('',(1.E0,0.E0,-1.514837638045E-12));
#3891=VECTOR('',#3890,4.499999999997E-1);
#3892=CARTESIAN_POINT('',(-1.1725E1,-4.327072613052E0,4.499999999999E-1));
#3893=LINE('262651',#3892,#3891);
#3894=DIRECTION('',(0.E0,1.E0,-1.093421581675E-13));
#3895=VECTOR('',#3894,6.229269999998E-1);
#3896=CARTESIAN_POINT('',(-1.1275E1,-4.949999613052E0,4.499999999993E-1));
#3897=LINE('262629',#3896,#3895);
#3898=DIRECTION('',(0.E0,-1.E0,1.093421581675E-13));
#3899=VECTOR('',#3898,6.229269999998E-1);
#3900=CARTESIAN_POINT('',(-1.1725E1,-4.327072613052E0,4.499999999999E-1));
#3901=LINE('262640',#3900,#3899);
#3902=DIRECTION('',(1.E0,0.E0,-1.514837638045E-12));
#3903=VECTOR('',#3902,4.499999999997E-1);
#3904=CARTESIAN_POINT('',(-1.1725E1,-4.949999613052E0,4.5E-1));
#3905=LINE('262650',#3904,#3903);
#3906=DIRECTION('',(0.E0,-2.557953848736E-13,-1.E0));
#3907=VECTOR('',#3906,2.500000000001E-1);
#3908=CARTESIAN_POINT('',(-1.1275E1,-4.949999613052E0,6.999999999994E-1));
#3909=LINE('262628',#3908,#3907);
#3910=DIRECTION('',(0.E0,2.557953848736E-13,1.E0));
#3911=VECTOR('',#3910,2.5E-1);
#3912=CARTESIAN_POINT('',(-1.1725E1,-4.949999613052E0,4.5E-1));
#3913=LINE('262641',#3912,#3911);
#3914=DIRECTION('',(1.E0,0.E0,-1.354718806271E-12));
#3915=VECTOR('',#3914,4.499999999997E-1);
#3916=CARTESIAN_POINT('',(-1.1725E1,-4.949999613052E0,7.E-1));
#3917=LINE('262649',#3916,#3915);
#3918=DIRECTION('',(0.E0,-1.E0,0.E0));
#3919=VECTOR('',#3918,5.897779999999E-1);
#3920=CARTESIAN_POINT('',(-1.1275E1,-4.360221613052E0,6.999999999994E-1));
#3921=LINE('262627',#3920,#3919);
#3922=DIRECTION('',(0.E0,1.E0,0.E0));
#3923=VECTOR('',#3922,5.897779999999E-1);
#3924=CARTESIAN_POINT('',(-1.1725E1,-4.949999613052E0,7.E-1));
#3925=LINE('262642',#3924,#3923);
#3926=DIRECTION('',(1.E0,0.E0,-1.354965522499E-12));
#3927=VECTOR('',#3926,4.499999999997E-1);
#3928=CARTESIAN_POINT('',(-1.1725E1,-4.360221613052E0,7.E-1));
#3929=LINE('262648',#3928,#3927);
#3930=DIRECTION('',(1.E0,0.E0,-1.158579405254E-12));
#3931=VECTOR('',#3930,4.499999999997E-1);
#3932=CARTESIAN_POINT('',(-1.1725E1,-3.229733613052E0,1.005156E0));
#3933=LINE('262647',#3932,#3931);
#3934=DIRECTION('',(1.E0,0.E0,-1.354965522499E-12));
#3935=VECTOR('',#3934,4.499999999997E-1);
#3936=CARTESIAN_POINT('',(-1.1725E1,-2.350584613052E0,7.E-1));
#3937=LINE('262645',#3936,#3935);
#3938=DIRECTION('',(-3.148431854048E-13,-1.E0,-1.526546008107E-12));
#3939=VECTOR('',#3938,4.005846130520E-1);
#3940=CARTESIAN_POINT('',(-1.1275E1,-1.95E0,7.E-1));
#3941=LINE('262936',#3940,#3939);
#3942=DIRECTION('',(-3.104087743427E-13,1.E0,0.E0));
#3943=VECTOR('',#3942,4.005846130520E-1);
#3944=CARTESIAN_POINT('',(-1.1725E1,-2.350584613052E0,7.E-1));
#3945=LINE('262940',#3944,#3943);
#3946=DIRECTION('',(1.E0,0.E0,-2.087342644410E-12));
#3947=VECTOR('',#3946,4.499999999997E-1);
#3948=CARTESIAN_POINT('',(-1.1725E1,-5.317559763909E-1,-4.406976565069E-1));
#3949=LINE('262634',#3948,#3947);
#3950=DIRECTION('',(1.E0,0.E0,-2.226120522489E-12));
#3951=VECTOR('',#3950,4.499999999997E-1);
#3952=CARTESIAN_POINT('',(-1.1725E1,-7.044670714111E-1,-6.565518660790E-1));
#3953=LINE('262635',#3952,#3951);
#3954=DIRECTION('',(-5.115907697476E-13,-1.358912982142E-13,1.E0));
#3955=VECTOR('',#3954,2.499999999998E-1);
#3956=CARTESIAN_POINT('',(-9.275E0,1.2E0,2.45E0));
#3957=LINE('262918',#3956,#3955);
#3958=DIRECTION('',(0.E0,-9.447080890264E-1,3.279125287756E-1));
#3959=VECTOR('',#3958,8.957327769598E-1);
#3960=CARTESIAN_POINT('',(-9.275E0,-2.392738613052E0,4.499999999993E-1));
#3961=LINE('262445',#3960,#3959);
#3962=DIRECTION('',(0.E0,-9.654452819790E-1,-2.606058470267E-1));
#3963=VECTOR('',#3962,1.127073714390E0);
#3964=CARTESIAN_POINT('',(-9.275E0,-3.238944613052E0,7.437219999994E-1));
#3965=LINE('262444',#3964,#3963);
#3966=DIRECTION('',(0.E0,9.654453626180E-1,2.606055482899E-1));
#3967=VECTOR('',#3966,1.170949743789E0);
#3968=CARTESIAN_POINT('',(-9.275E0,-4.360221613052E0,6.999999999994E-1));
#3969=LINE('262440',#3968,#3967);
#3970=DIRECTION('',(0.E0,9.447083110677E-1,-3.279118890793E-1));
#3971=VECTOR('',#3970,9.306036473909E-1);
#3972=CARTESIAN_POINT('',(-9.275E0,-3.229733613052E0,1.005155999999E0));
#3973=LINE('262439',#3972,#3971);
#3974=DIRECTION('',(-1.072161900767E-13,-3.809781629647E-1,9.245840358475E-1));
#3975=VECTOR('',#3974,1.192895329944E0);
#3976=CARTESIAN_POINT('',(-9.275E0,-2.5E-1,-1.759483844583E0));
#3977=LINE('263232',#3976,#3975);
#3978=DIRECTION('',(0.E0,6.247562038888E-1,7.808198804478E-1));
#3979=VECTOR('',#3978,2.764455862066E-1);
#3980=CARTESIAN_POINT('',(-9.275E0,-7.044670714111E-1,-6.565518660800E-1));
#3981=LINE('262437',#3980,#3979);
#3982=DIRECTION('',(1.743395064715E-13,3.840663340634E-1,-9.233055025500E-1));
#3983=VECTOR('',#3982,7.336127939408E-1);
#3984=CARTESIAN_POINT('',(-9.275E0,-5.317559763909E-1,-4.406976565078E-1));
#3985=LINE('263231',#3984,#3983);
#3986=DIRECTION('',(0.E0,-1.E0,4.662936703426E-14));
#3987=VECTOR('',#3986,2.8E0);
#3988=CARTESIAN_POINT('',(-9.275E0,1.2E0,2.7E0));
#3989=LINE('262438',#3988,#3987);
#3990=DIRECTION('',(-1.E0,0.E0,1.440822769737E-13));
#3991=VECTOR('',#3990,4.499999999997E-1);
#3992=CARTESIAN_POINT('',(-9.275E0,-1.6E0,2.7E0));
#3993=LINE('262460',#3992,#3991);
#3994=DIRECTION('',(0.E0,1.E0,-4.678797032349E-14));
#3995=VECTOR('',#3994,2.8E0);
#3996=CARTESIAN_POINT('',(-9.725E0,-1.6E0,2.7E0));
#3997=LINE('262451',#3996,#3995);
#3998=DIRECTION('',(1.E0,0.E0,-1.450691418844E-13));
#3999=VECTOR('',#3998,4.499999999997E-1);
#4000=CARTESIAN_POINT('',(-9.725E0,1.2E0,2.7E0));
#4001=LINE('262436',#4000,#3999);
#4002=DIRECTION('',(1.967656806720E-13,-2.767017384451E-14,-1.E0));
#4003=VECTOR('',#4002,6.5E-1);
#4004=CARTESIAN_POINT('',(-9.275E0,-1.6E0,2.7E0));
#4005=LINE('262923',#4004,#4003);
#4006=DIRECTION('',(1.940328239960E-13,2.732856676E-14,1.E0));
#4007=VECTOR('',#4006,6.5E-1);
#4008=CARTESIAN_POINT('',(-9.725E0,-1.6E0,2.05E0));
#4009=LINE('262929',#4008,#4007);
#4010=DIRECTION('',(-5.044853423899E-13,1.367794766339E-13,-1.E0));
#4011=VECTOR('',#4010,2.499999999999E-1);
#4012=CARTESIAN_POINT('',(-9.725E0,1.2E0,2.7E0));
#4013=LINE('262919',#4012,#4011);
#4014=DIRECTION('',(-3.153033389935E-13,-4.829470157119E-14,-1.E0));
#4015=VECTOR('',#4014,4.E-1);
#4016=CARTESIAN_POINT('',(-9.725E0,-1.35E0,2.45E0));
#4017=LINE('262926',#4016,#4015);
#4018=DIRECTION('',(1.401348173305E-13,-1.E0,3.750086660956E-14));
#4019=VECTOR('',#4018,9.000000000001E-1);
#4020=CARTESIAN_POINT('',(-9.725E0,-4.499999999999E-1,2.45E0));
#4021=LINE('262927',#4020,#4019);
#4022=DIRECTION('',(2.848663565349E-13,-1.E0,0.E0));
#4023=VECTOR('',#4022,4.427386130520E-1);
#4024=CARTESIAN_POINT('',(-9.725E0,-1.95E0,4.5E-1));
#4025=LINE('262925',#4024,#4023);
#4026=DIRECTION('',(0.E0,-9.447083110677E-1,3.279118890793E-1));
#4027=VECTOR('',#4026,9.306036473908E-1);
#4028=CARTESIAN_POINT('',(-9.725E0,-2.350584613052E0,7.E-1));
#4029=LINE('262458',#4028,#4027);
#4030=DIRECTION('',(0.E0,-9.654453626180E-1,-2.606055482898E-1));
#4031=VECTOR('',#4030,1.170949743789E0);
#4032=CARTESIAN_POINT('',(-9.725E0,-3.229733613052E0,1.005156E0));
#4033=LINE('262457',#4032,#4031);
#4034=DIRECTION('',(0.E0,9.654452819790E-1,2.606058470267E-1));
#4035=VECTOR('',#4034,1.127073714390E0);
#4036=CARTESIAN_POINT('',(-9.725E0,-4.327072613052E0,4.499999999999E-1));
#4037=LINE('262453',#4036,#4035);
#4038=DIRECTION('',(0.E0,9.447080890265E-1,-3.279125287755E-1));
#4039=VECTOR('',#4038,8.957327769597E-1);
#4040=CARTESIAN_POINT('',(-9.725E0,-3.238944613052E0,7.43722E-1));
#4041=LINE('262452',#4040,#4039);
#4042=DIRECTION('',(1.719181244370E-13,-3.840663340630E-1,9.233055025502E-1));
#4043=VECTOR('',#4042,7.336127939417E-1);
#4044=CARTESIAN_POINT('',(-9.725E0,-2.5E-1,-1.118046385894E0));
#4045=LINE('263233',#4044,#4043);
#4046=DIRECTION('',(0.E0,-6.247562038889E-1,-7.808198804477E-1));
#4047=VECTOR('',#4046,2.764455862066E-1);
#4048=CARTESIAN_POINT('',(-9.725E0,-5.317559763909E-1,-4.406976565069E-1));
#4049=LINE('262450',#4048,#4047);
#4050=DIRECTION('',(-1.057270763255E-13,3.809781629644E-1,-9.245840358476E-1));
#4051=VECTOR('',#4050,1.192895329945E0);
#4052=CARTESIAN_POINT('',(-9.725E0,-7.044670714111E-1,-6.565518660790E-1));
#4053=LINE('263234',#4052,#4051);
#4054=DIRECTION('',(-3.197442310921E-13,4.884981308352E-14,1.E0));
#4055=VECTOR('',#4054,3.999999999999E-1);
#4056=CARTESIAN_POINT('',(-9.275E0,-1.35E0,2.05E0));
#4057=LINE('262921',#4056,#4055);
#4058=DIRECTION('',(1.401348173305E-13,1.E0,1.159566270164E-13));
#4059=VECTOR('',#4058,9.000000000001E-1);
#4060=CARTESIAN_POINT('',(-9.275E0,-1.35E0,2.45E0));
#4061=LINE('262922',#4060,#4059);
#4062=DIRECTION('',(1.E0,0.E0,-3.059281223413E-13));
#4063=VECTOR('',#4062,4.499999999997E-1);
#4064=CARTESIAN_POINT('',(-9.725E0,-1.35E0,2.45E0));
#4065=LINE('262447',#4064,#4063);
#4066=DIRECTION('',(2.888785587396E-13,1.E0,1.539306452103E-12));
#4067=VECTOR('',#4066,4.427386130520E-1);
#4068=CARTESIAN_POINT('',(-9.275E0,-2.392738613052E0,4.499999999993E-1));
#4069=LINE('262920',#4068,#4067);
#4070=DIRECTION('',(-1.E0,0.E0,1.515084354273E-12));
#4071=VECTOR('',#4070,4.499999999997E-1);
#4072=CARTESIAN_POINT('',(-9.275E0,-2.392738613052E0,4.499999999993E-1));
#4073=LINE('262446',#4072,#4071);
#4074=DIRECTION('',(1.E0,0.E0,-1.326346440086E-12));
#4075=VECTOR('',#4074,4.499999999997E-1);
#4076=CARTESIAN_POINT('',(-9.725E0,-3.238944613052E0,7.43722E-1));
#4077=LINE('262466',#4076,#4075);
#4078=DIRECTION('',(1.E0,0.E0,-1.514837638045E-12));
#4079=VECTOR('',#4078,4.499999999997E-1);
#4080=CARTESIAN_POINT('',(-9.725E0,-4.327072613052E0,4.499999999999E-1));
#4081=LINE('262465',#4080,#4079);
#4082=DIRECTION('',(0.E0,1.E0,-1.093421581675E-13));
#4083=VECTOR('',#4082,6.229269999998E-1);
#4084=CARTESIAN_POINT('',(-9.275E0,-4.949999613052E0,4.499999999993E-1));
#4085=LINE('262443',#4084,#4083);
#4086=DIRECTION('',(0.E0,-1.E0,1.093421581675E-13));
#4087=VECTOR('',#4086,6.229269999998E-1);
#4088=CARTESIAN_POINT('',(-9.725E0,-4.327072613052E0,4.499999999999E-1));
#4089=LINE('262454',#4088,#4087);
#4090=DIRECTION('',(1.E0,0.E0,-1.514837638045E-12));
#4091=VECTOR('',#4090,4.499999999997E-1);
#4092=CARTESIAN_POINT('',(-9.725E0,-4.949999613052E0,4.5E-1));
#4093=LINE('262464',#4092,#4091);
#4094=DIRECTION('',(0.E0,-2.593480985524E-13,-1.E0));
#4095=VECTOR('',#4094,2.500000000001E-1);
#4096=CARTESIAN_POINT('',(-9.275E0,-4.949999613052E0,6.999999999994E-1));
#4097=LINE('262442',#4096,#4095);
#4098=DIRECTION('',(0.E0,2.522426711948E-13,1.E0));
#4099=VECTOR('',#4098,2.5E-1);
#4100=CARTESIAN_POINT('',(-9.725E0,-4.949999613052E0,4.5E-1));
#4101=LINE('262455',#4100,#4099);
#4102=DIRECTION('',(1.E0,0.E0,-1.354718806271E-12));
#4103=VECTOR('',#4102,4.499999999997E-1);
#4104=CARTESIAN_POINT('',(-9.725E0,-4.949999613052E0,7.E-1));
#4105=LINE('262463',#4104,#4103);
#4106=DIRECTION('',(0.E0,-1.E0,0.E0));
#4107=VECTOR('',#4106,5.897779999999E-1);
#4108=CARTESIAN_POINT('',(-9.275E0,-4.360221613052E0,6.999999999994E-1));
#4109=LINE('262441',#4108,#4107);
#4110=DIRECTION('',(0.E0,1.E0,0.E0));
#4111=VECTOR('',#4110,5.897779999999E-1);
#4112=CARTESIAN_POINT('',(-9.725E0,-4.949999613052E0,7.E-1));
#4113=LINE('262456',#4112,#4111);
#4114=DIRECTION('',(1.E0,0.E0,-1.354965522499E-12));
#4115=VECTOR('',#4114,4.499999999997E-1);
#4116=CARTESIAN_POINT('',(-9.725E0,-4.360221613052E0,7.E-1));
#4117=LINE('262462',#4116,#4115);
#4118=DIRECTION('',(1.E0,0.E0,-1.158579405254E-12));
#4119=VECTOR('',#4118,4.499999999997E-1);
#4120=CARTESIAN_POINT('',(-9.725E0,-3.229733613052E0,1.005156E0));
#4121=LINE('262461',#4120,#4119);
#4122=DIRECTION('',(1.E0,0.E0,-1.354965522499E-12));
#4123=VECTOR('',#4122,4.499999999997E-1);
#4124=CARTESIAN_POINT('',(-9.725E0,-2.350584613052E0,7.E-1));
#4125=LINE('262459',#4124,#4123);
#4126=DIRECTION('',(-3.192775964668E-13,-1.E0,-1.526546008107E-12));
#4127=VECTOR('',#4126,4.005846130520E-1);
#4128=CARTESIAN_POINT('',(-9.275E0,-1.95E0,7.E-1));
#4129=LINE('262924',#4128,#4127);
#4130=DIRECTION('',(-3.148431854048E-13,1.E0,0.E0));
#4131=VECTOR('',#4130,4.005846130520E-1);
#4132=CARTESIAN_POINT('',(-9.725E0,-2.350584613052E0,7.E-1));
#4133=LINE('262928',#4132,#4131);
#4134=DIRECTION('',(1.E0,0.E0,-2.087342644410E-12));
#4135=VECTOR('',#4134,4.499999999997E-1);
#4136=CARTESIAN_POINT('',(-9.725E0,-5.317559763909E-1,-4.406976565069E-1));
#4137=LINE('262448',#4136,#4135);
#4138=DIRECTION('',(1.E0,0.E0,-2.226120522489E-12));
#4139=VECTOR('',#4138,4.499999999997E-1);
#4140=CARTESIAN_POINT('',(-9.725E0,-7.044670714111E-1,-6.565518660790E-1));
#4141=LINE('262449',#4140,#4139);
#4142=DIRECTION('',(0.E0,-1.350031197945E-13,1.E0));
#4143=VECTOR('',#4142,2.499999999998E-1);
#4144=CARTESIAN_POINT('',(-7.275E0,1.2E0,2.45E0));
#4145=LINE('262906',#4144,#4143);
#4146=DIRECTION('',(0.E0,-9.447080890264E-1,3.279125287756E-1));
#4147=VECTOR('',#4146,8.957327769598E-1);
#4148=CARTESIAN_POINT('',(-7.275E0,-2.392738613052E0,4.499999999993E-1));
#4149=LINE('262414',#4148,#4147);
#4150=DIRECTION('',(0.E0,-9.654452819790E-1,-2.606058470267E-1));
#4151=VECTOR('',#4150,1.127073714390E0);
#4152=CARTESIAN_POINT('',(-7.275E0,-3.238944613052E0,7.437219999994E-1));
#4153=LINE('262413',#4152,#4151);
#4154=DIRECTION('',(0.E0,9.654453626180E-1,2.606055482899E-1));
#4155=VECTOR('',#4154,1.170949743789E0);
#4156=CARTESIAN_POINT('',(-7.275E0,-4.360221613052E0,6.999999999994E-1));
#4157=LINE('262409',#4156,#4155);
#4158=DIRECTION('',(0.E0,9.447083110677E-1,-3.279118890793E-1));
#4159=VECTOR('',#4158,9.306036473909E-1);
#4160=CARTESIAN_POINT('',(-7.275E0,-3.229733613052E0,1.005155999999E0));
#4161=LINE('262408',#4160,#4159);
#4162=DIRECTION('',(0.E0,-3.809781629647E-1,9.245840358475E-1));
#4163=VECTOR('',#4162,1.192895329944E0);
#4164=CARTESIAN_POINT('',(-7.275E0,-2.5E-1,-1.759483844583E0));
#4165=LINE('263212',#4164,#4163);
#4166=DIRECTION('',(0.E0,6.247562038888E-1,7.808198804478E-1));
#4167=VECTOR('',#4166,2.764455862066E-1);
#4168=CARTESIAN_POINT('',(-7.275E0,-7.044670714111E-1,-6.565518660800E-1));
#4169=LINE('262406',#4168,#4167);
#4170=DIRECTION('',(0.E0,3.840663340634E-1,-9.233055025500E-1));
#4171=VECTOR('',#4170,7.336127939408E-1);
#4172=CARTESIAN_POINT('',(-7.275E0,-5.317559763909E-1,-4.406976565078E-1));
#4173=LINE('263211',#4172,#4171);
#4174=DIRECTION('',(0.E0,-1.E0,4.662936703426E-14));
#4175=VECTOR('',#4174,2.8E0);
#4176=CARTESIAN_POINT('',(-7.275E0,1.2E0,2.7E0));
#4177=LINE('262407',#4176,#4175);
#4178=DIRECTION('',(-1.E0,0.E0,1.440822769736E-13));
#4179=VECTOR('',#4178,4.5E-1);
#4180=CARTESIAN_POINT('',(-7.275E0,-1.6E0,2.7E0));
#4181=LINE('262429',#4180,#4179);
#4182=DIRECTION('',(0.E0,1.E0,-4.678797032349E-14));
#4183=VECTOR('',#4182,2.8E0);
#4184=CARTESIAN_POINT('',(-7.725E0,-1.6E0,2.7E0));
#4185=LINE('262420',#4184,#4183);
#4186=DIRECTION('',(1.E0,0.E0,-1.450691418844E-13));
#4187=VECTOR('',#4186,4.5E-1);
#4188=CARTESIAN_POINT('',(-7.725E0,1.2E0,2.7E0));
#4189=LINE('262405',#4188,#4187);
#4190=DIRECTION('',(0.E0,-2.732856676001E-14,-1.E0));
#4191=VECTOR('',#4190,6.5E-1);
#4192=CARTESIAN_POINT('',(-7.275E0,-1.6E0,2.7E0));
#4193=LINE('262911',#4192,#4191);
#4194=DIRECTION('',(0.E0,2.732856676E-14,1.E0));
#4195=VECTOR('',#4194,6.5E-1);
#4196=CARTESIAN_POINT('',(-7.725E0,-1.6E0,2.05E0));
#4197=LINE('262917',#4196,#4195);
#4198=DIRECTION('',(0.E0,1.350031197945E-13,-1.E0));
#4199=VECTOR('',#4198,2.499999999999E-1);
#4200=CARTESIAN_POINT('',(-7.725E0,1.2E0,2.7E0));
#4201=LINE('262907',#4200,#4199);
#4202=DIRECTION('',(0.E0,-4.884981308350E-14,-1.E0));
#4203=VECTOR('',#4202,4.E-1);
#4204=CARTESIAN_POINT('',(-7.725E0,-1.35E0,2.45E0));
#4205=LINE('262914',#4204,#4203);
#4206=DIRECTION('',(0.E0,-1.E0,3.750086660956E-14));
#4207=VECTOR('',#4206,9.000000000001E-1);
#4208=CARTESIAN_POINT('',(-7.725E0,-4.499999999999E-1,2.45E0));
#4209=LINE('262915',#4208,#4207);
#4210=DIRECTION('',(0.E0,-1.E0,0.E0));
#4211=VECTOR('',#4210,4.427386130520E-1);
#4212=CARTESIAN_POINT('',(-7.725E0,-1.95E0,4.5E-1));
#4213=LINE('262913',#4212,#4211);
#4214=DIRECTION('',(0.E0,-9.447083110677E-1,3.279118890793E-1));
#4215=VECTOR('',#4214,9.306036473908E-1);
#4216=CARTESIAN_POINT('',(-7.725E0,-2.350584613052E0,7.E-1));
#4217=LINE('262427',#4216,#4215);
#4218=DIRECTION('',(0.E0,-9.654453626180E-1,-2.606055482898E-1));
#4219=VECTOR('',#4218,1.170949743789E0);
#4220=CARTESIAN_POINT('',(-7.725E0,-3.229733613052E0,1.005156E0));
#4221=LINE('262426',#4220,#4219);
#4222=DIRECTION('',(0.E0,9.654452819790E-1,2.606058470267E-1));
#4223=VECTOR('',#4222,1.127073714390E0);
#4224=CARTESIAN_POINT('',(-7.725E0,-4.327072613052E0,4.499999999999E-1));
#4225=LINE('262422',#4224,#4223);
#4226=DIRECTION('',(0.E0,9.447080890265E-1,-3.279125287755E-1));
#4227=VECTOR('',#4226,8.957327769597E-1);
#4228=CARTESIAN_POINT('',(-7.725E0,-3.238944613052E0,7.43722E-1));
#4229=LINE('262421',#4228,#4227);
#4230=DIRECTION('',(0.E0,-3.840663340630E-1,9.233055025502E-1));
#4231=VECTOR('',#4230,7.336127939417E-1);
#4232=CARTESIAN_POINT('',(-7.725E0,-2.5E-1,-1.118046385894E0));
#4233=LINE('263213',#4232,#4231);
#4234=DIRECTION('',(0.E0,-6.247562038889E-1,-7.808198804477E-1));
#4235=VECTOR('',#4234,2.764455862066E-1);
#4236=CARTESIAN_POINT('',(-7.725E0,-5.317559763909E-1,-4.406976565069E-1));
#4237=LINE('262419',#4236,#4235);
#4238=DIRECTION('',(0.E0,3.809781629644E-1,-9.245840358476E-1));
#4239=VECTOR('',#4238,1.192895329945E0);
#4240=CARTESIAN_POINT('',(-7.725E0,-7.044670714111E-1,-6.565518660790E-1));
#4241=LINE('263214',#4240,#4239);
#4242=DIRECTION('',(0.E0,4.884981308352E-14,1.E0));
#4243=VECTOR('',#4242,3.999999999999E-1);
#4244=CARTESIAN_POINT('',(-7.275E0,-1.35E0,2.05E0));
#4245=LINE('262909',#4244,#4243);
#4246=DIRECTION('',(0.E0,1.E0,1.159566270164E-13));
#4247=VECTOR('',#4246,9.000000000001E-1);
#4248=CARTESIAN_POINT('',(-7.275E0,-1.35E0,2.45E0));
#4249=LINE('262910',#4248,#4247);
#4250=DIRECTION('',(1.E0,0.E0,-3.059281223412E-13));
#4251=VECTOR('',#4250,4.5E-1);
#4252=CARTESIAN_POINT('',(-7.725E0,-1.35E0,2.45E0));
#4253=LINE('262416',#4252,#4251);
#4254=DIRECTION('',(0.E0,1.E0,1.539306452103E-12));
#4255=VECTOR('',#4254,4.427386130520E-1);
#4256=CARTESIAN_POINT('',(-7.275E0,-2.392738613052E0,4.499999999993E-1));
#4257=LINE('262908',#4256,#4255);
#4258=DIRECTION('',(-1.E0,0.E0,1.515084354272E-12));
#4259=VECTOR('',#4258,4.5E-1);
#4260=CARTESIAN_POINT('',(-7.275E0,-2.392738613052E0,4.499999999993E-1));
#4261=LINE('262415',#4260,#4259);
#4262=DIRECTION('',(1.E0,0.E0,-1.326346440086E-12));
#4263=VECTOR('',#4262,4.5E-1);
#4264=CARTESIAN_POINT('',(-7.725E0,-3.238944613052E0,7.43722E-1));
#4265=LINE('262435',#4264,#4263);
#4266=DIRECTION('',(1.E0,0.E0,-1.514837638044E-12));
#4267=VECTOR('',#4266,4.5E-1);
#4268=CARTESIAN_POINT('',(-7.725E0,-4.327072613052E0,4.499999999999E-1));
#4269=LINE('262434',#4268,#4267);
#4270=DIRECTION('',(0.E0,1.E0,-1.093421581675E-13));
#4271=VECTOR('',#4270,6.229269999998E-1);
#4272=CARTESIAN_POINT('',(-7.275E0,-4.949999613052E0,4.499999999993E-1));
#4273=LINE('262412',#4272,#4271);
#4274=DIRECTION('',(0.E0,-1.E0,1.093421581675E-13));
#4275=VECTOR('',#4274,6.229269999998E-1);
#4276=CARTESIAN_POINT('',(-7.725E0,-4.327072613052E0,4.499999999999E-1));
#4277=LINE('262423',#4276,#4275);
#4278=DIRECTION('',(1.E0,0.E0,-1.514837638044E-12));
#4279=VECTOR('',#4278,4.5E-1);
#4280=CARTESIAN_POINT('',(-7.725E0,-4.949999613052E0,4.5E-1));
#4281=LINE('262433',#4280,#4279);
#4282=DIRECTION('',(0.E0,-2.593480985524E-13,-1.E0));
#4283=VECTOR('',#4282,2.500000000001E-1);
#4284=CARTESIAN_POINT('',(-7.275E0,-4.949999613052E0,6.999999999994E-1));
#4285=LINE('262411',#4284,#4283);
#4286=DIRECTION('',(0.E0,2.522426711948E-13,1.E0));
#4287=VECTOR('',#4286,2.5E-1);
#4288=CARTESIAN_POINT('',(-7.725E0,-4.949999613052E0,4.5E-1));
#4289=LINE('262424',#4288,#4287);
#4290=DIRECTION('',(1.E0,0.E0,-1.354718806270E-12));
#4291=VECTOR('',#4290,4.5E-1);
#4292=CARTESIAN_POINT('',(-7.725E0,-4.949999613052E0,7.E-1));
#4293=LINE('262432',#4292,#4291);
#4294=DIRECTION('',(0.E0,-1.E0,0.E0));
#4295=VECTOR('',#4294,5.897779999999E-1);
#4296=CARTESIAN_POINT('',(-7.275E0,-4.360221613052E0,6.999999999994E-1));
#4297=LINE('262410',#4296,#4295);
#4298=DIRECTION('',(0.E0,1.E0,0.E0));
#4299=VECTOR('',#4298,5.897779999999E-1);
#4300=CARTESIAN_POINT('',(-7.725E0,-4.949999613052E0,7.E-1));
#4301=LINE('262425',#4300,#4299);
#4302=DIRECTION('',(1.E0,0.E0,-1.354965522498E-12));
#4303=VECTOR('',#4302,4.5E-1);
#4304=CARTESIAN_POINT('',(-7.725E0,-4.360221613052E0,7.E-1));
#4305=LINE('262431',#4304,#4303);
#4306=DIRECTION('',(1.E0,0.E0,-1.158579405253E-12));
#4307=VECTOR('',#4306,4.5E-1);
#4308=CARTESIAN_POINT('',(-7.725E0,-3.229733613052E0,1.005156E0));
#4309=LINE('262430',#4308,#4307);
#4310=DIRECTION('',(1.E0,0.E0,-1.354965522498E-12));
#4311=VECTOR('',#4310,4.5E-1);
#4312=CARTESIAN_POINT('',(-7.725E0,-2.350584613052E0,7.E-1));
#4313=LINE('262428',#4312,#4311);
#4314=DIRECTION('',(0.E0,-1.E0,-1.526546008107E-12));
#4315=VECTOR('',#4314,4.005846130520E-1);
#4316=CARTESIAN_POINT('',(-7.275E0,-1.95E0,7.E-1));
#4317=LINE('262912',#4316,#4315);
#4318=DIRECTION('',(0.E0,1.E0,0.E0));
#4319=VECTOR('',#4318,4.005846130520E-1);
#4320=CARTESIAN_POINT('',(-7.725E0,-2.350584613052E0,7.E-1));
#4321=LINE('262916',#4320,#4319);
#4322=DIRECTION('',(1.E0,0.E0,-2.087342644409E-12));
#4323=VECTOR('',#4322,4.5E-1);
#4324=CARTESIAN_POINT('',(-7.725E0,-5.317559763909E-1,-4.406976565069E-1));
#4325=LINE('262417',#4324,#4323);
#4326=DIRECTION('',(1.E0,0.E0,-2.226120522487E-12));
#4327=VECTOR('',#4326,4.5E-1);
#4328=CARTESIAN_POINT('',(-7.725E0,-7.044670714111E-1,-6.565518660790E-1));
#4329=LINE('262418',#4328,#4327);
#4330=DIRECTION('',(-5.080380560688E-13,-1.358912982142E-13,1.E0));
#4331=VECTOR('',#4330,2.499999999998E-1);
#4332=CARTESIAN_POINT('',(-5.275E0,1.2E0,2.45E0));
#4333=LINE('262894',#4332,#4331);
#4334=DIRECTION('',(0.E0,-9.447080890264E-1,3.279125287756E-1));
#4335=VECTOR('',#4334,8.957327769598E-1);
#4336=CARTESIAN_POINT('',(-5.275E0,-2.392738613052E0,4.499999999993E-1));
#4337=LINE('262383',#4336,#4335);
#4338=DIRECTION('',(0.E0,-9.654452819790E-1,-2.606058470267E-1));
#4339=VECTOR('',#4338,1.127073714390E0);
#4340=CARTESIAN_POINT('',(-5.275E0,-3.238944613052E0,7.437219999994E-1));
#4341=LINE('262382',#4340,#4339);
#4342=DIRECTION('',(0.E0,9.654453626180E-1,2.606055482899E-1));
#4343=VECTOR('',#4342,1.170949743789E0);
#4344=CARTESIAN_POINT('',(-5.275E0,-4.360221613052E0,6.999999999994E-1));
#4345=LINE('262378',#4344,#4343);
#4346=DIRECTION('',(0.E0,9.447083110677E-1,-3.279118890793E-1));
#4347=VECTOR('',#4346,9.306036473909E-1);
#4348=CARTESIAN_POINT('',(-5.275E0,-3.229733613052E0,1.005155999999E0));
#4349=LINE('262377',#4348,#4347);
#4350=DIRECTION('',(-1.064716332011E-13,-3.809781629647E-1,9.245840358475E-1));
#4351=VECTOR('',#4350,1.192895329944E0);
#4352=CARTESIAN_POINT('',(-5.275E0,-2.5E-1,-1.759483844583E0));
#4353=LINE('263192',#4352,#4351);
#4354=DIRECTION('',(0.E0,6.247562038888E-1,7.808198804478E-1));
#4355=VECTOR('',#4354,2.764455862066E-1);
#4356=CARTESIAN_POINT('',(-5.275E0,-7.044670714111E-1,-6.565518660800E-1));
#4357=LINE('262375',#4356,#4355);
#4358=DIRECTION('',(1.731288154543E-13,3.840663340634E-1,-9.233055025500E-1));
#4359=VECTOR('',#4358,7.336127939408E-1);
#4360=CARTESIAN_POINT('',(-5.275E0,-5.317559763909E-1,-4.406976565078E-1));
#4361=LINE('263191',#4360,#4359);
#4362=DIRECTION('',(0.E0,-1.E0,4.662936703426E-14));
#4363=VECTOR('',#4362,2.8E0);
#4364=CARTESIAN_POINT('',(-5.275E0,1.2E0,2.7E0));
#4365=LINE('262376',#4364,#4363);
#4366=DIRECTION('',(-1.E0,0.E0,1.440822769737E-13));
#4367=VECTOR('',#4366,4.499999999997E-1);
#4368=CARTESIAN_POINT('',(-5.275E0,-1.6E0,2.7E0));
#4369=LINE('262398',#4368,#4367);
#4370=DIRECTION('',(0.E0,1.E0,-4.678797032349E-14));
#4371=VECTOR('',#4370,2.8E0);
#4372=CARTESIAN_POINT('',(-5.725E0,-1.6E0,2.7E0));
#4373=LINE('262389',#4372,#4371);
#4374=DIRECTION('',(1.E0,0.E0,-1.450691418844E-13));
#4375=VECTOR('',#4374,4.499999999997E-1);
#4376=CARTESIAN_POINT('',(-5.725E0,1.2E0,2.7E0));
#4377=LINE('262374',#4376,#4375);
#4378=DIRECTION('',(1.953992523340E-13,-2.732856676001E-14,-1.E0));
#4379=VECTOR('',#4378,6.5E-1);
#4380=CARTESIAN_POINT('',(-5.275E0,-1.6E0,2.7E0));
#4381=LINE('262899',#4380,#4379);
#4382=DIRECTION('',(1.940328239960E-13,2.767017384450E-14,1.E0));
#4383=VECTOR('',#4382,6.5E-1);
#4384=CARTESIAN_POINT('',(-5.725E0,-1.6E0,2.05E0));
#4385=LINE('262905',#4384,#4383);
#4386=DIRECTION('',(-5.044853423899E-13,1.341149413748E-13,-1.E0));
#4387=VECTOR('',#4386,2.499999999999E-1);
#4388=CARTESIAN_POINT('',(-5.725E0,1.2E0,2.7E0));
#4389=LINE('262895',#4388,#4387);
#4390=DIRECTION('',(-3.153033389935E-13,-4.884981308350E-14,-1.E0));
#4391=VECTOR('',#4390,4.E-1);
#4392=CARTESIAN_POINT('',(-5.725E0,-1.35E0,2.45E0));
#4393=LINE('262902',#4392,#4391);
#4394=DIRECTION('',(1.411216822412E-13,-1.E0,3.750086660956E-14));
#4395=VECTOR('',#4394,9.000000000001E-1);
#4396=CARTESIAN_POINT('',(-5.725E0,-4.499999999999E-1,2.45E0));
#4397=LINE('262903',#4396,#4395);
#4398=DIRECTION('',(2.848663565349E-13,-1.E0,0.E0));
#4399=VECTOR('',#4398,4.427386130520E-1);
#4400=CARTESIAN_POINT('',(-5.725E0,-1.95E0,4.5E-1));
#4401=LINE('262901',#4400,#4399);
#4402=DIRECTION('',(0.E0,-9.447083110677E-1,3.279118890793E-1));
#4403=VECTOR('',#4402,9.306036473908E-1);
#4404=CARTESIAN_POINT('',(-5.725E0,-2.350584613052E0,7.E-1));
#4405=LINE('262396',#4404,#4403);
#4406=DIRECTION('',(0.E0,-9.654453626180E-1,-2.606055482898E-1));
#4407=VECTOR('',#4406,1.170949743789E0);
#4408=CARTESIAN_POINT('',(-5.725E0,-3.229733613052E0,1.005156E0));
#4409=LINE('262395',#4408,#4407);
#4410=DIRECTION('',(0.E0,9.654452819790E-1,2.606058470267E-1));
#4411=VECTOR('',#4410,1.127073714390E0);
#4412=CARTESIAN_POINT('',(-5.725E0,-4.327072613052E0,4.499999999999E-1));
#4413=LINE('262391',#4412,#4411);
#4414=DIRECTION('',(0.E0,9.447080890265E-1,-3.279125287755E-1));
#4415=VECTOR('',#4414,8.957327769597E-1);
#4416=CARTESIAN_POINT('',(-5.725E0,-3.238944613052E0,7.43722E-1));
#4417=LINE('262390',#4416,#4415);
#4418=DIRECTION('',(1.719181244370E-13,-3.840663340630E-1,9.233055025502E-1));
#4419=VECTOR('',#4418,7.336127939417E-1);
#4420=CARTESIAN_POINT('',(-5.725E0,-2.5E-1,-1.118046385894E0));
#4421=LINE('263193',#4420,#4419);
#4422=DIRECTION('',(0.E0,-6.247562038889E-1,-7.808198804477E-1));
#4423=VECTOR('',#4422,2.764455862066E-1);
#4424=CARTESIAN_POINT('',(-5.725E0,-5.317559763909E-1,-4.406976565069E-1));
#4425=LINE('262388',#4424,#4423);
#4426=DIRECTION('',(-1.057270763255E-13,3.809781629644E-1,-9.245840358476E-1));
#4427=VECTOR('',#4426,1.192895329945E0);
#4428=CARTESIAN_POINT('',(-5.725E0,-7.044670714111E-1,-6.565518660790E-1));
#4429=LINE('263194',#4428,#4427);
#4430=DIRECTION('',(-3.175237850429E-13,4.884981308352E-14,1.E0));
#4431=VECTOR('',#4430,3.999999999999E-1);
#4432=CARTESIAN_POINT('',(-5.275E0,-1.35E0,2.05E0));
#4433=LINE('262897',#4432,#4431);
#4434=DIRECTION('',(1.411216822412E-13,1.E0,1.159566270164E-13));
#4435=VECTOR('',#4434,9.000000000001E-1);
#4436=CARTESIAN_POINT('',(-5.275E0,-1.35E0,2.45E0));
#4437=LINE('262898',#4436,#4435);
#4438=DIRECTION('',(1.E0,0.E0,-3.059281223413E-13));
#4439=VECTOR('',#4438,4.499999999997E-1);
#4440=CARTESIAN_POINT('',(-5.725E0,-1.35E0,2.45E0));
#4441=LINE('262385',#4440,#4439);
#4442=DIRECTION('',(2.868724576372E-13,1.E0,1.539306452103E-12));
#4443=VECTOR('',#4442,4.427386130520E-1);
#4444=CARTESIAN_POINT('',(-5.275E0,-2.392738613052E0,4.499999999993E-1));
#4445=LINE('262896',#4444,#4443);
#4446=DIRECTION('',(-1.E0,0.E0,1.515084354273E-12));
#4447=VECTOR('',#4446,4.499999999997E-1);
#4448=CARTESIAN_POINT('',(-5.275E0,-2.392738613052E0,4.499999999993E-1));
#4449=LINE('262384',#4448,#4447);
#4450=DIRECTION('',(1.E0,0.E0,-1.326346440086E-12));
#4451=VECTOR('',#4450,4.499999999997E-1);
#4452=CARTESIAN_POINT('',(-5.725E0,-3.238944613052E0,7.43722E-1));
#4453=LINE('262404',#4452,#4451);
#4454=DIRECTION('',(1.E0,0.E0,-1.514837638045E-12));
#4455=VECTOR('',#4454,4.499999999997E-1);
#4456=CARTESIAN_POINT('',(-5.725E0,-4.327072613052E0,4.499999999999E-1));
#4457=LINE('262403',#4456,#4455);
#4458=DIRECTION('',(0.E0,1.E0,-1.093421581675E-13));
#4459=VECTOR('',#4458,6.229269999998E-1);
#4460=CARTESIAN_POINT('',(-5.275E0,-4.949999613052E0,4.499999999993E-1));
#4461=LINE('262381',#4460,#4459);
#4462=DIRECTION('',(0.E0,-1.E0,1.093421581675E-13));
#4463=VECTOR('',#4462,6.229269999998E-1);
#4464=CARTESIAN_POINT('',(-5.725E0,-4.327072613052E0,4.499999999999E-1));
#4465=LINE('262392',#4464,#4463);
#4466=DIRECTION('',(1.E0,0.E0,-1.514837638045E-12));
#4467=VECTOR('',#4466,4.499999999997E-1);
#4468=CARTESIAN_POINT('',(-5.725E0,-4.949999613052E0,4.5E-1));
#4469=LINE('262402',#4468,#4467);
#4470=DIRECTION('',(0.E0,-2.593480985524E-13,-1.E0));
#4471=VECTOR('',#4470,2.500000000001E-1);
#4472=CARTESIAN_POINT('',(-5.275E0,-4.949999613052E0,6.999999999994E-1));
#4473=LINE('262380',#4472,#4471);
#4474=DIRECTION('',(0.E0,2.522426711948E-13,1.E0));
#4475=VECTOR('',#4474,2.5E-1);
#4476=CARTESIAN_POINT('',(-5.725E0,-4.949999613052E0,4.5E-1));
#4477=LINE('262393',#4476,#4475);
#4478=DIRECTION('',(1.E0,0.E0,-1.354718806271E-12));
#4479=VECTOR('',#4478,4.499999999997E-1);
#4480=CARTESIAN_POINT('',(-5.725E0,-4.949999613052E0,7.E-1));
#4481=LINE('262401',#4480,#4479);
#4482=DIRECTION('',(0.E0,-1.E0,0.E0));
#4483=VECTOR('',#4482,5.897779999999E-1);
#4484=CARTESIAN_POINT('',(-5.275E0,-4.360221613052E0,6.999999999994E-1));
#4485=LINE('262379',#4484,#4483);
#4486=DIRECTION('',(0.E0,1.E0,0.E0));
#4487=VECTOR('',#4486,5.897779999999E-1);
#4488=CARTESIAN_POINT('',(-5.725E0,-4.949999613052E0,7.E-1));
#4489=LINE('262394',#4488,#4487);
#4490=DIRECTION('',(1.E0,0.E0,-1.354965522499E-12));
#4491=VECTOR('',#4490,4.499999999997E-1);
#4492=CARTESIAN_POINT('',(-5.725E0,-4.360221613052E0,7.E-1));
#4493=LINE('262400',#4492,#4491);
#4494=DIRECTION('',(1.E0,0.E0,-1.158579405254E-12));
#4495=VECTOR('',#4494,4.499999999997E-1);
#4496=CARTESIAN_POINT('',(-5.725E0,-3.229733613052E0,1.005156E0));
#4497=LINE('262399',#4496,#4495);
#4498=DIRECTION('',(1.E0,0.E0,-1.354965522499E-12));
#4499=VECTOR('',#4498,4.499999999997E-1);
#4500=CARTESIAN_POINT('',(-5.725E0,-2.350584613052E0,7.E-1));
#4501=LINE('262397',#4500,#4499);
#4502=DIRECTION('',(-3.170603909358E-13,-1.E0,-1.526546008107E-12));
#4503=VECTOR('',#4502,4.005846130520E-1);
#4504=CARTESIAN_POINT('',(-5.275E0,-1.95E0,7.E-1));
#4505=LINE('262900',#4504,#4503);
#4506=DIRECTION('',(-3.148431854048E-13,1.E0,0.E0));
#4507=VECTOR('',#4506,4.005846130520E-1);
#4508=CARTESIAN_POINT('',(-5.725E0,-2.350584613052E0,7.E-1));
#4509=LINE('262904',#4508,#4507);
#4510=DIRECTION('',(1.E0,0.E0,-2.087342644410E-12));
#4511=VECTOR('',#4510,4.499999999997E-1);
#4512=CARTESIAN_POINT('',(-5.725E0,-5.317559763909E-1,-4.406976565069E-1));
#4513=LINE('262386',#4512,#4511);
#4514=DIRECTION('',(1.E0,0.E0,-2.226120522489E-12));
#4515=VECTOR('',#4514,4.499999999997E-1);
#4516=CARTESIAN_POINT('',(-5.725E0,-7.044670714111E-1,-6.565518660790E-1));
#4517=LINE('262387',#4516,#4515);
#4518=DIRECTION('',(-5.080380560688E-13,-1.358912982142E-13,1.E0));
#4519=VECTOR('',#4518,2.499999999998E-1);
#4520=CARTESIAN_POINT('',(-3.275E0,1.2E0,2.45E0));
#4521=LINE('262882',#4520,#4519);
#4522=DIRECTION('',(0.E0,-9.447080890264E-1,3.279125287756E-1));
#4523=VECTOR('',#4522,8.957327769598E-1);
#4524=CARTESIAN_POINT('',(-3.275E0,-2.392738613052E0,4.499999999993E-1));
#4525=LINE('262352',#4524,#4523);
#4526=DIRECTION('',(0.E0,-9.654452819790E-1,-2.606058470267E-1));
#4527=VECTOR('',#4526,1.127073714390E0);
#4528=CARTESIAN_POINT('',(-3.275E0,-3.238944613052E0,7.437219999994E-1));
#4529=LINE('262351',#4528,#4527);
#4530=DIRECTION('',(0.E0,9.654453626180E-1,2.606055482899E-1));
#4531=VECTOR('',#4530,1.170949743789E0);
#4532=CARTESIAN_POINT('',(-3.275E0,-4.360221613052E0,6.999999999994E-1));
#4533=LINE('262347',#4532,#4531);
#4534=DIRECTION('',(0.E0,9.447083110677E-1,-3.279118890793E-1));
#4535=VECTOR('',#4534,9.306036473909E-1);
#4536=CARTESIAN_POINT('',(-3.275E0,-3.229733613052E0,1.005155999999E0));
#4537=LINE('262346',#4536,#4535);
#4538=DIRECTION('',(-1.068439116389E-13,-3.809781629647E-1,9.245840358475E-1));
#4539=VECTOR('',#4538,1.192895329944E0);
#4540=CARTESIAN_POINT('',(-3.275E0,-2.5E-1,-1.759483844583E0));
#4541=LINE('263172',#4540,#4539);
#4542=DIRECTION('',(0.E0,6.247562038888E-1,7.808198804478E-1));
#4543=VECTOR('',#4542,2.764455862066E-1);
#4544=CARTESIAN_POINT('',(-3.275E0,-7.044670714111E-1,-6.565518660800E-1));
#4545=LINE('262344',#4544,#4543);
#4546=DIRECTION('',(1.731288154543E-13,3.840663340634E-1,-9.233055025500E-1));
#4547=VECTOR('',#4546,7.336127939408E-1);
#4548=CARTESIAN_POINT('',(-3.275E0,-5.317559763909E-1,-4.406976565078E-1));
#4549=LINE('263171',#4548,#4547);
#4550=DIRECTION('',(0.E0,-1.E0,4.662936703426E-14));
#4551=VECTOR('',#4550,2.8E0);
#4552=CARTESIAN_POINT('',(-3.275E0,1.2E0,2.7E0));
#4553=LINE('262345',#4552,#4551);
#4554=DIRECTION('',(-1.E0,0.E0,1.440822769737E-13));
#4555=VECTOR('',#4554,4.499999999997E-1);
#4556=CARTESIAN_POINT('',(-3.275E0,-1.6E0,2.7E0));
#4557=LINE('262367',#4556,#4555);
#4558=DIRECTION('',(0.E0,1.E0,-4.678797032349E-14));
#4559=VECTOR('',#4558,2.8E0);
#4560=CARTESIAN_POINT('',(-3.725E0,-1.6E0,2.7E0));
#4561=LINE('262358',#4560,#4559);
#4562=DIRECTION('',(1.E0,0.E0,-1.450691418844E-13));
#4563=VECTOR('',#4562,4.499999999997E-1);
#4564=CARTESIAN_POINT('',(-3.725E0,1.2E0,2.7E0));
#4565=LINE('262343',#4564,#4563);
#4566=DIRECTION('',(1.953992523340E-13,-2.732856676001E-14,-1.E0));
#4567=VECTOR('',#4566,6.5E-1);
#4568=CARTESIAN_POINT('',(-3.275E0,-1.6E0,2.7E0));
#4569=LINE('262887',#4568,#4567);
#4570=DIRECTION('',(1.947160381650E-13,2.732856676E-14,1.E0));
#4571=VECTOR('',#4570,6.5E-1);
#4572=CARTESIAN_POINT('',(-3.725E0,-1.6E0,2.05E0));
#4573=LINE('262893',#4572,#4571);
#4574=DIRECTION('',(-5.062616992293E-13,1.358912982142E-13,-1.E0));
#4575=VECTOR('',#4574,2.499999999999E-1);
#4576=CARTESIAN_POINT('',(-3.725E0,1.2E0,2.7E0));
#4577=LINE('262883',#4576,#4575);
#4578=DIRECTION('',(-3.164135620181E-13,-4.773959005888E-14,-1.E0));
#4579=VECTOR('',#4578,4.E-1);
#4580=CARTESIAN_POINT('',(-3.725E0,-1.35E0,2.45E0));
#4581=LINE('262890',#4580,#4579);
#4582=DIRECTION('',(1.411216822412E-13,-1.E0,3.750086660956E-14));
#4583=VECTOR('',#4582,9.000000000001E-1);
#4584=CARTESIAN_POINT('',(-3.725E0,-4.499999999999E-1,2.45E0));
#4585=LINE('262891',#4584,#4583);
#4586=DIRECTION('',(2.848663565349E-13,-1.E0,0.E0));
#4587=VECTOR('',#4586,4.427386130520E-1);
#4588=CARTESIAN_POINT('',(-3.725E0,-1.95E0,4.5E-1));
#4589=LINE('262889',#4588,#4587);
#4590=DIRECTION('',(0.E0,-9.447083110677E-1,3.279118890793E-1));
#4591=VECTOR('',#4590,9.306036473908E-1);
#4592=CARTESIAN_POINT('',(-3.725E0,-2.350584613052E0,7.E-1));
#4593=LINE('262365',#4592,#4591);
#4594=DIRECTION('',(0.E0,-9.654453626180E-1,-2.606055482898E-1));
#4595=VECTOR('',#4594,1.170949743789E0);
#4596=CARTESIAN_POINT('',(-3.725E0,-3.229733613052E0,1.005156E0));
#4597=LINE('262364',#4596,#4595);
#4598=DIRECTION('',(0.E0,9.654452819790E-1,2.606058470267E-1));
#4599=VECTOR('',#4598,1.127073714390E0);
#4600=CARTESIAN_POINT('',(-3.725E0,-4.327072613052E0,4.499999999999E-1));
#4601=LINE('262360',#4600,#4599);
#4602=DIRECTION('',(0.E0,9.447080890265E-1,-3.279125287755E-1));
#4603=VECTOR('',#4602,8.957327769597E-1);
#4604=CARTESIAN_POINT('',(-3.725E0,-3.238944613052E0,7.43722E-1));
#4605=LINE('262359',#4604,#4603);
#4606=DIRECTION('',(1.725234699456E-13,-3.840663340630E-1,9.233055025502E-1));
#4607=VECTOR('',#4606,7.336127939417E-1);
#4608=CARTESIAN_POINT('',(-3.725E0,-2.5E-1,-1.118046385894E0));
#4609=LINE('263173',#4608,#4607);
#4610=DIRECTION('',(0.E0,-6.247562038889E-1,-7.808198804477E-1));
#4611=VECTOR('',#4610,2.764455862066E-1);
#4612=CARTESIAN_POINT('',(-3.725E0,-5.317559763909E-1,-4.406976565069E-1));
#4613=LINE('262357',#4612,#4611);
#4614=DIRECTION('',(-1.060993547633E-13,3.809781629644E-1,-9.245840358476E-1));
#4615=VECTOR('',#4614,1.192895329945E0);
#4616=CARTESIAN_POINT('',(-3.725E0,-7.044670714111E-1,-6.565518660790E-1));
#4617=LINE('263174',#4616,#4615);
#4618=DIRECTION('',(-3.175237850429E-13,4.773959005889E-14,1.E0));
#4619=VECTOR('',#4618,3.999999999999E-1);
#4620=CARTESIAN_POINT('',(-3.275E0,-1.35E0,2.05E0));
#4621=LINE('262885',#4620,#4619);
#4622=DIRECTION('',(1.411216822412E-13,1.E0,1.159566270164E-13));
#4623=VECTOR('',#4622,9.000000000001E-1);
#4624=CARTESIAN_POINT('',(-3.275E0,-1.35E0,2.45E0));
#4625=LINE('262886',#4624,#4623);
#4626=DIRECTION('',(1.E0,0.E0,-3.059281223413E-13));
#4627=VECTOR('',#4626,4.499999999997E-1);
#4628=CARTESIAN_POINT('',(-3.725E0,-1.35E0,2.45E0));
#4629=LINE('262354',#4628,#4627);
#4630=DIRECTION('',(2.848663565349E-13,1.E0,1.539306452103E-12));
#4631=VECTOR('',#4630,4.427386130520E-1);
#4632=CARTESIAN_POINT('',(-3.275E0,-2.392738613052E0,4.499999999993E-1));
#4633=LINE('262884',#4632,#4631);
#4634=DIRECTION('',(-1.E0,0.E0,1.515084354273E-12));
#4635=VECTOR('',#4634,4.499999999997E-1);
#4636=CARTESIAN_POINT('',(-3.275E0,-2.392738613052E0,4.499999999993E-1));
#4637=LINE('262353',#4636,#4635);
#4638=DIRECTION('',(1.E0,0.E0,-1.326346440086E-12));
#4639=VECTOR('',#4638,4.499999999997E-1);
#4640=CARTESIAN_POINT('',(-3.725E0,-3.238944613052E0,7.43722E-1));
#4641=LINE('262373',#4640,#4639);
#4642=DIRECTION('',(1.E0,0.E0,-1.514837638045E-12));
#4643=VECTOR('',#4642,4.499999999997E-1);
#4644=CARTESIAN_POINT('',(-3.725E0,-4.327072613052E0,4.499999999999E-1));
#4645=LINE('262372',#4644,#4643);
#4646=DIRECTION('',(0.E0,1.E0,-1.093421581675E-13));
#4647=VECTOR('',#4646,6.229269999998E-1);
#4648=CARTESIAN_POINT('',(-3.275E0,-4.949999613052E0,4.499999999993E-1));
#4649=LINE('262350',#4648,#4647);
#4650=DIRECTION('',(0.E0,-1.E0,1.093421581675E-13));
#4651=VECTOR('',#4650,6.229269999998E-1);
#4652=CARTESIAN_POINT('',(-3.725E0,-4.327072613052E0,4.499999999999E-1));
#4653=LINE('262361',#4652,#4651);
#4654=DIRECTION('',(1.E0,0.E0,-1.514837638045E-12));
#4655=VECTOR('',#4654,4.499999999997E-1);
#4656=CARTESIAN_POINT('',(-3.725E0,-4.949999613052E0,4.5E-1));
#4657=LINE('262371',#4656,#4655);
#4658=DIRECTION('',(0.E0,-2.593480985524E-13,-1.E0));
#4659=VECTOR('',#4658,2.500000000001E-1);
#4660=CARTESIAN_POINT('',(-3.275E0,-4.949999613052E0,6.999999999994E-1));
#4661=LINE('262349',#4660,#4659);
#4662=DIRECTION('',(0.E0,2.522426711948E-13,1.E0));
#4663=VECTOR('',#4662,2.5E-1);
#4664=CARTESIAN_POINT('',(-3.725E0,-4.949999613052E0,4.5E-1));
#4665=LINE('262362',#4664,#4663);
#4666=DIRECTION('',(1.E0,0.E0,-1.354718806271E-12));
#4667=VECTOR('',#4666,4.499999999997E-1);
#4668=CARTESIAN_POINT('',(-3.725E0,-4.949999613052E0,7.E-1));
#4669=LINE('262370',#4668,#4667);
#4670=DIRECTION('',(0.E0,-1.E0,0.E0));
#4671=VECTOR('',#4670,5.897779999999E-1);
#4672=CARTESIAN_POINT('',(-3.275E0,-4.360221613052E0,6.999999999994E-1));
#4673=LINE('262348',#4672,#4671);
#4674=DIRECTION('',(0.E0,1.E0,0.E0));
#4675=VECTOR('',#4674,5.897779999999E-1);
#4676=CARTESIAN_POINT('',(-3.725E0,-4.949999613052E0,7.E-1));
#4677=LINE('262363',#4676,#4675);
#4678=DIRECTION('',(1.E0,0.E0,-1.354965522499E-12));
#4679=VECTOR('',#4678,4.499999999997E-1);
#4680=CARTESIAN_POINT('',(-3.725E0,-4.360221613052E0,7.E-1));
#4681=LINE('262369',#4680,#4679);
#4682=DIRECTION('',(1.E0,0.E0,-1.158579405254E-12));
#4683=VECTOR('',#4682,4.499999999997E-1);
#4684=CARTESIAN_POINT('',(-3.725E0,-3.229733613052E0,1.005156E0));
#4685=LINE('262368',#4684,#4683);
#4686=DIRECTION('',(1.E0,0.E0,-1.354965522499E-12));
#4687=VECTOR('',#4686,4.499999999997E-1);
#4688=CARTESIAN_POINT('',(-3.725E0,-2.350584613052E0,7.E-1));
#4689=LINE('262366',#4688,#4687);
#4690=DIRECTION('',(-3.148431854048E-13,-1.E0,-1.526546008107E-12));
#4691=VECTOR('',#4690,4.005846130520E-1);
#4692=CARTESIAN_POINT('',(-3.275E0,-1.95E0,7.E-1));
#4693=LINE('262888',#4692,#4691);
#4694=DIRECTION('',(-3.170603909358E-13,1.E0,0.E0));
#4695=VECTOR('',#4694,4.005846130520E-1);
#4696=CARTESIAN_POINT('',(-3.725E0,-2.350584613052E0,7.E-1));
#4697=LINE('262892',#4696,#4695);
#4698=DIRECTION('',(1.E0,0.E0,-2.087342644410E-12));
#4699=VECTOR('',#4698,4.499999999997E-1);
#4700=CARTESIAN_POINT('',(-3.725E0,-5.317559763909E-1,-4.406976565069E-1));
#4701=LINE('262355',#4700,#4699);
#4702=DIRECTION('',(1.E0,0.E0,-2.226120522489E-12));
#4703=VECTOR('',#4702,4.499999999997E-1);
#4704=CARTESIAN_POINT('',(-3.725E0,-7.044670714111E-1,-6.565518660790E-1));
#4705=LINE('262356',#4704,#4703);
#4706=DIRECTION('',(-5.044853423900E-13,-1.350031197945E-13,1.E0));
#4707=VECTOR('',#4706,2.499999999998E-1);
#4708=CARTESIAN_POINT('',(-1.275E0,1.2E0,2.45E0));
#4709=LINE('262870',#4708,#4707);
#4710=DIRECTION('',(0.E0,-9.447080890264E-1,3.279125287756E-1));
#4711=VECTOR('',#4710,8.957327769598E-1);
#4712=CARTESIAN_POINT('',(-1.275E0,-2.392738613052E0,4.499999999993E-1));
#4713=LINE('262321',#4712,#4711);
#4714=DIRECTION('',(0.E0,-9.654452819790E-1,-2.606058470267E-1));
#4715=VECTOR('',#4714,1.127073714390E0);
#4716=CARTESIAN_POINT('',(-1.275E0,-3.238944613052E0,7.437219999994E-1));
#4717=LINE('262320',#4716,#4715);
#4718=DIRECTION('',(0.E0,9.654453626180E-1,2.606055482899E-1));
#4719=VECTOR('',#4718,1.170949743789E0);
#4720=CARTESIAN_POINT('',(-1.275E0,-4.360221613052E0,6.999999999994E-1));
#4721=LINE('262316',#4720,#4719);
#4722=DIRECTION('',(0.E0,9.447083110677E-1,-3.279118890793E-1));
#4723=VECTOR('',#4722,9.306036473909E-1);
#4724=CARTESIAN_POINT('',(-1.275E0,-3.229733613052E0,1.005155999999E0));
#4725=LINE('262315',#4724,#4723);
#4726=DIRECTION('',(-1.059132155445E-13,-3.809781629647E-1,9.245840358475E-1));
#4727=VECTOR('',#4726,1.192895329944E0);
#4728=CARTESIAN_POINT('',(-1.275E0,-2.5E-1,-1.759483844583E0));
#4729=LINE('263152',#4728,#4727);
#4730=DIRECTION('',(0.E0,6.247562038888E-1,7.808198804478E-1));
#4731=VECTOR('',#4730,2.764455862066E-1);
#4732=CARTESIAN_POINT('',(-1.275E0,-7.044670714111E-1,-6.565518660800E-1));
#4733=LINE('262313',#4732,#4731);
#4734=DIRECTION('',(1.722207971915E-13,3.840663340634E-1,-9.233055025500E-1));
#4735=VECTOR('',#4734,7.336127939408E-1);
#4736=CARTESIAN_POINT('',(-1.275E0,-5.317559763909E-1,-4.406976565078E-1));
#4737=LINE('263151',#4736,#4735);
#4738=DIRECTION('',(0.E0,-1.E0,4.662936703426E-14));
#4739=VECTOR('',#4738,2.8E0);
#4740=CARTESIAN_POINT('',(-1.275E0,1.2E0,2.7E0));
#4741=LINE('262314',#4740,#4739);
#4742=DIRECTION('',(-1.E0,0.E0,1.440822769737E-13));
#4743=VECTOR('',#4742,4.499999999997E-1);
#4744=CARTESIAN_POINT('',(-1.275E0,-1.6E0,2.7E0));
#4745=LINE('262336',#4744,#4743);
#4746=DIRECTION('',(0.E0,1.E0,-4.678797032349E-14));
#4747=VECTOR('',#4746,2.8E0);
#4748=CARTESIAN_POINT('',(-1.725E0,-1.6E0,2.7E0));
#4749=LINE('262327',#4748,#4747);
#4750=DIRECTION('',(1.E0,0.E0,-1.450691418844E-13));
#4751=VECTOR('',#4750,4.499999999997E-1);
#4752=CARTESIAN_POINT('',(-1.725E0,1.2E0,2.7E0));
#4753=LINE('262312',#4752,#4751);
#4754=DIRECTION('',(1.940328239960E-13,-2.801178092901E-14,-1.E0));
#4755=VECTOR('',#4754,6.5E-1);
#4756=CARTESIAN_POINT('',(-1.275E0,-1.6E0,2.7E0));
#4757=LINE('262875',#4756,#4755);
#4758=DIRECTION('',(1.943744310805E-13,2.801178092900E-14,1.E0));
#4759=VECTOR('',#4758,6.5E-1);
#4760=CARTESIAN_POINT('',(-1.725E0,-1.6E0,2.05E0));
#4761=LINE('262881',#4760,#4759);
#4762=DIRECTION('',(-5.071498776490E-13,1.350031197945E-13,-1.E0));
#4763=VECTOR('',#4762,2.499999999999E-1);
#4764=CARTESIAN_POINT('',(-1.725E0,1.2E0,2.7E0));
#4765=LINE('262871',#4764,#4763);
#4766=DIRECTION('',(-3.158584505058E-13,-4.884981308350E-14,-1.E0));
#4767=VECTOR('',#4766,4.E-1);
#4768=CARTESIAN_POINT('',(-1.725E0,-1.35E0,2.45E0));
#4769=LINE('262878',#4768,#4767);
#4770=DIRECTION('',(1.401348173305E-13,-1.E0,3.750086660956E-14));
#4771=VECTOR('',#4770,9.000000000001E-1);
#4772=CARTESIAN_POINT('',(-1.725E0,-4.499999999999E-1,2.45E0));
#4773=LINE('262879',#4772,#4771);
#4774=DIRECTION('',(2.853678818105E-13,-1.E0,0.E0));
#4775=VECTOR('',#4774,4.427386130520E-1);
#4776=CARTESIAN_POINT('',(-1.725E0,-1.95E0,4.5E-1));
#4777=LINE('262877',#4776,#4775);
#4778=DIRECTION('',(0.E0,-9.447083110677E-1,3.279118890793E-1));
#4779=VECTOR('',#4778,9.306036473908E-1);
#4780=CARTESIAN_POINT('',(-1.725E0,-2.350584613052E0,7.E-1));
#4781=LINE('262334',#4780,#4779);
#4782=DIRECTION('',(0.E0,-9.654453626180E-1,-2.606055482898E-1));
#4783=VECTOR('',#4782,1.170949743789E0);
#4784=CARTESIAN_POINT('',(-1.725E0,-3.229733613052E0,1.005156E0));
#4785=LINE('262333',#4784,#4783);
#4786=DIRECTION('',(0.E0,9.654452819790E-1,2.606058470267E-1));
#4787=VECTOR('',#4786,1.127073714390E0);
#4788=CARTESIAN_POINT('',(-1.725E0,-4.327072613052E0,4.499999999999E-1));
#4789=LINE('262329',#4788,#4787);
#4790=DIRECTION('',(0.E0,9.447080890265E-1,-3.279125287755E-1));
#4791=VECTOR('',#4790,8.957327769597E-1);
#4792=CARTESIAN_POINT('',(-1.725E0,-3.238944613052E0,7.43722E-1));
#4793=LINE('262328',#4792,#4791);
#4794=DIRECTION('',(1.719181244370E-13,-3.840663340630E-1,9.233055025502E-1));
#4795=VECTOR('',#4794,7.336127939417E-1);
#4796=CARTESIAN_POINT('',(-1.725E0,-2.5E-1,-1.118046385894E0));
#4797=LINE('263153',#4796,#4795);
#4798=DIRECTION('',(0.E0,-6.247562038889E-1,-7.808198804477E-1));
#4799=VECTOR('',#4798,2.764455862066E-1);
#4800=CARTESIAN_POINT('',(-1.725E0,-5.317559763909E-1,-4.406976565069E-1));
#4801=LINE('262326',#4800,#4799);
#4802=DIRECTION('',(-1.055409371066E-13,3.809781629644E-1,-9.245840358476E-1));
#4803=VECTOR('',#4802,1.192895329945E0);
#4804=CARTESIAN_POINT('',(-1.725E0,-7.044670714111E-1,-6.565518660790E-1));
#4805=LINE('263154',#4804,#4803);
#4806=DIRECTION('',(-3.153033389936E-13,4.884981308352E-14,1.E0));
#4807=VECTOR('',#4806,3.999999999999E-1);
#4808=CARTESIAN_POINT('',(-1.275E0,-1.35E0,2.05E0));
#4809=LINE('262873',#4808,#4807);
#4810=DIRECTION('',(1.401348173305E-13,1.E0,1.159566270164E-13));
#4811=VECTOR('',#4810,9.000000000001E-1);
#4812=CARTESIAN_POINT('',(-1.275E0,-1.35E0,2.45E0));
#4813=LINE('262874',#4812,#4811);
#4814=DIRECTION('',(1.E0,0.E0,-3.059281223413E-13));
#4815=VECTOR('',#4814,4.499999999997E-1);
#4816=CARTESIAN_POINT('',(-1.725E0,-1.35E0,2.45E0));
#4817=LINE('262323',#4816,#4815);
#4818=DIRECTION('',(2.848663565349E-13,1.E0,1.539306452103E-12));
#4819=VECTOR('',#4818,4.427386130520E-1);
#4820=CARTESIAN_POINT('',(-1.275E0,-2.392738613052E0,4.499999999993E-1));
#4821=LINE('262872',#4820,#4819);
#4822=DIRECTION('',(-1.E0,0.E0,1.515084354273E-12));
#4823=VECTOR('',#4822,4.499999999997E-1);
#4824=CARTESIAN_POINT('',(-1.275E0,-2.392738613052E0,4.499999999993E-1));
#4825=LINE('262322',#4824,#4823);
#4826=DIRECTION('',(1.E0,0.E0,-1.326346440086E-12));
#4827=VECTOR('',#4826,4.499999999997E-1);
#4828=CARTESIAN_POINT('',(-1.725E0,-3.238944613052E0,7.43722E-1));
#4829=LINE('262342',#4828,#4827);
#4830=DIRECTION('',(1.E0,0.E0,-1.514837638045E-12));
#4831=VECTOR('',#4830,4.499999999997E-1);
#4832=CARTESIAN_POINT('',(-1.725E0,-4.327072613052E0,4.499999999999E-1));
#4833=LINE('262341',#4832,#4831);
#4834=DIRECTION('',(0.E0,1.E0,-1.093421581675E-13));
#4835=VECTOR('',#4834,6.229269999998E-1);
#4836=CARTESIAN_POINT('',(-1.275E0,-4.949999613052E0,4.499999999993E-1));
#4837=LINE('262319',#4836,#4835);
#4838=DIRECTION('',(0.E0,-1.E0,1.093421581675E-13));
#4839=VECTOR('',#4838,6.229269999998E-1);
#4840=CARTESIAN_POINT('',(-1.725E0,-4.327072613052E0,4.499999999999E-1));
#4841=LINE('262330',#4840,#4839);
#4842=DIRECTION('',(1.E0,0.E0,-1.514837638045E-12));
#4843=VECTOR('',#4842,4.499999999997E-1);
#4844=CARTESIAN_POINT('',(-1.725E0,-4.949999613052E0,4.5E-1));
#4845=LINE('262340',#4844,#4843);
#4846=DIRECTION('',(0.E0,-2.557953848736E-13,-1.E0));
#4847=VECTOR('',#4846,2.500000000001E-1);
#4848=CARTESIAN_POINT('',(-1.275E0,-4.949999613052E0,6.999999999994E-1));
#4849=LINE('262318',#4848,#4847);
#4850=DIRECTION('',(0.E0,2.557953848736E-13,1.E0));
#4851=VECTOR('',#4850,2.5E-1);
#4852=CARTESIAN_POINT('',(-1.725E0,-4.949999613052E0,4.5E-1));
#4853=LINE('262331',#4852,#4851);
#4854=DIRECTION('',(1.E0,0.E0,-1.354718806271E-12));
#4855=VECTOR('',#4854,4.499999999997E-1);
#4856=CARTESIAN_POINT('',(-1.725E0,-4.949999613052E0,7.E-1));
#4857=LINE('262339',#4856,#4855);
#4858=DIRECTION('',(0.E0,-1.E0,0.E0));
#4859=VECTOR('',#4858,5.897779999999E-1);
#4860=CARTESIAN_POINT('',(-1.275E0,-4.360221613052E0,6.999999999994E-1));
#4861=LINE('262317',#4860,#4859);
#4862=DIRECTION('',(0.E0,1.E0,0.E0));
#4863=VECTOR('',#4862,5.897779999999E-1);
#4864=CARTESIAN_POINT('',(-1.725E0,-4.949999613052E0,7.E-1));
#4865=LINE('262332',#4864,#4863);
#4866=DIRECTION('',(1.E0,0.E0,-1.354965522499E-12));
#4867=VECTOR('',#4866,4.499999999997E-1);
#4868=CARTESIAN_POINT('',(-1.725E0,-4.360221613052E0,7.E-1));
#4869=LINE('262338',#4868,#4867);
#4870=DIRECTION('',(1.E0,0.E0,-1.158579405254E-12));
#4871=VECTOR('',#4870,4.499999999997E-1);
#4872=CARTESIAN_POINT('',(-1.725E0,-3.229733613052E0,1.005156E0));
#4873=LINE('262337',#4872,#4871);
#4874=DIRECTION('',(1.E0,0.E0,-1.354965522499E-12));
#4875=VECTOR('',#4874,4.499999999997E-1);
#4876=CARTESIAN_POINT('',(-1.725E0,-2.350584613052E0,7.E-1));
#4877=LINE('262335',#4876,#4875);
#4878=DIRECTION('',(-3.148431854048E-13,-1.E0,-1.526546008107E-12));
#4879=VECTOR('',#4878,4.005846130520E-1);
#4880=CARTESIAN_POINT('',(-1.275E0,-1.95E0,7.E-1));
#4881=LINE('262876',#4880,#4879);
#4882=DIRECTION('',(-3.153974867875E-13,1.E0,0.E0));
#4883=VECTOR('',#4882,4.005846130520E-1);
#4884=CARTESIAN_POINT('',(-1.725E0,-2.350584613052E0,7.E-1));
#4885=LINE('262880',#4884,#4883);
#4886=DIRECTION('',(1.E0,0.E0,-2.087342644410E-12));
#4887=VECTOR('',#4886,4.499999999997E-1);
#4888=CARTESIAN_POINT('',(-1.725E0,-5.317559763909E-1,-4.406976565069E-1));
#4889=LINE('262324',#4888,#4887);
#4890=DIRECTION('',(1.E0,0.E0,-2.226120522489E-12));
#4891=VECTOR('',#4890,4.499999999997E-1);
#4892=CARTESIAN_POINT('',(-1.725E0,-7.044670714111E-1,-6.565518660790E-1));
#4893=LINE('262325',#4892,#4891);
#4894=DIRECTION('',(-5.053735208097E-13,-1.350031197945E-13,1.E0));
#4895=VECTOR('',#4894,2.499999999998E-1);
#4896=CARTESIAN_POINT('',(7.25E-1,1.2E0,2.45E0));
#4897=LINE('262858',#4896,#4895);
#4898=DIRECTION('',(0.E0,-9.447080890264E-1,3.279125287756E-1));
#4899=VECTOR('',#4898,8.957327769598E-1);
#4900=CARTESIAN_POINT('',(7.249999999999E-1,-2.392738613052E0,
4.499999999993E-1));
#4901=LINE('262290',#4900,#4899);
#4902=DIRECTION('',(0.E0,-9.654452819790E-1,-2.606058470267E-1));
#4903=VECTOR('',#4902,1.127073714390E0);
#4904=CARTESIAN_POINT('',(7.249999999999E-1,-3.238944613052E0,
7.437219999994E-1));
#4905=LINE('262289',#4904,#4903);
#4906=DIRECTION('',(0.E0,9.654453626180E-1,2.606055482899E-1));
#4907=VECTOR('',#4906,1.170949743789E0);
#4908=CARTESIAN_POINT('',(7.249999999999E-1,-4.360221613052E0,
6.999999999994E-1));
#4909=LINE('262285',#4908,#4907);
#4910=DIRECTION('',(0.E0,9.447083110677E-1,-3.279118890793E-1));
#4911=VECTOR('',#4910,9.306036473909E-1);
#4912=CARTESIAN_POINT('',(7.249999999999E-1,-3.229733613052E0,
1.005155999999E0));
#4913=LINE('262284',#4912,#4911);
#4914=DIRECTION('',(-1.058201459350E-13,-3.809781629647E-1,9.245840358475E-1));
#4915=VECTOR('',#4914,1.192895329944E0);
#4916=CARTESIAN_POINT('',(7.25E-1,-2.5E-1,-1.759483844583E0));
#4917=LINE('263132',#4916,#4915);
#4918=DIRECTION('',(0.E0,6.247562038888E-1,7.808198804478E-1));
#4919=VECTOR('',#4918,2.764455862066E-1);
#4920=CARTESIAN_POINT('',(7.249999999999E-1,-7.044670714111E-1,
-6.565518660800E-1));
#4921=LINE('262282',#4920,#4919);
#4922=DIRECTION('',(1.723721335686E-13,3.840663340634E-1,-9.233055025500E-1));
#4923=VECTOR('',#4922,7.336127939408E-1);
#4924=CARTESIAN_POINT('',(7.249999999999E-1,-5.317559763909E-1,
-4.406976565078E-1));
#4925=LINE('263131',#4924,#4923);
#4926=DIRECTION('',(0.E0,-1.E0,4.662936703426E-14));
#4927=VECTOR('',#4926,2.8E0);
#4928=CARTESIAN_POINT('',(7.249999999999E-1,1.2E0,2.7E0));
#4929=LINE('262283',#4928,#4927);
#4930=DIRECTION('',(-1.E0,0.E0,1.440822769737E-13));
#4931=VECTOR('',#4930,4.499999999997E-1);
#4932=CARTESIAN_POINT('',(7.249999999999E-1,-1.6E0,2.7E0));
#4933=LINE('262305',#4932,#4931);
#4934=DIRECTION('',(0.E0,1.E0,-4.678797032349E-14));
#4935=VECTOR('',#4934,2.8E0);
#4936=CARTESIAN_POINT('',(2.750000000001E-1,-1.6E0,2.7E0));
#4937=LINE('262296',#4936,#4935);
#4938=DIRECTION('',(1.E0,0.E0,-1.450691418844E-13));
#4939=VECTOR('',#4938,4.499999999997E-1);
#4940=CARTESIAN_POINT('',(2.750000000001E-1,1.2E0,2.7E0));
#4941=LINE('262281',#4940,#4939);
#4942=DIRECTION('',(1.940328239960E-13,-2.767017384451E-14,-1.E0));
#4943=VECTOR('',#4942,6.5E-1);
#4944=CARTESIAN_POINT('',(7.249999999999E-1,-1.6E0,2.7E0));
#4945=LINE('262863',#4944,#4943);
#4946=DIRECTION('',(1.942890293094E-13,2.767017384450E-14,1.E0));
#4947=VECTOR('',#4946,6.5E-1);
#4948=CARTESIAN_POINT('',(2.75E-1,-1.6E0,2.05E0));
#4949=LINE('262869',#4948,#4947);
#4950=DIRECTION('',(-5.049294315997E-13,1.350031197945E-13,-1.E0));
#4951=VECTOR('',#4950,2.499999999999E-1);
#4952=CARTESIAN_POINT('',(2.750000000001E-1,1.2E0,2.7E0));
#4953=LINE('262859',#4952,#4951);
#4954=DIRECTION('',(-3.155808947497E-13,-4.940492459582E-14,-1.E0));
#4955=VECTOR('',#4954,4.E-1);
#4956=CARTESIAN_POINT('',(2.750000000001E-1,-1.35E0,2.45E0));
#4957=LINE('262866',#4956,#4955);
#4958=DIRECTION('',(1.401348173305E-13,-1.E0,3.750086660956E-14));
#4959=VECTOR('',#4958,9.000000000001E-1);
#4960=CARTESIAN_POINT('',(2.75E-1,-4.499999999999E-1,2.45E0));
#4961=LINE('262867',#4960,#4959);
#4962=DIRECTION('',(2.854932631293E-13,-1.E0,0.E0));
#4963=VECTOR('',#4962,4.427386130520E-1);
#4964=CARTESIAN_POINT('',(2.75E-1,-1.95E0,4.5E-1));
#4965=LINE('262865',#4964,#4963);
#4966=DIRECTION('',(0.E0,-9.447083110677E-1,3.279118890793E-1));
#4967=VECTOR('',#4966,9.306036473908E-1);
#4968=CARTESIAN_POINT('',(2.750000000001E-1,-2.350584613052E0,7.E-1));
#4969=LINE('262303',#4968,#4967);
#4970=DIRECTION('',(0.E0,-9.654453626180E-1,-2.606055482898E-1));
#4971=VECTOR('',#4970,1.170949743789E0);
#4972=CARTESIAN_POINT('',(2.750000000001E-1,-3.229733613052E0,1.005156E0));
#4973=LINE('262302',#4972,#4971);
#4974=DIRECTION('',(0.E0,9.654452819790E-1,2.606058470267E-1));
#4975=VECTOR('',#4974,1.127073714390E0);
#4976=CARTESIAN_POINT('',(2.750000000001E-1,-4.327072613052E0,
4.499999999999E-1));
#4977=LINE('262298',#4976,#4975);
#4978=DIRECTION('',(0.E0,9.447080890265E-1,-3.279125287755E-1));
#4979=VECTOR('',#4978,8.957327769597E-1);
#4980=CARTESIAN_POINT('',(2.750000000001E-1,-3.238944613052E0,7.43722E-1));
#4981=LINE('262297',#4980,#4979);
#4982=DIRECTION('',(1.719937926255E-13,-3.840663340630E-1,9.233055025502E-1));
#4983=VECTOR('',#4982,7.336127939417E-1);
#4984=CARTESIAN_POINT('',(2.75E-1,-2.5E-1,-1.118046385894E0));
#4985=LINE('263133',#4984,#4983);
#4986=DIRECTION('',(0.E0,-6.247562038889E-1,-7.808198804477E-1));
#4987=VECTOR('',#4986,2.764455862066E-1);
#4988=CARTESIAN_POINT('',(2.750000000001E-1,-5.317559763909E-1,
-4.406976565069E-1));
#4989=LINE('262295',#4988,#4987);
#4990=DIRECTION('',(-1.058201459350E-13,3.809781629644E-1,-9.245840358476E-1));
#4991=VECTOR('',#4990,1.192895329945E0);
#4992=CARTESIAN_POINT('',(2.750000000001E-1,-7.044670714111E-1,
-6.565518660790E-1));
#4993=LINE('263134',#4992,#4991);
#4994=DIRECTION('',(-3.153033389936E-13,4.940492459583E-14,1.E0));
#4995=VECTOR('',#4994,3.999999999999E-1);
#4996=CARTESIAN_POINT('',(7.25E-1,-1.35E0,2.05E0));
#4997=LINE('262861',#4996,#4995);
#4998=DIRECTION('',(1.402581754443E-13,1.E0,1.159566270164E-13));
#4999=VECTOR('',#4998,9.000000000001E-1);
#5000=CARTESIAN_POINT('',(7.249999999999E-1,-1.35E0,2.45E0));
#5001=LINE('262862',#5000,#4999);
#5002=DIRECTION('',(1.E0,0.E0,-3.059281223413E-13));
#5003=VECTOR('',#5002,4.499999999997E-1);
#5004=CARTESIAN_POINT('',(2.750000000001E-1,-1.35E0,2.45E0));
#5005=LINE('262292',#5004,#5003);
#5006=DIRECTION('',(2.848663565349E-13,1.E0,1.539306452103E-12));
#5007=VECTOR('',#5006,4.427386130520E-1);
#5008=CARTESIAN_POINT('',(7.249999999999E-1,-2.392738613052E0,
4.499999999993E-1));
#5009=LINE('262860',#5008,#5007);
#5010=DIRECTION('',(-1.E0,0.E0,1.515084354273E-12));
#5011=VECTOR('',#5010,4.499999999997E-1);
#5012=CARTESIAN_POINT('',(7.249999999999E-1,-2.392738613052E0,
4.499999999993E-1));
#5013=LINE('262291',#5012,#5011);
#5014=DIRECTION('',(1.E0,0.E0,-1.326346440086E-12));
#5015=VECTOR('',#5014,4.499999999997E-1);
#5016=CARTESIAN_POINT('',(2.750000000001E-1,-3.238944613052E0,7.43722E-1));
#5017=LINE('262311',#5016,#5015);
#5018=DIRECTION('',(1.E0,0.E0,-1.514837638045E-12));
#5019=VECTOR('',#5018,4.499999999997E-1);
#5020=CARTESIAN_POINT('',(2.750000000001E-1,-4.327072613052E0,
4.499999999999E-1));
#5021=LINE('262310',#5020,#5019);
#5022=DIRECTION('',(0.E0,1.E0,-1.093421581675E-13));
#5023=VECTOR('',#5022,6.229269999998E-1);
#5024=CARTESIAN_POINT('',(7.249999999999E-1,-4.949999613052E0,
4.499999999993E-1));
#5025=LINE('262288',#5024,#5023);
#5026=DIRECTION('',(0.E0,-1.E0,1.093421581675E-13));
#5027=VECTOR('',#5026,6.229269999998E-1);
#5028=CARTESIAN_POINT('',(2.750000000001E-1,-4.327072613052E0,
4.499999999999E-1));
#5029=LINE('262299',#5028,#5027);
#5030=DIRECTION('',(1.E0,0.E0,-1.514837638045E-12));
#5031=VECTOR('',#5030,4.499999999997E-1);
#5032=CARTESIAN_POINT('',(2.750000000001E-1,-4.949999613052E0,4.5E-1));
#5033=LINE('262309',#5032,#5031);
#5034=DIRECTION('',(0.E0,-2.557953848736E-13,-1.E0));
#5035=VECTOR('',#5034,2.500000000001E-1);
#5036=CARTESIAN_POINT('',(7.249999999999E-1,-4.949999613052E0,
6.999999999994E-1));
#5037=LINE('262287',#5036,#5035);
#5038=DIRECTION('',(0.E0,2.557953848736E-13,1.E0));
#5039=VECTOR('',#5038,2.5E-1);
#5040=CARTESIAN_POINT('',(2.750000000001E-1,-4.949999613052E0,4.5E-1));
#5041=LINE('262300',#5040,#5039);
#5042=DIRECTION('',(1.E0,0.E0,-1.354718806271E-12));
#5043=VECTOR('',#5042,4.499999999997E-1);
#5044=CARTESIAN_POINT('',(2.750000000001E-1,-4.949999613052E0,7.E-1));
#5045=LINE('262308',#5044,#5043);
#5046=DIRECTION('',(0.E0,-1.E0,0.E0));
#5047=VECTOR('',#5046,5.897779999999E-1);
#5048=CARTESIAN_POINT('',(7.249999999999E-1,-4.360221613052E0,
6.999999999994E-1));
#5049=LINE('262286',#5048,#5047);
#5050=DIRECTION('',(0.E0,1.E0,0.E0));
#5051=VECTOR('',#5050,5.897779999999E-1);
#5052=CARTESIAN_POINT('',(2.750000000001E-1,-4.949999613052E0,7.E-1));
#5053=LINE('262301',#5052,#5051);
#5054=DIRECTION('',(1.E0,0.E0,-1.354965522499E-12));
#5055=VECTOR('',#5054,4.499999999997E-1);
#5056=CARTESIAN_POINT('',(2.750000000001E-1,-4.360221613052E0,7.E-1));
#5057=LINE('262307',#5056,#5055);
#5058=DIRECTION('',(1.E0,0.E0,-1.158579405254E-12));
#5059=VECTOR('',#5058,4.499999999997E-1);
#5060=CARTESIAN_POINT('',(2.750000000001E-1,-3.229733613052E0,1.005156E0));
#5061=LINE('262306',#5060,#5059);
#5062=DIRECTION('',(1.E0,0.E0,-1.354965522499E-12));
#5063=VECTOR('',#5062,4.499999999997E-1);
#5064=CARTESIAN_POINT('',(2.750000000001E-1,-2.350584613052E0,7.E-1));
#5065=LINE('262304',#5064,#5063);
#5066=DIRECTION('',(-3.145660347134E-13,-1.E0,-1.526546008107E-12));
#5067=VECTOR('',#5066,4.005846130520E-1);
#5068=CARTESIAN_POINT('',(7.25E-1,-1.95E0,7.E-1));
#5069=LINE('262864',#5068,#5067);
#5070=DIRECTION('',(-3.156746374789E-13,1.E0,0.E0));
#5071=VECTOR('',#5070,4.005846130520E-1);
#5072=CARTESIAN_POINT('',(2.750000000001E-1,-2.350584613052E0,7.E-1));
#5073=LINE('262868',#5072,#5071);
#5074=DIRECTION('',(1.E0,0.E0,-2.087342644410E-12));
#5075=VECTOR('',#5074,4.499999999997E-1);
#5076=CARTESIAN_POINT('',(2.750000000001E-1,-5.317559763909E-1,
-4.406976565069E-1));
#5077=LINE('262293',#5076,#5075);
#5078=DIRECTION('',(1.E0,0.E0,-2.226120522489E-12));
#5079=VECTOR('',#5078,4.499999999997E-1);
#5080=CARTESIAN_POINT('',(2.750000000001E-1,-7.044670714111E-1,
-6.565518660790E-1));
#5081=LINE('262294',#5080,#5079);
#5082=DIRECTION('',(-5.044853423900E-13,-1.367794766339E-13,1.E0));
#5083=VECTOR('',#5082,2.499999999998E-1);
#5084=CARTESIAN_POINT('',(2.725E0,1.2E0,2.45E0));
#5085=LINE('262846',#5084,#5083);
#5086=DIRECTION('',(0.E0,-9.447080890264E-1,3.279125287756E-1));
#5087=VECTOR('',#5086,8.957327769598E-1);
#5088=CARTESIAN_POINT('',(2.725E0,-2.392738613052E0,4.499999999993E-1));
#5089=LINE('262259',#5088,#5087);
#5090=DIRECTION('',(0.E0,-9.654452819790E-1,-2.606058470267E-1));
#5091=VECTOR('',#5090,1.127073714390E0);
#5092=CARTESIAN_POINT('',(2.725E0,-3.238944613052E0,7.437219999994E-1));
#5093=LINE('262258',#5092,#5091);
#5094=DIRECTION('',(0.E0,9.654453626180E-1,2.606055482899E-1));
#5095=VECTOR('',#5094,1.170949743789E0);
#5096=CARTESIAN_POINT('',(2.725E0,-4.360221613052E0,6.999999999994E-1));
#5097=LINE('262254',#5096,#5095);
#5098=DIRECTION('',(0.E0,9.447083110677E-1,-3.279118890793E-1));
#5099=VECTOR('',#5098,9.306036473909E-1);
#5100=CARTESIAN_POINT('',(2.725E0,-3.229733613052E0,1.005155999999E0));
#5101=LINE('262253',#5100,#5099);
#5102=DIRECTION('',(-1.049825194501E-13,-3.809781629647E-1,9.245840358475E-1));
#5103=VECTOR('',#5102,1.192895329944E0);
#5104=CARTESIAN_POINT('',(2.725E0,-2.5E-1,-1.759483844583E0));
#5105=LINE('263112',#5104,#5103);
#5106=DIRECTION('',(0.E0,6.247562038888E-1,7.808198804478E-1));
#5107=VECTOR('',#5106,2.764455862066E-1);
#5108=CARTESIAN_POINT('',(2.725E0,-7.044670714111E-1,-6.565518660800E-1));
#5109=LINE('262251',#5108,#5107);
#5110=DIRECTION('',(1.713127789286E-13,3.840663340634E-1,-9.233055025500E-1));
#5111=VECTOR('',#5110,7.336127939408E-1);
#5112=CARTESIAN_POINT('',(2.725E0,-5.317559763909E-1,-4.406976565078E-1));
#5113=LINE('263111',#5112,#5111);
#5114=DIRECTION('',(0.E0,-1.E0,4.662936703426E-14));
#5115=VECTOR('',#5114,2.8E0);
#5116=CARTESIAN_POINT('',(2.725E0,1.2E0,2.7E0));
#5117=LINE('262252',#5116,#5115);
#5118=DIRECTION('',(-1.E0,0.E0,1.440822769737E-13));
#5119=VECTOR('',#5118,4.499999999997E-1);
#5120=CARTESIAN_POINT('',(2.725E0,-1.6E0,2.7E0));
#5121=LINE('262274',#5120,#5119);
#5122=DIRECTION('',(0.E0,1.E0,-4.678797032349E-14));
#5123=VECTOR('',#5122,2.8E0);
#5124=CARTESIAN_POINT('',(2.275E0,-1.6E0,2.7E0));
#5125=LINE('262265',#5124,#5123);
#5126=DIRECTION('',(1.E0,0.E0,-1.450691418844E-13));
#5127=VECTOR('',#5126,4.499999999997E-1);
#5128=CARTESIAN_POINT('',(2.275E0,1.2E0,2.7E0));
#5129=LINE('262250',#5128,#5127);
#5130=DIRECTION('',(1.933496098270E-13,-2.732856676001E-14,-1.E0));
#5131=VECTOR('',#5130,6.5E-1);
#5132=CARTESIAN_POINT('',(2.725E0,-1.6E0,2.7E0));
#5133=LINE('262851',#5132,#5131);
#5134=DIRECTION('',(1.926663956580E-13,2.732856676E-14,1.E0));
#5135=VECTOR('',#5134,6.5E-1);
#5136=CARTESIAN_POINT('',(2.275E0,-1.6E0,2.05E0));
#5137=LINE('262857',#5136,#5135);
#5138=DIRECTION('',(-5.009326287111E-13,1.358912982142E-13,-1.E0));
#5139=VECTOR('',#5138,2.499999999999E-1);
#5140=CARTESIAN_POINT('',(2.275E0,1.2E0,2.7E0));
#5141=LINE('262847',#5140,#5139);
#5142=DIRECTION('',(-3.130828929443E-13,-4.884981308350E-14,-1.E0));
#5143=VECTOR('',#5142,4.E-1);
#5144=CARTESIAN_POINT('',(2.275E0,-1.35E0,2.45E0));
#5145=LINE('262854',#5144,#5143);
#5146=DIRECTION('',(1.391479524197E-13,-1.E0,3.750086660956E-14));
#5147=VECTOR('',#5146,9.000000000001E-1);
#5148=CARTESIAN_POINT('',(2.275E0,-4.499999999999E-1,2.45E0));
#5149=LINE('262855',#5148,#5147);
#5150=DIRECTION('',(2.828602554325E-13,-1.E0,0.E0));
#5151=VECTOR('',#5150,4.427386130520E-1);
#5152=CARTESIAN_POINT('',(2.275E0,-1.95E0,4.5E-1));
#5153=LINE('262853',#5152,#5151);
#5154=DIRECTION('',(0.E0,-9.447083110677E-1,3.279118890793E-1));
#5155=VECTOR('',#5154,9.306036473908E-1);
#5156=CARTESIAN_POINT('',(2.275E0,-2.350584613052E0,7.E-1));
#5157=LINE('262272',#5156,#5155);
#5158=DIRECTION('',(0.E0,-9.654453626180E-1,-2.606055482898E-1));
#5159=VECTOR('',#5158,1.170949743789E0);
#5160=CARTESIAN_POINT('',(2.275E0,-3.229733613052E0,1.005156E0));
#5161=LINE('262271',#5160,#5159);
#5162=DIRECTION('',(0.E0,9.654452819790E-1,2.606058470267E-1));
#5163=VECTOR('',#5162,1.127073714390E0);
#5164=CARTESIAN_POINT('',(2.275E0,-4.327072613052E0,4.499999999999E-1));
#5165=LINE('262267',#5164,#5163);
#5166=DIRECTION('',(0.E0,9.447080890265E-1,-3.279125287755E-1));
#5167=VECTOR('',#5166,8.957327769597E-1);
#5168=CARTESIAN_POINT('',(2.275E0,-3.238944613052E0,7.43722E-1));
#5169=LINE('262266',#5168,#5167);
#5170=DIRECTION('',(1.707074334198E-13,-3.840663340630E-1,9.233055025502E-1));
#5171=VECTOR('',#5170,7.336127939417E-1);
#5172=CARTESIAN_POINT('',(2.275E0,-2.5E-1,-1.118046385894E0));
#5173=LINE('263113',#5172,#5171);
#5174=DIRECTION('',(0.E0,-6.247562038889E-1,-7.808198804477E-1));
#5175=VECTOR('',#5174,2.764455862066E-1);
#5176=CARTESIAN_POINT('',(2.275E0,-5.317559763909E-1,-4.406976565069E-1));
#5177=LINE('262264',#5176,#5175);
#5178=DIRECTION('',(-1.049825194500E-13,3.809781629644E-1,-9.245840358476E-1));
#5179=VECTOR('',#5178,1.192895329945E0);
#5180=CARTESIAN_POINT('',(2.275E0,-7.044670714111E-1,-6.565518660790E-1));
#5181=LINE('263114',#5180,#5179);
#5182=DIRECTION('',(-3.141931159690E-13,4.884981308352E-14,1.E0));
#5183=VECTOR('',#5182,3.999999999999E-1);
#5184=CARTESIAN_POINT('',(2.725E0,-1.35E0,2.05E0));
#5185=LINE('262849',#5184,#5183);
#5186=DIRECTION('',(1.396413848751E-13,1.E0,1.159566270164E-13));
#5187=VECTOR('',#5186,9.000000000001E-1);
#5188=CARTESIAN_POINT('',(2.725E0,-1.35E0,2.45E0));
#5189=LINE('262850',#5188,#5187);
#5190=DIRECTION('',(1.E0,0.E0,-3.059281223413E-13));
#5191=VECTOR('',#5190,4.499999999997E-1);
#5192=CARTESIAN_POINT('',(2.275E0,-1.35E0,2.45E0));
#5193=LINE('262261',#5192,#5191);
#5194=DIRECTION('',(2.828602554325E-13,1.E0,1.539306452103E-12));
#5195=VECTOR('',#5194,4.427386130520E-1);
#5196=CARTESIAN_POINT('',(2.725E0,-2.392738613052E0,4.499999999993E-1));
#5197=LINE('262848',#5196,#5195);
#5198=DIRECTION('',(-1.E0,0.E0,1.515084354273E-12));
#5199=VECTOR('',#5198,4.499999999997E-1);
#5200=CARTESIAN_POINT('',(2.725E0,-2.392738613052E0,4.499999999993E-1));
#5201=LINE('262260',#5200,#5199);
#5202=DIRECTION('',(1.E0,0.E0,-1.326346440086E-12));
#5203=VECTOR('',#5202,4.499999999997E-1);
#5204=CARTESIAN_POINT('',(2.275E0,-3.238944613052E0,7.43722E-1));
#5205=LINE('262280',#5204,#5203);
#5206=DIRECTION('',(1.E0,0.E0,-1.514837638045E-12));
#5207=VECTOR('',#5206,4.499999999997E-1);
#5208=CARTESIAN_POINT('',(2.275E0,-4.327072613052E0,4.499999999999E-1));
#5209=LINE('262279',#5208,#5207);
#5210=DIRECTION('',(0.E0,1.E0,-1.093421581675E-13));
#5211=VECTOR('',#5210,6.229269999998E-1);
#5212=CARTESIAN_POINT('',(2.725E0,-4.949999613052E0,4.499999999993E-1));
#5213=LINE('262257',#5212,#5211);
#5214=DIRECTION('',(0.E0,-1.E0,1.093421581675E-13));
#5215=VECTOR('',#5214,6.229269999998E-1);
#5216=CARTESIAN_POINT('',(2.275E0,-4.327072613052E0,4.499999999999E-1));
#5217=LINE('262268',#5216,#5215);
#5218=DIRECTION('',(1.E0,0.E0,-1.514837638045E-12));
#5219=VECTOR('',#5218,4.499999999997E-1);
#5220=CARTESIAN_POINT('',(2.275E0,-4.949999613052E0,4.5E-1));
#5221=LINE('262278',#5220,#5219);
#5222=DIRECTION('',(0.E0,-2.557953848736E-13,-1.E0));
#5223=VECTOR('',#5222,2.500000000001E-1);
#5224=CARTESIAN_POINT('',(2.725E0,-4.949999613052E0,6.999999999994E-1));
#5225=LINE('262256',#5224,#5223);
#5226=DIRECTION('',(0.E0,2.557953848736E-13,1.E0));
#5227=VECTOR('',#5226,2.5E-1);
#5228=CARTESIAN_POINT('',(2.275E0,-4.949999613052E0,4.5E-1));
#5229=LINE('262269',#5228,#5227);
#5230=DIRECTION('',(1.E0,0.E0,-1.354718806271E-12));
#5231=VECTOR('',#5230,4.499999999997E-1);
#5232=CARTESIAN_POINT('',(2.275E0,-4.949999613052E0,7.E-1));
#5233=LINE('262277',#5232,#5231);
#5234=DIRECTION('',(0.E0,-1.E0,0.E0));
#5235=VECTOR('',#5234,5.897779999999E-1);
#5236=CARTESIAN_POINT('',(2.725E0,-4.360221613052E0,6.999999999994E-1));
#5237=LINE('262255',#5236,#5235);
#5238=DIRECTION('',(0.E0,1.E0,0.E0));
#5239=VECTOR('',#5238,5.897779999999E-1);
#5240=CARTESIAN_POINT('',(2.275E0,-4.949999613052E0,7.E-1));
#5241=LINE('262270',#5240,#5239);
#5242=DIRECTION('',(1.E0,0.E0,-1.354965522499E-12));
#5243=VECTOR('',#5242,4.499999999997E-1);
#5244=CARTESIAN_POINT('',(2.275E0,-4.360221613052E0,7.E-1));
#5245=LINE('262276',#5244,#5243);
#5246=DIRECTION('',(1.E0,0.E0,-1.158579405254E-12));
#5247=VECTOR('',#5246,4.499999999997E-1);
#5248=CARTESIAN_POINT('',(2.275E0,-3.229733613052E0,1.005156E0));
#5249=LINE('262275',#5248,#5247);
#5250=DIRECTION('',(1.E0,0.E0,-1.354965522499E-12));
#5251=VECTOR('',#5250,4.499999999997E-1);
#5252=CARTESIAN_POINT('',(2.275E0,-2.350584613052E0,7.E-1));
#5253=LINE('262273',#5252,#5251);
#5254=DIRECTION('',(-3.137345826393E-13,-1.E0,-1.526546008107E-12));
#5255=VECTOR('',#5254,4.005846130520E-1);
#5256=CARTESIAN_POINT('',(2.725E0,-1.95E0,7.E-1));
#5257=LINE('262852',#5256,#5255);
#5258=DIRECTION('',(-3.126259798737E-13,1.E0,0.E0));
#5259=VECTOR('',#5258,4.005846130520E-1);
#5260=CARTESIAN_POINT('',(2.275E0,-2.350584613052E0,7.E-1));
#5261=LINE('262856',#5260,#5259);
#5262=DIRECTION('',(1.E0,0.E0,-2.087342644410E-12));
#5263=VECTOR('',#5262,4.499999999997E-1);
#5264=CARTESIAN_POINT('',(2.275E0,-5.317559763909E-1,-4.406976565069E-1));
#5265=LINE('262262',#5264,#5263);
#5266=DIRECTION('',(1.E0,0.E0,-2.226120522489E-12));
#5267=VECTOR('',#5266,4.499999999997E-1);
#5268=CARTESIAN_POINT('',(2.275E0,-7.044670714111E-1,-6.565518660790E-1));
#5269=LINE('262263',#5268,#5267);
#5270=DIRECTION('',(2.028599510596E-12,-1.350031197945E-13,1.E0));
#5271=VECTOR('',#5270,2.499999999998E-1);
#5272=CARTESIAN_POINT('',(4.725E0,1.2E0,2.45E0));
#5273=LINE('262834',#5272,#5271);
#5274=DIRECTION('',(0.E0,-9.447080890264E-1,3.279125287756E-1));
#5275=VECTOR('',#5274,8.957327769598E-1);
#5276=CARTESIAN_POINT('',(4.725000000001E0,-2.392738613052E0,
4.499999999993E-1));
#5277=LINE('262228',#5276,#5275);
#5278=DIRECTION('',(0.E0,-9.654452819790E-1,-2.606058470267E-1));
#5279=VECTOR('',#5278,1.127073714390E0);
#5280=CARTESIAN_POINT('',(4.725000000001E0,-3.238944613052E0,
7.437219999994E-1));
#5281=LINE('262227',#5280,#5279);
#5282=DIRECTION('',(0.E0,9.654453626180E-1,2.606055482899E-1));
#5283=VECTOR('',#5282,1.170949743789E0);
#5284=CARTESIAN_POINT('',(4.725000000001E0,-4.360221613052E0,
6.999999999994E-1));
#5285=LINE('262223',#5284,#5283);
#5286=DIRECTION('',(0.E0,9.447083110677E-1,-3.279118890793E-1));
#5287=VECTOR('',#5286,9.306036473909E-1);
#5288=CARTESIAN_POINT('',(4.725000000001E0,-3.229733613052E0,1.005155999999E0));
#5289=LINE('262222',#5288,#5287);
#5290=DIRECTION('',(4.251419759290E-13,-3.809781629647E-1,9.245840358475E-1));
#5291=VECTOR('',#5290,1.192895329944E0);
#5292=CARTESIAN_POINT('',(4.725E0,-2.5E-1,-1.759483844583E0));
#5293=LINE('263092',#5292,#5291);
#5294=DIRECTION('',(0.E0,6.247562038888E-1,7.808198804478E-1));
#5295=VECTOR('',#5294,2.764455862066E-1);
#5296=CARTESIAN_POINT('',(4.725000000001E0,-7.044670714111E-1,
-6.565518660800E-1));
#5297=LINE('262220',#5296,#5295);
#5298=DIRECTION('',(-6.913045708002E-13,3.840663340634E-1,-9.233055025500E-1));
#5299=VECTOR('',#5298,7.336127939408E-1);
#5300=CARTESIAN_POINT('',(4.725000000001E0,-5.317559763909E-1,
-4.406976565078E-1));
#5301=LINE('263091',#5300,#5299);
#5302=DIRECTION('',(0.E0,-1.E0,4.662936703426E-14));
#5303=VECTOR('',#5302,2.8E0);
#5304=CARTESIAN_POINT('',(4.725000000001E0,1.2E0,2.7E0));
#5305=LINE('262221',#5304,#5303);
#5306=DIRECTION('',(-1.E0,0.E0,1.440822769733E-13));
#5307=VECTOR('',#5306,4.500000000010E-1);
#5308=CARTESIAN_POINT('',(4.725000000001E0,-1.6E0,2.7E0));
#5309=LINE('262243',#5308,#5307);
#5310=DIRECTION('',(0.E0,1.E0,-4.678797032349E-14));
#5311=VECTOR('',#5310,2.8E0);
#5312=CARTESIAN_POINT('',(4.274999999999E0,-1.6E0,2.7E0));
#5313=LINE('262234',#5312,#5311);
#5314=DIRECTION('',(1.E0,0.E0,-1.450691418840E-13));
#5315=VECTOR('',#5314,4.500000000010E-1);
#5316=CARTESIAN_POINT('',(4.274999999999E0,1.2E0,2.7E0));
#5317=LINE('262219',#5316,#5315);
#5318=DIRECTION('',(-7.802305809981E-13,-2.732856676001E-14,-1.E0));
#5319=VECTOR('',#5318,6.5E-1);
#5320=CARTESIAN_POINT('',(4.725000000001E0,-1.6E0,2.7E0));
#5321=LINE('262839',#5320,#5319);
#5322=DIRECTION('',(-7.815970093361E-13,2.732856676E-14,1.E0));
#5323=VECTOR('',#5322,6.5E-1);
#5324=CARTESIAN_POINT('',(4.275E0,-1.6E0,2.05E0));
#5325=LINE('262845',#5324,#5323);
#5326=DIRECTION('',(2.028599510596E-12,1.350031197945E-13,-1.E0));
#5327=VECTOR('',#5326,2.499999999999E-1);
#5328=CARTESIAN_POINT('',(4.274999999999E0,1.2E0,2.7E0));
#5329=LINE('262835',#5328,#5327);
#5330=DIRECTION('',(1.267874694122E-12,-4.829470157119E-14,-1.E0));
#5331=VECTOR('',#5330,4.E-1);
#5332=CARTESIAN_POINT('',(4.274999999999E0,-1.35E0,2.45E0));
#5333=LINE('262842',#5332,#5331);
#5334=DIRECTION('',(-5.644867289649E-13,-1.E0,3.750086660956E-14));
#5335=VECTOR('',#5334,9.000000000001E-1);
#5336=CARTESIAN_POINT('',(4.275E0,-4.499999999999E-1,2.45E0));
#5337=LINE('262843',#5336,#5335);
#5338=DIRECTION('',(-1.147489830549E-12,-1.E0,0.E0));
#5339=VECTOR('',#5338,4.427386130520E-1);
#5340=CARTESIAN_POINT('',(4.275E0,-1.95E0,4.5E-1));
#5341=LINE('262841',#5340,#5339);
#5342=DIRECTION('',(0.E0,-9.447083110677E-1,3.279118890793E-1));
#5343=VECTOR('',#5342,9.306036473908E-1);
#5344=CARTESIAN_POINT('',(4.274999999999E0,-2.350584613052E0,7.E-1));
#5345=LINE('262241',#5344,#5343);
#5346=DIRECTION('',(0.E0,-9.654453626180E-1,-2.606055482898E-1));
#5347=VECTOR('',#5346,1.170949743789E0);
#5348=CARTESIAN_POINT('',(4.274999999999E0,-3.229733613052E0,1.005156E0));
#5349=LINE('262240',#5348,#5347);
#5350=DIRECTION('',(0.E0,9.654452819790E-1,2.606058470267E-1));
#5351=VECTOR('',#5350,1.127073714390E0);
#5352=CARTESIAN_POINT('',(4.274999999999E0,-4.327072613052E0,
4.499999999999E-1));
#5353=LINE('262236',#5352,#5351);
#5354=DIRECTION('',(0.E0,9.447080890265E-1,-3.279125287755E-1));
#5355=VECTOR('',#5354,8.957327769597E-1);
#5356=CARTESIAN_POINT('',(4.274999999999E0,-3.238944613052E0,7.43722E-1));
#5357=LINE('262235',#5356,#5355);
#5358=DIRECTION('',(-6.925152618165E-13,-3.840663340630E-1,9.233055025502E-1));
#5359=VECTOR('',#5358,7.336127939417E-1);
#5360=CARTESIAN_POINT('',(4.275E0,-2.5E-1,-1.118046385894E0));
#5361=LINE('263093',#5360,#5359);
#5362=DIRECTION('',(0.E0,-6.247562038889E-1,-7.808198804477E-1));
#5363=VECTOR('',#5362,2.764455862066E-1);
#5364=CARTESIAN_POINT('',(4.274999999999E0,-5.317559763909E-1,
-4.406976565069E-1));
#5365=LINE('262233',#5364,#5363);
#5366=DIRECTION('',(4.258865328042E-13,3.809781629644E-1,-9.245840358476E-1));
#5367=VECTOR('',#5366,1.192895329945E0);
#5368=CARTESIAN_POINT('',(4.274999999999E0,-7.044670714111E-1,
-6.565518660790E-1));
#5369=LINE('263094',#5368,#5367);
#5370=DIRECTION('',(1.267874694122E-12,4.829470157121E-14,1.E0));
#5371=VECTOR('',#5370,3.999999999999E-1);
#5372=CARTESIAN_POINT('',(4.725E0,-1.35E0,2.05E0));
#5373=LINE('262837',#5372,#5371);
#5374=DIRECTION('',(-5.625129991434E-13,1.E0,1.159566270164E-13));
#5375=VECTOR('',#5374,9.000000000001E-1);
#5376=CARTESIAN_POINT('',(4.725000000001E0,-1.35E0,2.45E0));
#5377=LINE('262838',#5376,#5375);
#5378=DIRECTION('',(1.E0,0.E0,-3.059281223405E-13));
#5379=VECTOR('',#5378,4.500000000010E-1);
#5380=CARTESIAN_POINT('',(4.274999999999E0,-1.35E0,2.45E0));
#5381=LINE('262230',#5380,#5379);
#5382=DIRECTION('',(-1.145483729447E-12,1.E0,1.539306452103E-12));
#5383=VECTOR('',#5382,4.427386130520E-1);
#5384=CARTESIAN_POINT('',(4.725000000001E0,-2.392738613052E0,
4.499999999993E-1));
#5385=LINE('262836',#5384,#5383);
#5386=DIRECTION('',(-1.E0,0.E0,1.515084354268E-12));
#5387=VECTOR('',#5386,4.500000000010E-1);
#5388=CARTESIAN_POINT('',(4.725000000001E0,-2.392738613052E0,
4.499999999993E-1));
#5389=LINE('262229',#5388,#5387);
#5390=DIRECTION('',(1.E0,0.E0,-1.326346440083E-12));
#5391=VECTOR('',#5390,4.500000000010E-1);
#5392=CARTESIAN_POINT('',(4.274999999999E0,-3.238944613052E0,7.43722E-1));
#5393=LINE('262249',#5392,#5391);
#5394=DIRECTION('',(1.E0,0.E0,-1.514837638041E-12));
#5395=VECTOR('',#5394,4.500000000010E-1);
#5396=CARTESIAN_POINT('',(4.274999999999E0,-4.327072613052E0,
4.499999999999E-1));
#5397=LINE('262248',#5396,#5395);
#5398=DIRECTION('',(0.E0,1.E0,-1.093421581675E-13));
#5399=VECTOR('',#5398,6.229269999998E-1);
#5400=CARTESIAN_POINT('',(4.725000000001E0,-4.949999613052E0,
4.499999999993E-1));
#5401=LINE('262226',#5400,#5399);
#5402=DIRECTION('',(0.E0,-1.E0,1.093421581675E-13));
#5403=VECTOR('',#5402,6.229269999998E-1);
#5404=CARTESIAN_POINT('',(4.274999999999E0,-4.327072613052E0,
4.499999999999E-1));
#5405=LINE('262237',#5404,#5403);
#5406=DIRECTION('',(1.E0,0.E0,-1.514837638041E-12));
#5407=VECTOR('',#5406,4.500000000010E-1);
#5408=CARTESIAN_POINT('',(4.274999999999E0,-4.949999613052E0,4.5E-1));
#5409=LINE('262247',#5408,#5407);
#5410=DIRECTION('',(0.E0,-2.557953848736E-13,-1.E0));
#5411=VECTOR('',#5410,2.500000000001E-1);
#5412=CARTESIAN_POINT('',(4.725000000001E0,-4.949999613052E0,
6.999999999994E-1));
#5413=LINE('262225',#5412,#5411);
#5414=DIRECTION('',(0.E0,2.557953848736E-13,1.E0));
#5415=VECTOR('',#5414,2.5E-1);
#5416=CARTESIAN_POINT('',(4.274999999999E0,-4.949999613052E0,4.5E-1));
#5417=LINE('262238',#5416,#5415);
#5418=DIRECTION('',(1.E0,0.E0,-1.354718806267E-12));
#5419=VECTOR('',#5418,4.500000000010E-1);
#5420=CARTESIAN_POINT('',(4.274999999999E0,-4.949999613052E0,7.E-1));
#5421=LINE('262246',#5420,#5419);
#5422=DIRECTION('',(0.E0,-1.E0,0.E0));
#5423=VECTOR('',#5422,5.897779999999E-1);
#5424=CARTESIAN_POINT('',(4.725000000001E0,-4.360221613052E0,
6.999999999994E-1));
#5425=LINE('262224',#5424,#5423);
#5426=DIRECTION('',(0.E0,1.E0,0.E0));
#5427=VECTOR('',#5426,5.897779999999E-1);
#5428=CARTESIAN_POINT('',(4.274999999999E0,-4.949999613052E0,7.E-1));
#5429=LINE('262239',#5428,#5427);
#5430=DIRECTION('',(1.E0,0.E0,-1.354965522495E-12));
#5431=VECTOR('',#5430,4.500000000010E-1);
#5432=CARTESIAN_POINT('',(4.274999999999E0,-4.360221613052E0,7.E-1));
#5433=LINE('262245',#5432,#5431);
#5434=DIRECTION('',(1.E0,0.E0,-1.158579405251E-12));
#5435=VECTOR('',#5434,4.500000000010E-1);
#5436=CARTESIAN_POINT('',(4.274999999999E0,-3.229733613052E0,1.005156E0));
#5437=LINE('262244',#5436,#5435);
#5438=DIRECTION('',(1.E0,0.E0,-1.354965522495E-12));
#5439=VECTOR('',#5438,4.500000000010E-1);
#5440=CARTESIAN_POINT('',(4.274999999999E0,-2.350584613052E0,7.E-1));
#5441=LINE('262242',#5440,#5439);
#5442=DIRECTION('',(1.266024358212E-12,-1.E0,-1.526546008107E-12));
#5443=VECTOR('',#5442,4.005846130520E-1);
#5444=CARTESIAN_POINT('',(4.725E0,-1.95E0,7.E-1));
#5445=LINE('262840',#5444,#5443);
#5446=DIRECTION('',(1.266024358212E-12,1.E0,0.E0));
#5447=VECTOR('',#5446,4.005846130520E-1);
#5448=CARTESIAN_POINT('',(4.274999999999E0,-2.350584613052E0,7.E-1));
#5449=LINE('262844',#5448,#5447);
#5450=DIRECTION('',(1.E0,0.E0,-2.087342644404E-12));
#5451=VECTOR('',#5450,4.500000000010E-1);
#5452=CARTESIAN_POINT('',(4.274999999999E0,-5.317559763909E-1,
-4.406976565069E-1));
#5453=LINE('262231',#5452,#5451);
#5454=DIRECTION('',(1.E0,0.E0,-2.226120522482E-12));
#5455=VECTOR('',#5454,4.500000000010E-1);
#5456=CARTESIAN_POINT('',(4.274999999999E0,-7.044670714111E-1,
-6.565518660790E-1));
#5457=LINE('262232',#5456,#5455);
#5458=DIRECTION('',(2.028599510596E-12,-1.358912982142E-13,1.E0));
#5459=VECTOR('',#5458,2.499999999998E-1);
#5460=CARTESIAN_POINT('',(6.725E0,1.2E0,2.45E0));
#5461=LINE('262822',#5460,#5459);
#5462=DIRECTION('',(0.E0,-9.447080890264E-1,3.279125287756E-1));
#5463=VECTOR('',#5462,8.957327769598E-1);
#5464=CARTESIAN_POINT('',(6.725000000001E0,-2.392738613052E0,
4.499999999993E-1));
#5465=LINE('262662',#5464,#5463);
#5466=DIRECTION('',(0.E0,-9.654452819790E-1,-2.606058470267E-1));
#5467=VECTOR('',#5466,1.127073714390E0);
#5468=CARTESIAN_POINT('',(6.725000000001E0,-3.238944613052E0,
7.437219999994E-1));
#5469=LINE('262661',#5468,#5467);
#5470=DIRECTION('',(0.E0,9.654453626180E-1,2.606055482899E-1));
#5471=VECTOR('',#5470,1.170949743789E0);
#5472=CARTESIAN_POINT('',(6.725000000001E0,-4.360221613052E0,
6.999999999994E-1));
#5473=LINE('262657',#5472,#5471);
#5474=DIRECTION('',(0.E0,9.447083110677E-1,-3.279118890793E-1));
#5475=VECTOR('',#5474,9.306036473909E-1);
#5476=CARTESIAN_POINT('',(6.725000000001E0,-3.229733613052E0,1.005155999999E0));
#5477=LINE('262656',#5476,#5475);
#5478=DIRECTION('',(4.251419759290E-13,-3.809781629647E-1,9.245840358475E-1));
#5479=VECTOR('',#5478,1.192895329944E0);
#5480=CARTESIAN_POINT('',(6.725E0,-2.5E-1,-1.759483844583E0));
#5481=LINE('263072',#5480,#5479);
#5482=DIRECTION('',(0.E0,6.247562038888E-1,7.808198804478E-1));
#5483=VECTOR('',#5482,2.764455862066E-1);
#5484=CARTESIAN_POINT('',(6.725000000001E0,-7.044670714111E-1,
-6.565518660800E-1));
#5485=LINE('262654',#5484,#5483);
#5486=DIRECTION('',(-6.913045708002E-13,3.840663340634E-1,-9.233055025500E-1));
#5487=VECTOR('',#5486,7.336127939408E-1);
#5488=CARTESIAN_POINT('',(6.725000000001E0,-5.317559763909E-1,
-4.406976565078E-1));
#5489=LINE('263071',#5488,#5487);
#5490=DIRECTION('',(0.E0,-1.E0,4.678797032349E-14));
#5491=VECTOR('',#5490,2.8E0);
#5492=CARTESIAN_POINT('',(6.725000000001E0,1.2E0,2.7E0));
#5493=LINE('262655',#5492,#5491);
#5494=DIRECTION('',(-1.E0,0.E0,1.440822769733E-13));
#5495=VECTOR('',#5494,4.500000000010E-1);
#5496=CARTESIAN_POINT('',(6.725000000001E0,-1.6E0,2.7E0));
#5497=LINE('262677',#5496,#5495);
#5498=DIRECTION('',(0.E0,1.E0,-4.678797032349E-14));
#5499=VECTOR('',#5498,2.8E0);
#5500=CARTESIAN_POINT('',(6.274999999999E0,-1.6E0,2.7E0));
#5501=LINE('262668',#5500,#5499);
#5502=DIRECTION('',(1.E0,0.E0,-1.450691418840E-13));
#5503=VECTOR('',#5502,4.500000000010E-1);
#5504=CARTESIAN_POINT('',(6.274999999999E0,1.2E0,2.7E0));
#5505=LINE('262653',#5504,#5503);
#5506=DIRECTION('',(-7.802305809981E-13,-2.767017384451E-14,-1.E0));
#5507=VECTOR('',#5506,6.5E-1);
#5508=CARTESIAN_POINT('',(6.725000000001E0,-1.6E0,2.7E0));
#5509=LINE('262827',#5508,#5507);
#5510=DIRECTION('',(-7.802305809981E-13,2.732856676E-14,1.E0));
#5511=VECTOR('',#5510,6.5E-1);
#5512=CARTESIAN_POINT('',(6.275E0,-1.6E0,2.05E0));
#5513=LINE('262833',#5512,#5511);
#5514=DIRECTION('',(2.028599510596E-12,1.367794766339E-13,-1.E0));
#5515=VECTOR('',#5514,2.499999999999E-1);
#5516=CARTESIAN_POINT('',(6.274999999999E0,1.2E0,2.7E0));
#5517=LINE('262823',#5516,#5515);
#5518=DIRECTION('',(1.267874694122E-12,-4.829470157119E-14,-1.E0));
#5519=VECTOR('',#5518,4.E-1);
#5520=CARTESIAN_POINT('',(6.274999999999E0,-1.35E0,2.45E0));
#5521=LINE('262830',#5520,#5519);
#5522=DIRECTION('',(-5.634998640541E-13,-1.E0,3.750086660956E-14));
#5523=VECTOR('',#5522,9.000000000001E-1);
#5524=CARTESIAN_POINT('',(6.275E0,-4.499999999999E-1,2.45E0));
#5525=LINE('262831',#5524,#5523);
#5526=DIRECTION('',(-1.145483729447E-12,-1.E0,0.E0));
#5527=VECTOR('',#5526,4.427386130520E-1);
#5528=CARTESIAN_POINT('',(6.275E0,-1.95E0,4.5E-1));
#5529=LINE('262829',#5528,#5527);
#5530=DIRECTION('',(0.E0,-9.447083110677E-1,3.279118890793E-1));
#5531=VECTOR('',#5530,9.306036473908E-1);
#5532=CARTESIAN_POINT('',(6.274999999999E0,-2.350584613052E0,7.E-1));
#5533=LINE('262675',#5532,#5531);
#5534=DIRECTION('',(0.E0,-9.654453626180E-1,-2.606055482898E-1));
#5535=VECTOR('',#5534,1.170949743789E0);
#5536=CARTESIAN_POINT('',(6.274999999999E0,-3.229733613052E0,1.005156E0));
#5537=LINE('262674',#5536,#5535);
#5538=DIRECTION('',(0.E0,9.654452819790E-1,2.606058470267E-1));
#5539=VECTOR('',#5538,1.127073714390E0);
#5540=CARTESIAN_POINT('',(6.274999999999E0,-4.327072613052E0,
4.499999999999E-1));
#5541=LINE('262670',#5540,#5539);
#5542=DIRECTION('',(0.E0,9.447080890265E-1,-3.279125287755E-1));
#5543=VECTOR('',#5542,8.957327769597E-1);
#5544=CARTESIAN_POINT('',(6.274999999999E0,-3.238944613052E0,7.43722E-1));
#5545=LINE('262669',#5544,#5543);
#5546=DIRECTION('',(-6.913045707994E-13,-3.840663340630E-1,9.233055025502E-1));
#5547=VECTOR('',#5546,7.336127939417E-1);
#5548=CARTESIAN_POINT('',(6.275E0,-2.5E-1,-1.118046385894E0));
#5549=LINE('263073',#5548,#5547);
#5550=DIRECTION('',(0.E0,-6.247562038889E-1,-7.808198804477E-1));
#5551=VECTOR('',#5550,2.764455862066E-1);
#5552=CARTESIAN_POINT('',(6.274999999999E0,-5.317559763909E-1,
-4.406976565069E-1));
#5553=LINE('262667',#5552,#5551);
#5554=DIRECTION('',(4.251419759287E-13,3.809781629644E-1,-9.245840358476E-1));
#5555=VECTOR('',#5554,1.192895329945E0);
#5556=CARTESIAN_POINT('',(6.274999999999E0,-7.044670714111E-1,
-6.565518660790E-1));
#5557=LINE('263074',#5556,#5555);
#5558=DIRECTION('',(1.267874694122E-12,4.884981308352E-14,1.E0));
#5559=VECTOR('',#5558,3.999999999999E-1);
#5560=CARTESIAN_POINT('',(6.725E0,-1.35E0,2.05E0));
#5561=LINE('262825',#5560,#5559);
#5562=DIRECTION('',(-5.625129991434E-13,1.E0,1.159566270164E-13));
#5563=VECTOR('',#5562,9.000000000001E-1);
#5564=CARTESIAN_POINT('',(6.725000000001E0,-1.35E0,2.45E0));
#5565=LINE('262826',#5564,#5563);
#5566=DIRECTION('',(1.E0,0.E0,-3.059281223405E-13));
#5567=VECTOR('',#5566,4.500000000010E-1);
#5568=CARTESIAN_POINT('',(6.274999999999E0,-1.35E0,2.45E0));
#5569=LINE('262664',#5568,#5567);
#5570=DIRECTION('',(-1.145483729447E-12,1.E0,1.539306452103E-12));
#5571=VECTOR('',#5570,4.427386130520E-1);
#5572=CARTESIAN_POINT('',(6.725000000001E0,-2.392738613052E0,
4.499999999993E-1));
#5573=LINE('262824',#5572,#5571);
#5574=DIRECTION('',(-1.E0,0.E0,1.515084354268E-12));
#5575=VECTOR('',#5574,4.500000000010E-1);
#5576=CARTESIAN_POINT('',(6.725000000001E0,-2.392738613052E0,
4.499999999993E-1));
#5577=LINE('262663',#5576,#5575);
#5578=DIRECTION('',(1.E0,0.E0,-1.326346440083E-12));
#5579=VECTOR('',#5578,4.500000000010E-1);
#5580=CARTESIAN_POINT('',(6.274999999999E0,-3.238944613052E0,7.43722E-1));
#5581=LINE('262683',#5580,#5579);
#5582=DIRECTION('',(1.E0,0.E0,-1.514837638041E-12));
#5583=VECTOR('',#5582,4.500000000010E-1);
#5584=CARTESIAN_POINT('',(6.274999999999E0,-4.327072613052E0,
4.499999999999E-1));
#5585=LINE('262682',#5584,#5583);
#5586=DIRECTION('',(0.E0,1.E0,-1.093421581675E-13));
#5587=VECTOR('',#5586,6.229269999998E-1);
#5588=CARTESIAN_POINT('',(6.725000000001E0,-4.949999613052E0,
4.499999999993E-1));
#5589=LINE('262660',#5588,#5587);
#5590=DIRECTION('',(0.E0,-1.E0,1.093421581675E-13));
#5591=VECTOR('',#5590,6.229269999998E-1);
#5592=CARTESIAN_POINT('',(6.274999999999E0,-4.327072613052E0,
4.499999999999E-1));
#5593=LINE('262671',#5592,#5591);
#5594=DIRECTION('',(1.E0,0.E0,-1.514837638041E-12));
#5595=VECTOR('',#5594,4.500000000010E-1);
#5596=CARTESIAN_POINT('',(6.274999999999E0,-4.949999613052E0,4.5E-1));
#5597=LINE('262681',#5596,#5595);
#5598=DIRECTION('',(0.E0,-2.557953848736E-13,-1.E0));
#5599=VECTOR('',#5598,2.500000000001E-1);
#5600=CARTESIAN_POINT('',(6.725000000001E0,-4.949999613052E0,
6.999999999994E-1));
#5601=LINE('262659',#5600,#5599);
#5602=DIRECTION('',(0.E0,2.557953848736E-13,1.E0));
#5603=VECTOR('',#5602,2.5E-1);
#5604=CARTESIAN_POINT('',(6.274999999999E0,-4.949999613052E0,4.5E-1));
#5605=LINE('262672',#5604,#5603);
#5606=DIRECTION('',(1.E0,0.E0,-1.354718806267E-12));
#5607=VECTOR('',#5606,4.500000000010E-1);
#5608=CARTESIAN_POINT('',(6.274999999999E0,-4.949999613052E0,7.E-1));
#5609=LINE('262680',#5608,#5607);
#5610=DIRECTION('',(0.E0,-1.E0,0.E0));
#5611=VECTOR('',#5610,5.897779999999E-1);
#5612=CARTESIAN_POINT('',(6.725000000001E0,-4.360221613052E0,
6.999999999994E-1));
#5613=LINE('262658',#5612,#5611);
#5614=DIRECTION('',(0.E0,1.E0,0.E0));
#5615=VECTOR('',#5614,5.897779999999E-1);
#5616=CARTESIAN_POINT('',(6.274999999999E0,-4.949999613052E0,7.E-1));
#5617=LINE('262673',#5616,#5615);
#5618=DIRECTION('',(1.E0,0.E0,-1.354965522495E-12));
#5619=VECTOR('',#5618,4.500000000010E-1);
#5620=CARTESIAN_POINT('',(6.274999999999E0,-4.360221613052E0,7.E-1));
#5621=LINE('262679',#5620,#5619);
#5622=DIRECTION('',(1.E0,0.E0,-1.158579405251E-12));
#5623=VECTOR('',#5622,4.500000000010E-1);
#5624=CARTESIAN_POINT('',(6.274999999999E0,-3.229733613052E0,1.005156E0));
#5625=LINE('262678',#5624,#5623);
#5626=DIRECTION('',(1.E0,0.E0,-1.354965522495E-12));
#5627=VECTOR('',#5626,4.500000000010E-1);
#5628=CARTESIAN_POINT('',(6.274999999999E0,-2.350584613052E0,7.E-1));
#5629=LINE('262676',#5628,#5627);
#5630=DIRECTION('',(1.263807152681E-12,-1.E0,-1.526546008107E-12));
#5631=VECTOR('',#5630,4.005846130520E-1);
#5632=CARTESIAN_POINT('',(6.725E0,-1.95E0,7.E-1));
#5633=LINE('262828',#5632,#5631);
#5634=DIRECTION('',(1.261589947150E-12,1.E0,0.E0));
#5635=VECTOR('',#5634,4.005846130520E-1);
#5636=CARTESIAN_POINT('',(6.274999999999E0,-2.350584613052E0,7.E-1));
#5637=LINE('262832',#5636,#5635);
#5638=DIRECTION('',(1.E0,0.E0,-2.087342644404E-12));
#5639=VECTOR('',#5638,4.500000000010E-1);
#5640=CARTESIAN_POINT('',(6.274999999999E0,-5.317559763909E-1,
-4.406976565069E-1));
#5641=LINE('262665',#5640,#5639);
#5642=DIRECTION('',(1.E0,0.E0,-2.226120522482E-12));
#5643=VECTOR('',#5642,4.500000000010E-1);
#5644=CARTESIAN_POINT('',(6.274999999999E0,-7.044670714111E-1,
-6.565518660790E-1));
#5645=LINE('262666',#5644,#5643);
#5646=DIRECTION('',(2.025046796918E-12,-1.350031197945E-13,1.E0));
#5647=VECTOR('',#5646,2.499999999998E-1);
#5648=CARTESIAN_POINT('',(8.725E0,1.2E0,2.45E0));
#5649=LINE('262810',#5648,#5647);
#5650=DIRECTION('',(0.E0,-9.447080890264E-1,3.279125287756E-1));
#5651=VECTOR('',#5650,8.957327769598E-1);
#5652=CARTESIAN_POINT('',(8.725000000001E0,-2.392738613052E0,
4.499999999993E-1));
#5653=LINE('262693',#5652,#5651);
#5654=DIRECTION('',(0.E0,-9.654452819790E-1,-2.606058470267E-1));
#5655=VECTOR('',#5654,1.127073714390E0);
#5656=CARTESIAN_POINT('',(8.725000000001E0,-3.238944613052E0,
7.437219999994E-1));
#5657=LINE('262692',#5656,#5655);
#5658=DIRECTION('',(0.E0,9.654453626180E-1,2.606055482899E-1));
#5659=VECTOR('',#5658,1.170949743789E0);
#5660=CARTESIAN_POINT('',(8.725000000001E0,-4.360221613052E0,
6.999999999994E-1));
#5661=LINE('262688',#5660,#5659);
#5662=DIRECTION('',(0.E0,9.447083110677E-1,-3.279118890793E-1));
#5663=VECTOR('',#5662,9.306036473909E-1);
#5664=CARTESIAN_POINT('',(8.725000000001E0,-3.229733613052E0,1.005155999999E0));
#5665=LINE('262687',#5664,#5663);
#5666=DIRECTION('',(4.243974190535E-13,-3.809781629647E-1,9.245840358475E-1));
#5667=VECTOR('',#5666,1.192895329944E0);
#5668=CARTESIAN_POINT('',(8.725E0,-2.5E-1,-1.759483844583E0));
#5669=LINE('263051',#5668,#5667);
#5670=DIRECTION('',(0.E0,6.247562038888E-1,7.808198804478E-1));
#5671=VECTOR('',#5670,2.764455862066E-1);
#5672=CARTESIAN_POINT('',(8.725000000001E0,-7.044670714111E-1,
-6.565518660800E-1));
#5673=LINE('262685',#5672,#5671);
#5674=DIRECTION('',(-6.900938797830E-13,3.840663340634E-1,-9.233055025500E-1));
#5675=VECTOR('',#5674,7.336127939408E-1);
#5676=CARTESIAN_POINT('',(8.725000000001E0,-5.317559763909E-1,
-4.406976565078E-1));
#5677=LINE('263050',#5676,#5675);
#5678=DIRECTION('',(0.E0,-1.E0,4.678797032349E-14));
#5679=VECTOR('',#5678,2.8E0);
#5680=CARTESIAN_POINT('',(8.725000000001E0,1.2E0,2.7E0));
#5681=LINE('262686',#5680,#5679);
#5682=DIRECTION('',(-1.E0,0.E0,1.440822769733E-13));
#5683=VECTOR('',#5682,4.500000000010E-1);
#5684=CARTESIAN_POINT('',(8.725000000001E0,-1.6E0,2.7E0));
#5685=LINE('262708',#5684,#5683);
#5686=DIRECTION('',(0.E0,1.E0,-4.678797032349E-14));
#5687=VECTOR('',#5686,2.8E0);
#5688=CARTESIAN_POINT('',(8.274999999999E0,-1.6E0,2.7E0));
#5689=LINE('262699',#5688,#5687);
#5690=DIRECTION('',(1.E0,0.E0,-1.450691418840E-13));
#5691=VECTOR('',#5690,4.500000000010E-1);
#5692=CARTESIAN_POINT('',(8.274999999999E0,1.2E0,2.7E0));
#5693=LINE('262684',#5692,#5691);
#5694=DIRECTION('',(-7.788641526601E-13,-2.732856676001E-14,-1.E0));
#5695=VECTOR('',#5694,6.5E-1);
#5696=CARTESIAN_POINT('',(8.725000000001E0,-1.6E0,2.7E0));
#5697=LINE('262815',#5696,#5695);
#5698=DIRECTION('',(-7.788641526601E-13,2.732856676E-14,1.E0));
#5699=VECTOR('',#5698,6.5E-1);
#5700=CARTESIAN_POINT('',(8.275E0,-1.6E0,2.05E0));
#5701=LINE('262821',#5700,#5699);
#5702=DIRECTION('',(2.025046796917E-12,1.358912982142E-13,-1.E0));
#5703=VECTOR('',#5702,2.499999999999E-1);
#5704=CARTESIAN_POINT('',(8.274999999999E0,1.2E0,2.7E0));
#5705=LINE('262811',#5704,#5703);
#5706=DIRECTION('',(1.265654248073E-12,-4.884981308350E-14,-1.E0));
#5707=VECTOR('',#5706,4.E-1);
#5708=CARTESIAN_POINT('',(8.274999999999E0,-1.35E0,2.45E0));
#5709=LINE('262818',#5708,#5707);
#5710=DIRECTION('',(-5.644867289649E-13,-1.E0,3.750086660956E-14));
#5711=VECTOR('',#5710,9.000000000001E-1);
#5712=CARTESIAN_POINT('',(8.275E0,-4.499999999999E-1,2.45E0));
#5713=LINE('262819',#5712,#5711);
#5714=DIRECTION('',(-1.143477628344E-12,-1.E0,0.E0));
#5715=VECTOR('',#5714,4.427386130520E-1);
#5716=CARTESIAN_POINT('',(8.275E0,-1.95E0,4.5E-1));
#5717=LINE('262817',#5716,#5715);
#5718=DIRECTION('',(0.E0,-9.447083110677E-1,3.279118890793E-1));
#5719=VECTOR('',#5718,9.306036473908E-1);
#5720=CARTESIAN_POINT('',(8.274999999999E0,-2.350584613052E0,7.E-1));
#5721=LINE('262706',#5720,#5719);
#5722=DIRECTION('',(0.E0,-9.654453626180E-1,-2.606055482898E-1));
#5723=VECTOR('',#5722,1.170949743789E0);
#5724=CARTESIAN_POINT('',(8.274999999999E0,-3.229733613052E0,1.005156E0));
#5725=LINE('262705',#5724,#5723);
#5726=DIRECTION('',(0.E0,9.654452819790E-1,2.606058470267E-1));
#5727=VECTOR('',#5726,1.127073714390E0);
#5728=CARTESIAN_POINT('',(8.274999999999E0,-4.327072613052E0,
4.499999999999E-1));
#5729=LINE('262701',#5728,#5727);
#5730=DIRECTION('',(0.E0,9.447080890265E-1,-3.279125287755E-1));
#5731=VECTOR('',#5730,8.957327769597E-1);
#5732=CARTESIAN_POINT('',(8.274999999999E0,-3.238944613052E0,7.43722E-1));
#5733=LINE('262700',#5732,#5731);
#5734=DIRECTION('',(-6.900938797822E-13,-3.840663340630E-1,9.233055025502E-1));
#5735=VECTOR('',#5734,7.336127939417E-1);
#5736=CARTESIAN_POINT('',(8.275E0,-2.5E-1,-1.118046385894E0));
#5737=LINE('263052',#5736,#5735);
#5738=DIRECTION('',(0.E0,-6.247562038889E-1,-7.808198804477E-1));
#5739=VECTOR('',#5738,2.764455862066E-1);
#5740=CARTESIAN_POINT('',(8.274999999999E0,-5.317559763909E-1,
-4.406976565069E-1));
#5741=LINE('262698',#5740,#5739);
#5742=DIRECTION('',(4.243974190531E-13,3.809781629644E-1,-9.245840358476E-1));
#5743=VECTOR('',#5742,1.192895329945E0);
#5744=CARTESIAN_POINT('',(8.274999999999E0,-7.044670714111E-1,
-6.565518660790E-1));
#5745=LINE('263053',#5744,#5743);
#5746=DIRECTION('',(1.265654248073E-12,4.884981308352E-14,1.E0));
#5747=VECTOR('',#5746,3.999999999999E-1);
#5748=CARTESIAN_POINT('',(8.725E0,-1.35E0,2.05E0));
#5749=LINE('262813',#5748,#5747);
#5750=DIRECTION('',(-5.625129991434E-13,1.E0,1.159566270164E-13));
#5751=VECTOR('',#5750,9.000000000001E-1);
#5752=CARTESIAN_POINT('',(8.725000000001E0,-1.35E0,2.45E0));
#5753=LINE('262814',#5752,#5751);
#5754=DIRECTION('',(1.E0,0.E0,-3.059281223405E-13));
#5755=VECTOR('',#5754,4.500000000010E-1);
#5756=CARTESIAN_POINT('',(8.274999999999E0,-1.35E0,2.45E0));
#5757=LINE('262695',#5756,#5755);
#5758=DIRECTION('',(-1.143477628344E-12,1.E0,1.539306452103E-12));
#5759=VECTOR('',#5758,4.427386130520E-1);
#5760=CARTESIAN_POINT('',(8.725000000001E0,-2.392738613052E0,
4.499999999993E-1));
#5761=LINE('262812',#5760,#5759);
#5762=DIRECTION('',(-1.E0,0.E0,1.515084354268E-12));
#5763=VECTOR('',#5762,4.500000000010E-1);
#5764=CARTESIAN_POINT('',(8.725000000001E0,-2.392738613052E0,
4.499999999993E-1));
#5765=LINE('262694',#5764,#5763);
#5766=DIRECTION('',(1.E0,0.E0,-1.326346440083E-12));
#5767=VECTOR('',#5766,4.500000000010E-1);
#5768=CARTESIAN_POINT('',(8.274999999999E0,-3.238944613052E0,7.43722E-1));
#5769=LINE('262714',#5768,#5767);
#5770=DIRECTION('',(1.E0,0.E0,-1.514837638041E-12));
#5771=VECTOR('',#5770,4.500000000010E-1);
#5772=CARTESIAN_POINT('',(8.274999999999E0,-4.327072613052E0,
4.499999999999E-1));
#5773=LINE('262713',#5772,#5771);
#5774=DIRECTION('',(0.E0,1.E0,-1.093421581675E-13));
#5775=VECTOR('',#5774,6.229269999998E-1);
#5776=CARTESIAN_POINT('',(8.725000000001E0,-4.949999613052E0,
4.499999999993E-1));
#5777=LINE('262691',#5776,#5775);
#5778=DIRECTION('',(0.E0,-1.E0,1.093421581675E-13));
#5779=VECTOR('',#5778,6.229269999998E-1);
#5780=CARTESIAN_POINT('',(8.274999999999E0,-4.327072613052E0,
4.499999999999E-1));
#5781=LINE('262702',#5780,#5779);
#5782=DIRECTION('',(1.E0,0.E0,-1.514837638041E-12));
#5783=VECTOR('',#5782,4.500000000010E-1);
#5784=CARTESIAN_POINT('',(8.274999999999E0,-4.949999613052E0,4.5E-1));
#5785=LINE('262712',#5784,#5783);
#5786=DIRECTION('',(0.E0,-2.557953848736E-13,-1.E0));
#5787=VECTOR('',#5786,2.500000000001E-1);
#5788=CARTESIAN_POINT('',(8.725000000001E0,-4.949999613052E0,
6.999999999994E-1));
#5789=LINE('262690',#5788,#5787);
#5790=DIRECTION('',(0.E0,2.557953848736E-13,1.E0));
#5791=VECTOR('',#5790,2.5E-1);
#5792=CARTESIAN_POINT('',(8.274999999999E0,-4.949999613052E0,4.5E-1));
#5793=LINE('262703',#5792,#5791);
#5794=DIRECTION('',(1.E0,0.E0,-1.354718806267E-12));
#5795=VECTOR('',#5794,4.500000000010E-1);
#5796=CARTESIAN_POINT('',(8.274999999999E0,-4.949999613052E0,7.E-1));
#5797=LINE('262711',#5796,#5795);
#5798=DIRECTION('',(0.E0,-1.E0,0.E0));
#5799=VECTOR('',#5798,5.897779999999E-1);
#5800=CARTESIAN_POINT('',(8.725000000001E0,-4.360221613052E0,
6.999999999994E-1));
#5801=LINE('262689',#5800,#5799);
#5802=DIRECTION('',(0.E0,1.E0,0.E0));
#5803=VECTOR('',#5802,5.897779999999E-1);
#5804=CARTESIAN_POINT('',(8.274999999999E0,-4.949999613052E0,7.E-1));
#5805=LINE('262704',#5804,#5803);
#5806=DIRECTION('',(1.E0,0.E0,-1.354965522495E-12));
#5807=VECTOR('',#5806,4.500000000010E-1);
#5808=CARTESIAN_POINT('',(8.274999999999E0,-4.360221613052E0,7.E-1));
#5809=LINE('262710',#5808,#5807);
#5810=DIRECTION('',(1.E0,0.E0,-1.158579405251E-12));
#5811=VECTOR('',#5810,4.500000000010E-1);
#5812=CARTESIAN_POINT('',(8.274999999999E0,-3.229733613052E0,1.005156E0));
#5813=LINE('262709',#5812,#5811);
#5814=DIRECTION('',(1.E0,0.E0,-1.354965522495E-12));
#5815=VECTOR('',#5814,4.500000000010E-1);
#5816=CARTESIAN_POINT('',(8.274999999999E0,-2.350584613052E0,7.E-1));
#5817=LINE('262707',#5816,#5815);
#5818=DIRECTION('',(1.263807152681E-12,-1.E0,-1.526546008107E-12));
#5819=VECTOR('',#5818,4.005846130520E-1);
#5820=CARTESIAN_POINT('',(8.725E0,-1.95E0,7.E-1));
#5821=LINE('262816',#5820,#5819);
#5822=DIRECTION('',(1.268241563743E-12,1.E0,0.E0));
#5823=VECTOR('',#5822,4.005846130520E-1);
#5824=CARTESIAN_POINT('',(8.274999999999E0,-2.350584613052E0,7.E-1));
#5825=LINE('262820',#5824,#5823);
#5826=DIRECTION('',(1.E0,0.E0,-2.087342644404E-12));
#5827=VECTOR('',#5826,4.500000000010E-1);
#5828=CARTESIAN_POINT('',(8.274999999999E0,-5.317559763909E-1,
-4.406976565069E-1));
#5829=LINE('262696',#5828,#5827);
#5830=DIRECTION('',(1.E0,0.E0,-2.226120522482E-12));
#5831=VECTOR('',#5830,4.500000000010E-1);
#5832=CARTESIAN_POINT('',(8.274999999999E0,-7.044670714111E-1,
-6.565518660790E-1));
#5833=LINE('262697',#5832,#5831);
#5834=DIRECTION('',(-1.E0,0.E0,0.E0));
#5835=VECTOR('',#5834,8.1E-1);
#5836=CARTESIAN_POINT('',(-1.575E1,-4.E-1,9.5E-1));
#5837=LINE('266139',#5836,#5835);
#5838=DIRECTION('',(-1.E0,0.E0,0.E0));
#5839=VECTOR('',#5838,2.531E1);
#5840=CARTESIAN_POINT('',(9.56E0,-4.E-1,9.5E-1));
#5841=LINE('266155',#5840,#5839);
#5842=DIRECTION('',(1.E0,0.E0,0.E0));
#5843=VECTOR('',#5842,2.531E1);
#5844=CARTESIAN_POINT('',(-1.575E1,-2.5E-1,8.E-1));
#5845=LINE('266154',#5844,#5843);
#5846=DIRECTION('',(1.E0,0.E0,0.E0));
#5847=VECTOR('',#5846,8.1E-1);
#5848=CARTESIAN_POINT('',(-1.656E1,-2.5E-1,8.E-1));
#5849=LINE('266138',#5848,#5847);
#5850=DIRECTION('',(0.E0,-1.E0,0.E0));
#5851=VECTOR('',#5850,2.5E-1);
#5852=CARTESIAN_POINT('',(-1.656E1,-4.E-1,9.5E-1));
#5853=LINE('265233',#5852,#5851);
#5854=DIRECTION('',(-1.E0,0.E0,0.E0));
#5855=VECTOR('',#5854,8.1E-1);
#5856=CARTESIAN_POINT('',(-1.575E1,-7.5E-1,8.5E-1));
#5857=LINE('266141',#5856,#5855);
#5858=DIRECTION('',(-1.E0,0.E0,0.E0));
#5859=VECTOR('',#5858,2.531E1);
#5860=CARTESIAN_POINT('',(9.56E0,-7.5E-1,8.5E-1));
#5861=LINE('266157',#5860,#5859);
#5862=DIRECTION('',(1.E0,0.E0,0.E0));
#5863=VECTOR('',#5862,2.531E1);
#5864=CARTESIAN_POINT('',(-1.575E1,-6.5E-1,9.5E-1));
#5865=LINE('266156',#5864,#5863);
#5866=DIRECTION('',(1.E0,0.E0,0.E0));
#5867=VECTOR('',#5866,8.1E-1);
#5868=CARTESIAN_POINT('',(-1.656E1,-6.5E-1,9.5E-1));
#5869=LINE('266140',#5868,#5867);
#5870=DIRECTION('',(1.E0,0.E0,0.E0));
#5871=VECTOR('',#5870,2.612E1);
#5872=CARTESIAN_POINT('',(-1.656E1,-7.5E-1,-2.25E0));
#5873=LINE('266168',#5872,#5871);
#5874=DIRECTION('',(-1.140306487228E-13,0.E0,1.E0));
#5875=VECTOR('',#5874,3.1E0);
#5876=CARTESIAN_POINT('',(9.56E0,-7.5E-1,-2.25E0));
#5877=LINE('262808',#5876,#5875);
#5878=DIRECTION('',(0.E0,0.E0,-1.E0));
#5879=VECTOR('',#5878,3.1E0);
#5880=CARTESIAN_POINT('',(-1.656E1,-7.5E-1,8.5E-1));
#5881=LINE('265235',#5880,#5879);
#5882=DIRECTION('',(1.E0,0.E0,0.E0));
#5883=VECTOR('',#5882,2.672E1);
#5884=CARTESIAN_POINT('',(-1.686E1,-9.5E-1,-2.95E0));
#5885=LINE('266167',#5884,#5883);
#5886=DIRECTION('',(6.931032800844E-1,-1.980295085952E-1,-6.931032800829E-1));
#5887=VECTOR('',#5886,4.328359259302E-1);
#5888=CARTESIAN_POINT('',(9.56E0,-8.642857142857E-1,-2.65E0));
#5889=LINE('262792',#5888,#5887);
#5890=DIRECTION('',(0.E0,1.E0,-1.036208156317E-14));
#5891=VECTOR('',#5890,1.2E0);
#5892=CARTESIAN_POINT('',(9.86E0,-9.5E-1,-2.95E0));
#5893=LINE('262780',#5892,#5891);
#5894=DIRECTION('',(2.436970377196E-14,-1.E0,9.680187887194E-14));
#5895=VECTOR('',#5894,6.560281447902E-1);
#5896=CARTESIAN_POINT('',(9.56E0,-2.082575694955E-1,-2.65E0));
#5897=LINE('262809',#5896,#5895);
#5898=CARTESIAN_POINT('',(9.559999999999E0,-4.E-1,8.E-1));
#5899=DIRECTION('',(-1.E0,0.E0,0.E0));
#5900=DIRECTION('',(0.E0,0.E0,1.E0));
#5901=AXIS2_PLACEMENT_3D('',#5898,#5899,#5900);
#5903=DIRECTION('',(0.E0,1.E0,0.E0));
#5904=VECTOR('',#5903,2.5E-1);
#5905=CARTESIAN_POINT('',(9.56E0,-6.5E-1,9.5E-1));
#5906=LINE('262804',#5905,#5904);
#5907=CARTESIAN_POINT('',(9.559999999999E0,-6.5E-1,8.5E-1));
#5908=DIRECTION('',(-1.E0,0.E0,0.E0));
#5909=DIRECTION('',(0.E0,-1.E0,0.E0));
#5910=AXIS2_PLACEMENT_3D('',#5907,#5908,#5909);
#5912=DIRECTION('',(7.088240008651E-13,2.747211278973E-1,9.615239476408E-1));
#5913=VECTOR('',#5912,4.160062793875E-1);
#5914=CARTESIAN_POINT('',(9.56E0,-8.642857142857E-1,-2.65E0));
#5915=LINE('262793',#5914,#5913);
#5916=CARTESIAN_POINT('',(9.56E0,2.5E-1,-2.45E0));
#5917=DIRECTION('',(1.E0,0.E0,0.E0));
#5918=DIRECTION('',(0.E0,-1.E0,0.E0));
#5919=AXIS2_PLACEMENT_3D('',#5916,#5917,#5918);
#5921=DIRECTION('',(1.038485536880E-13,0.E0,-1.E0));
#5922=VECTOR('',#5921,3.25E0);
#5923=CARTESIAN_POINT('',(9.56E0,-2.5E-1,8.E-1));
#5924=LINE('262800',#5923,#5922);
#5925=CARTESIAN_POINT('',(-1.656E1,2.5E-1,-2.45E0));
#5926=DIRECTION('',(1.E0,0.E0,0.E0));
#5927=DIRECTION('',(0.E0,-1.E0,0.E0));
#5928=AXIS2_PLACEMENT_3D('',#5925,#5926,#5927);
#5930=DIRECTION('',(-1.516337123588E-13,1.E0,-9.747881508782E-14));
#5931=VECTOR('',#5930,6.560281447902E-1);
#5932=CARTESIAN_POINT('',(-1.656E1,-8.642857142857E-1,-2.65E0));
#5933=LINE('265226',#5932,#5931);
#5934=DIRECTION('',(-7.002839526619E-13,2.747211278973E-1,9.615239476408E-1));
#5935=VECTOR('',#5934,4.160062793875E-1);
#5936=CARTESIAN_POINT('',(-1.656E1,-8.642857142857E-1,-2.65E0));
#5937=LINE('265227',#5936,#5935);
#5938=CARTESIAN_POINT('',(-1.656E1,-6.5E-1,8.5E-1));
#5939=DIRECTION('',(-1.E0,0.E0,0.E0));
#5940=DIRECTION('',(0.E0,-1.E0,0.E0));
#5941=AXIS2_PLACEMENT_3D('',#5938,#5939,#5940);
#5943=CARTESIAN_POINT('',(-1.656E1,-4.E-1,8.E-1));
#5944=DIRECTION('',(-1.E0,0.E0,0.E0));
#5945=DIRECTION('',(0.E0,0.E0,1.E0));
#5946=AXIS2_PLACEMENT_3D('',#5943,#5944,#5945);
#5948=DIRECTION('',(-2.990200679657E-13,-1.E0,1.036208156317E-14));
#5949=VECTOR('',#5948,1.2E0);
#5950=CARTESIAN_POINT('',(-1.686E1,2.5E-1,-2.95E0));
#5951=LINE('265218',#5950,#5949);
#5952=DIRECTION('',(-6.931032800844E-1,-1.980295085952E-1,-6.931032800830E-1));
#5953=VECTOR('',#5952,4.328359259302E-1);
#5954=CARTESIAN_POINT('',(-1.656E1,-8.642857142857E-1,-2.65E0));
#5955=LINE('265225',#5954,#5953);
#5956=CARTESIAN_POINT('',(3.725000000001E0,-7.044670714112E-1,
-6.565518660798E-1));
#5957=CARTESIAN_POINT('',(3.725000000001E0,-5.317559763909E-1,
-4.406976565076E-1));
#5958=VERTEX_POINT('',#5956);
#5959=VERTEX_POINT('',#5957);
#5960=CARTESIAN_POINT('',(3.725000000001E0,-2.392738784968E0,2.700000089484E0));
#5961=CARTESIAN_POINT('',(3.725000000001E0,1.199999993063E0,2.700000029828E0));
#5962=VERTEX_POINT('',#5960);
#5963=VERTEX_POINT('',#5961);
#5964=CARTESIAN_POINT('',(3.725000000001E0,-3.238944768061E0,2.406278155009E0));
#5965=VERTEX_POINT('',#5964);
#5966=CARTESIAN_POINT('',(3.725000000001E0,-4.327072768061E0,2.700000155009E0));
#5967=VERTEX_POINT('',#5966);
#5968=CARTESIAN_POINT('',(3.725000000001E0,-4.949999768061E0,2.700000155009E0));
#5969=VERTEX_POINT('',#5968);
#5970=CARTESIAN_POINT('',(3.725000000001E0,-4.949999768061E0,2.450000155009E0));
#5971=VERTEX_POINT('',#5970);
#5972=CARTESIAN_POINT('',(3.725000000001E0,-4.360221768061E0,2.450000155009E0));
#5973=VERTEX_POINT('',#5972);
#5974=CARTESIAN_POINT('',(3.725000000001E0,-3.229733768061E0,2.144844155009E0));
#5975=VERTEX_POINT('',#5974);
#5976=CARTESIAN_POINT('',(3.725000000001E0,-2.350585882852E0,2.449999768061E0));
#5977=VERTEX_POINT('',#5976);
#5978=CARTESIAN_POINT('',(3.274999999999E0,-2.350585882852E0,2.449999768061E0));
#5979=VERTEX_POINT('',#5978);
#5980=CARTESIAN_POINT('',(3.274999999999E0,-5.317559763909E-1,
-4.406976565069E-1));
#5981=VERTEX_POINT('',#5980);
#5982=CARTESIAN_POINT('',(3.274999999999E0,-7.044670714112E-1,
-6.565518660790E-1));
#5983=VERTEX_POINT('',#5982);
#5984=CARTESIAN_POINT('',(3.274999999999E0,1.199999993063E0,2.700000029828E0));
#5985=CARTESIAN_POINT('',(3.274999999999E0,-2.392738784968E0,2.700000089484E0));
#5986=VERTEX_POINT('',#5984);
#5987=VERTEX_POINT('',#5985);
#5988=CARTESIAN_POINT('',(3.274999999999E0,-3.229733768061E0,2.144844155009E0));
#5989=VERTEX_POINT('',#5988);
#5990=CARTESIAN_POINT('',(3.274999999999E0,-4.360221768061E0,2.450000155009E0));
#5991=VERTEX_POINT('',#5990);
#5992=CARTESIAN_POINT('',(3.274999999999E0,-4.949999768061E0,2.450000155009E0));
#5993=VERTEX_POINT('',#5992);
#5994=CARTESIAN_POINT('',(3.274999999999E0,-4.949999768061E0,2.700000155009E0));
#5995=VERTEX_POINT('',#5994);
#5996=CARTESIAN_POINT('',(3.274999999999E0,-4.327072768061E0,2.700000155009E0));
#5997=VERTEX_POINT('',#5996);
#5998=CARTESIAN_POINT('',(3.274999999999E0,-3.238944768061E0,2.406278155009E0));
#5999=VERTEX_POINT('',#5998);
#6000=CARTESIAN_POINT('',(1.725E0,-7.044670714112E-1,-6.565518660798E-1));
#6001=CARTESIAN_POINT('',(1.725E0,-5.317559763909E-1,-4.406976565076E-1));
#6002=VERTEX_POINT('',#6000);
#6003=VERTEX_POINT('',#6001);
#6004=CARTESIAN_POINT('',(1.725E0,-2.392738784968E0,2.700000089484E0));
#6005=CARTESIAN_POINT('',(1.725E0,1.199999993063E0,2.700000029828E0));
#6006=VERTEX_POINT('',#6004);
#6007=VERTEX_POINT('',#6005);
#6008=CARTESIAN_POINT('',(1.725E0,-3.238944768061E0,2.406278155009E0));
#6009=VERTEX_POINT('',#6008);
#6010=CARTESIAN_POINT('',(1.725E0,-4.327072768061E0,2.700000155009E0));
#6011=VERTEX_POINT('',#6010);
#6012=CARTESIAN_POINT('',(1.725E0,-4.949999768061E0,2.700000155009E0));
#6013=VERTEX_POINT('',#6012);
#6014=CARTESIAN_POINT('',(1.725E0,-4.949999768061E0,2.450000155009E0));
#6015=VERTEX_POINT('',#6014);
#6016=CARTESIAN_POINT('',(1.725E0,-4.360221768061E0,2.450000155009E0));
#6017=VERTEX_POINT('',#6016);
#6018=CARTESIAN_POINT('',(1.725E0,-3.229733768061E0,2.144844155009E0));
#6019=VERTEX_POINT('',#6018);
#6020=CARTESIAN_POINT('',(1.725E0,-2.350585882852E0,2.449999768061E0));
#6021=VERTEX_POINT('',#6020);
#6022=CARTESIAN_POINT('',(1.275E0,-2.350585882852E0,2.449999768061E0));
#6023=VERTEX_POINT('',#6022);
#6024=CARTESIAN_POINT('',(1.275E0,-5.317559763909E-1,-4.406976565069E-1));
#6025=VERTEX_POINT('',#6024);
#6026=CARTESIAN_POINT('',(1.275E0,-7.044670714112E-1,-6.565518660790E-1));
#6027=VERTEX_POINT('',#6026);
#6028=CARTESIAN_POINT('',(1.275E0,1.199999993063E0,2.700000029828E0));
#6029=CARTESIAN_POINT('',(1.275E0,-2.392738784968E0,2.700000089484E0));
#6030=VERTEX_POINT('',#6028);
#6031=VERTEX_POINT('',#6029);
#6032=CARTESIAN_POINT('',(1.275E0,-3.229733768061E0,2.144844155009E0));
#6033=VERTEX_POINT('',#6032);
#6034=CARTESIAN_POINT('',(1.275E0,-4.360221768061E0,2.450000155009E0));
#6035=VERTEX_POINT('',#6034);
#6036=CARTESIAN_POINT('',(1.275E0,-4.949999768061E0,2.450000155009E0));
#6037=VERTEX_POINT('',#6036);
#6038=CARTESIAN_POINT('',(1.275E0,-4.949999768061E0,2.700000155009E0));
#6039=VERTEX_POINT('',#6038);
#6040=CARTESIAN_POINT('',(1.275E0,-4.327072768061E0,2.700000155009E0));
#6041=VERTEX_POINT('',#6040);
#6042=CARTESIAN_POINT('',(1.275E0,-3.238944768061E0,2.406278155009E0));
#6043=VERTEX_POINT('',#6042);
#6044=CARTESIAN_POINT('',(-2.750000000001E-1,-7.044670714112E-1,
-6.565518660798E-1));
#6045=CARTESIAN_POINT('',(-2.750000000001E-1,-5.317559763909E-1,
-4.406976565076E-1));
#6046=VERTEX_POINT('',#6044);
#6047=VERTEX_POINT('',#6045);
#6048=CARTESIAN_POINT('',(-2.750000000001E-1,-2.392738784968E0,
2.700000089484E0));
#6049=CARTESIAN_POINT('',(-2.750000000001E-1,1.199999993063E0,
2.700000029828E0));
#6050=VERTEX_POINT('',#6048);
#6051=VERTEX_POINT('',#6049);
#6052=CARTESIAN_POINT('',(-2.750000000001E-1,-3.238944768061E0,
2.406278155009E0));
#6053=VERTEX_POINT('',#6052);
#6054=CARTESIAN_POINT('',(-2.750000000001E-1,-4.327072768061E0,
2.700000155009E0));
#6055=VERTEX_POINT('',#6054);
#6056=CARTESIAN_POINT('',(-2.750000000001E-1,-4.949999768061E0,
2.700000155009E0));
#6057=VERTEX_POINT('',#6056);
#6058=CARTESIAN_POINT('',(-2.750000000001E-1,-4.949999768061E0,
2.450000155009E0));
#6059=VERTEX_POINT('',#6058);
#6060=CARTESIAN_POINT('',(-2.750000000001E-1,-4.360221768061E0,
2.450000155009E0));
#6061=VERTEX_POINT('',#6060);
#6062=CARTESIAN_POINT('',(-2.750000000001E-1,-3.229733768061E0,
2.144844155009E0));
#6063=VERTEX_POINT('',#6062);
#6064=CARTESIAN_POINT('',(-2.750000000001E-1,-2.350585882852E0,
2.449999768061E0));
#6065=VERTEX_POINT('',#6064);
#6066=CARTESIAN_POINT('',(-7.249999999999E-1,-2.350585882852E0,
2.449999768061E0));
#6067=VERTEX_POINT('',#6066);
#6068=CARTESIAN_POINT('',(-7.249999999999E-1,-5.317559763909E-1,
-4.406976565069E-1));
#6069=VERTEX_POINT('',#6068);
#6070=CARTESIAN_POINT('',(-7.249999999999E-1,-7.044670714112E-1,
-6.565518660790E-1));
#6071=VERTEX_POINT('',#6070);
#6072=CARTESIAN_POINT('',(-7.249999999999E-1,1.199999993063E0,
2.700000029828E0));
#6073=CARTESIAN_POINT('',(-7.249999999999E-1,-2.392738784968E0,
2.700000089484E0));
#6074=VERTEX_POINT('',#6072);
#6075=VERTEX_POINT('',#6073);
#6076=CARTESIAN_POINT('',(-7.249999999999E-1,-3.229733768061E0,
2.144844155009E0));
#6077=VERTEX_POINT('',#6076);
#6078=CARTESIAN_POINT('',(-7.249999999999E-1,-4.360221768061E0,
2.450000155009E0));
#6079=VERTEX_POINT('',#6078);
#6080=CARTESIAN_POINT('',(-7.249999999999E-1,-4.949999768061E0,
2.450000155009E0));
#6081=VERTEX_POINT('',#6080);
#6082=CARTESIAN_POINT('',(-7.249999999999E-1,-4.949999768061E0,
2.700000155009E0));
#6083=VERTEX_POINT('',#6082);
#6084=CARTESIAN_POINT('',(-7.249999999999E-1,-4.327072768061E0,
2.700000155009E0));
#6085=VERTEX_POINT('',#6084);
#6086=CARTESIAN_POINT('',(-7.249999999999E-1,-3.238944768061E0,
2.406278155009E0));
#6087=VERTEX_POINT('',#6086);
#6088=CARTESIAN_POINT('',(-2.275E0,-7.044670714112E-1,-6.565518660798E-1));
#6089=CARTESIAN_POINT('',(-2.275E0,-5.317559763909E-1,-4.406976565076E-1));
#6090=VERTEX_POINT('',#6088);
#6091=VERTEX_POINT('',#6089);
#6092=CARTESIAN_POINT('',(-2.275E0,-2.392738784968E0,2.700000089484E0));
#6093=CARTESIAN_POINT('',(-2.275E0,1.199999993063E0,2.700000029828E0));
#6094=VERTEX_POINT('',#6092);
#6095=VERTEX_POINT('',#6093);
#6096=CARTESIAN_POINT('',(-2.275E0,-3.238944768061E0,2.406278155009E0));
#6097=VERTEX_POINT('',#6096);
#6098=CARTESIAN_POINT('',(-2.275E0,-4.327072768061E0,2.700000155009E0));
#6099=VERTEX_POINT('',#6098);
#6100=CARTESIAN_POINT('',(-2.275E0,-4.949999768061E0,2.700000155009E0));
#6101=VERTEX_POINT('',#6100);
#6102=CARTESIAN_POINT('',(-2.275E0,-4.949999768061E0,2.450000155009E0));
#6103=VERTEX_POINT('',#6102);
#6104=CARTESIAN_POINT('',(-2.275E0,-4.360221768061E0,2.450000155009E0));
#6105=VERTEX_POINT('',#6104);
#6106=CARTESIAN_POINT('',(-2.275E0,-3.229733768061E0,2.144844155009E0));
#6107=VERTEX_POINT('',#6106);
#6108=CARTESIAN_POINT('',(-2.275E0,-2.350585882852E0,2.449999768061E0));
#6109=VERTEX_POINT('',#6108);
#6110=CARTESIAN_POINT('',(-2.725E0,-2.350585882852E0,2.449999768061E0));
#6111=VERTEX_POINT('',#6110);
#6112=CARTESIAN_POINT('',(-2.725E0,-5.317559763909E-1,-4.406976565069E-1));
#6113=VERTEX_POINT('',#6112);
#6114=CARTESIAN_POINT('',(-2.725E0,-7.044670714112E-1,-6.565518660790E-1));
#6115=VERTEX_POINT('',#6114);
#6116=CARTESIAN_POINT('',(-2.725E0,1.199999993063E0,2.700000029828E0));
#6117=CARTESIAN_POINT('',(-2.725E0,-2.392738784968E0,2.700000089484E0));
#6118=VERTEX_POINT('',#6116);
#6119=VERTEX_POINT('',#6117);
#6120=CARTESIAN_POINT('',(-2.725E0,-3.229733768061E0,2.144844155009E0));
#6121=VERTEX_POINT('',#6120);
#6122=CARTESIAN_POINT('',(-2.725E0,-4.360221768061E0,2.450000155009E0));
#6123=VERTEX_POINT('',#6122);
#6124=CARTESIAN_POINT('',(-2.725E0,-4.949999768061E0,2.450000155009E0));
#6125=VERTEX_POINT('',#6124);
#6126=CARTESIAN_POINT('',(-2.725E0,-4.949999768061E0,2.700000155009E0));
#6127=VERTEX_POINT('',#6126);
#6128=CARTESIAN_POINT('',(-2.725E0,-4.327072768061E0,2.700000155009E0));
#6129=VERTEX_POINT('',#6128);
#6130=CARTESIAN_POINT('',(-2.725E0,-3.238944768061E0,2.406278155009E0));
#6131=VERTEX_POINT('',#6130);
#6132=CARTESIAN_POINT('',(-4.275E0,-7.044670714112E-1,-6.565518660798E-1));
#6133=CARTESIAN_POINT('',(-4.275E0,-5.317559763909E-1,-4.406976565076E-1));
#6134=VERTEX_POINT('',#6132);
#6135=VERTEX_POINT('',#6133);
#6136=CARTESIAN_POINT('',(-4.275E0,-2.392738784968E0,2.700000089484E0));
#6137=CARTESIAN_POINT('',(-4.275E0,1.199999993063E0,2.700000029828E0));
#6138=VERTEX_POINT('',#6136);
#6139=VERTEX_POINT('',#6137);
#6140=CARTESIAN_POINT('',(-4.275E0,-3.238944768061E0,2.406278155009E0));
#6141=VERTEX_POINT('',#6140);
#6142=CARTESIAN_POINT('',(-4.275E0,-4.327072768061E0,2.700000155009E0));
#6143=VERTEX_POINT('',#6142);
#6144=CARTESIAN_POINT('',(-4.275E0,-4.949999768061E0,2.700000155009E0));
#6145=VERTEX_POINT('',#6144);
#6146=CARTESIAN_POINT('',(-4.275E0,-4.949999768061E0,2.450000155009E0));
#6147=VERTEX_POINT('',#6146);
#6148=CARTESIAN_POINT('',(-4.275E0,-4.360221768061E0,2.450000155009E0));
#6149=VERTEX_POINT('',#6148);
#6150=CARTESIAN_POINT('',(-4.275E0,-3.229733768061E0,2.144844155009E0));
#6151=VERTEX_POINT('',#6150);
#6152=CARTESIAN_POINT('',(-4.275E0,-2.350585882852E0,2.449999768061E0));
#6153=VERTEX_POINT('',#6152);
#6154=CARTESIAN_POINT('',(-4.725E0,-2.350585882852E0,2.449999768061E0));
#6155=VERTEX_POINT('',#6154);
#6156=CARTESIAN_POINT('',(-4.725E0,-5.317559763909E-1,-4.406976565069E-1));
#6157=VERTEX_POINT('',#6156);
#6158=CARTESIAN_POINT('',(-4.725E0,-7.044670714112E-1,-6.565518660790E-1));
#6159=VERTEX_POINT('',#6158);
#6160=CARTESIAN_POINT('',(-4.725E0,1.199999993063E0,2.700000029828E0));
#6161=CARTESIAN_POINT('',(-4.725E0,-2.392738784968E0,2.700000089484E0));
#6162=VERTEX_POINT('',#6160);
#6163=VERTEX_POINT('',#6161);
#6164=CARTESIAN_POINT('',(-4.725E0,-3.229733768061E0,2.144844155009E0));
#6165=VERTEX_POINT('',#6164);
#6166=CARTESIAN_POINT('',(-4.725E0,-4.360221768061E0,2.450000155009E0));
#6167=VERTEX_POINT('',#6166);
#6168=CARTESIAN_POINT('',(-4.725E0,-4.949999768061E0,2.450000155009E0));
#6169=VERTEX_POINT('',#6168);
#6170=CARTESIAN_POINT('',(-4.725E0,-4.949999768061E0,2.700000155009E0));
#6171=VERTEX_POINT('',#6170);
#6172=CARTESIAN_POINT('',(-4.725E0,-4.327072768061E0,2.700000155009E0));
#6173=VERTEX_POINT('',#6172);
#6174=CARTESIAN_POINT('',(-4.725E0,-3.238944768061E0,2.406278155009E0));
#6175=VERTEX_POINT('',#6174);
#6176=CARTESIAN_POINT('',(-6.275E0,-7.044670714112E-1,-6.565518660798E-1));
#6177=CARTESIAN_POINT('',(-6.275E0,-5.317559763909E-1,-4.406976565076E-1));
#6178=VERTEX_POINT('',#6176);
#6179=VERTEX_POINT('',#6177);
#6180=CARTESIAN_POINT('',(-6.275E0,-2.392738784968E0,2.700000089484E0));
#6181=CARTESIAN_POINT('',(-6.275E0,1.199999993063E0,2.700000029828E0));
#6182=VERTEX_POINT('',#6180);
#6183=VERTEX_POINT('',#6181);
#6184=CARTESIAN_POINT('',(-6.275E0,-3.238944768061E0,2.406278155009E0));
#6185=VERTEX_POINT('',#6184);
#6186=CARTESIAN_POINT('',(-6.275E0,-4.327072768061E0,2.700000155009E0));
#6187=VERTEX_POINT('',#6186);
#6188=CARTESIAN_POINT('',(-6.275E0,-4.949999768061E0,2.700000155009E0));
#6189=VERTEX_POINT('',#6188);
#6190=CARTESIAN_POINT('',(-6.275E0,-4.949999768061E0,2.450000155009E0));
#6191=VERTEX_POINT('',#6190);
#6192=CARTESIAN_POINT('',(-6.275E0,-4.360221768061E0,2.450000155009E0));
#6193=VERTEX_POINT('',#6192);
#6194=CARTESIAN_POINT('',(-6.275E0,-3.229733768061E0,2.144844155009E0));
#6195=VERTEX_POINT('',#6194);
#6196=CARTESIAN_POINT('',(-6.275E0,-2.350585882852E0,2.449999768061E0));
#6197=VERTEX_POINT('',#6196);
#6198=CARTESIAN_POINT('',(-6.725E0,-2.350585882852E0,2.449999768061E0));
#6199=VERTEX_POINT('',#6198);
#6200=CARTESIAN_POINT('',(-6.725E0,-5.317559763909E-1,-4.406976565069E-1));
#6201=VERTEX_POINT('',#6200);
#6202=CARTESIAN_POINT('',(-6.725E0,-7.044670714112E-1,-6.565518660790E-1));
#6203=VERTEX_POINT('',#6202);
#6204=CARTESIAN_POINT('',(-6.725E0,1.199999993063E0,2.700000029828E0));
#6205=CARTESIAN_POINT('',(-6.725E0,-2.392738784968E0,2.700000089484E0));
#6206=VERTEX_POINT('',#6204);
#6207=VERTEX_POINT('',#6205);
#6208=CARTESIAN_POINT('',(-6.725E0,-3.229733768061E0,2.144844155009E0));
#6209=VERTEX_POINT('',#6208);
#6210=CARTESIAN_POINT('',(-6.725E0,-4.360221768061E0,2.450000155009E0));
#6211=VERTEX_POINT('',#6210);
#6212=CARTESIAN_POINT('',(-6.725E0,-4.949999768061E0,2.450000155009E0));
#6213=VERTEX_POINT('',#6212);
#6214=CARTESIAN_POINT('',(-6.725E0,-4.949999768061E0,2.700000155009E0));
#6215=VERTEX_POINT('',#6214);
#6216=CARTESIAN_POINT('',(-6.725E0,-4.327072768061E0,2.700000155009E0));
#6217=VERTEX_POINT('',#6216);
#6218=CARTESIAN_POINT('',(-6.725E0,-3.238944768061E0,2.406278155009E0));
#6219=VERTEX_POINT('',#6218);
#6220=CARTESIAN_POINT('',(-8.275E0,-7.044670714112E-1,-6.565518660798E-1));
#6221=CARTESIAN_POINT('',(-8.275E0,-5.317559763909E-1,-4.406976565076E-1));
#6222=VERTEX_POINT('',#6220);
#6223=VERTEX_POINT('',#6221);
#6224=CARTESIAN_POINT('',(-8.275E0,-2.392738784968E0,2.700000089484E0));
#6225=CARTESIAN_POINT('',(-8.275E0,1.199999993063E0,2.700000029828E0));
#6226=VERTEX_POINT('',#6224);
#6227=VERTEX_POINT('',#6225);
#6228=CARTESIAN_POINT('',(-8.275E0,-3.238944768061E0,2.406278155009E0));
#6229=VERTEX_POINT('',#6228);
#6230=CARTESIAN_POINT('',(-8.275E0,-4.327072768061E0,2.700000155009E0));
#6231=VERTEX_POINT('',#6230);
#6232=CARTESIAN_POINT('',(-8.275E0,-4.949999768061E0,2.700000155009E0));
#6233=VERTEX_POINT('',#6232);
#6234=CARTESIAN_POINT('',(-8.275E0,-4.949999768061E0,2.450000155009E0));
#6235=VERTEX_POINT('',#6234);
#6236=CARTESIAN_POINT('',(-8.275E0,-4.360221768061E0,2.450000155009E0));
#6237=VERTEX_POINT('',#6236);
#6238=CARTESIAN_POINT('',(-8.275E0,-3.229733768061E0,2.144844155009E0));
#6239=VERTEX_POINT('',#6238);
#6240=CARTESIAN_POINT('',(-8.275E0,-2.350585882852E0,2.449999768061E0));
#6241=VERTEX_POINT('',#6240);
#6242=CARTESIAN_POINT('',(-8.725E0,-2.350585882852E0,2.449999768061E0));
#6243=VERTEX_POINT('',#6242);
#6244=CARTESIAN_POINT('',(-8.725E0,-5.317559763909E-1,-4.406976565069E-1));
#6245=VERTEX_POINT('',#6244);
#6246=CARTESIAN_POINT('',(-8.725E0,-7.044670714112E-1,-6.565518660790E-1));
#6247=VERTEX_POINT('',#6246);
#6248=CARTESIAN_POINT('',(-8.725E0,1.199999993063E0,2.700000029828E0));
#6249=CARTESIAN_POINT('',(-8.725E0,-2.392738784968E0,2.700000089484E0));
#6250=VERTEX_POINT('',#6248);
#6251=VERTEX_POINT('',#6249);
#6252=CARTESIAN_POINT('',(-8.725E0,-3.229733768061E0,2.144844155009E0));
#6253=VERTEX_POINT('',#6252);
#6254=CARTESIAN_POINT('',(-8.725E0,-4.360221768061E0,2.450000155009E0));
#6255=VERTEX_POINT('',#6254);
#6256=CARTESIAN_POINT('',(-8.725E0,-4.949999768061E0,2.450000155009E0));
#6257=VERTEX_POINT('',#6256);
#6258=CARTESIAN_POINT('',(-8.725E0,-4.949999768061E0,2.700000155009E0));
#6259=VERTEX_POINT('',#6258);
#6260=CARTESIAN_POINT('',(-8.725E0,-4.327072768061E0,2.700000155009E0));
#6261=VERTEX_POINT('',#6260);
#6262=CARTESIAN_POINT('',(-8.725E0,-3.238944768061E0,2.406278155009E0));
#6263=VERTEX_POINT('',#6262);
#6264=CARTESIAN_POINT('',(-1.0275E1,-7.044670714112E-1,-6.565518660798E-1));
#6265=CARTESIAN_POINT('',(-1.0275E1,-5.317559763909E-1,-4.406976565076E-1));
#6266=VERTEX_POINT('',#6264);
#6267=VERTEX_POINT('',#6265);
#6268=CARTESIAN_POINT('',(-1.0275E1,-2.392738784968E0,2.700000089484E0));
#6269=CARTESIAN_POINT('',(-1.0275E1,1.199999993063E0,2.700000029828E0));
#6270=VERTEX_POINT('',#6268);
#6271=VERTEX_POINT('',#6269);
#6272=CARTESIAN_POINT('',(-1.0275E1,-3.238944768061E0,2.406278155009E0));
#6273=VERTEX_POINT('',#6272);
#6274=CARTESIAN_POINT('',(-1.0275E1,-4.327072768061E0,2.700000155009E0));
#6275=VERTEX_POINT('',#6274);
#6276=CARTESIAN_POINT('',(-1.0275E1,-4.949999768061E0,2.700000155009E0));
#6277=VERTEX_POINT('',#6276);
#6278=CARTESIAN_POINT('',(-1.0275E1,-4.949999768061E0,2.450000155009E0));
#6279=VERTEX_POINT('',#6278);
#6280=CARTESIAN_POINT('',(-1.0275E1,-4.360221768061E0,2.450000155009E0));
#6281=VERTEX_POINT('',#6280);
#6282=CARTESIAN_POINT('',(-1.0275E1,-3.229733768061E0,2.144844155009E0));
#6283=VERTEX_POINT('',#6282);
#6284=CARTESIAN_POINT('',(-1.0275E1,-2.350585882852E0,2.449999768061E0));
#6285=VERTEX_POINT('',#6284);
#6286=CARTESIAN_POINT('',(-1.0725E1,-2.350585882852E0,2.449999768061E0));
#6287=VERTEX_POINT('',#6286);
#6288=CARTESIAN_POINT('',(-1.0725E1,-5.317559763909E-1,-4.406976565069E-1));
#6289=VERTEX_POINT('',#6288);
#6290=CARTESIAN_POINT('',(-1.0725E1,-7.044670714112E-1,-6.565518660790E-1));
#6291=VERTEX_POINT('',#6290);
#6292=CARTESIAN_POINT('',(-1.0725E1,1.199999993063E0,2.700000029828E0));
#6293=CARTESIAN_POINT('',(-1.0725E1,-2.392738784968E0,2.700000089484E0));
#6294=VERTEX_POINT('',#6292);
#6295=VERTEX_POINT('',#6293);
#6296=CARTESIAN_POINT('',(-1.0725E1,-3.229733768061E0,2.144844155009E0));
#6297=VERTEX_POINT('',#6296);
#6298=CARTESIAN_POINT('',(-1.0725E1,-4.360221768061E0,2.450000155009E0));
#6299=VERTEX_POINT('',#6298);
#6300=CARTESIAN_POINT('',(-1.0725E1,-4.949999768061E0,2.450000155009E0));
#6301=VERTEX_POINT('',#6300);
#6302=CARTESIAN_POINT('',(-1.0725E1,-4.949999768061E0,2.700000155009E0));
#6303=VERTEX_POINT('',#6302);
#6304=CARTESIAN_POINT('',(-1.0725E1,-4.327072768061E0,2.700000155009E0));
#6305=VERTEX_POINT('',#6304);
#6306=CARTESIAN_POINT('',(-1.0725E1,-3.238944768061E0,2.406278155009E0));
#6307=VERTEX_POINT('',#6306);
#6308=CARTESIAN_POINT('',(-1.4275E1,-7.044670714112E-1,-6.565518660798E-1));
#6309=CARTESIAN_POINT('',(-1.4275E1,-5.317559763909E-1,-4.406976565076E-1));
#6310=VERTEX_POINT('',#6308);
#6311=VERTEX_POINT('',#6309);
#6312=CARTESIAN_POINT('',(-1.4275E1,-2.392738784968E0,2.700000089484E0));
#6313=CARTESIAN_POINT('',(-1.4275E1,1.199999993063E0,2.700000029828E0));
#6314=VERTEX_POINT('',#6312);
#6315=VERTEX_POINT('',#6313);
#6316=CARTESIAN_POINT('',(-1.4275E1,-3.238944768061E0,2.406278155009E0));
#6317=VERTEX_POINT('',#6316);
#6318=CARTESIAN_POINT('',(-1.4275E1,-4.327072768061E0,2.700000155009E0));
#6319=VERTEX_POINT('',#6318);
#6320=CARTESIAN_POINT('',(-1.4275E1,-4.949999768061E0,2.700000155009E0));
#6321=VERTEX_POINT('',#6320);
#6322=CARTESIAN_POINT('',(-1.4275E1,-4.949999768061E0,2.450000155009E0));
#6323=VERTEX_POINT('',#6322);
#6324=CARTESIAN_POINT('',(-1.4275E1,-4.360221768061E0,2.450000155009E0));
#6325=VERTEX_POINT('',#6324);
#6326=CARTESIAN_POINT('',(-1.4275E1,-3.229733768061E0,2.144844155009E0));
#6327=VERTEX_POINT('',#6326);
#6328=CARTESIAN_POINT('',(-1.4275E1,-2.350585882852E0,2.449999768061E0));
#6329=VERTEX_POINT('',#6328);
#6330=CARTESIAN_POINT('',(-1.4725E1,-2.350585882852E0,2.449999768061E0));
#6331=VERTEX_POINT('',#6330);
#6332=CARTESIAN_POINT('',(-1.4725E1,-5.317559763909E-1,-4.406976565069E-1));
#6333=VERTEX_POINT('',#6332);
#6334=CARTESIAN_POINT('',(-1.4725E1,-7.044670714112E-1,-6.565518660790E-1));
#6335=VERTEX_POINT('',#6334);
#6336=CARTESIAN_POINT('',(-1.4725E1,1.199999993063E0,2.700000029828E0));
#6337=CARTESIAN_POINT('',(-1.4725E1,-2.392738784968E0,2.700000089484E0));
#6338=VERTEX_POINT('',#6336);
#6339=VERTEX_POINT('',#6337);
#6340=CARTESIAN_POINT('',(-1.4725E1,-3.229733768061E0,2.144844155009E0));
#6341=VERTEX_POINT('',#6340);
#6342=CARTESIAN_POINT('',(-1.4725E1,-4.360221768061E0,2.450000155009E0));
#6343=VERTEX_POINT('',#6342);
#6344=CARTESIAN_POINT('',(-1.4725E1,-4.949999768061E0,2.450000155009E0));
#6345=VERTEX_POINT('',#6344);
#6346=CARTESIAN_POINT('',(-1.4725E1,-4.949999768061E0,2.700000155009E0));
#6347=VERTEX_POINT('',#6346);
#6348=CARTESIAN_POINT('',(-1.4725E1,-4.327072768061E0,2.700000155009E0));
#6349=VERTEX_POINT('',#6348);
#6350=CARTESIAN_POINT('',(-1.4725E1,-3.238944768061E0,2.406278155009E0));
#6351=VERTEX_POINT('',#6350);
#6352=CARTESIAN_POINT('',(-1.2275E1,-7.044670714112E-1,-6.565518660798E-1));
#6353=CARTESIAN_POINT('',(-1.2275E1,-5.317559763909E-1,-4.406976565076E-1));
#6354=VERTEX_POINT('',#6352);
#6355=VERTEX_POINT('',#6353);
#6356=CARTESIAN_POINT('',(-1.2275E1,-2.392738784968E0,2.700000089484E0));
#6357=CARTESIAN_POINT('',(-1.2275E1,1.199999993063E0,2.700000029828E0));
#6358=VERTEX_POINT('',#6356);
#6359=VERTEX_POINT('',#6357);
#6360=CARTESIAN_POINT('',(-1.2275E1,-3.238944768061E0,2.406278155009E0));
#6361=VERTEX_POINT('',#6360);
#6362=CARTESIAN_POINT('',(-1.2275E1,-4.327072768061E0,2.700000155009E0));
#6363=VERTEX_POINT('',#6362);
#6364=CARTESIAN_POINT('',(-1.2275E1,-4.949999768061E0,2.700000155009E0));
#6365=VERTEX_POINT('',#6364);
#6366=CARTESIAN_POINT('',(-1.2275E1,-4.949999768061E0,2.450000155009E0));
#6367=VERTEX_POINT('',#6366);
#6368=CARTESIAN_POINT('',(-1.2275E1,-4.360221768061E0,2.450000155009E0));
#6369=VERTEX_POINT('',#6368);
#6370=CARTESIAN_POINT('',(-1.2275E1,-3.229733768061E0,2.144844155009E0));
#6371=VERTEX_POINT('',#6370);
#6372=CARTESIAN_POINT('',(-1.2275E1,-2.350585882852E0,2.449999768061E0));
#6373=VERTEX_POINT('',#6372);
#6374=CARTESIAN_POINT('',(-1.2725E1,-2.350585882852E0,2.449999768061E0));
#6375=VERTEX_POINT('',#6374);
#6376=CARTESIAN_POINT('',(-1.2725E1,-5.317559763909E-1,-4.406976565069E-1));
#6377=VERTEX_POINT('',#6376);
#6378=CARTESIAN_POINT('',(-1.2725E1,-7.044670714112E-1,-6.565518660790E-1));
#6379=VERTEX_POINT('',#6378);
#6380=CARTESIAN_POINT('',(-1.2725E1,1.199999993063E0,2.700000029828E0));
#6381=CARTESIAN_POINT('',(-1.2725E1,-2.392738784968E0,2.700000089484E0));
#6382=VERTEX_POINT('',#6380);
#6383=VERTEX_POINT('',#6381);
#6384=CARTESIAN_POINT('',(-1.2725E1,-3.229733768061E0,2.144844155009E0));
#6385=VERTEX_POINT('',#6384);
#6386=CARTESIAN_POINT('',(-1.2725E1,-4.360221768061E0,2.450000155009E0));
#6387=VERTEX_POINT('',#6386);
#6388=CARTESIAN_POINT('',(-1.2725E1,-4.949999768061E0,2.450000155009E0));
#6389=VERTEX_POINT('',#6388);
#6390=CARTESIAN_POINT('',(-1.2725E1,-4.949999768061E0,2.700000155009E0));
#6391=VERTEX_POINT('',#6390);
#6392=CARTESIAN_POINT('',(-1.2725E1,-4.327072768061E0,2.700000155009E0));
#6393=VERTEX_POINT('',#6392);
#6394=CARTESIAN_POINT('',(-1.2725E1,-3.238944768061E0,2.406278155009E0));
#6395=VERTEX_POINT('',#6394);
#6396=CARTESIAN_POINT('',(5.725000000001E0,-7.044670714112E-1,
-6.565518660798E-1));
#6397=CARTESIAN_POINT('',(5.725000000001E0,-5.317559763909E-1,
-4.406976565076E-1));
#6398=VERTEX_POINT('',#6396);
#6399=VERTEX_POINT('',#6397);
#6400=CARTESIAN_POINT('',(5.725000000001E0,-2.392738784968E0,2.700000089484E0));
#6401=CARTESIAN_POINT('',(5.725000000001E0,1.199999993063E0,2.700000029828E0));
#6402=VERTEX_POINT('',#6400);
#6403=VERTEX_POINT('',#6401);
#6404=CARTESIAN_POINT('',(5.725000000001E0,-3.238944768061E0,2.406278155009E0));
#6405=VERTEX_POINT('',#6404);
#6406=CARTESIAN_POINT('',(5.725000000001E0,-4.327072768061E0,2.700000155009E0));
#6407=VERTEX_POINT('',#6406);
#6408=CARTESIAN_POINT('',(5.725000000001E0,-4.949999768061E0,2.700000155009E0));
#6409=VERTEX_POINT('',#6408);
#6410=CARTESIAN_POINT('',(5.725000000001E0,-4.949999768061E0,2.450000155009E0));
#6411=VERTEX_POINT('',#6410);
#6412=CARTESIAN_POINT('',(5.725000000001E0,-4.360221768061E0,2.450000155009E0));
#6413=VERTEX_POINT('',#6412);
#6414=CARTESIAN_POINT('',(5.725000000001E0,-3.229733768061E0,2.144844155009E0));
#6415=VERTEX_POINT('',#6414);
#6416=CARTESIAN_POINT('',(5.725000000001E0,-2.350585882852E0,2.449999768061E0));
#6417=VERTEX_POINT('',#6416);
#6418=CARTESIAN_POINT('',(5.274999999999E0,-2.350585882852E0,2.449999768061E0));
#6419=VERTEX_POINT('',#6418);
#6420=CARTESIAN_POINT('',(5.274999999999E0,-5.317559763909E-1,
-4.406976565069E-1));
#6421=VERTEX_POINT('',#6420);
#6422=CARTESIAN_POINT('',(5.274999999999E0,-7.044670714112E-1,
-6.565518660790E-1));
#6423=VERTEX_POINT('',#6422);
#6424=CARTESIAN_POINT('',(5.274999999999E0,1.199999993063E0,2.700000029828E0));
#6425=CARTESIAN_POINT('',(5.274999999999E0,-2.392738784968E0,2.700000089484E0));
#6426=VERTEX_POINT('',#6424);
#6427=VERTEX_POINT('',#6425);
#6428=CARTESIAN_POINT('',(5.274999999999E0,-3.229733768061E0,2.144844155009E0));
#6429=VERTEX_POINT('',#6428);
#6430=CARTESIAN_POINT('',(5.274999999999E0,-4.360221768061E0,2.450000155009E0));
#6431=VERTEX_POINT('',#6430);
#6432=CARTESIAN_POINT('',(5.274999999999E0,-4.949999768061E0,2.450000155009E0));
#6433=VERTEX_POINT('',#6432);
#6434=CARTESIAN_POINT('',(5.274999999999E0,-4.949999768061E0,2.700000155009E0));
#6435=VERTEX_POINT('',#6434);
#6436=CARTESIAN_POINT('',(5.274999999999E0,-4.327072768061E0,2.700000155009E0));
#6437=VERTEX_POINT('',#6436);
#6438=CARTESIAN_POINT('',(5.274999999999E0,-3.238944768061E0,2.406278155009E0));
#6439=VERTEX_POINT('',#6438);
#6440=CARTESIAN_POINT('',(7.725000000001E0,-7.044670714112E-1,
-6.565518660798E-1));
#6441=CARTESIAN_POINT('',(7.725000000001E0,-5.317559763909E-1,
-4.406976565076E-1));
#6442=VERTEX_POINT('',#6440);
#6443=VERTEX_POINT('',#6441);
#6444=CARTESIAN_POINT('',(7.725000000001E0,-2.392738784968E0,2.700000089484E0));
#6445=CARTESIAN_POINT('',(7.725000000001E0,1.199999993063E0,2.700000029828E0));
#6446=VERTEX_POINT('',#6444);
#6447=VERTEX_POINT('',#6445);
#6448=CARTESIAN_POINT('',(7.725000000001E0,-3.238944768061E0,2.406278155009E0));
#6449=VERTEX_POINT('',#6448);
#6450=CARTESIAN_POINT('',(7.725000000001E0,-4.327072768061E0,2.700000155009E0));
#6451=VERTEX_POINT('',#6450);
#6452=CARTESIAN_POINT('',(7.725000000001E0,-4.949999768061E0,2.700000155009E0));
#6453=VERTEX_POINT('',#6452);
#6454=CARTESIAN_POINT('',(7.725000000001E0,-4.949999768061E0,2.450000155009E0));
#6455=VERTEX_POINT('',#6454);
#6456=CARTESIAN_POINT('',(7.725000000001E0,-4.360221768061E0,2.450000155009E0));
#6457=VERTEX_POINT('',#6456);
#6458=CARTESIAN_POINT('',(7.725000000001E0,-3.229733768061E0,2.144844155009E0));
#6459=VERTEX_POINT('',#6458);
#6460=CARTESIAN_POINT('',(7.725000000001E0,-2.350585882852E0,2.449999768061E0));
#6461=VERTEX_POINT('',#6460);
#6462=CARTESIAN_POINT('',(7.274999999999E0,-2.350585882852E0,2.449999768061E0));
#6463=VERTEX_POINT('',#6462);
#6464=CARTESIAN_POINT('',(7.274999999999E0,-5.317559763909E-1,
-4.406976565069E-1));
#6465=VERTEX_POINT('',#6464);
#6466=CARTESIAN_POINT('',(7.274999999999E0,-7.044670714112E-1,
-6.565518660790E-1));
#6467=VERTEX_POINT('',#6466);
#6468=CARTESIAN_POINT('',(7.274999999999E0,1.199999993063E0,2.700000029828E0));
#6469=CARTESIAN_POINT('',(7.274999999999E0,-2.392738784968E0,2.700000089484E0));
#6470=VERTEX_POINT('',#6468);
#6471=VERTEX_POINT('',#6469);
#6472=CARTESIAN_POINT('',(7.274999999999E0,-3.229733768061E0,2.144844155009E0));
#6473=VERTEX_POINT('',#6472);
#6474=CARTESIAN_POINT('',(7.274999999999E0,-4.360221768061E0,2.450000155009E0));
#6475=VERTEX_POINT('',#6474);
#6476=CARTESIAN_POINT('',(7.274999999999E0,-4.949999768061E0,2.450000155009E0));
#6477=VERTEX_POINT('',#6476);
#6478=CARTESIAN_POINT('',(7.274999999999E0,-4.949999768061E0,2.700000155009E0));
#6479=VERTEX_POINT('',#6478);
#6480=CARTESIAN_POINT('',(7.274999999999E0,-4.327072768061E0,2.700000155009E0));
#6481=VERTEX_POINT('',#6480);
#6482=CARTESIAN_POINT('',(7.274999999999E0,-3.238944768061E0,2.406278155009E0));
#6483=VERTEX_POINT('',#6482);
#6484=CARTESIAN_POINT('',(4.274999999999E0,1.2E0,2.7E0));
#6485=CARTESIAN_POINT('',(4.725000000001E0,1.2E0,2.7E0));
#6486=VERTEX_POINT('',#6484);
#6487=VERTEX_POINT('',#6485);
#6488=CARTESIAN_POINT('',(4.725000000001E0,-7.044670714111E-1,
-6.565518660800E-1));
#6489=CARTESIAN_POINT('',(4.725000000001E0,-5.317559763909E-1,
-4.406976565078E-1));
#6490=VERTEX_POINT('',#6488);
#6491=VERTEX_POINT('',#6489);
#6492=CARTESIAN_POINT('',(4.725000000001E0,-1.6E0,2.7E0));
#6493=VERTEX_POINT('',#6492);
#6494=CARTESIAN_POINT('',(4.725000000001E0,-3.229733613052E0,1.005155999999E0));
#6495=CARTESIAN_POINT('',(4.725000000001E0,-2.350584613052E0,
6.999999999994E-1));
#6496=VERTEX_POINT('',#6494);
#6497=VERTEX_POINT('',#6495);
#6498=CARTESIAN_POINT('',(4.725000000001E0,-4.360221613052E0,
6.999999999994E-1));
#6499=VERTEX_POINT('',#6498);
#6500=CARTESIAN_POINT('',(4.725000000001E0,-4.949999613052E0,
6.999999999994E-1));
#6501=VERTEX_POINT('',#6500);
#6502=CARTESIAN_POINT('',(4.725000000001E0,-4.949999613052E0,
4.499999999993E-1));
#6503=VERTEX_POINT('',#6502);
#6504=CARTESIAN_POINT('',(4.725000000001E0,-4.327072613052E0,
4.499999999992E-1));
#6505=VERTEX_POINT('',#6504);
#6506=CARTESIAN_POINT('',(4.725000000001E0,-3.238944613052E0,
7.437219999994E-1));
#6507=VERTEX_POINT('',#6506);
#6508=CARTESIAN_POINT('',(4.725000000001E0,-2.392738613052E0,
4.499999999993E-1));
#6509=VERTEX_POINT('',#6508);
#6510=CARTESIAN_POINT('',(4.274999999999E0,-2.392738613052E0,4.5E-1));
#6511=VERTEX_POINT('',#6510);
#6512=CARTESIAN_POINT('',(4.274999999999E0,-1.35E0,2.45E0));
#6513=CARTESIAN_POINT('',(4.725000000001E0,-1.35E0,2.45E0));
#6514=VERTEX_POINT('',#6512);
#6515=VERTEX_POINT('',#6513);
#6516=CARTESIAN_POINT('',(4.274999999999E0,-5.317559763909E-1,
-4.406976565069E-1));
#6517=VERTEX_POINT('',#6516);
#6518=CARTESIAN_POINT('',(4.274999999999E0,-7.044670714111E-1,
-6.565518660790E-1));
#6519=VERTEX_POINT('',#6518);
#6520=CARTESIAN_POINT('',(4.274999999999E0,-1.6E0,2.7E0));
#6521=VERTEX_POINT('',#6520);
#6522=CARTESIAN_POINT('',(4.274999999999E0,-3.238944613052E0,7.43722E-1));
#6523=VERTEX_POINT('',#6522);
#6524=CARTESIAN_POINT('',(4.274999999999E0,-4.327072613052E0,
4.499999999999E-1));
#6525=VERTEX_POINT('',#6524);
#6526=CARTESIAN_POINT('',(4.274999999999E0,-4.949999613052E0,4.5E-1));
#6527=VERTEX_POINT('',#6526);
#6528=CARTESIAN_POINT('',(4.274999999999E0,-4.949999613052E0,7.E-1));
#6529=VERTEX_POINT('',#6528);
#6530=CARTESIAN_POINT('',(4.274999999999E0,-4.360221613052E0,7.E-1));
#6531=VERTEX_POINT('',#6530);
#6532=CARTESIAN_POINT('',(4.274999999999E0,-3.229733613052E0,1.005156E0));
#6533=VERTEX_POINT('',#6532);
#6534=CARTESIAN_POINT('',(4.274999999999E0,-2.350584613052E0,7.E-1));
#6535=VERTEX_POINT('',#6534);
#6536=CARTESIAN_POINT('',(2.275E0,1.2E0,2.7E0));
#6537=CARTESIAN_POINT('',(2.725E0,1.2E0,2.7E0));
#6538=VERTEX_POINT('',#6536);
#6539=VERTEX_POINT('',#6537);
#6540=CARTESIAN_POINT('',(2.725E0,-7.044670714111E-1,-6.565518660800E-1));
#6541=CARTESIAN_POINT('',(2.725E0,-5.317559763909E-1,-4.406976565078E-1));
#6542=VERTEX_POINT('',#6540);
#6543=VERTEX_POINT('',#6541);
#6544=CARTESIAN_POINT('',(2.725E0,-1.6E0,2.7E0));
#6545=VERTEX_POINT('',#6544);
#6546=CARTESIAN_POINT('',(2.725E0,-3.229733613052E0,1.005155999999E0));
#6547=CARTESIAN_POINT('',(2.725E0,-2.350584613052E0,6.999999999994E-1));
#6548=VERTEX_POINT('',#6546);
#6549=VERTEX_POINT('',#6547);
#6550=CARTESIAN_POINT('',(2.725E0,-4.360221613052E0,6.999999999994E-1));
#6551=VERTEX_POINT('',#6550);
#6552=CARTESIAN_POINT('',(2.725E0,-4.949999613052E0,6.999999999994E-1));
#6553=VERTEX_POINT('',#6552);
#6554=CARTESIAN_POINT('',(2.725E0,-4.949999613052E0,4.499999999993E-1));
#6555=VERTEX_POINT('',#6554);
#6556=CARTESIAN_POINT('',(2.725E0,-4.327072613052E0,4.499999999992E-1));
#6557=VERTEX_POINT('',#6556);
#6558=CARTESIAN_POINT('',(2.725E0,-3.238944613052E0,7.437219999994E-1));
#6559=VERTEX_POINT('',#6558);
#6560=CARTESIAN_POINT('',(2.725E0,-2.392738613052E0,4.499999999993E-1));
#6561=VERTEX_POINT('',#6560);
#6562=CARTESIAN_POINT('',(2.275E0,-2.392738613052E0,4.5E-1));
#6563=VERTEX_POINT('',#6562);
#6564=CARTESIAN_POINT('',(2.275E0,-1.35E0,2.45E0));
#6565=CARTESIAN_POINT('',(2.725E0,-1.35E0,2.45E0));
#6566=VERTEX_POINT('',#6564);
#6567=VERTEX_POINT('',#6565);
#6568=CARTESIAN_POINT('',(2.275E0,-5.317559763909E-1,-4.406976565069E-1));
#6569=VERTEX_POINT('',#6568);
#6570=CARTESIAN_POINT('',(2.275E0,-7.044670714111E-1,-6.565518660790E-1));
#6571=VERTEX_POINT('',#6570);
#6572=CARTESIAN_POINT('',(2.275E0,-1.6E0,2.7E0));
#6573=VERTEX_POINT('',#6572);
#6574=CARTESIAN_POINT('',(2.275E0,-3.238944613052E0,7.43722E-1));
#6575=VERTEX_POINT('',#6574);
#6576=CARTESIAN_POINT('',(2.275E0,-4.327072613052E0,4.499999999999E-1));
#6577=VERTEX_POINT('',#6576);
#6578=CARTESIAN_POINT('',(2.275E0,-4.949999613052E0,4.5E-1));
#6579=VERTEX_POINT('',#6578);
#6580=CARTESIAN_POINT('',(2.275E0,-4.949999613052E0,7.E-1));
#6581=VERTEX_POINT('',#6580);
#6582=CARTESIAN_POINT('',(2.275E0,-4.360221613052E0,7.E-1));
#6583=VERTEX_POINT('',#6582);
#6584=CARTESIAN_POINT('',(2.275E0,-3.229733613052E0,1.005156E0));
#6585=VERTEX_POINT('',#6584);
#6586=CARTESIAN_POINT('',(2.275E0,-2.350584613052E0,7.E-1));
#6587=VERTEX_POINT('',#6586);
#6588=CARTESIAN_POINT('',(2.750000000001E-1,1.2E0,2.7E0));
#6589=CARTESIAN_POINT('',(7.249999999999E-1,1.2E0,2.7E0));
#6590=VERTEX_POINT('',#6588);
#6591=VERTEX_POINT('',#6589);
#6592=CARTESIAN_POINT('',(7.249999999999E-1,-7.044670714111E-1,
-6.565518660800E-1));
#6593=CARTESIAN_POINT('',(7.249999999999E-1,-5.317559763909E-1,
-4.406976565078E-1));
#6594=VERTEX_POINT('',#6592);
#6595=VERTEX_POINT('',#6593);
#6596=CARTESIAN_POINT('',(7.249999999999E-1,-1.6E0,2.7E0));
#6597=VERTEX_POINT('',#6596);
#6598=CARTESIAN_POINT('',(7.249999999999E-1,-3.229733613052E0,
1.005155999999E0));
#6599=CARTESIAN_POINT('',(7.249999999999E-1,-2.350584613052E0,
6.999999999994E-1));
#6600=VERTEX_POINT('',#6598);
#6601=VERTEX_POINT('',#6599);
#6602=CARTESIAN_POINT('',(7.249999999999E-1,-4.360221613052E0,
6.999999999994E-1));
#6603=VERTEX_POINT('',#6602);
#6604=CARTESIAN_POINT('',(7.249999999999E-1,-4.949999613052E0,
6.999999999994E-1));
#6605=VERTEX_POINT('',#6604);
#6606=CARTESIAN_POINT('',(7.249999999999E-1,-4.949999613052E0,
4.499999999993E-1));
#6607=VERTEX_POINT('',#6606);
#6608=CARTESIAN_POINT('',(7.249999999999E-1,-4.327072613052E0,
4.499999999992E-1));
#6609=VERTEX_POINT('',#6608);
#6610=CARTESIAN_POINT('',(7.249999999999E-1,-3.238944613052E0,
7.437219999994E-1));
#6611=VERTEX_POINT('',#6610);
#6612=CARTESIAN_POINT('',(7.249999999999E-1,-2.392738613052E0,
4.499999999993E-1));
#6613=VERTEX_POINT('',#6612);
#6614=CARTESIAN_POINT('',(2.750000000001E-1,-2.392738613052E0,4.5E-1));
#6615=VERTEX_POINT('',#6614);
#6616=CARTESIAN_POINT('',(2.750000000001E-1,-1.35E0,2.45E0));
#6617=CARTESIAN_POINT('',(7.249999999999E-1,-1.35E0,2.45E0));
#6618=VERTEX_POINT('',#6616);
#6619=VERTEX_POINT('',#6617);
#6620=CARTESIAN_POINT('',(2.750000000001E-1,-5.317559763909E-1,
-4.406976565069E-1));
#6621=VERTEX_POINT('',#6620);
#6622=CARTESIAN_POINT('',(2.750000000001E-1,-7.044670714111E-1,
-6.565518660790E-1));
#6623=VERTEX_POINT('',#6622);
#6624=CARTESIAN_POINT('',(2.750000000001E-1,-1.6E0,2.7E0));
#6625=VERTEX_POINT('',#6624);
#6626=CARTESIAN_POINT('',(2.750000000001E-1,-3.238944613052E0,7.43722E-1));
#6627=VERTEX_POINT('',#6626);
#6628=CARTESIAN_POINT('',(2.750000000001E-1,-4.327072613052E0,
4.499999999999E-1));
#6629=VERTEX_POINT('',#6628);
#6630=CARTESIAN_POINT('',(2.750000000001E-1,-4.949999613052E0,4.5E-1));
#6631=VERTEX_POINT('',#6630);
#6632=CARTESIAN_POINT('',(2.750000000001E-1,-4.949999613052E0,7.E-1));
#6633=VERTEX_POINT('',#6632);
#6634=CARTESIAN_POINT('',(2.750000000001E-1,-4.360221613052E0,7.E-1));
#6635=VERTEX_POINT('',#6634);
#6636=CARTESIAN_POINT('',(2.750000000001E-1,-3.229733613052E0,1.005156E0));
#6637=VERTEX_POINT('',#6636);
#6638=CARTESIAN_POINT('',(2.750000000001E-1,-2.350584613052E0,7.E-1));
#6639=VERTEX_POINT('',#6638);
#6640=CARTESIAN_POINT('',(-1.725E0,1.2E0,2.7E0));
#6641=CARTESIAN_POINT('',(-1.275E0,1.2E0,2.7E0));
#6642=VERTEX_POINT('',#6640);
#6643=VERTEX_POINT('',#6641);
#6644=CARTESIAN_POINT('',(-1.275E0,-7.044670714111E-1,-6.565518660800E-1));
#6645=CARTESIAN_POINT('',(-1.275E0,-5.317559763909E-1,-4.406976565078E-1));
#6646=VERTEX_POINT('',#6644);
#6647=VERTEX_POINT('',#6645);
#6648=CARTESIAN_POINT('',(-1.275E0,-1.6E0,2.7E0));
#6649=VERTEX_POINT('',#6648);
#6650=CARTESIAN_POINT('',(-1.275E0,-3.229733613052E0,1.005155999999E0));
#6651=CARTESIAN_POINT('',(-1.275E0,-2.350584613052E0,6.999999999994E-1));
#6652=VERTEX_POINT('',#6650);
#6653=VERTEX_POINT('',#6651);
#6654=CARTESIAN_POINT('',(-1.275E0,-4.360221613052E0,6.999999999994E-1));
#6655=VERTEX_POINT('',#6654);
#6656=CARTESIAN_POINT('',(-1.275E0,-4.949999613052E0,6.999999999994E-1));
#6657=VERTEX_POINT('',#6656);
#6658=CARTESIAN_POINT('',(-1.275E0,-4.949999613052E0,4.499999999993E-1));
#6659=VERTEX_POINT('',#6658);
#6660=CARTESIAN_POINT('',(-1.275E0,-4.327072613052E0,4.499999999992E-1));
#6661=VERTEX_POINT('',#6660);
#6662=CARTESIAN_POINT('',(-1.275E0,-3.238944613052E0,7.437219999994E-1));
#6663=VERTEX_POINT('',#6662);
#6664=CARTESIAN_POINT('',(-1.275E0,-2.392738613052E0,4.499999999993E-1));
#6665=VERTEX_POINT('',#6664);
#6666=CARTESIAN_POINT('',(-1.725E0,-2.392738613052E0,4.5E-1));
#6667=VERTEX_POINT('',#6666);
#6668=CARTESIAN_POINT('',(-1.725E0,-1.35E0,2.45E0));
#6669=CARTESIAN_POINT('',(-1.275E0,-1.35E0,2.45E0));
#6670=VERTEX_POINT('',#6668);
#6671=VERTEX_POINT('',#6669);
#6672=CARTESIAN_POINT('',(-1.725E0,-5.317559763909E-1,-4.406976565069E-1));
#6673=VERTEX_POINT('',#6672);
#6674=CARTESIAN_POINT('',(-1.725E0,-7.044670714111E-1,-6.565518660790E-1));
#6675=VERTEX_POINT('',#6674);
#6676=CARTESIAN_POINT('',(-1.725E0,-1.6E0,2.7E0));
#6677=VERTEX_POINT('',#6676);
#6678=CARTESIAN_POINT('',(-1.725E0,-3.238944613052E0,7.43722E-1));
#6679=VERTEX_POINT('',#6678);
#6680=CARTESIAN_POINT('',(-1.725E0,-4.327072613052E0,4.499999999999E-1));
#6681=VERTEX_POINT('',#6680);
#6682=CARTESIAN_POINT('',(-1.725E0,-4.949999613052E0,4.5E-1));
#6683=VERTEX_POINT('',#6682);
#6684=CARTESIAN_POINT('',(-1.725E0,-4.949999613052E0,7.E-1));
#6685=VERTEX_POINT('',#6684);
#6686=CARTESIAN_POINT('',(-1.725E0,-4.360221613052E0,7.E-1));
#6687=VERTEX_POINT('',#6686);
#6688=CARTESIAN_POINT('',(-1.725E0,-3.229733613052E0,1.005156E0));
#6689=VERTEX_POINT('',#6688);
#6690=CARTESIAN_POINT('',(-1.725E0,-2.350584613052E0,7.E-1));
#6691=VERTEX_POINT('',#6690);
#6692=CARTESIAN_POINT('',(-3.725E0,1.2E0,2.7E0));
#6693=CARTESIAN_POINT('',(-3.275E0,1.2E0,2.7E0));
#6694=VERTEX_POINT('',#6692);
#6695=VERTEX_POINT('',#6693);
#6696=CARTESIAN_POINT('',(-3.275E0,-7.044670714111E-1,-6.565518660800E-1));
#6697=CARTESIAN_POINT('',(-3.275E0,-5.317559763909E-1,-4.406976565078E-1));
#6698=VERTEX_POINT('',#6696);
#6699=VERTEX_POINT('',#6697);
#6700=CARTESIAN_POINT('',(-3.275E0,-1.6E0,2.7E0));
#6701=VERTEX_POINT('',#6700);
#6702=CARTESIAN_POINT('',(-3.275E0,-3.229733613052E0,1.005155999999E0));
#6703=CARTESIAN_POINT('',(-3.275E0,-2.350584613052E0,6.999999999994E-1));
#6704=VERTEX_POINT('',#6702);
#6705=VERTEX_POINT('',#6703);
#6706=CARTESIAN_POINT('',(-3.275E0,-4.360221613052E0,6.999999999994E-1));
#6707=VERTEX_POINT('',#6706);
#6708=CARTESIAN_POINT('',(-3.275E0,-4.949999613052E0,6.999999999994E-1));
#6709=VERTEX_POINT('',#6708);
#6710=CARTESIAN_POINT('',(-3.275E0,-4.949999613052E0,4.499999999993E-1));
#6711=VERTEX_POINT('',#6710);
#6712=CARTESIAN_POINT('',(-3.275E0,-4.327072613052E0,4.499999999992E-1));
#6713=VERTEX_POINT('',#6712);
#6714=CARTESIAN_POINT('',(-3.275E0,-3.238944613052E0,7.437219999994E-1));
#6715=VERTEX_POINT('',#6714);
#6716=CARTESIAN_POINT('',(-3.275E0,-2.392738613052E0,4.499999999993E-1));
#6717=VERTEX_POINT('',#6716);
#6718=CARTESIAN_POINT('',(-3.725E0,-2.392738613052E0,4.5E-1));
#6719=VERTEX_POINT('',#6718);
#6720=CARTESIAN_POINT('',(-3.725E0,-1.35E0,2.45E0));
#6721=CARTESIAN_POINT('',(-3.275E0,-1.35E0,2.45E0));
#6722=VERTEX_POINT('',#6720);
#6723=VERTEX_POINT('',#6721);
#6724=CARTESIAN_POINT('',(-3.725E0,-5.317559763909E-1,-4.406976565069E-1));
#6725=VERTEX_POINT('',#6724);
#6726=CARTESIAN_POINT('',(-3.725E0,-7.044670714111E-1,-6.565518660790E-1));
#6727=VERTEX_POINT('',#6726);
#6728=CARTESIAN_POINT('',(-3.725E0,-1.6E0,2.7E0));
#6729=VERTEX_POINT('',#6728);
#6730=CARTESIAN_POINT('',(-3.725E0,-3.238944613052E0,7.43722E-1));
#6731=VERTEX_POINT('',#6730);
#6732=CARTESIAN_POINT('',(-3.725E0,-4.327072613052E0,4.499999999999E-1));
#6733=VERTEX_POINT('',#6732);
#6734=CARTESIAN_POINT('',(-3.725E0,-4.949999613052E0,4.5E-1));
#6735=VERTEX_POINT('',#6734);
#6736=CARTESIAN_POINT('',(-3.725E0,-4.949999613052E0,7.E-1));
#6737=VERTEX_POINT('',#6736);
#6738=CARTESIAN_POINT('',(-3.725E0,-4.360221613052E0,7.E-1));
#6739=VERTEX_POINT('',#6738);
#6740=CARTESIAN_POINT('',(-3.725E0,-3.229733613052E0,1.005156E0));
#6741=VERTEX_POINT('',#6740);
#6742=CARTESIAN_POINT('',(-3.725E0,-2.350584613052E0,7.E-1));
#6743=VERTEX_POINT('',#6742);
#6744=CARTESIAN_POINT('',(-5.725E0,1.2E0,2.7E0));
#6745=CARTESIAN_POINT('',(-5.275E0,1.2E0,2.7E0));
#6746=VERTEX_POINT('',#6744);
#6747=VERTEX_POINT('',#6745);
#6748=CARTESIAN_POINT('',(-5.275E0,-7.044670714111E-1,-6.565518660800E-1));
#6749=CARTESIAN_POINT('',(-5.275E0,-5.317559763909E-1,-4.406976565078E-1));
#6750=VERTEX_POINT('',#6748);
#6751=VERTEX_POINT('',#6749);
#6752=CARTESIAN_POINT('',(-5.275E0,-1.6E0,2.7E0));
#6753=VERTEX_POINT('',#6752);
#6754=CARTESIAN_POINT('',(-5.275E0,-3.229733613052E0,1.005155999999E0));
#6755=CARTESIAN_POINT('',(-5.275E0,-2.350584613052E0,6.999999999994E-1));
#6756=VERTEX_POINT('',#6754);
#6757=VERTEX_POINT('',#6755);
#6758=CARTESIAN_POINT('',(-5.275E0,-4.360221613052E0,6.999999999994E-1));
#6759=VERTEX_POINT('',#6758);
#6760=CARTESIAN_POINT('',(-5.275E0,-4.949999613052E0,6.999999999994E-1));
#6761=VERTEX_POINT('',#6760);
#6762=CARTESIAN_POINT('',(-5.275E0,-4.949999613052E0,4.499999999993E-1));
#6763=VERTEX_POINT('',#6762);
#6764=CARTESIAN_POINT('',(-5.275E0,-4.327072613052E0,4.499999999992E-1));
#6765=VERTEX_POINT('',#6764);
#6766=CARTESIAN_POINT('',(-5.275E0,-3.238944613052E0,7.437219999994E-1));
#6767=VERTEX_POINT('',#6766);
#6768=CARTESIAN_POINT('',(-5.275E0,-2.392738613052E0,4.499999999993E-1));
#6769=VERTEX_POINT('',#6768);
#6770=CARTESIAN_POINT('',(-5.725E0,-2.392738613052E0,4.5E-1));
#6771=VERTEX_POINT('',#6770);
#6772=CARTESIAN_POINT('',(-5.725E0,-1.35E0,2.45E0));
#6773=CARTESIAN_POINT('',(-5.275E0,-1.35E0,2.45E0));
#6774=VERTEX_POINT('',#6772);
#6775=VERTEX_POINT('',#6773);
#6776=CARTESIAN_POINT('',(-5.725E0,-5.317559763909E-1,-4.406976565069E-1));
#6777=VERTEX_POINT('',#6776);
#6778=CARTESIAN_POINT('',(-5.725E0,-7.044670714111E-1,-6.565518660790E-1));
#6779=VERTEX_POINT('',#6778);
#6780=CARTESIAN_POINT('',(-5.725E0,-1.6E0,2.7E0));
#6781=VERTEX_POINT('',#6780);
#6782=CARTESIAN_POINT('',(-5.725E0,-3.238944613052E0,7.43722E-1));
#6783=VERTEX_POINT('',#6782);
#6784=CARTESIAN_POINT('',(-5.725E0,-4.327072613052E0,4.499999999999E-1));
#6785=VERTEX_POINT('',#6784);
#6786=CARTESIAN_POINT('',(-5.725E0,-4.949999613052E0,4.5E-1));
#6787=VERTEX_POINT('',#6786);
#6788=CARTESIAN_POINT('',(-5.725E0,-4.949999613052E0,7.E-1));
#6789=VERTEX_POINT('',#6788);
#6790=CARTESIAN_POINT('',(-5.725E0,-4.360221613052E0,7.E-1));
#6791=VERTEX_POINT('',#6790);
#6792=CARTESIAN_POINT('',(-5.725E0,-3.229733613052E0,1.005156E0));
#6793=VERTEX_POINT('',#6792);
#6794=CARTESIAN_POINT('',(-5.725E0,-2.350584613052E0,7.E-1));
#6795=VERTEX_POINT('',#6794);
#6796=CARTESIAN_POINT('',(-7.725E0,1.2E0,2.7E0));
#6797=CARTESIAN_POINT('',(-7.275E0,1.2E0,2.7E0));
#6798=VERTEX_POINT('',#6796);
#6799=VERTEX_POINT('',#6797);
#6800=CARTESIAN_POINT('',(-7.275E0,-7.044670714111E-1,-6.565518660800E-1));
#6801=CARTESIAN_POINT('',(-7.275E0,-5.317559763909E-1,-4.406976565078E-1));
#6802=VERTEX_POINT('',#6800);
#6803=VERTEX_POINT('',#6801);
#6804=CARTESIAN_POINT('',(-7.275E0,-1.6E0,2.7E0));
#6805=VERTEX_POINT('',#6804);
#6806=CARTESIAN_POINT('',(-7.275E0,-3.229733613052E0,1.005155999999E0));
#6807=CARTESIAN_POINT('',(-7.275E0,-2.350584613052E0,6.999999999994E-1));
#6808=VERTEX_POINT('',#6806);
#6809=VERTEX_POINT('',#6807);
#6810=CARTESIAN_POINT('',(-7.275E0,-4.360221613052E0,6.999999999994E-1));
#6811=VERTEX_POINT('',#6810);
#6812=CARTESIAN_POINT('',(-7.275E0,-4.949999613052E0,6.999999999994E-1));
#6813=VERTEX_POINT('',#6812);
#6814=CARTESIAN_POINT('',(-7.275E0,-4.949999613052E0,4.499999999993E-1));
#6815=VERTEX_POINT('',#6814);
#6816=CARTESIAN_POINT('',(-7.275E0,-4.327072613052E0,4.499999999992E-1));
#6817=VERTEX_POINT('',#6816);
#6818=CARTESIAN_POINT('',(-7.275E0,-3.238944613052E0,7.437219999994E-1));
#6819=VERTEX_POINT('',#6818);
#6820=CARTESIAN_POINT('',(-7.275E0,-2.392738613052E0,4.499999999993E-1));
#6821=VERTEX_POINT('',#6820);
#6822=CARTESIAN_POINT('',(-7.725E0,-2.392738613052E0,4.5E-1));
#6823=VERTEX_POINT('',#6822);
#6824=CARTESIAN_POINT('',(-7.725E0,-1.35E0,2.45E0));
#6825=CARTESIAN_POINT('',(-7.275E0,-1.35E0,2.45E0));
#6826=VERTEX_POINT('',#6824);
#6827=VERTEX_POINT('',#6825);
#6828=CARTESIAN_POINT('',(-7.725E0,-5.317559763909E-1,-4.406976565069E-1));
#6829=VERTEX_POINT('',#6828);
#6830=CARTESIAN_POINT('',(-7.725E0,-7.044670714111E-1,-6.565518660790E-1));
#6831=VERTEX_POINT('',#6830);
#6832=CARTESIAN_POINT('',(-7.725E0,-1.6E0,2.7E0));
#6833=VERTEX_POINT('',#6832);
#6834=CARTESIAN_POINT('',(-7.725E0,-3.238944613052E0,7.43722E-1));
#6835=VERTEX_POINT('',#6834);
#6836=CARTESIAN_POINT('',(-7.725E0,-4.327072613052E0,4.499999999999E-1));
#6837=VERTEX_POINT('',#6836);
#6838=CARTESIAN_POINT('',(-7.725E0,-4.949999613052E0,4.5E-1));
#6839=VERTEX_POINT('',#6838);
#6840=CARTESIAN_POINT('',(-7.725E0,-4.949999613052E0,7.E-1));
#6841=VERTEX_POINT('',#6840);
#6842=CARTESIAN_POINT('',(-7.725E0,-4.360221613052E0,7.E-1));
#6843=VERTEX_POINT('',#6842);
#6844=CARTESIAN_POINT('',(-7.725E0,-3.229733613052E0,1.005156E0));
#6845=VERTEX_POINT('',#6844);
#6846=CARTESIAN_POINT('',(-7.725E0,-2.350584613052E0,7.E-1));
#6847=VERTEX_POINT('',#6846);
#6848=CARTESIAN_POINT('',(-9.725E0,1.2E0,2.7E0));
#6849=CARTESIAN_POINT('',(-9.275E0,1.2E0,2.7E0));
#6850=VERTEX_POINT('',#6848);
#6851=VERTEX_POINT('',#6849);
#6852=CARTESIAN_POINT('',(-9.275E0,-7.044670714111E-1,-6.565518660800E-1));
#6853=CARTESIAN_POINT('',(-9.275E0,-5.317559763909E-1,-4.406976565078E-1));
#6854=VERTEX_POINT('',#6852);
#6855=VERTEX_POINT('',#6853);
#6856=CARTESIAN_POINT('',(-9.275E0,-1.6E0,2.7E0));
#6857=VERTEX_POINT('',#6856);
#6858=CARTESIAN_POINT('',(-9.275E0,-3.229733613052E0,1.005155999999E0));
#6859=CARTESIAN_POINT('',(-9.275E0,-2.350584613052E0,6.999999999994E-1));
#6860=VERTEX_POINT('',#6858);
#6861=VERTEX_POINT('',#6859);
#6862=CARTESIAN_POINT('',(-9.275E0,-4.360221613052E0,6.999999999994E-1));
#6863=VERTEX_POINT('',#6862);
#6864=CARTESIAN_POINT('',(-9.275E0,-4.949999613052E0,6.999999999994E-1));
#6865=VERTEX_POINT('',#6864);
#6866=CARTESIAN_POINT('',(-9.275E0,-4.949999613052E0,4.499999999993E-1));
#6867=VERTEX_POINT('',#6866);
#6868=CARTESIAN_POINT('',(-9.275E0,-4.327072613052E0,4.499999999992E-1));
#6869=VERTEX_POINT('',#6868);
#6870=CARTESIAN_POINT('',(-9.275E0,-3.238944613052E0,7.437219999994E-1));
#6871=VERTEX_POINT('',#6870);
#6872=CARTESIAN_POINT('',(-9.275E0,-2.392738613052E0,4.499999999993E-1));
#6873=VERTEX_POINT('',#6872);
#6874=CARTESIAN_POINT('',(-9.725E0,-2.392738613052E0,4.5E-1));
#6875=VERTEX_POINT('',#6874);
#6876=CARTESIAN_POINT('',(-9.725E0,-1.35E0,2.45E0));
#6877=CARTESIAN_POINT('',(-9.275E0,-1.35E0,2.45E0));
#6878=VERTEX_POINT('',#6876);
#6879=VERTEX_POINT('',#6877);
#6880=CARTESIAN_POINT('',(-9.725E0,-5.317559763909E-1,-4.406976565069E-1));
#6881=VERTEX_POINT('',#6880);
#6882=CARTESIAN_POINT('',(-9.725E0,-7.044670714111E-1,-6.565518660790E-1));
#6883=VERTEX_POINT('',#6882);
#6884=CARTESIAN_POINT('',(-9.725E0,-1.6E0,2.7E0));
#6885=VERTEX_POINT('',#6884);
#6886=CARTESIAN_POINT('',(-9.725E0,-3.238944613052E0,7.43722E-1));
#6887=VERTEX_POINT('',#6886);
#6888=CARTESIAN_POINT('',(-9.725E0,-4.327072613052E0,4.499999999999E-1));
#6889=VERTEX_POINT('',#6888);
#6890=CARTESIAN_POINT('',(-9.725E0,-4.949999613052E0,4.5E-1));
#6891=VERTEX_POINT('',#6890);
#6892=CARTESIAN_POINT('',(-9.725E0,-4.949999613052E0,7.E-1));
#6893=VERTEX_POINT('',#6892);
#6894=CARTESIAN_POINT('',(-9.725E0,-4.360221613052E0,7.E-1));
#6895=VERTEX_POINT('',#6894);
#6896=CARTESIAN_POINT('',(-9.725E0,-3.229733613052E0,1.005156E0));
#6897=VERTEX_POINT('',#6896);
#6898=CARTESIAN_POINT('',(-9.725E0,-2.350584613052E0,7.E-1));
#6899=VERTEX_POINT('',#6898);
#6900=CARTESIAN_POINT('',(-1.5725E1,1.2E0,2.7E0));
#6901=CARTESIAN_POINT('',(-1.5275E1,1.2E0,2.7E0));
#6902=VERTEX_POINT('',#6900);
#6903=VERTEX_POINT('',#6901);
#6904=CARTESIAN_POINT('',(-1.5275E1,-7.044670714111E-1,-6.565518660800E-1));
#6905=CARTESIAN_POINT('',(-1.5275E1,-5.317559763909E-1,-4.406976565078E-1));
#6906=VERTEX_POINT('',#6904);
#6907=VERTEX_POINT('',#6905);
#6908=CARTESIAN_POINT('',(-1.5275E1,-1.6E0,2.7E0));
#6909=VERTEX_POINT('',#6908);
#6910=CARTESIAN_POINT('',(-1.5275E1,-3.229733613052E0,1.005155999999E0));
#6911=CARTESIAN_POINT('',(-1.5275E1,-2.350584613052E0,6.999999999994E-1));
#6912=VERTEX_POINT('',#6910);
#6913=VERTEX_POINT('',#6911);
#6914=CARTESIAN_POINT('',(-1.5275E1,-4.360221613052E0,6.999999999994E-1));
#6915=VERTEX_POINT('',#6914);
#6916=CARTESIAN_POINT('',(-1.5275E1,-4.949999613052E0,6.999999999994E-1));
#6917=VERTEX_POINT('',#6916);
#6918=CARTESIAN_POINT('',(-1.5275E1,-4.949999613052E0,4.499999999993E-1));
#6919=VERTEX_POINT('',#6918);
#6920=CARTESIAN_POINT('',(-1.5275E1,-4.327072613052E0,4.499999999992E-1));
#6921=VERTEX_POINT('',#6920);
#6922=CARTESIAN_POINT('',(-1.5275E1,-3.238944613052E0,7.437219999994E-1));
#6923=VERTEX_POINT('',#6922);
#6924=CARTESIAN_POINT('',(-1.5275E1,-2.392738613052E0,4.499999999993E-1));
#6925=VERTEX_POINT('',#6924);
#6926=CARTESIAN_POINT('',(-1.5725E1,-2.392738613052E0,4.5E-1));
#6927=VERTEX_POINT('',#6926);
#6928=CARTESIAN_POINT('',(-1.5725E1,-1.35E0,2.45E0));
#6929=CARTESIAN_POINT('',(-1.5275E1,-1.35E0,2.45E0));
#6930=VERTEX_POINT('',#6928);
#6931=VERTEX_POINT('',#6929);
#6932=CARTESIAN_POINT('',(-1.5725E1,-5.317559763909E-1,-4.406976565069E-1));
#6933=VERTEX_POINT('',#6932);
#6934=CARTESIAN_POINT('',(-1.5725E1,-7.044670714111E-1,-6.565518660790E-1));
#6935=VERTEX_POINT('',#6934);
#6936=CARTESIAN_POINT('',(-1.5725E1,-1.6E0,2.7E0));
#6937=VERTEX_POINT('',#6936);
#6938=CARTESIAN_POINT('',(-1.5725E1,-3.238944613052E0,7.43722E-1));
#6939=VERTEX_POINT('',#6938);
#6940=CARTESIAN_POINT('',(-1.5725E1,-4.327072613052E0,4.499999999999E-1));
#6941=VERTEX_POINT('',#6940);
#6942=CARTESIAN_POINT('',(-1.5725E1,-4.949999613052E0,4.5E-1));
#6943=VERTEX_POINT('',#6942);
#6944=CARTESIAN_POINT('',(-1.5725E1,-4.949999613052E0,7.E-1));
#6945=VERTEX_POINT('',#6944);
#6946=CARTESIAN_POINT('',(-1.5725E1,-4.360221613052E0,7.E-1));
#6947=VERTEX_POINT('',#6946);
#6948=CARTESIAN_POINT('',(-1.5725E1,-3.229733613052E0,1.005156E0));
#6949=VERTEX_POINT('',#6948);
#6950=CARTESIAN_POINT('',(-1.5725E1,-2.350584613052E0,7.E-1));
#6951=VERTEX_POINT('',#6950);
#6952=CARTESIAN_POINT('',(-1.3725E1,1.2E0,2.7E0));
#6953=CARTESIAN_POINT('',(-1.3275E1,1.2E0,2.7E0));
#6954=VERTEX_POINT('',#6952);
#6955=VERTEX_POINT('',#6953);
#6956=CARTESIAN_POINT('',(-1.3275E1,-7.044670714111E-1,-6.565518660800E-1));
#6957=CARTESIAN_POINT('',(-1.3275E1,-5.317559763909E-1,-4.406976565078E-1));
#6958=VERTEX_POINT('',#6956);
#6959=VERTEX_POINT('',#6957);
#6960=CARTESIAN_POINT('',(-1.3275E1,-1.6E0,2.7E0));
#6961=VERTEX_POINT('',#6960);
#6962=CARTESIAN_POINT('',(-1.3275E1,-3.229733613052E0,1.005155999999E0));
#6963=CARTESIAN_POINT('',(-1.3275E1,-2.350584613052E0,6.999999999994E-1));
#6964=VERTEX_POINT('',#6962);
#6965=VERTEX_POINT('',#6963);
#6966=CARTESIAN_POINT('',(-1.3275E1,-4.360221613052E0,6.999999999994E-1));
#6967=VERTEX_POINT('',#6966);
#6968=CARTESIAN_POINT('',(-1.3275E1,-4.949999613052E0,6.999999999994E-1));
#6969=VERTEX_POINT('',#6968);
#6970=CARTESIAN_POINT('',(-1.3275E1,-4.949999613052E0,4.499999999993E-1));
#6971=VERTEX_POINT('',#6970);
#6972=CARTESIAN_POINT('',(-1.3275E1,-4.327072613052E0,4.499999999992E-1));
#6973=VERTEX_POINT('',#6972);
#6974=CARTESIAN_POINT('',(-1.3275E1,-3.238944613052E0,7.437219999994E-1));
#6975=VERTEX_POINT('',#6974);
#6976=CARTESIAN_POINT('',(-1.3275E1,-2.392738613052E0,4.499999999993E-1));
#6977=VERTEX_POINT('',#6976);
#6978=CARTESIAN_POINT('',(-1.3725E1,-2.392738613052E0,4.5E-1));
#6979=VERTEX_POINT('',#6978);
#6980=CARTESIAN_POINT('',(-1.3725E1,-1.35E0,2.45E0));
#6981=CARTESIAN_POINT('',(-1.3275E1,-1.35E0,2.45E0));
#6982=VERTEX_POINT('',#6980);
#6983=VERTEX_POINT('',#6981);
#6984=CARTESIAN_POINT('',(-1.3725E1,-5.317559763909E-1,-4.406976565069E-1));
#6985=VERTEX_POINT('',#6984);
#6986=CARTESIAN_POINT('',(-1.3725E1,-7.044670714111E-1,-6.565518660790E-1));
#6987=VERTEX_POINT('',#6986);
#6988=CARTESIAN_POINT('',(-1.3725E1,-1.6E0,2.7E0));
#6989=VERTEX_POINT('',#6988);
#6990=CARTESIAN_POINT('',(-1.3725E1,-3.238944613052E0,7.43722E-1));
#6991=VERTEX_POINT('',#6990);
#6992=CARTESIAN_POINT('',(-1.3725E1,-4.327072613052E0,4.499999999999E-1));
#6993=VERTEX_POINT('',#6992);
#6994=CARTESIAN_POINT('',(-1.3725E1,-4.949999613052E0,4.5E-1));
#6995=VERTEX_POINT('',#6994);
#6996=CARTESIAN_POINT('',(-1.3725E1,-4.949999613052E0,7.E-1));
#6997=VERTEX_POINT('',#6996);
#6998=CARTESIAN_POINT('',(-1.3725E1,-4.360221613052E0,7.E-1));
#6999=VERTEX_POINT('',#6998);
#7000=CARTESIAN_POINT('',(-1.3725E1,-3.229733613052E0,1.005156E0));
#7001=VERTEX_POINT('',#7000);
#7002=CARTESIAN_POINT('',(-1.3725E1,-2.350584613052E0,7.E-1));
#7003=VERTEX_POINT('',#7002);
#7004=CARTESIAN_POINT('',(-1.1725E1,1.2E0,2.7E0));
#7005=CARTESIAN_POINT('',(-1.1275E1,1.2E0,2.7E0));
#7006=VERTEX_POINT('',#7004);
#7007=VERTEX_POINT('',#7005);
#7008=CARTESIAN_POINT('',(-1.1275E1,-7.044670714111E-1,-6.565518660800E-1));
#7009=CARTESIAN_POINT('',(-1.1275E1,-5.317559763909E-1,-4.406976565078E-1));
#7010=VERTEX_POINT('',#7008);
#7011=VERTEX_POINT('',#7009);
#7012=CARTESIAN_POINT('',(-1.1275E1,-1.6E0,2.7E0));
#7013=VERTEX_POINT('',#7012);
#7014=CARTESIAN_POINT('',(-1.1275E1,-3.229733613052E0,1.005155999999E0));
#7015=CARTESIAN_POINT('',(-1.1275E1,-2.350584613052E0,6.999999999994E-1));
#7016=VERTEX_POINT('',#7014);
#7017=VERTEX_POINT('',#7015);
#7018=CARTESIAN_POINT('',(-1.1275E1,-4.360221613052E0,6.999999999994E-1));
#7019=VERTEX_POINT('',#7018);
#7020=CARTESIAN_POINT('',(-1.1275E1,-4.949999613052E0,6.999999999994E-1));
#7021=VERTEX_POINT('',#7020);
#7022=CARTESIAN_POINT('',(-1.1275E1,-4.949999613052E0,4.499999999993E-1));
#7023=VERTEX_POINT('',#7022);
#7024=CARTESIAN_POINT('',(-1.1275E1,-4.327072613052E0,4.499999999992E-1));
#7025=VERTEX_POINT('',#7024);
#7026=CARTESIAN_POINT('',(-1.1275E1,-3.238944613052E0,7.437219999994E-1));
#7027=VERTEX_POINT('',#7026);
#7028=CARTESIAN_POINT('',(-1.1275E1,-2.392738613052E0,4.499999999993E-1));
#7029=VERTEX_POINT('',#7028);
#7030=CARTESIAN_POINT('',(-1.1725E1,-2.392738613052E0,4.5E-1));
#7031=VERTEX_POINT('',#7030);
#7032=CARTESIAN_POINT('',(-1.1725E1,-1.35E0,2.45E0));
#7033=CARTESIAN_POINT('',(-1.1275E1,-1.35E0,2.45E0));
#7034=VERTEX_POINT('',#7032);
#7035=VERTEX_POINT('',#7033);
#7036=CARTESIAN_POINT('',(-1.1725E1,-5.317559763909E-1,-4.406976565069E-1));
#7037=VERTEX_POINT('',#7036);
#7038=CARTESIAN_POINT('',(-1.1725E1,-7.044670714111E-1,-6.565518660790E-1));
#7039=VERTEX_POINT('',#7038);
#7040=CARTESIAN_POINT('',(-1.1725E1,-1.6E0,2.7E0));
#7041=VERTEX_POINT('',#7040);
#7042=CARTESIAN_POINT('',(-1.1725E1,-3.238944613052E0,7.43722E-1));
#7043=VERTEX_POINT('',#7042);
#7044=CARTESIAN_POINT('',(-1.1725E1,-4.327072613052E0,4.499999999999E-1));
#7045=VERTEX_POINT('',#7044);
#7046=CARTESIAN_POINT('',(-1.1725E1,-4.949999613052E0,4.5E-1));
#7047=VERTEX_POINT('',#7046);
#7048=CARTESIAN_POINT('',(-1.1725E1,-4.949999613052E0,7.E-1));
#7049=VERTEX_POINT('',#7048);
#7050=CARTESIAN_POINT('',(-1.1725E1,-4.360221613052E0,7.E-1));
#7051=VERTEX_POINT('',#7050);
#7052=CARTESIAN_POINT('',(-1.1725E1,-3.229733613052E0,1.005156E0));
#7053=VERTEX_POINT('',#7052);
#7054=CARTESIAN_POINT('',(-1.1725E1,-2.350584613052E0,7.E-1));
#7055=VERTEX_POINT('',#7054);
#7056=CARTESIAN_POINT('',(6.274999999999E0,1.2E0,2.7E0));
#7057=CARTESIAN_POINT('',(6.725000000001E0,1.2E0,2.7E0));
#7058=VERTEX_POINT('',#7056);
#7059=VERTEX_POINT('',#7057);
#7060=CARTESIAN_POINT('',(6.725000000001E0,-7.044670714111E-1,
-6.565518660800E-1));
#7061=CARTESIAN_POINT('',(6.725000000001E0,-5.317559763909E-1,
-4.406976565078E-1));
#7062=VERTEX_POINT('',#7060);
#7063=VERTEX_POINT('',#7061);
#7064=CARTESIAN_POINT('',(6.725000000001E0,-1.6E0,2.7E0));
#7065=VERTEX_POINT('',#7064);
#7066=CARTESIAN_POINT('',(6.725000000001E0,-3.229733613052E0,1.005155999999E0));
#7067=CARTESIAN_POINT('',(6.725000000001E0,-2.350584613052E0,
6.999999999994E-1));
#7068=VERTEX_POINT('',#7066);
#7069=VERTEX_POINT('',#7067);
#7070=CARTESIAN_POINT('',(6.725000000001E0,-4.360221613052E0,
6.999999999994E-1));
#7071=VERTEX_POINT('',#7070);
#7072=CARTESIAN_POINT('',(6.725000000001E0,-4.949999613052E0,
6.999999999994E-1));
#7073=VERTEX_POINT('',#7072);
#7074=CARTESIAN_POINT('',(6.725000000001E0,-4.949999613052E0,
4.499999999993E-1));
#7075=VERTEX_POINT('',#7074);
#7076=CARTESIAN_POINT('',(6.725000000001E0,-4.327072613052E0,
4.499999999992E-1));
#7077=VERTEX_POINT('',#7076);
#7078=CARTESIAN_POINT('',(6.725000000001E0,-3.238944613052E0,
7.437219999994E-1));
#7079=VERTEX_POINT('',#7078);
#7080=CARTESIAN_POINT('',(6.725000000001E0,-2.392738613052E0,
4.499999999993E-1));
#7081=VERTEX_POINT('',#7080);
#7082=CARTESIAN_POINT('',(6.274999999999E0,-2.392738613052E0,4.5E-1));
#7083=VERTEX_POINT('',#7082);
#7084=CARTESIAN_POINT('',(6.274999999999E0,-1.35E0,2.45E0));
#7085=CARTESIAN_POINT('',(6.725000000001E0,-1.35E0,2.45E0));
#7086=VERTEX_POINT('',#7084);
#7087=VERTEX_POINT('',#7085);
#7088=CARTESIAN_POINT('',(6.274999999999E0,-5.317559763909E-1,
-4.406976565069E-1));
#7089=VERTEX_POINT('',#7088);
#7090=CARTESIAN_POINT('',(6.274999999999E0,-7.044670714111E-1,
-6.565518660790E-1));
#7091=VERTEX_POINT('',#7090);
#7092=CARTESIAN_POINT('',(6.274999999999E0,-1.6E0,2.7E0));
#7093=VERTEX_POINT('',#7092);
#7094=CARTESIAN_POINT('',(6.274999999999E0,-3.238944613052E0,7.43722E-1));
#7095=VERTEX_POINT('',#7094);
#7096=CARTESIAN_POINT('',(6.274999999999E0,-4.327072613052E0,
4.499999999999E-1));
#7097=VERTEX_POINT('',#7096);
#7098=CARTESIAN_POINT('',(6.274999999999E0,-4.949999613052E0,4.5E-1));
#7099=VERTEX_POINT('',#7098);
#7100=CARTESIAN_POINT('',(6.274999999999E0,-4.949999613052E0,7.E-1));
#7101=VERTEX_POINT('',#7100);
#7102=CARTESIAN_POINT('',(6.274999999999E0,-4.360221613052E0,7.E-1));
#7103=VERTEX_POINT('',#7102);
#7104=CARTESIAN_POINT('',(6.274999999999E0,-3.229733613052E0,1.005156E0));
#7105=VERTEX_POINT('',#7104);
#7106=CARTESIAN_POINT('',(6.274999999999E0,-2.350584613052E0,7.E-1));
#7107=VERTEX_POINT('',#7106);
#7108=CARTESIAN_POINT('',(8.274999999999E0,1.2E0,2.7E0));
#7109=CARTESIAN_POINT('',(8.725000000001E0,1.2E0,2.7E0));
#7110=VERTEX_POINT('',#7108);
#7111=VERTEX_POINT('',#7109);
#7112=CARTESIAN_POINT('',(8.725000000001E0,-7.044670714111E-1,
-6.565518660800E-1));
#7113=CARTESIAN_POINT('',(8.725000000001E0,-5.317559763909E-1,
-4.406976565078E-1));
#7114=VERTEX_POINT('',#7112);
#7115=VERTEX_POINT('',#7113);
#7116=CARTESIAN_POINT('',(8.725000000001E0,-1.6E0,2.7E0));
#7117=VERTEX_POINT('',#7116);
#7118=CARTESIAN_POINT('',(8.725000000001E0,-3.229733613052E0,1.005155999999E0));
#7119=CARTESIAN_POINT('',(8.725000000001E0,-2.350584613052E0,
6.999999999994E-1));
#7120=VERTEX_POINT('',#7118);
#7121=VERTEX_POINT('',#7119);
#7122=CARTESIAN_POINT('',(8.725000000001E0,-4.360221613052E0,
6.999999999994E-1));
#7123=VERTEX_POINT('',#7122);
#7124=CARTESIAN_POINT('',(8.725000000001E0,-4.949999613052E0,
6.999999999994E-1));
#7125=VERTEX_POINT('',#7124);
#7126=CARTESIAN_POINT('',(8.725000000001E0,-4.949999613052E0,
4.499999999993E-1));
#7127=VERTEX_POINT('',#7126);
#7128=CARTESIAN_POINT('',(8.725000000001E0,-4.327072613052E0,
4.499999999992E-1));
#7129=VERTEX_POINT('',#7128);
#7130=CARTESIAN_POINT('',(8.725000000001E0,-3.238944613052E0,
7.437219999994E-1));
#7131=VERTEX_POINT('',#7130);
#7132=CARTESIAN_POINT('',(8.725000000001E0,-2.392738613052E0,
4.499999999993E-1));
#7133=VERTEX_POINT('',#7132);
#7134=CARTESIAN_POINT('',(8.274999999999E0,-2.392738613052E0,4.5E-1));
#7135=VERTEX_POINT('',#7134);
#7136=CARTESIAN_POINT('',(8.274999999999E0,-1.35E0,2.45E0));
#7137=CARTESIAN_POINT('',(8.725000000001E0,-1.35E0,2.45E0));
#7138=VERTEX_POINT('',#7136);
#7139=VERTEX_POINT('',#7137);
#7140=CARTESIAN_POINT('',(8.274999999999E0,-5.317559763909E-1,
-4.406976565069E-1));
#7141=VERTEX_POINT('',#7140);
#7142=CARTESIAN_POINT('',(8.274999999999E0,-7.044670714111E-1,
-6.565518660790E-1));
#7143=VERTEX_POINT('',#7142);
#7144=CARTESIAN_POINT('',(8.274999999999E0,-1.6E0,2.7E0));
#7145=VERTEX_POINT('',#7144);
#7146=CARTESIAN_POINT('',(8.274999999999E0,-3.238944613052E0,7.43722E-1));
#7147=VERTEX_POINT('',#7146);
#7148=CARTESIAN_POINT('',(8.274999999999E0,-4.327072613052E0,
4.499999999999E-1));
#7149=VERTEX_POINT('',#7148);
#7150=CARTESIAN_POINT('',(8.274999999999E0,-4.949999613052E0,4.5E-1));
#7151=VERTEX_POINT('',#7150);
#7152=CARTESIAN_POINT('',(8.274999999999E0,-4.949999613052E0,7.E-1));
#7153=VERTEX_POINT('',#7152);
#7154=CARTESIAN_POINT('',(8.274999999999E0,-4.360221613052E0,7.E-1));
#7155=VERTEX_POINT('',#7154);
#7156=CARTESIAN_POINT('',(8.274999999999E0,-3.229733613052E0,1.005156E0));
#7157=VERTEX_POINT('',#7156);
#7158=CARTESIAN_POINT('',(8.274999999999E0,-2.350584613052E0,7.E-1));
#7159=VERTEX_POINT('',#7158);
#7160=CARTESIAN_POINT('',(1.03E1,-1.95E0,2.95E0));
#7161=CARTESIAN_POINT('',(1.03E1,-1.95E0,-9.5E-1));
#7162=VERTEX_POINT('',#7160);
#7163=VERTEX_POINT('',#7161);
#7164=CARTESIAN_POINT('',(1.03E1,-1.45E0,-1.45E0));
#7165=VERTEX_POINT('',#7164);
#7166=CARTESIAN_POINT('',(1.03E1,-1.45E0,-2.95E0));
#7167=VERTEX_POINT('',#7166);
#7168=CARTESIAN_POINT('',(1.03E1,1.95E0,-2.95E0));
#7169=VERTEX_POINT('',#7168);
#7170=CARTESIAN_POINT('',(1.03E1,1.95E0,2.95E0));
#7171=VERTEX_POINT('',#7170);
#7172=CARTESIAN_POINT('',(1.03E1,5.5E-1,2.95E0));
#7173=VERTEX_POINT('',#7172);
#7174=CARTESIAN_POINT('',(1.03E1,5.5E-1,2.45E0));
#7175=VERTEX_POINT('',#7174);
#7176=CARTESIAN_POINT('',(1.03E1,-4.5E-1,2.45E0));
#7177=VERTEX_POINT('',#7176);
#7178=CARTESIAN_POINT('',(1.03E1,-4.5E-1,2.95E0));
#7179=VERTEX_POINT('',#7178);
#7180=CARTESIAN_POINT('',(9.5E0,-1.95E0,2.05E0));
#7181=CARTESIAN_POINT('',(9.5E0,-1.95E0,2.95E0));
#7182=VERTEX_POINT('',#7180);
#7183=VERTEX_POINT('',#7181);
#7184=CARTESIAN_POINT('',(9.5E0,5.5E-1,2.95E0));
#7185=CARTESIAN_POINT('',(9.5E0,1.95E0,2.95E0));
#7186=VERTEX_POINT('',#7184);
#7187=VERTEX_POINT('',#7185);
#7188=CARTESIAN_POINT('',(9.5E0,1.95E0,2.45E0));
#7189=VERTEX_POINT('',#7188);
#7190=CARTESIAN_POINT('',(9.5E0,5.5E-1,2.45E0));
#7191=VERTEX_POINT('',#7190);
#7192=CARTESIAN_POINT('',(9.5E0,-4.5E-1,2.95E0));
#7193=VERTEX_POINT('',#7192);
#7194=CARTESIAN_POINT('',(9.5E0,-4.5E-1,2.45E0));
#7195=VERTEX_POINT('',#7194);
#7196=CARTESIAN_POINT('',(9.5E0,-8.5E-1,2.05E0));
#7197=VERTEX_POINT('',#7196);
#7198=CARTESIAN_POINT('',(9.86E0,-9.5E-1,-2.95E0));
#7199=CARTESIAN_POINT('',(9.86E0,2.5E-1,-2.95E0));
#7200=VERTEX_POINT('',#7198);
#7201=VERTEX_POINT('',#7199);
#7202=CARTESIAN_POINT('',(9.56E0,-2.5E-1,-2.45E0));
#7203=CARTESIAN_POINT('',(9.56E0,-2.082575694956E-1,-2.65E0));
#7204=VERTEX_POINT('',#7202);
#7205=VERTEX_POINT('',#7203);
#7206=CARTESIAN_POINT('',(9.56E0,-8.642857142857E-1,-2.65E0));
#7207=VERTEX_POINT('',#7206);
#7208=CARTESIAN_POINT('',(9.56E0,-7.5E-1,-2.25E0));
#7209=VERTEX_POINT('',#7208);
#7210=CARTESIAN_POINT('',(9.56E0,-2.5E-1,8.E-1));
#7211=VERTEX_POINT('',#7210);
#7212=CARTESIAN_POINT('',(9.559999999999E0,-4.E-1,9.5E-1));
#7213=VERTEX_POINT('',#7212);
#7214=CARTESIAN_POINT('',(9.56E0,-6.5E-1,9.5E-1));
#7215=VERTEX_POINT('',#7214);
#7216=CARTESIAN_POINT('',(9.559999999999E0,-7.5E-1,8.5E-1));
#7217=VERTEX_POINT('',#7216);
#7218=CARTESIAN_POINT('',(8.725E0,1.2E0,2.45E0));
#7219=VERTEX_POINT('',#7218);
#7220=CARTESIAN_POINT('',(8.275E0,1.2E0,2.45E0));
#7221=VERTEX_POINT('',#7220);
#7222=CARTESIAN_POINT('',(8.725E0,-1.95E0,4.5E-1));
#7223=VERTEX_POINT('',#7222);
#7224=CARTESIAN_POINT('',(8.725E0,-1.35E0,2.05E0));
#7225=VERTEX_POINT('',#7224);
#7226=CARTESIAN_POINT('',(8.725E0,-4.499999999999E-1,2.45E0));
#7227=VERTEX_POINT('',#7226);
#7228=CARTESIAN_POINT('',(8.725E0,-1.6E0,2.05E0));
#7229=VERTEX_POINT('',#7228);
#7230=CARTESIAN_POINT('',(8.725E0,-1.95E0,7.E-1));
#7231=VERTEX_POINT('',#7230);
#7232=CARTESIAN_POINT('',(8.275E0,-1.95E0,4.5E-1));
#7233=VERTEX_POINT('',#7232);
#7234=CARTESIAN_POINT('',(8.275E0,-1.35E0,2.05E0));
#7235=VERTEX_POINT('',#7234);
#7236=CARTESIAN_POINT('',(8.275E0,-4.499999999999E-1,2.45E0));
#7237=VERTEX_POINT('',#7236);
#7238=CARTESIAN_POINT('',(8.275E0,-1.95E0,7.E-1));
#7239=VERTEX_POINT('',#7238);
#7240=CARTESIAN_POINT('',(8.275E0,-1.6E0,2.05E0));
#7241=VERTEX_POINT('',#7240);
#7242=CARTESIAN_POINT('',(6.725E0,1.2E0,2.45E0));
#7243=VERTEX_POINT('',#7242);
#7244=CARTESIAN_POINT('',(6.275E0,1.2E0,2.45E0));
#7245=VERTEX_POINT('',#7244);
#7246=CARTESIAN_POINT('',(6.725E0,-1.95E0,4.5E-1));
#7247=VERTEX_POINT('',#7246);
#7248=CARTESIAN_POINT('',(6.725E0,-1.35E0,2.05E0));
#7249=VERTEX_POINT('',#7248);
#7250=CARTESIAN_POINT('',(6.725E0,-4.499999999999E-1,2.45E0));
#7251=VERTEX_POINT('',#7250);
#7252=CARTESIAN_POINT('',(6.725E0,-1.6E0,2.05E0));
#7253=VERTEX_POINT('',#7252);
#7254=CARTESIAN_POINT('',(6.725E0,-1.95E0,7.E-1));
#7255=VERTEX_POINT('',#7254);
#7256=CARTESIAN_POINT('',(6.275E0,-1.95E0,4.5E-1));
#7257=VERTEX_POINT('',#7256);
#7258=CARTESIAN_POINT('',(6.275E0,-1.35E0,2.05E0));
#7259=VERTEX_POINT('',#7258);
#7260=CARTESIAN_POINT('',(6.275E0,-4.499999999999E-1,2.45E0));
#7261=VERTEX_POINT('',#7260);
#7262=CARTESIAN_POINT('',(6.275E0,-1.95E0,7.E-1));
#7263=VERTEX_POINT('',#7262);
#7264=CARTESIAN_POINT('',(6.275E0,-1.6E0,2.05E0));
#7265=VERTEX_POINT('',#7264);
#7266=CARTESIAN_POINT('',(4.725E0,1.2E0,2.45E0));
#7267=VERTEX_POINT('',#7266);
#7268=CARTESIAN_POINT('',(4.275E0,1.2E0,2.45E0));
#7269=VERTEX_POINT('',#7268);
#7270=CARTESIAN_POINT('',(4.725E0,-1.95E0,4.5E-1));
#7271=VERTEX_POINT('',#7270);
#7272=CARTESIAN_POINT('',(4.725E0,-1.35E0,2.05E0));
#7273=VERTEX_POINT('',#7272);
#7274=CARTESIAN_POINT('',(4.725E0,-4.499999999999E-1,2.45E0));
#7275=VERTEX_POINT('',#7274);
#7276=CARTESIAN_POINT('',(4.725E0,-1.6E0,2.05E0));
#7277=VERTEX_POINT('',#7276);
#7278=CARTESIAN_POINT('',(4.725E0,-1.95E0,7.E-1));
#7279=VERTEX_POINT('',#7278);
#7280=CARTESIAN_POINT('',(4.275E0,-1.95E0,4.5E-1));
#7281=VERTEX_POINT('',#7280);
#7282=CARTESIAN_POINT('',(4.275E0,-1.35E0,2.05E0));
#7283=VERTEX_POINT('',#7282);
#7284=CARTESIAN_POINT('',(4.275E0,-4.499999999999E-1,2.45E0));
#7285=VERTEX_POINT('',#7284);
#7286=CARTESIAN_POINT('',(4.275E0,-1.95E0,7.E-1));
#7287=VERTEX_POINT('',#7286);
#7288=CARTESIAN_POINT('',(4.275E0,-1.6E0,2.05E0));
#7289=VERTEX_POINT('',#7288);
#7290=CARTESIAN_POINT('',(2.725E0,1.2E0,2.45E0));
#7291=VERTEX_POINT('',#7290);
#7292=CARTESIAN_POINT('',(2.275E0,1.2E0,2.45E0));
#7293=VERTEX_POINT('',#7292);
#7294=CARTESIAN_POINT('',(2.725E0,-1.95E0,4.5E-1));
#7295=VERTEX_POINT('',#7294);
#7296=CARTESIAN_POINT('',(2.725E0,-1.35E0,2.05E0));
#7297=VERTEX_POINT('',#7296);
#7298=CARTESIAN_POINT('',(2.725E0,-4.499999999999E-1,2.45E0));
#7299=VERTEX_POINT('',#7298);
#7300=CARTESIAN_POINT('',(2.725E0,-1.6E0,2.05E0));
#7301=VERTEX_POINT('',#7300);
#7302=CARTESIAN_POINT('',(2.725E0,-1.95E0,7.E-1));
#7303=VERTEX_POINT('',#7302);
#7304=CARTESIAN_POINT('',(2.275E0,-1.95E0,4.5E-1));
#7305=VERTEX_POINT('',#7304);
#7306=CARTESIAN_POINT('',(2.275E0,-1.35E0,2.05E0));
#7307=VERTEX_POINT('',#7306);
#7308=CARTESIAN_POINT('',(2.275E0,-4.499999999999E-1,2.45E0));
#7309=VERTEX_POINT('',#7308);
#7310=CARTESIAN_POINT('',(2.275E0,-1.95E0,7.E-1));
#7311=VERTEX_POINT('',#7310);
#7312=CARTESIAN_POINT('',(2.275E0,-1.6E0,2.05E0));
#7313=VERTEX_POINT('',#7312);
#7314=CARTESIAN_POINT('',(7.25E-1,1.2E0,2.45E0));
#7315=VERTEX_POINT('',#7314);
#7316=CARTESIAN_POINT('',(2.75E-1,1.2E0,2.45E0));
#7317=VERTEX_POINT('',#7316);
#7318=CARTESIAN_POINT('',(7.25E-1,-1.95E0,4.5E-1));
#7319=VERTEX_POINT('',#7318);
#7320=CARTESIAN_POINT('',(7.25E-1,-1.35E0,2.05E0));
#7321=VERTEX_POINT('',#7320);
#7322=CARTESIAN_POINT('',(7.25E-1,-4.499999999999E-1,2.45E0));
#7323=VERTEX_POINT('',#7322);
#7324=CARTESIAN_POINT('',(7.25E-1,-1.6E0,2.05E0));
#7325=VERTEX_POINT('',#7324);
#7326=CARTESIAN_POINT('',(7.25E-1,-1.95E0,7.E-1));
#7327=VERTEX_POINT('',#7326);
#7328=CARTESIAN_POINT('',(2.75E-1,-1.95E0,4.5E-1));
#7329=VERTEX_POINT('',#7328);
#7330=CARTESIAN_POINT('',(2.75E-1,-1.35E0,2.05E0));
#7331=VERTEX_POINT('',#7330);
#7332=CARTESIAN_POINT('',(2.75E-1,-4.499999999999E-1,2.45E0));
#7333=VERTEX_POINT('',#7332);
#7334=CARTESIAN_POINT('',(2.75E-1,-1.95E0,7.E-1));
#7335=VERTEX_POINT('',#7334);
#7336=CARTESIAN_POINT('',(2.75E-1,-1.6E0,2.05E0));
#7337=VERTEX_POINT('',#7336);
#7338=CARTESIAN_POINT('',(-1.275E0,1.2E0,2.45E0));
#7339=VERTEX_POINT('',#7338);
#7340=CARTESIAN_POINT('',(-1.725E0,1.2E0,2.45E0));
#7341=VERTEX_POINT('',#7340);
#7342=CARTESIAN_POINT('',(-1.275E0,-1.95E0,4.5E-1));
#7343=VERTEX_POINT('',#7342);
#7344=CARTESIAN_POINT('',(-1.275E0,-1.35E0,2.05E0));
#7345=VERTEX_POINT('',#7344);
#7346=CARTESIAN_POINT('',(-1.275E0,-4.499999999999E-1,2.45E0));
#7347=VERTEX_POINT('',#7346);
#7348=CARTESIAN_POINT('',(-1.275E0,-1.6E0,2.05E0));
#7349=VERTEX_POINT('',#7348);
#7350=CARTESIAN_POINT('',(-1.275E0,-1.95E0,7.E-1));
#7351=VERTEX_POINT('',#7350);
#7352=CARTESIAN_POINT('',(-1.725E0,-1.95E0,4.5E-1));
#7353=VERTEX_POINT('',#7352);
#7354=CARTESIAN_POINT('',(-1.725E0,-1.35E0,2.05E0));
#7355=VERTEX_POINT('',#7354);
#7356=CARTESIAN_POINT('',(-1.725E0,-4.499999999999E-1,2.45E0));
#7357=VERTEX_POINT('',#7356);
#7358=CARTESIAN_POINT('',(-1.725E0,-1.95E0,7.E-1));
#7359=VERTEX_POINT('',#7358);
#7360=CARTESIAN_POINT('',(-1.725E0,-1.6E0,2.05E0));
#7361=VERTEX_POINT('',#7360);
#7362=CARTESIAN_POINT('',(-3.275E0,1.2E0,2.45E0));
#7363=VERTEX_POINT('',#7362);
#7364=CARTESIAN_POINT('',(-3.725E0,1.2E0,2.45E0));
#7365=VERTEX_POINT('',#7364);
#7366=CARTESIAN_POINT('',(-3.275E0,-1.95E0,4.5E-1));
#7367=VERTEX_POINT('',#7366);
#7368=CARTESIAN_POINT('',(-3.275E0,-1.35E0,2.05E0));
#7369=VERTEX_POINT('',#7368);
#7370=CARTESIAN_POINT('',(-3.275E0,-4.499999999999E-1,2.45E0));
#7371=VERTEX_POINT('',#7370);
#7372=CARTESIAN_POINT('',(-3.275E0,-1.6E0,2.05E0));
#7373=VERTEX_POINT('',#7372);
#7374=CARTESIAN_POINT('',(-3.275E0,-1.95E0,7.E-1));
#7375=VERTEX_POINT('',#7374);
#7376=CARTESIAN_POINT('',(-3.725E0,-1.95E0,4.5E-1));
#7377=VERTEX_POINT('',#7376);
#7378=CARTESIAN_POINT('',(-3.725E0,-1.35E0,2.05E0));
#7379=VERTEX_POINT('',#7378);
#7380=CARTESIAN_POINT('',(-3.725E0,-4.499999999999E-1,2.45E0));
#7381=VERTEX_POINT('',#7380);
#7382=CARTESIAN_POINT('',(-3.725E0,-1.95E0,7.E-1));
#7383=VERTEX_POINT('',#7382);
#7384=CARTESIAN_POINT('',(-3.725E0,-1.6E0,2.05E0));
#7385=VERTEX_POINT('',#7384);
#7386=CARTESIAN_POINT('',(-5.275E0,1.2E0,2.45E0));
#7387=VERTEX_POINT('',#7386);
#7388=CARTESIAN_POINT('',(-5.725E0,1.2E0,2.45E0));
#7389=VERTEX_POINT('',#7388);
#7390=CARTESIAN_POINT('',(-5.275E0,-1.95E0,4.5E-1));
#7391=VERTEX_POINT('',#7390);
#7392=CARTESIAN_POINT('',(-5.275E0,-1.35E0,2.05E0));
#7393=VERTEX_POINT('',#7392);
#7394=CARTESIAN_POINT('',(-5.275E0,-4.499999999999E-1,2.45E0));
#7395=VERTEX_POINT('',#7394);
#7396=CARTESIAN_POINT('',(-5.275E0,-1.6E0,2.05E0));
#7397=VERTEX_POINT('',#7396);
#7398=CARTESIAN_POINT('',(-5.275E0,-1.95E0,7.E-1));
#7399=VERTEX_POINT('',#7398);
#7400=CARTESIAN_POINT('',(-5.725E0,-1.95E0,4.5E-1));
#7401=VERTEX_POINT('',#7400);
#7402=CARTESIAN_POINT('',(-5.725E0,-1.35E0,2.05E0));
#7403=VERTEX_POINT('',#7402);
#7404=CARTESIAN_POINT('',(-5.725E0,-4.499999999999E-1,2.45E0));
#7405=VERTEX_POINT('',#7404);
#7406=CARTESIAN_POINT('',(-5.725E0,-1.95E0,7.E-1));
#7407=VERTEX_POINT('',#7406);
#7408=CARTESIAN_POINT('',(-5.725E0,-1.6E0,2.05E0));
#7409=VERTEX_POINT('',#7408);
#7410=CARTESIAN_POINT('',(-7.275E0,1.2E0,2.45E0));
#7411=VERTEX_POINT('',#7410);
#7412=CARTESIAN_POINT('',(-7.725E0,1.2E0,2.45E0));
#7413=VERTEX_POINT('',#7412);
#7414=CARTESIAN_POINT('',(-7.275E0,-1.95E0,4.5E-1));
#7415=VERTEX_POINT('',#7414);
#7416=CARTESIAN_POINT('',(-7.275E0,-1.35E0,2.05E0));
#7417=VERTEX_POINT('',#7416);
#7418=CARTESIAN_POINT('',(-7.275E0,-4.499999999999E-1,2.45E0));
#7419=VERTEX_POINT('',#7418);
#7420=CARTESIAN_POINT('',(-7.275E0,-1.6E0,2.05E0));
#7421=VERTEX_POINT('',#7420);
#7422=CARTESIAN_POINT('',(-7.275E0,-1.95E0,7.E-1));
#7423=VERTEX_POINT('',#7422);
#7424=CARTESIAN_POINT('',(-7.725E0,-1.95E0,4.5E-1));
#7425=VERTEX_POINT('',#7424);
#7426=CARTESIAN_POINT('',(-7.725E0,-1.35E0,2.05E0));
#7427=VERTEX_POINT('',#7426);
#7428=CARTESIAN_POINT('',(-7.725E0,-4.499999999999E-1,2.45E0));
#7429=VERTEX_POINT('',#7428);
#7430=CARTESIAN_POINT('',(-7.725E0,-1.95E0,7.E-1));
#7431=VERTEX_POINT('',#7430);
#7432=CARTESIAN_POINT('',(-7.725E0,-1.6E0,2.05E0));
#7433=VERTEX_POINT('',#7432);
#7434=CARTESIAN_POINT('',(-9.275E0,1.2E0,2.45E0));
#7435=VERTEX_POINT('',#7434);
#7436=CARTESIAN_POINT('',(-9.725E0,1.2E0,2.45E0));
#7437=VERTEX_POINT('',#7436);
#7438=CARTESIAN_POINT('',(-9.275E0,-1.95E0,4.5E-1));
#7439=VERTEX_POINT('',#7438);
#7440=CARTESIAN_POINT('',(-9.275E0,-1.35E0,2.05E0));
#7441=VERTEX_POINT('',#7440);
#7442=CARTESIAN_POINT('',(-9.275E0,-4.499999999999E-1,2.45E0));
#7443=VERTEX_POINT('',#7442);
#7444=CARTESIAN_POINT('',(-9.275E0,-1.6E0,2.05E0));
#7445=VERTEX_POINT('',#7444);
#7446=CARTESIAN_POINT('',(-9.275E0,-1.95E0,7.E-1));
#7447=VERTEX_POINT('',#7446);
#7448=CARTESIAN_POINT('',(-9.725E0,-1.95E0,4.5E-1));
#7449=VERTEX_POINT('',#7448);
#7450=CARTESIAN_POINT('',(-9.725E0,-1.35E0,2.05E0));
#7451=VERTEX_POINT('',#7450);
#7452=CARTESIAN_POINT('',(-9.725E0,-4.499999999999E-1,2.45E0));
#7453=VERTEX_POINT('',#7452);
#7454=CARTESIAN_POINT('',(-9.725E0,-1.95E0,7.E-1));
#7455=VERTEX_POINT('',#7454);
#7456=CARTESIAN_POINT('',(-9.725E0,-1.6E0,2.05E0));
#7457=VERTEX_POINT('',#7456);
#7458=CARTESIAN_POINT('',(-1.1275E1,1.2E0,2.45E0));
#7459=VERTEX_POINT('',#7458);
#7460=CARTESIAN_POINT('',(-1.1725E1,1.2E0,2.45E0));
#7461=VERTEX_POINT('',#7460);
#7462=CARTESIAN_POINT('',(-1.1275E1,-1.95E0,4.5E-1));
#7463=VERTEX_POINT('',#7462);
#7464=CARTESIAN_POINT('',(-1.1275E1,-1.35E0,2.05E0));
#7465=VERTEX_POINT('',#7464);
#7466=CARTESIAN_POINT('',(-1.1275E1,-4.499999999999E-1,2.45E0));
#7467=VERTEX_POINT('',#7466);
#7468=CARTESIAN_POINT('',(-1.1275E1,-1.6E0,2.05E0));
#7469=VERTEX_POINT('',#7468);
#7470=CARTESIAN_POINT('',(-1.1275E1,-1.95E0,7.E-1));
#7471=VERTEX_POINT('',#7470);
#7472=CARTESIAN_POINT('',(-1.1725E1,-1.95E0,4.5E-1));
#7473=VERTEX_POINT('',#7472);
#7474=CARTESIAN_POINT('',(-1.1725E1,-1.35E0,2.05E0));
#7475=VERTEX_POINT('',#7474);
#7476=CARTESIAN_POINT('',(-1.1725E1,-4.499999999999E-1,2.45E0));
#7477=VERTEX_POINT('',#7476);
#7478=CARTESIAN_POINT('',(-1.1725E1,-1.95E0,7.E-1));
#7479=VERTEX_POINT('',#7478);
#7480=CARTESIAN_POINT('',(-1.1725E1,-1.6E0,2.05E0));
#7481=VERTEX_POINT('',#7480);
#7482=CARTESIAN_POINT('',(-1.3275E1,1.2E0,2.45E0));
#7483=VERTEX_POINT('',#7482);
#7484=CARTESIAN_POINT('',(-1.3725E1,1.2E0,2.45E0));
#7485=VERTEX_POINT('',#7484);
#7486=CARTESIAN_POINT('',(-1.3275E1,-1.95E0,4.5E-1));
#7487=VERTEX_POINT('',#7486);
#7488=CARTESIAN_POINT('',(-1.3275E1,-1.35E0,2.05E0));
#7489=VERTEX_POINT('',#7488);
#7490=CARTESIAN_POINT('',(-1.3275E1,-4.499999999999E-1,2.45E0));
#7491=VERTEX_POINT('',#7490);
#7492=CARTESIAN_POINT('',(-1.3275E1,-1.6E0,2.05E0));
#7493=VERTEX_POINT('',#7492);
#7494=CARTESIAN_POINT('',(-1.3275E1,-1.95E0,7.E-1));
#7495=VERTEX_POINT('',#7494);
#7496=CARTESIAN_POINT('',(-1.3725E1,-1.95E0,4.5E-1));
#7497=VERTEX_POINT('',#7496);
#7498=CARTESIAN_POINT('',(-1.3725E1,-1.35E0,2.05E0));
#7499=VERTEX_POINT('',#7498);
#7500=CARTESIAN_POINT('',(-1.3725E1,-4.499999999999E-1,2.45E0));
#7501=VERTEX_POINT('',#7500);
#7502=CARTESIAN_POINT('',(-1.3725E1,-1.95E0,7.E-1));
#7503=VERTEX_POINT('',#7502);
#7504=CARTESIAN_POINT('',(-1.3725E1,-1.6E0,2.05E0));
#7505=VERTEX_POINT('',#7504);
#7506=CARTESIAN_POINT('',(-1.5275E1,1.2E0,2.45E0));
#7507=VERTEX_POINT('',#7506);
#7508=CARTESIAN_POINT('',(-1.5725E1,1.2E0,2.45E0));
#7509=VERTEX_POINT('',#7508);
#7510=CARTESIAN_POINT('',(-1.5275E1,-1.95E0,4.5E-1));
#7511=VERTEX_POINT('',#7510);
#7512=CARTESIAN_POINT('',(-1.5275E1,-1.35E0,2.05E0));
#7513=VERTEX_POINT('',#7512);
#7514=CARTESIAN_POINT('',(-1.5275E1,-4.499999999999E-1,2.45E0));
#7515=VERTEX_POINT('',#7514);
#7516=CARTESIAN_POINT('',(-1.5275E1,-1.6E0,2.05E0));
#7517=VERTEX_POINT('',#7516);
#7518=CARTESIAN_POINT('',(-1.5275E1,-1.95E0,7.E-1));
#7519=VERTEX_POINT('',#7518);
#7520=CARTESIAN_POINT('',(-1.5725E1,-1.95E0,4.5E-1));
#7521=VERTEX_POINT('',#7520);
#7522=CARTESIAN_POINT('',(-1.5725E1,-1.35E0,2.05E0));
#7523=VERTEX_POINT('',#7522);
#7524=CARTESIAN_POINT('',(-1.5725E1,-4.499999999999E-1,2.45E0));
#7525=VERTEX_POINT('',#7524);
#7526=CARTESIAN_POINT('',(-1.5725E1,-1.95E0,7.E-1));
#7527=VERTEX_POINT('',#7526);
#7528=CARTESIAN_POINT('',(-1.5725E1,-1.6E0,2.05E0));
#7529=VERTEX_POINT('',#7528);
#7530=CARTESIAN_POINT('',(7.725E0,-4.500001449618E-1,2.449999884030E0));
#7531=VERTEX_POINT('',#7530);
#7532=CARTESIAN_POINT('',(7.275E0,-4.500001449618E-1,2.449999884031E0));
#7533=VERTEX_POINT('',#7532);
#7534=CARTESIAN_POINT('',(5.725E0,-4.500001449618E-1,2.449999884030E0));
#7535=VERTEX_POINT('',#7534);
#7536=CARTESIAN_POINT('',(5.275E0,-4.500001449618E-1,2.449999884031E0));
#7537=VERTEX_POINT('',#7536);
#7538=CARTESIAN_POINT('',(3.725E0,-4.500001449618E-1,2.449999884030E0));
#7539=VERTEX_POINT('',#7538);
#7540=CARTESIAN_POINT('',(3.275E0,-4.500001449618E-1,2.449999884031E0));
#7541=VERTEX_POINT('',#7540);
#7542=CARTESIAN_POINT('',(1.725E0,-4.500001449618E-1,2.449999884030E0));
#7543=VERTEX_POINT('',#7542);
#7544=CARTESIAN_POINT('',(1.275E0,-4.500001449618E-1,2.449999884031E0));
#7545=VERTEX_POINT('',#7544);
#7546=CARTESIAN_POINT('',(-2.75E-1,-4.500001449618E-1,2.449999884030E0));
#7547=VERTEX_POINT('',#7546);
#7548=CARTESIAN_POINT('',(-7.25E-1,-4.500001449618E-1,2.449999884031E0));
#7549=VERTEX_POINT('',#7548);
#7550=CARTESIAN_POINT('',(-2.275E0,-4.500001449618E-1,2.449999884030E0));
#7551=VERTEX_POINT('',#7550);
#7552=CARTESIAN_POINT('',(-2.725E0,-4.500001449618E-1,2.449999884031E0));
#7553=VERTEX_POINT('',#7552);
#7554=CARTESIAN_POINT('',(-4.275E0,-4.500001449618E-1,2.449999884030E0));
#7555=VERTEX_POINT('',#7554);
#7556=CARTESIAN_POINT('',(-4.725E0,-4.500001449618E-1,2.449999884031E0));
#7557=VERTEX_POINT('',#7556);
#7558=CARTESIAN_POINT('',(-6.275E0,-4.500001449618E-1,2.449999884030E0));
#7559=VERTEX_POINT('',#7558);
#7560=CARTESIAN_POINT('',(-6.725E0,-4.500001449618E-1,2.449999884031E0));
#7561=VERTEX_POINT('',#7560);
#7562=CARTESIAN_POINT('',(-8.275E0,-4.500001449618E-1,2.449999884030E0));
#7563=VERTEX_POINT('',#7562);
#7564=CARTESIAN_POINT('',(-8.725E0,-4.500001449618E-1,2.449999884031E0));
#7565=VERTEX_POINT('',#7564);
#7566=CARTESIAN_POINT('',(-1.0275E1,-4.500001449618E-1,2.449999884030E0));
#7567=VERTEX_POINT('',#7566);
#7568=CARTESIAN_POINT('',(-1.0725E1,-4.500001449618E-1,2.449999884031E0));
#7569=VERTEX_POINT('',#7568);
#7570=CARTESIAN_POINT('',(-1.2275E1,-4.500001449618E-1,2.449999884030E0));
#7571=VERTEX_POINT('',#7570);
#7572=CARTESIAN_POINT('',(-1.2725E1,-4.500001449618E-1,2.449999884031E0));
#7573=VERTEX_POINT('',#7572);
#7574=CARTESIAN_POINT('',(-1.4275E1,-4.500001449618E-1,2.449999884030E0));
#7575=VERTEX_POINT('',#7574);
#7576=CARTESIAN_POINT('',(-1.4725E1,-4.500001449618E-1,2.449999884031E0));
#7577=VERTEX_POINT('',#7576);
#7578=CARTESIAN_POINT('',(8.725E0,-2.5E-1,-1.118046385894E0));
#7579=CARTESIAN_POINT('',(8.725E0,-2.5E-1,-1.759483844583E0));
#7580=VERTEX_POINT('',#7578);
#7581=VERTEX_POINT('',#7579);
#7582=CARTESIAN_POINT('',(8.275E0,-2.5E-1,-1.118046385894E0));
#7583=VERTEX_POINT('',#7582);
#7584=CARTESIAN_POINT('',(8.275E0,-2.5E-1,-1.759483844583E0));
#7585=VERTEX_POINT('',#7584);
#7586=CARTESIAN_POINT('',(6.725E0,-2.5E-1,-1.118046385894E0));
#7587=CARTESIAN_POINT('',(6.725E0,-2.5E-1,-1.759483844583E0));
#7588=VERTEX_POINT('',#7586);
#7589=VERTEX_POINT('',#7587);
#7590=CARTESIAN_POINT('',(6.275E0,-2.5E-1,-1.118046385894E0));
#7591=VERTEX_POINT('',#7590);
#7592=CARTESIAN_POINT('',(6.275E0,-2.5E-1,-1.759483844583E0));
#7593=VERTEX_POINT('',#7592);
#7594=CARTESIAN_POINT('',(4.725E0,-2.5E-1,-1.118046385894E0));
#7595=CARTESIAN_POINT('',(4.725E0,-2.5E-1,-1.759483844583E0));
#7596=VERTEX_POINT('',#7594);
#7597=VERTEX_POINT('',#7595);
#7598=CARTESIAN_POINT('',(4.275E0,-2.5E-1,-1.118046385894E0));
#7599=VERTEX_POINT('',#7598);
#7600=CARTESIAN_POINT('',(4.275E0,-2.5E-1,-1.759483844583E0));
#7601=VERTEX_POINT('',#7600);
#7602=CARTESIAN_POINT('',(2.725E0,-2.5E-1,-1.118046385894E0));
#7603=CARTESIAN_POINT('',(2.725E0,-2.5E-1,-1.759483844583E0));
#7604=VERTEX_POINT('',#7602);
#7605=VERTEX_POINT('',#7603);
#7606=CARTESIAN_POINT('',(2.275E0,-2.5E-1,-1.118046385894E0));
#7607=VERTEX_POINT('',#7606);
#7608=CARTESIAN_POINT('',(2.275E0,-2.5E-1,-1.759483844583E0));
#7609=VERTEX_POINT('',#7608);
#7610=CARTESIAN_POINT('',(7.25E-1,-2.5E-1,-1.118046385894E0));
#7611=CARTESIAN_POINT('',(7.25E-1,-2.5E-1,-1.759483844583E0));
#7612=VERTEX_POINT('',#7610);
#7613=VERTEX_POINT('',#7611);
#7614=CARTESIAN_POINT('',(2.75E-1,-2.5E-1,-1.118046385894E0));
#7615=VERTEX_POINT('',#7614);
#7616=CARTESIAN_POINT('',(2.75E-1,-2.5E-1,-1.759483844583E0));
#7617=VERTEX_POINT('',#7616);
#7618=CARTESIAN_POINT('',(-1.275E0,-2.5E-1,-1.118046385894E0));
#7619=CARTESIAN_POINT('',(-1.275E0,-2.5E-1,-1.759483844583E0));
#7620=VERTEX_POINT('',#7618);
#7621=VERTEX_POINT('',#7619);
#7622=CARTESIAN_POINT('',(-1.725E0,-2.5E-1,-1.118046385894E0));
#7623=VERTEX_POINT('',#7622);
#7624=CARTESIAN_POINT('',(-1.725E0,-2.5E-1,-1.759483844583E0));
#7625=VERTEX_POINT('',#7624);
#7626=CARTESIAN_POINT('',(-3.275E0,-2.5E-1,-1.118046385894E0));
#7627=CARTESIAN_POINT('',(-3.275E0,-2.5E-1,-1.759483844583E0));
#7628=VERTEX_POINT('',#7626);
#7629=VERTEX_POINT('',#7627);
#7630=CARTESIAN_POINT('',(-3.725E0,-2.5E-1,-1.118046385894E0));
#7631=VERTEX_POINT('',#7630);
#7632=CARTESIAN_POINT('',(-3.725E0,-2.5E-1,-1.759483844583E0));
#7633=VERTEX_POINT('',#7632);
#7634=CARTESIAN_POINT('',(-5.275E0,-2.5E-1,-1.118046385894E0));
#7635=CARTESIAN_POINT('',(-5.275E0,-2.5E-1,-1.759483844583E0));
#7636=VERTEX_POINT('',#7634);
#7637=VERTEX_POINT('',#7635);
#7638=CARTESIAN_POINT('',(-5.725E0,-2.5E-1,-1.118046385894E0));
#7639=VERTEX_POINT('',#7638);
#7640=CARTESIAN_POINT('',(-5.725E0,-2.5E-1,-1.759483844583E0));
#7641=VERTEX_POINT('',#7640);
#7642=CARTESIAN_POINT('',(-7.275E0,-2.5E-1,-1.118046385894E0));
#7643=CARTESIAN_POINT('',(-7.275E0,-2.5E-1,-1.759483844583E0));
#7644=VERTEX_POINT('',#7642);
#7645=VERTEX_POINT('',#7643);
#7646=CARTESIAN_POINT('',(-7.725E0,-2.5E-1,-1.118046385894E0));
#7647=VERTEX_POINT('',#7646);
#7648=CARTESIAN_POINT('',(-7.725E0,-2.5E-1,-1.759483844583E0));
#7649=VERTEX_POINT('',#7648);
#7650=CARTESIAN_POINT('',(-9.275E0,-2.5E-1,-1.118046385894E0));
#7651=CARTESIAN_POINT('',(-9.275E0,-2.5E-1,-1.759483844583E0));
#7652=VERTEX_POINT('',#7650);
#7653=VERTEX_POINT('',#7651);
#7654=CARTESIAN_POINT('',(-9.725E0,-2.5E-1,-1.118046385894E0));
#7655=VERTEX_POINT('',#7654);
#7656=CARTESIAN_POINT('',(-9.725E0,-2.5E-1,-1.759483844583E0));
#7657=VERTEX_POINT('',#7656);
#7658=CARTESIAN_POINT('',(-1.1275E1,-2.5E-1,-1.118046385894E0));
#7659=CARTESIAN_POINT('',(-1.1275E1,-2.5E-1,-1.759483844583E0));
#7660=VERTEX_POINT('',#7658);
#7661=VERTEX_POINT('',#7659);
#7662=CARTESIAN_POINT('',(-1.1725E1,-2.5E-1,-1.118046385894E0));
#7663=VERTEX_POINT('',#7662);
#7664=CARTESIAN_POINT('',(-1.1725E1,-2.5E-1,-1.759483844583E0));
#7665=VERTEX_POINT('',#7664);
#7666=CARTESIAN_POINT('',(-1.3275E1,-2.5E-1,-1.118046385894E0));
#7667=CARTESIAN_POINT('',(-1.3275E1,-2.5E-1,-1.759483844583E0));
#7668=VERTEX_POINT('',#7666);
#7669=VERTEX_POINT('',#7667);
#7670=CARTESIAN_POINT('',(-1.3725E1,-2.5E-1,-1.118046385894E0));
#7671=VERTEX_POINT('',#7670);
#7672=CARTESIAN_POINT('',(-1.3725E1,-2.5E-1,-1.759483844583E0));
#7673=VERTEX_POINT('',#7672);
#7674=CARTESIAN_POINT('',(-1.5275E1,-2.5E-1,-1.118046385894E0));
#7675=CARTESIAN_POINT('',(-1.5275E1,-2.5E-1,-1.759483844583E0));
#7676=VERTEX_POINT('',#7674);
#7677=VERTEX_POINT('',#7675);
#7678=CARTESIAN_POINT('',(-1.5725E1,-2.5E-1,-1.118046385894E0));
#7679=VERTEX_POINT('',#7678);
#7680=CARTESIAN_POINT('',(-1.5725E1,-2.5E-1,-1.759483844583E0));
#7681=VERTEX_POINT('',#7680);
#7682=CARTESIAN_POINT('',(7.725E0,1.200000167352E0,2.45E0));
#7683=VERTEX_POINT('',#7682);
#7684=CARTESIAN_POINT('',(7.275E0,1.200000167352E0,2.45E0));
#7685=VERTEX_POINT('',#7684);
#7686=CARTESIAN_POINT('',(7.725E0,-2.5E-1,-1.118046385894E0));
#7687=CARTESIAN_POINT('',(7.725E0,-2.5E-1,-1.759483844583E0));
#7688=VERTEX_POINT('',#7686);
#7689=VERTEX_POINT('',#7687);
#7690=CARTESIAN_POINT('',(7.275E0,-2.5E-1,-1.118046385894E0));
#7691=VERTEX_POINT('',#7690);
#7692=CARTESIAN_POINT('',(7.275E0,-2.5E-1,-1.759483844583E0));
#7693=VERTEX_POINT('',#7692);
#7694=CARTESIAN_POINT('',(5.725E0,1.200000167352E0,2.45E0));
#7695=VERTEX_POINT('',#7694);
#7696=CARTESIAN_POINT('',(5.275E0,1.200000167352E0,2.45E0));
#7697=VERTEX_POINT('',#7696);
#7698=CARTESIAN_POINT('',(5.725E0,-2.5E-1,-1.118046385894E0));
#7699=CARTESIAN_POINT('',(5.725E0,-2.5E-1,-1.759483844583E0));
#7700=VERTEX_POINT('',#7698);
#7701=VERTEX_POINT('',#7699);
#7702=CARTESIAN_POINT('',(5.275E0,-2.5E-1,-1.118046385894E0));
#7703=VERTEX_POINT('',#7702);
#7704=CARTESIAN_POINT('',(5.275E0,-2.5E-1,-1.759483844583E0));
#7705=VERTEX_POINT('',#7704);
#7706=CARTESIAN_POINT('',(3.725E0,1.200000167352E0,2.45E0));
#7707=VERTEX_POINT('',#7706);
#7708=CARTESIAN_POINT('',(3.275E0,1.200000167352E0,2.45E0));
#7709=VERTEX_POINT('',#7708);
#7710=CARTESIAN_POINT('',(3.725E0,-2.5E-1,-1.118046385894E0));
#7711=CARTESIAN_POINT('',(3.725E0,-2.5E-1,-1.759483844583E0));
#7712=VERTEX_POINT('',#7710);
#7713=VERTEX_POINT('',#7711);
#7714=CARTESIAN_POINT('',(3.275E0,-2.5E-1,-1.118046385894E0));
#7715=VERTEX_POINT('',#7714);
#7716=CARTESIAN_POINT('',(3.275E0,-2.5E-1,-1.759483844583E0));
#7717=VERTEX_POINT('',#7716);
#7718=CARTESIAN_POINT('',(1.725E0,1.200000167352E0,2.45E0));
#7719=VERTEX_POINT('',#7718);
#7720=CARTESIAN_POINT('',(1.275E0,1.200000167352E0,2.45E0));
#7721=VERTEX_POINT('',#7720);
#7722=CARTESIAN_POINT('',(1.725E0,-2.5E-1,-1.118046385894E0));
#7723=CARTESIAN_POINT('',(1.725E0,-2.5E-1,-1.759483844583E0));
#7724=VERTEX_POINT('',#7722);
#7725=VERTEX_POINT('',#7723);
#7726=CARTESIAN_POINT('',(1.275E0,-2.5E-1,-1.118046385894E0));
#7727=VERTEX_POINT('',#7726);
#7728=CARTESIAN_POINT('',(1.275E0,-2.5E-1,-1.759483844583E0));
#7729=VERTEX_POINT('',#7728);
#7730=CARTESIAN_POINT('',(-2.75E-1,1.200000167352E0,2.45E0));
#7731=VERTEX_POINT('',#7730);
#7732=CARTESIAN_POINT('',(-7.25E-1,1.200000167352E0,2.45E0));
#7733=VERTEX_POINT('',#7732);
#7734=CARTESIAN_POINT('',(-2.75E-1,-2.5E-1,-1.118046385894E0));
#7735=CARTESIAN_POINT('',(-2.75E-1,-2.5E-1,-1.759483844583E0));
#7736=VERTEX_POINT('',#7734);
#7737=VERTEX_POINT('',#7735);
#7738=CARTESIAN_POINT('',(-7.25E-1,-2.5E-1,-1.118046385894E0));
#7739=VERTEX_POINT('',#7738);
#7740=CARTESIAN_POINT('',(-7.25E-1,-2.5E-1,-1.759483844583E0));
#7741=VERTEX_POINT('',#7740);
#7742=CARTESIAN_POINT('',(-2.275E0,1.200000167352E0,2.45E0));
#7743=VERTEX_POINT('',#7742);
#7744=CARTESIAN_POINT('',(-2.725E0,1.200000167352E0,2.45E0));
#7745=VERTEX_POINT('',#7744);
#7746=CARTESIAN_POINT('',(-2.275E0,-2.5E-1,-1.118046385894E0));
#7747=CARTESIAN_POINT('',(-2.275E0,-2.5E-1,-1.759483844583E0));
#7748=VERTEX_POINT('',#7746);
#7749=VERTEX_POINT('',#7747);
#7750=CARTESIAN_POINT('',(-2.725E0,-2.5E-1,-1.118046385894E0));
#7751=VERTEX_POINT('',#7750);
#7752=CARTESIAN_POINT('',(-2.725E0,-2.5E-1,-1.759483844583E0));
#7753=VERTEX_POINT('',#7752);
#7754=CARTESIAN_POINT('',(-4.275E0,1.200000167352E0,2.45E0));
#7755=VERTEX_POINT('',#7754);
#7756=CARTESIAN_POINT('',(-4.725E0,1.200000167352E0,2.45E0));
#7757=VERTEX_POINT('',#7756);
#7758=CARTESIAN_POINT('',(-4.275E0,-2.5E-1,-1.118046385894E0));
#7759=CARTESIAN_POINT('',(-4.275E0,-2.5E-1,-1.759483844583E0));
#7760=VERTEX_POINT('',#7758);
#7761=VERTEX_POINT('',#7759);
#7762=CARTESIAN_POINT('',(-4.725E0,-2.5E-1,-1.118046385894E0));
#7763=VERTEX_POINT('',#7762);
#7764=CARTESIAN_POINT('',(-4.725E0,-2.5E-1,-1.759483844583E0));
#7765=VERTEX_POINT('',#7764);
#7766=CARTESIAN_POINT('',(-6.275E0,1.200000167352E0,2.45E0));
#7767=VERTEX_POINT('',#7766);
#7768=CARTESIAN_POINT('',(-6.725E0,1.200000167352E0,2.45E0));
#7769=VERTEX_POINT('',#7768);
#7770=CARTESIAN_POINT('',(-6.275E0,-2.5E-1,-1.118046385894E0));
#7771=CARTESIAN_POINT('',(-6.275E0,-2.5E-1,-1.759483844583E0));
#7772=VERTEX_POINT('',#7770);
#7773=VERTEX_POINT('',#7771);
#7774=CARTESIAN_POINT('',(-6.725E0,-2.5E-1,-1.118046385894E0));
#7775=VERTEX_POINT('',#7774);
#7776=CARTESIAN_POINT('',(-6.725E0,-2.5E-1,-1.759483844583E0));
#7777=VERTEX_POINT('',#7776);
#7778=CARTESIAN_POINT('',(-8.275E0,1.200000167352E0,2.45E0));
#7779=VERTEX_POINT('',#7778);
#7780=CARTESIAN_POINT('',(-8.725E0,1.200000167352E0,2.45E0));
#7781=VERTEX_POINT('',#7780);
#7782=CARTESIAN_POINT('',(-8.275E0,-2.5E-1,-1.118046385894E0));
#7783=CARTESIAN_POINT('',(-8.275E0,-2.5E-1,-1.759483844583E0));
#7784=VERTEX_POINT('',#7782);
#7785=VERTEX_POINT('',#7783);
#7786=CARTESIAN_POINT('',(-8.725E0,-2.5E-1,-1.118046385894E0));
#7787=VERTEX_POINT('',#7786);
#7788=CARTESIAN_POINT('',(-8.725E0,-2.5E-1,-1.759483844583E0));
#7789=VERTEX_POINT('',#7788);
#7790=CARTESIAN_POINT('',(-1.0275E1,1.200000167352E0,2.45E0));
#7791=VERTEX_POINT('',#7790);
#7792=CARTESIAN_POINT('',(-1.0725E1,1.200000167352E0,2.45E0));
#7793=VERTEX_POINT('',#7792);
#7794=CARTESIAN_POINT('',(-1.0275E1,-2.5E-1,-1.118046385894E0));
#7795=CARTESIAN_POINT('',(-1.0275E1,-2.5E-1,-1.759483844583E0));
#7796=VERTEX_POINT('',#7794);
#7797=VERTEX_POINT('',#7795);
#7798=CARTESIAN_POINT('',(-1.0725E1,-2.5E-1,-1.118046385894E0));
#7799=VERTEX_POINT('',#7798);
#7800=CARTESIAN_POINT('',(-1.0725E1,-2.5E-1,-1.759483844583E0));
#7801=VERTEX_POINT('',#7800);
#7802=CARTESIAN_POINT('',(-1.2275E1,1.200000167352E0,2.45E0));
#7803=VERTEX_POINT('',#7802);
#7804=CARTESIAN_POINT('',(-1.2725E1,1.200000167352E0,2.45E0));
#7805=VERTEX_POINT('',#7804);
#7806=CARTESIAN_POINT('',(-1.2275E1,-2.5E-1,-1.118046385894E0));
#7807=CARTESIAN_POINT('',(-1.2275E1,-2.5E-1,-1.759483844583E0));
#7808=VERTEX_POINT('',#7806);
#7809=VERTEX_POINT('',#7807);
#7810=CARTESIAN_POINT('',(-1.2725E1,-2.5E-1,-1.118046385894E0));
#7811=VERTEX_POINT('',#7810);
#7812=CARTESIAN_POINT('',(-1.2725E1,-2.5E-1,-1.759483844583E0));
#7813=VERTEX_POINT('',#7812);
#7814=CARTESIAN_POINT('',(-1.4275E1,1.200000167352E0,2.45E0));
#7815=VERTEX_POINT('',#7814);
#7816=CARTESIAN_POINT('',(-1.4725E1,1.200000167352E0,2.45E0));
#7817=VERTEX_POINT('',#7816);
#7818=CARTESIAN_POINT('',(-1.4275E1,-2.5E-1,-1.118046385894E0));
#7819=CARTESIAN_POINT('',(-1.4275E1,-2.5E-1,-1.759483844583E0));
#7820=VERTEX_POINT('',#7818);
#7821=VERTEX_POINT('',#7819);
#7822=CARTESIAN_POINT('',(-1.4725E1,-2.5E-1,-1.118046385894E0));
#7823=VERTEX_POINT('',#7822);
#7824=CARTESIAN_POINT('',(-1.4725E1,-2.5E-1,-1.759483844583E0));
#7825=VERTEX_POINT('',#7824);
#7826=CARTESIAN_POINT('',(-1.73E1,-1.95E0,5.E-2));
#7827=CARTESIAN_POINT('',(-1.73E1,-1.95E0,-9.5E-1));
#7828=VERTEX_POINT('',#7826);
#7829=VERTEX_POINT('',#7827);
#7830=CARTESIAN_POINT('',(-1.65E1,-1.95E0,5.E-2));
#7831=VERTEX_POINT('',#7830);
#7832=CARTESIAN_POINT('',(-1.65E1,-1.95E0,2.05E0));
#7833=VERTEX_POINT('',#7832);
#7834=CARTESIAN_POINT('',(-1.65E1,1.95E0,2.95E0));
#7835=CARTESIAN_POINT('',(-1.65E1,5.5E-1,2.95E0));
#7836=VERTEX_POINT('',#7834);
#7837=VERTEX_POINT('',#7835);
#7838=CARTESIAN_POINT('',(-1.73E1,5.5E-1,2.95E0));
#7839=VERTEX_POINT('',#7838);
#7840=CARTESIAN_POINT('',(-1.73E1,1.95E0,2.95E0));
#7841=VERTEX_POINT('',#7840);
#7842=CARTESIAN_POINT('',(-1.73E1,-4.5E-1,2.95E0));
#7843=CARTESIAN_POINT('',(-1.73E1,-1.55E0,2.95E0));
#7844=VERTEX_POINT('',#7842);
#7845=VERTEX_POINT('',#7843);
#7846=CARTESIAN_POINT('',(-1.65E1,-4.5E-1,2.95E0));
#7847=VERTEX_POINT('',#7846);
#7848=CARTESIAN_POINT('',(-1.65E1,-1.55E0,2.95E0));
#7849=VERTEX_POINT('',#7848);
#7850=CARTESIAN_POINT('',(-1.65E1,5.5E-1,2.45E0));
#7851=VERTEX_POINT('',#7850);
#7852=CARTESIAN_POINT('',(-1.65E1,1.95E0,2.45E0));
#7853=VERTEX_POINT('',#7852);
#7854=CARTESIAN_POINT('',(-1.65E1,-1.55E0,2.05E0));
#7855=VERTEX_POINT('',#7854);
#7856=CARTESIAN_POINT('',(-1.65E1,-8.5E-1,2.05E0));
#7857=VERTEX_POINT('',#7856);
#7858=CARTESIAN_POINT('',(-1.65E1,-4.5E-1,2.45E0));
#7859=VERTEX_POINT('',#7858);
#7860=CARTESIAN_POINT('',(-1.73E1,5.5E-1,2.45E0));
#7861=VERTEX_POINT('',#7860);
#7862=CARTESIAN_POINT('',(-1.73E1,-1.55E0,5.E-2));
#7863=VERTEX_POINT('',#7862);
#7864=CARTESIAN_POINT('',(-1.73E1,-1.45E0,-1.45E0));
#7865=VERTEX_POINT('',#7864);
#7866=CARTESIAN_POINT('',(-1.73E1,-1.45E0,-2.95E0));
#7867=VERTEX_POINT('',#7866);
#7868=CARTESIAN_POINT('',(-1.73E1,1.95E0,-2.95E0));
#7869=VERTEX_POINT('',#7868);
#7870=CARTESIAN_POINT('',(-1.73E1,-4.5E-1,2.45E0));
#7871=VERTEX_POINT('',#7870);
#7872=CARTESIAN_POINT('',(-1.65E1,-1.55E0,5.E-2));
#7873=VERTEX_POINT('',#7872);
#7874=CARTESIAN_POINT('',(-1.686E1,2.5E-1,-2.95E0));
#7875=CARTESIAN_POINT('',(-1.686E1,-9.5E-1,-2.95E0));
#7876=VERTEX_POINT('',#7874);
#7877=VERTEX_POINT('',#7875);
#7878=VERTEX_POINT('',#1276);
#7879=CARTESIAN_POINT('',(-1.656E1,-2.5E-1,-2.45E0));
#7880=VERTEX_POINT('',#7879);
#7881=CARTESIAN_POINT('',(-1.656E1,-8.642857142857E-1,-2.65E0));
#7882=VERTEX_POINT('',#7881);
#7883=CARTESIAN_POINT('',(-1.656E1,-7.5E-1,-2.25E0));
#7884=VERTEX_POINT('',#7883);
#7885=CARTESIAN_POINT('',(-1.656E1,-2.5E-1,8.E-1));
#7886=VERTEX_POINT('',#7885);
#7887=CARTESIAN_POINT('',(-1.656E1,-4.E-1,9.5E-1));
#7888=VERTEX_POINT('',#7887);
#7889=CARTESIAN_POINT('',(-1.656E1,-6.5E-1,9.5E-1));
#7890=VERTEX_POINT('',#7889);
#7891=CARTESIAN_POINT('',(-1.656E1,-7.5E-1,8.5E-1));
#7892=VERTEX_POINT('',#7891);
#7893=CARTESIAN_POINT('',(-1.575E1,2.5E-1,-2.95E0));
#7894=VERTEX_POINT('',#7893);
#7895=CARTESIAN_POINT('',(-1.575E1,-2.5E-1,-2.45E0));
#7896=VERTEX_POINT('',#7895);
#7897=CARTESIAN_POINT('',(-1.575E1,-2.5E-1,8.E-1));
#7898=VERTEX_POINT('',#7897);
#7899=CARTESIAN_POINT('',(-1.575E1,-4.E-1,9.5E-1));
#7900=VERTEX_POINT('',#7899);
#7901=CARTESIAN_POINT('',(-1.575E1,-6.5E-1,9.5E-1));
#7902=VERTEX_POINT('',#7901);
#7903=CARTESIAN_POINT('',(-1.575E1,-7.5E-1,8.5E-1));
#7904=VERTEX_POINT('',#7903);
#7905=CARTESIAN_POINT('',(0.E0,-1.95E0,1.E0));
#7906=DIRECTION('',(0.E0,-1.E0,0.E0));
#7907=DIRECTION('',(0.E0,0.E0,1.E0));
#7908=AXIS2_PLACEMENT_3D('',#7905,#7906,#7907);
#7909=PLANE('263612',#7908);
#7911=ORIENTED_EDGE('266159',*,*,#7910,.F.);
#7913=ORIENTED_EDGE('262725',*,*,#7912,.T.);
#7915=ORIENTED_EDGE('262726',*,*,#7914,.F.);
#7917=ORIENTED_EDGE('262715',*,*,#7916,.T.);
#7919=ORIENTED_EDGE('266166',*,*,#7918,.F.);
#7921=ORIENTED_EDGE('265164',*,*,#7920,.F.);
#7923=ORIENTED_EDGE('265165',*,*,#7922,.T.);
#7925=ORIENTED_EDGE('265166',*,*,#7924,.F.);
#7926=EDGE_LOOP('263612',(#7911,#7913,#7915,#7917,#7919,#7921,#7923,#7925));
#7927=FACE_OUTER_BOUND('263612',#7926,.F.);
#7929=ORIENTED_EDGE('263275',*,*,#7928,.T.);
#7931=ORIENTED_EDGE('263278',*,*,#7930,.T.);
#7933=ORIENTED_EDGE('263277',*,*,#7932,.F.);
#7935=ORIENTED_EDGE('263276',*,*,#7934,.T.);
#7936=EDGE_LOOP('263612',(#7929,#7931,#7933,#7935));
#7937=FACE_BOUND('263612',#7936,.F.);
#7939=ORIENTED_EDGE('263255',*,*,#7938,.T.);
#7941=ORIENTED_EDGE('263258',*,*,#7940,.T.);
#7943=ORIENTED_EDGE('263257',*,*,#7942,.F.);
#7945=ORIENTED_EDGE('263256',*,*,#7944,.T.);
#7946=EDGE_LOOP('263612',(#7939,#7941,#7943,#7945));
#7947=FACE_BOUND('263612',#7946,.F.);
#7949=ORIENTED_EDGE('263235',*,*,#7948,.T.);
#7951=ORIENTED_EDGE('263238',*,*,#7950,.T.);
#7953=ORIENTED_EDGE('263237',*,*,#7952,.F.);
#7955=ORIENTED_EDGE('263236',*,*,#7954,.T.);
#7956=EDGE_LOOP('263612',(#7949,#7951,#7953,#7955));
#7957=FACE_BOUND('263612',#7956,.F.);
#7959=ORIENTED_EDGE('263215',*,*,#7958,.T.);
#7961=ORIENTED_EDGE('263218',*,*,#7960,.T.);
#7963=ORIENTED_EDGE('263217',*,*,#7962,.F.);
#7965=ORIENTED_EDGE('263216',*,*,#7964,.T.);
#7966=EDGE_LOOP('263612',(#7959,#7961,#7963,#7965));
#7967=FACE_BOUND('263612',#7966,.F.);
#7969=ORIENTED_EDGE('263195',*,*,#7968,.T.);
#7971=ORIENTED_EDGE('263198',*,*,#7970,.T.);
#7973=ORIENTED_EDGE('263197',*,*,#7972,.F.);
#7975=ORIENTED_EDGE('263196',*,*,#7974,.T.);
#7976=EDGE_LOOP('263612',(#7969,#7971,#7973,#7975));
#7977=FACE_BOUND('263612',#7976,.F.);
#7979=ORIENTED_EDGE('263175',*,*,#7978,.T.);
#7981=ORIENTED_EDGE('263178',*,*,#7980,.T.);
#7983=ORIENTED_EDGE('263177',*,*,#7982,.F.);
#7985=ORIENTED_EDGE('263176',*,*,#7984,.T.);
#7986=EDGE_LOOP('263612',(#7979,#7981,#7983,#7985));
#7987=FACE_BOUND('263612',#7986,.F.);
#7989=ORIENTED_EDGE('263155',*,*,#7988,.T.);
#7991=ORIENTED_EDGE('263158',*,*,#7990,.T.);
#7993=ORIENTED_EDGE('263157',*,*,#7992,.F.);
#7995=ORIENTED_EDGE('263156',*,*,#7994,.T.);
#7996=EDGE_LOOP('263612',(#7989,#7991,#7993,#7995));
#7997=FACE_BOUND('263612',#7996,.F.);
#7999=ORIENTED_EDGE('263135',*,*,#7998,.T.);
#8001=ORIENTED_EDGE('263138',*,*,#8000,.T.);
#8003=ORIENTED_EDGE('263137',*,*,#8002,.F.);
#8005=ORIENTED_EDGE('263136',*,*,#8004,.T.);
#8006=EDGE_LOOP('263612',(#7999,#8001,#8003,#8005));
#8007=FACE_BOUND('263612',#8006,.F.);
#8009=ORIENTED_EDGE('263115',*,*,#8008,.T.);
#8011=ORIENTED_EDGE('263118',*,*,#8010,.T.);
#8013=ORIENTED_EDGE('263117',*,*,#8012,.F.);
#8015=ORIENTED_EDGE('263116',*,*,#8014,.T.);
#8016=EDGE_LOOP('263612',(#8009,#8011,#8013,#8015));
#8017=FACE_BOUND('263612',#8016,.F.);
#8019=ORIENTED_EDGE('263095',*,*,#8018,.T.);
#8021=ORIENTED_EDGE('263098',*,*,#8020,.T.);
#8023=ORIENTED_EDGE('263097',*,*,#8022,.F.);
#8025=ORIENTED_EDGE('263096',*,*,#8024,.T.);
#8026=EDGE_LOOP('263612',(#8019,#8021,#8023,#8025));
#8027=FACE_BOUND('263612',#8026,.F.);
#8029=ORIENTED_EDGE('263075',*,*,#8028,.T.);
#8031=ORIENTED_EDGE('263078',*,*,#8030,.T.);
#8033=ORIENTED_EDGE('263077',*,*,#8032,.F.);
#8035=ORIENTED_EDGE('263076',*,*,#8034,.T.);
#8036=EDGE_LOOP('263612',(#8029,#8031,#8033,#8035));
#8037=FACE_BOUND('263612',#8036,.F.);
#8039=ORIENTED_EDGE('263055',*,*,#8038,.T.);
#8041=ORIENTED_EDGE('263058',*,*,#8040,.T.);
#8043=ORIENTED_EDGE('263057',*,*,#8042,.F.);
#8045=ORIENTED_EDGE('263056',*,*,#8044,.T.);
#8046=EDGE_LOOP('263612',(#8039,#8041,#8043,#8045));
#8047=FACE_BOUND('263612',#8046,.F.);
#8049=ORIENTED_EDGE('263034',*,*,#8048,.T.);
#8051=ORIENTED_EDGE('263037',*,*,#8050,.T.);
#8053=ORIENTED_EDGE('263036',*,*,#8052,.F.);
#8055=ORIENTED_EDGE('263035',*,*,#8054,.T.);
#8056=EDGE_LOOP('263612',(#8049,#8051,#8053,#8055));
#8057=FACE_BOUND('263612',#8056,.F.);
#8058=ADVANCED_FACE('263612',(#7927,#7937,#7947,#7957,#7967,#7977,#7987,#7997,
#8007,#8017,#8027,#8037,#8047,#8057),#7909,.T.);
#8059=CARTESIAN_POINT('',(-1.5275E1,-1.874999806526E0,-7.388527693850E-2));
#8060=DIRECTION('',(-1.E0,0.E0,0.E0));
#8061=DIRECTION('',(0.E0,0.E0,-1.E0));
#8062=AXIS2_PLACEMENT_3D('',#8059,#8060,#8061);
#8063=PLANE('261440',#8062);
#8065=ORIENTED_EDGE('262954',*,*,#8064,.F.);
#8067=ORIENTED_EDGE('263285',*,*,#8066,.F.);
#8069=ORIENTED_EDGE('262958',*,*,#8068,.F.);
#8071=ORIENTED_EDGE('262957',*,*,#8070,.F.);
#8073=ORIENTED_EDGE('263279',*,*,#8072,.T.);
#8075=ORIENTED_EDGE('262959',*,*,#8074,.F.);
#8077=ORIENTED_EDGE('262562',*,*,#8076,.F.);
#8078=EDGE_LOOP('261440',(#8065,#8067,#8069,#8071,#8073,#8075,#8077));
#8079=FACE_OUTER_BOUND('261440',#8078,.F.);
#8080=ADVANCED_FACE('261440',(#8079),#8063,.F.);
#8081=CARTESIAN_POINT('',(-1.5275E1,-1.874999806526E0,-7.388527693850E-2));
#8082=DIRECTION('',(-1.E0,0.E0,0.E0));
#8083=DIRECTION('',(0.E0,0.E0,-1.E0));
#8084=AXIS2_PLACEMENT_3D('',#8081,#8082,#8083);
#8085=PLANE('261440',#8084);
#8087=ORIENTED_EDGE('262956',*,*,#8086,.F.);
#8089=ORIENTED_EDGE('262569',*,*,#8088,.T.);
#8091=ORIENTED_EDGE('262568',*,*,#8090,.T.);
#8093=ORIENTED_EDGE('262567',*,*,#8092,.F.);
#8095=ORIENTED_EDGE('262566',*,*,#8094,.F.);
#8097=ORIENTED_EDGE('262565',*,*,#8096,.F.);
#8099=ORIENTED_EDGE('262564',*,*,#8098,.T.);
#8101=ORIENTED_EDGE('262563',*,*,#8100,.T.);
#8103=ORIENTED_EDGE('262960',*,*,#8102,.F.);
#8104=ORIENTED_EDGE('263275',*,*,#7928,.F.);
#8105=EDGE_LOOP('261440',(#8087,#8089,#8091,#8093,#8095,#8097,#8099,#8101,#8103,
#8104));
#8106=FACE_OUTER_BOUND('261440',#8105,.F.);
#8107=ADVANCED_FACE('261440',(#8106),#8085,.F.);
#8108=CARTESIAN_POINT('',(-1.5275E1,-1.874999806526E0,-7.388527693850E-2));
#8109=DIRECTION('',(-1.E0,0.E0,0.E0));
#8110=DIRECTION('',(0.E0,0.E0,-1.E0));
#8111=AXIS2_PLACEMENT_3D('',#8108,#8109,#8110);
#8112=PLANE('261440',#8111);
#8114=ORIENTED_EDGE('263287',*,*,#8113,.T.);
#8116=ORIENTED_EDGE('263292',*,*,#8115,.T.);
#8118=ORIENTED_EDGE('262561',*,*,#8117,.T.);
#8120=ORIENTED_EDGE('263291',*,*,#8119,.T.);
#8121=EDGE_LOOP('261440',(#8114,#8116,#8118,#8120));
#8122=FACE_OUTER_BOUND('261440',#8121,.F.);
#8123=ADVANCED_FACE('261440',(#8122),#8112,.F.);
#8124=CARTESIAN_POINT('',(-1.55E1,1.2E0,-7.388527693620E-2));
#8125=DIRECTION('',(0.E0,-1.E0,0.E0));
#8126=DIRECTION('',(0.E0,0.E0,-1.E0));
#8127=AXIS2_PLACEMENT_3D('',#8124,#8125,#8126);
#8128=PLANE('261439',#8127);
#8129=ORIENTED_EDGE('262954',*,*,#8064,.T.);
#8131=ORIENTED_EDGE('262560',*,*,#8130,.F.);
#8133=ORIENTED_EDGE('262955',*,*,#8132,.T.);
#8135=ORIENTED_EDGE('263284',*,*,#8134,.T.);
#8136=EDGE_LOOP('261439',(#8129,#8131,#8133,#8135));
#8137=FACE_OUTER_BOUND('261439',#8136,.F.);
#8138=ADVANCED_FACE('261439',(#8137),#8128,.F.);
#8139=CARTESIAN_POINT('',(-1.55E1,-2.E-1,2.7E0));
#8140=DIRECTION('',(0.E0,0.E0,1.E0));
#8141=DIRECTION('',(0.E0,1.E0,0.E0));
#8142=AXIS2_PLACEMENT_3D('',#8139,#8140,#8141);
#8143=PLANE('261450',#8142);
#8144=ORIENTED_EDGE('262562',*,*,#8076,.T.);
#8146=ORIENTED_EDGE('262584',*,*,#8145,.T.);
#8148=ORIENTED_EDGE('262575',*,*,#8147,.T.);
#8149=ORIENTED_EDGE('262560',*,*,#8130,.T.);
#8150=EDGE_LOOP('261450',(#8144,#8146,#8148,#8149));
#8151=FACE_OUTER_BOUND('261450',#8150,.F.);
#8152=ADVANCED_FACE('261450',(#8151),#8143,.T.);
#8153=CARTESIAN_POINT('',(-1.55E1,-1.6E0,1.7E0));
#8154=DIRECTION('',(0.E0,-1.E0,0.E0));
#8155=DIRECTION('',(0.E0,0.E0,1.E0));
#8156=AXIS2_PLACEMENT_3D('',#8153,#8154,#8155);
#8157=PLANE('261449',#8156);
#8158=ORIENTED_EDGE('262959',*,*,#8074,.T.);
#8160=ORIENTED_EDGE('263282',*,*,#8159,.T.);
#8162=ORIENTED_EDGE('262965',*,*,#8161,.T.);
#8163=ORIENTED_EDGE('262584',*,*,#8145,.F.);
#8164=EDGE_LOOP('261449',(#8158,#8160,#8162,#8163));
#8165=FACE_OUTER_BOUND('261449',#8164,.F.);
#8166=ADVANCED_FACE('261449',(#8165),#8157,.T.);
#8167=CARTESIAN_POINT('',(0.E0,-1.4E0,2.05E0));
#8168=DIRECTION('',(0.E0,0.E0,1.E0));
#8169=DIRECTION('',(0.E0,-1.E0,0.E0));
#8170=AXIS2_PLACEMENT_3D('',#8167,#8168,#8169);
#8171=PLANE('263626',#8170);
#8173=ORIENTED_EDGE('266160',*,*,#8172,.F.);
#8175=ORIENTED_EDGE('262739',*,*,#8174,.F.);
#8176=ORIENTED_EDGE('266159',*,*,#7910,.T.);
#8178=ORIENTED_EDGE('265207',*,*,#8177,.T.);
#8180=ORIENTED_EDGE('265191',*,*,#8179,.T.);
#8181=EDGE_LOOP('263626',(#8173,#8175,#8176,#8178,#8180));
#8182=FACE_OUTER_BOUND('263626',#8181,.F.);
#8183=ORIENTED_EDGE('263279',*,*,#8072,.F.);
#8185=ORIENTED_EDGE('263280',*,*,#8184,.F.);
#8187=ORIENTED_EDGE('263281',*,*,#8186,.T.);
#8188=ORIENTED_EDGE('263282',*,*,#8159,.F.);
#8189=EDGE_LOOP('263626',(#8183,#8185,#8187,#8188));
#8190=FACE_BOUND('263626',#8189,.F.);
#8192=ORIENTED_EDGE('263259',*,*,#8191,.F.);
#8194=ORIENTED_EDGE('263260',*,*,#8193,.F.);
#8196=ORIENTED_EDGE('263261',*,*,#8195,.T.);
#8198=ORIENTED_EDGE('263262',*,*,#8197,.F.);
#8199=EDGE_LOOP('263626',(#8192,#8194,#8196,#8198));
#8200=FACE_BOUND('263626',#8199,.F.);
#8202=ORIENTED_EDGE('263239',*,*,#8201,.F.);
#8204=ORIENTED_EDGE('263240',*,*,#8203,.F.);
#8206=ORIENTED_EDGE('263241',*,*,#8205,.T.);
#8208=ORIENTED_EDGE('263242',*,*,#8207,.F.);
#8209=EDGE_LOOP('263626',(#8202,#8204,#8206,#8208));
#8210=FACE_BOUND('263626',#8209,.F.);
#8212=ORIENTED_EDGE('263219',*,*,#8211,.F.);
#8214=ORIENTED_EDGE('263220',*,*,#8213,.F.);
#8216=ORIENTED_EDGE('263221',*,*,#8215,.T.);
#8218=ORIENTED_EDGE('263222',*,*,#8217,.F.);
#8219=EDGE_LOOP('263626',(#8212,#8214,#8216,#8218));
#8220=FACE_BOUND('263626',#8219,.F.);
#8222=ORIENTED_EDGE('263199',*,*,#8221,.F.);
#8224=ORIENTED_EDGE('263200',*,*,#8223,.F.);
#8226=ORIENTED_EDGE('263201',*,*,#8225,.T.);
#8228=ORIENTED_EDGE('263202',*,*,#8227,.F.);
#8229=EDGE_LOOP('263626',(#8222,#8224,#8226,#8228));
#8230=FACE_BOUND('263626',#8229,.F.);
#8232=ORIENTED_EDGE('263179',*,*,#8231,.F.);
#8234=ORIENTED_EDGE('263180',*,*,#8233,.F.);
#8236=ORIENTED_EDGE('263181',*,*,#8235,.T.);
#8238=ORIENTED_EDGE('263182',*,*,#8237,.F.);
#8239=EDGE_LOOP('263626',(#8232,#8234,#8236,#8238));
#8240=FACE_BOUND('263626',#8239,.F.);
#8242=ORIENTED_EDGE('263159',*,*,#8241,.F.);
#8244=ORIENTED_EDGE('263160',*,*,#8243,.F.);
#8246=ORIENTED_EDGE('263161',*,*,#8245,.T.);
#8248=ORIENTED_EDGE('263162',*,*,#8247,.F.);
#8249=EDGE_LOOP('263626',(#8242,#8244,#8246,#8248));
#8250=FACE_BOUND('263626',#8249,.F.);
#8252=ORIENTED_EDGE('263139',*,*,#8251,.F.);
#8254=ORIENTED_EDGE('263140',*,*,#8253,.F.);
#8256=ORIENTED_EDGE('263141',*,*,#8255,.T.);
#8258=ORIENTED_EDGE('263142',*,*,#8257,.F.);
#8259=EDGE_LOOP('263626',(#8252,#8254,#8256,#8258));
#8260=FACE_BOUND('263626',#8259,.F.);
#8262=ORIENTED_EDGE('263119',*,*,#8261,.F.);
#8264=ORIENTED_EDGE('263120',*,*,#8263,.F.);
#8266=ORIENTED_EDGE('263121',*,*,#8265,.T.);
#8268=ORIENTED_EDGE('263122',*,*,#8267,.F.);
#8269=EDGE_LOOP('263626',(#8262,#8264,#8266,#8268));
#8270=FACE_BOUND('263626',#8269,.F.);
#8272=ORIENTED_EDGE('263099',*,*,#8271,.F.);
#8274=ORIENTED_EDGE('263100',*,*,#8273,.F.);
#8276=ORIENTED_EDGE('263101',*,*,#8275,.T.);
#8278=ORIENTED_EDGE('263102',*,*,#8277,.F.);
#8279=EDGE_LOOP('263626',(#8272,#8274,#8276,#8278));
#8280=FACE_BOUND('263626',#8279,.F.);
#8282=ORIENTED_EDGE('263079',*,*,#8281,.F.);
#8284=ORIENTED_EDGE('263080',*,*,#8283,.F.);
#8286=ORIENTED_EDGE('263081',*,*,#8285,.T.);
#8288=ORIENTED_EDGE('263082',*,*,#8287,.F.);
#8289=EDGE_LOOP('263626',(#8282,#8284,#8286,#8288));
#8290=FACE_BOUND('263626',#8289,.F.);
#8292=ORIENTED_EDGE('263059',*,*,#8291,.F.);
#8294=ORIENTED_EDGE('263060',*,*,#8293,.F.);
#8296=ORIENTED_EDGE('263061',*,*,#8295,.T.);
#8298=ORIENTED_EDGE('263062',*,*,#8297,.F.);
#8299=EDGE_LOOP('263626',(#8292,#8294,#8296,#8298));
#8300=FACE_BOUND('263626',#8299,.F.);
#8302=ORIENTED_EDGE('263038',*,*,#8301,.F.);
#8304=ORIENTED_EDGE('263039',*,*,#8303,.F.);
#8306=ORIENTED_EDGE('263040',*,*,#8305,.T.);
#8308=ORIENTED_EDGE('263041',*,*,#8307,.F.);
#8309=EDGE_LOOP('263626',(#8302,#8304,#8306,#8308));
#8310=FACE_BOUND('263626',#8309,.F.);
#8311=ADVANCED_FACE('263626',(#8182,#8190,#8200,#8210,#8220,#8230,#8240,#8250,
#8260,#8270,#8280,#8290,#8300,#8310),#8171,.T.);
#8312=CARTESIAN_POINT('',(-1.55E1,-1.35E0,1.45E0));
#8313=DIRECTION('',(0.E0,-1.E0,0.E0));
#8314=DIRECTION('',(0.E0,0.E0,-1.E0));
#8315=AXIS2_PLACEMENT_3D('',#8312,#8313,#8314);
#8316=PLANE('261442',#8315);
#8317=ORIENTED_EDGE('262957',*,*,#8070,.T.);
#8319=ORIENTED_EDGE('262571',*,*,#8318,.F.);
#8321=ORIENTED_EDGE('262962',*,*,#8320,.T.);
#8322=ORIENTED_EDGE('263280',*,*,#8184,.T.);
#8323=EDGE_LOOP('261442',(#8317,#8319,#8321,#8322));
#8324=FACE_OUTER_BOUND('261442',#8323,.F.);
#8325=ADVANCED_FACE('261442',(#8324),#8316,.F.);
#8326=CARTESIAN_POINT('',(-1.55E1,-2.E-1,2.45E0));
#8327=DIRECTION('',(0.E0,0.E0,1.E0));
#8328=DIRECTION('',(0.E0,-1.E0,0.E0));
#8329=AXIS2_PLACEMENT_3D('',#8326,#8327,#8328);
#8330=PLANE('261443',#8329);
#8331=ORIENTED_EDGE('262958',*,*,#8068,.T.);
#8333=ORIENTED_EDGE('263283',*,*,#8332,.F.);
#8335=ORIENTED_EDGE('262963',*,*,#8334,.T.);
#8336=ORIENTED_EDGE('262571',*,*,#8318,.T.);
#8337=EDGE_LOOP('261443',(#8331,#8333,#8335,#8336));
#8338=FACE_OUTER_BOUND('261443',#8337,.F.);
#8339=ADVANCED_FACE('261443',(#8338),#8330,.F.);
#8340=CARTESIAN_POINT('',(0.E0,-6.5E-1,2.25E0));
#8341=DIRECTION('',(0.E0,-7.071067811864E-1,7.071067811867E-1));
#8342=DIRECTION('',(0.E0,-7.071067811867E-1,-7.071067811864E-1));
#8343=AXIS2_PLACEMENT_3D('',#8340,#8341,#8342);
#8344=PLANE('263627',#8343);
#8346=ORIENTED_EDGE('266184',*,*,#8345,.F.);
#8347=ORIENTED_EDGE('263283',*,*,#8332,.T.);
#8349=ORIENTED_EDGE('263546',*,*,#8348,.F.);
#8351=ORIENTED_EDGE('263531',*,*,#8350,.T.);
#8353=ORIENTED_EDGE('263545',*,*,#8352,.F.);
#8355=ORIENTED_EDGE('263263',*,*,#8354,.T.);
#8357=ORIENTED_EDGE('263530',*,*,#8356,.F.);
#8359=ORIENTED_EDGE('263515',*,*,#8358,.T.);
#8361=ORIENTED_EDGE('263529',*,*,#8360,.F.);
#8363=ORIENTED_EDGE('263243',*,*,#8362,.T.);
#8365=ORIENTED_EDGE('263514',*,*,#8364,.F.);
#8367=ORIENTED_EDGE('263499',*,*,#8366,.T.);
#8369=ORIENTED_EDGE('263513',*,*,#8368,.F.);
#8371=ORIENTED_EDGE('263223',*,*,#8370,.T.);
#8373=ORIENTED_EDGE('263498',*,*,#8372,.F.);
#8375=ORIENTED_EDGE('263483',*,*,#8374,.T.);
#8377=ORIENTED_EDGE('263497',*,*,#8376,.F.);
#8379=ORIENTED_EDGE('263203',*,*,#8378,.T.);
#8381=ORIENTED_EDGE('263482',*,*,#8380,.F.);
#8383=ORIENTED_EDGE('263467',*,*,#8382,.T.);
#8385=ORIENTED_EDGE('263481',*,*,#8384,.F.);
#8387=ORIENTED_EDGE('263183',*,*,#8386,.T.);
#8389=ORIENTED_EDGE('263466',*,*,#8388,.F.);
#8391=ORIENTED_EDGE('263451',*,*,#8390,.T.);
#8393=ORIENTED_EDGE('263465',*,*,#8392,.F.);
#8395=ORIENTED_EDGE('263163',*,*,#8394,.T.);
#8397=ORIENTED_EDGE('263450',*,*,#8396,.F.);
#8399=ORIENTED_EDGE('263435',*,*,#8398,.T.);
#8401=ORIENTED_EDGE('263449',*,*,#8400,.F.);
#8403=ORIENTED_EDGE('263143',*,*,#8402,.T.);
#8405=ORIENTED_EDGE('263434',*,*,#8404,.F.);
#8407=ORIENTED_EDGE('263419',*,*,#8406,.T.);
#8409=ORIENTED_EDGE('263433',*,*,#8408,.F.);
#8411=ORIENTED_EDGE('263123',*,*,#8410,.T.);
#8413=ORIENTED_EDGE('263418',*,*,#8412,.F.);
#8415=ORIENTED_EDGE('263403',*,*,#8414,.T.);
#8417=ORIENTED_EDGE('263417',*,*,#8416,.F.);
#8419=ORIENTED_EDGE('263103',*,*,#8418,.T.);
#8421=ORIENTED_EDGE('263402',*,*,#8420,.F.);
#8423=ORIENTED_EDGE('263387',*,*,#8422,.T.);
#8425=ORIENTED_EDGE('263401',*,*,#8424,.F.);
#8427=ORIENTED_EDGE('263083',*,*,#8426,.T.);
#8429=ORIENTED_EDGE('263386',*,*,#8428,.F.);
#8431=ORIENTED_EDGE('263371',*,*,#8430,.T.);
#8433=ORIENTED_EDGE('263385',*,*,#8432,.F.);
#8435=ORIENTED_EDGE('263063',*,*,#8434,.T.);
#8437=ORIENTED_EDGE('263370',*,*,#8436,.F.);
#8439=ORIENTED_EDGE('263355',*,*,#8438,.T.);
#8441=ORIENTED_EDGE('263369',*,*,#8440,.F.);
#8443=ORIENTED_EDGE('263042',*,*,#8442,.T.);
#8445=ORIENTED_EDGE('263054',*,*,#8444,.F.);
#8447=ORIENTED_EDGE('262738',*,*,#8446,.F.);
#8448=ORIENTED_EDGE('266160',*,*,#8172,.T.);
#8450=ORIENTED_EDGE('265192',*,*,#8449,.F.);
#8451=EDGE_LOOP('263627',(#8346,#8347,#8349,#8351,#8353,#8355,#8357,#8359,#8361,
#8363,#8365,#8367,#8369,#8371,#8373,#8375,#8377,#8379,#8381,#8383,#8385,#8387,
#8389,#8391,#8393,#8395,#8397,#8399,#8401,#8403,#8405,#8407,#8409,#8411,#8413,
#8415,#8417,#8419,#8421,#8423,#8425,#8427,#8429,#8431,#8433,#8435,#8437,#8439,
#8441,#8443,#8445,#8447,#8448,#8450));
#8452=FACE_OUTER_BOUND('263627',#8451,.F.);
#8453=ADVANCED_FACE('263627',(#8452),#8344,.T.);
#8454=CARTESIAN_POINT('',(0.E0,7.5E-1,2.45E0));
#8455=DIRECTION('',(0.E0,0.E0,1.E0));
#8456=DIRECTION('',(0.E0,-1.E0,0.E0));
#8457=AXIS2_PLACEMENT_3D('',#8454,#8455,#8456);
#8458=PLANE('263628',#8457);
#8460=ORIENTED_EDGE('266162',*,*,#8459,.F.);
#8462=ORIENTED_EDGE('262734',*,*,#8461,.F.);
#8464=ORIENTED_EDGE('262760',*,*,#8463,.F.);
#8466=ORIENTED_EDGE('262722',*,*,#8465,.F.);
#8468=ORIENTED_EDGE('262774',*,*,#8467,.T.);
#8469=ORIENTED_EDGE('263054',*,*,#8444,.T.);
#8471=ORIENTED_EDGE('263044',*,*,#8470,.T.);
#8473=ORIENTED_EDGE('263043',*,*,#8472,.F.);
#8475=ORIENTED_EDGE('263045',*,*,#8474,.T.);
#8476=ORIENTED_EDGE('263369',*,*,#8440,.T.);
#8478=ORIENTED_EDGE('263356',*,*,#8477,.T.);
#8480=ORIENTED_EDGE('263358',*,*,#8479,.F.);
#8482=ORIENTED_EDGE('263357',*,*,#8481,.T.);
#8483=ORIENTED_EDGE('263370',*,*,#8436,.T.);
#8485=ORIENTED_EDGE('263065',*,*,#8484,.T.);
#8487=ORIENTED_EDGE('263064',*,*,#8486,.F.);
#8489=ORIENTED_EDGE('263066',*,*,#8488,.T.);
#8490=ORIENTED_EDGE('263385',*,*,#8432,.T.);
#8492=ORIENTED_EDGE('263372',*,*,#8491,.T.);
#8494=ORIENTED_EDGE('263374',*,*,#8493,.F.);
#8496=ORIENTED_EDGE('263373',*,*,#8495,.T.);
#8497=ORIENTED_EDGE('263386',*,*,#8428,.T.);
#8499=ORIENTED_EDGE('263085',*,*,#8498,.T.);
#8501=ORIENTED_EDGE('263084',*,*,#8500,.F.);
#8503=ORIENTED_EDGE('263086',*,*,#8502,.T.);
#8504=ORIENTED_EDGE('263401',*,*,#8424,.T.);
#8506=ORIENTED_EDGE('263388',*,*,#8505,.T.);
#8508=ORIENTED_EDGE('263390',*,*,#8507,.F.);
#8510=ORIENTED_EDGE('263389',*,*,#8509,.T.);
#8511=ORIENTED_EDGE('263402',*,*,#8420,.T.);
#8513=ORIENTED_EDGE('263105',*,*,#8512,.T.);
#8515=ORIENTED_EDGE('263104',*,*,#8514,.F.);
#8517=ORIENTED_EDGE('263106',*,*,#8516,.T.);
#8518=ORIENTED_EDGE('263417',*,*,#8416,.T.);
#8520=ORIENTED_EDGE('263404',*,*,#8519,.T.);
#8522=ORIENTED_EDGE('263406',*,*,#8521,.F.);
#8524=ORIENTED_EDGE('263405',*,*,#8523,.T.);
#8525=ORIENTED_EDGE('263418',*,*,#8412,.T.);
#8527=ORIENTED_EDGE('263125',*,*,#8526,.T.);
#8529=ORIENTED_EDGE('263124',*,*,#8528,.F.);
#8531=ORIENTED_EDGE('263126',*,*,#8530,.T.);
#8532=ORIENTED_EDGE('263433',*,*,#8408,.T.);
#8534=ORIENTED_EDGE('263420',*,*,#8533,.T.);
#8536=ORIENTED_EDGE('263422',*,*,#8535,.F.);
#8538=ORIENTED_EDGE('263421',*,*,#8537,.T.);
#8539=ORIENTED_EDGE('263434',*,*,#8404,.T.);
#8541=ORIENTED_EDGE('263145',*,*,#8540,.T.);
#8543=ORIENTED_EDGE('263144',*,*,#8542,.F.);
#8545=ORIENTED_EDGE('263146',*,*,#8544,.T.);
#8546=ORIENTED_EDGE('263449',*,*,#8400,.T.);
#8548=ORIENTED_EDGE('263436',*,*,#8547,.T.);
#8550=ORIENTED_EDGE('263438',*,*,#8549,.F.);
#8552=ORIENTED_EDGE('263437',*,*,#8551,.T.);
#8553=ORIENTED_EDGE('263450',*,*,#8396,.T.);
#8555=ORIENTED_EDGE('263165',*,*,#8554,.T.);
#8557=ORIENTED_EDGE('263164',*,*,#8556,.F.);
#8559=ORIENTED_EDGE('263166',*,*,#8558,.T.);
#8560=ORIENTED_EDGE('263465',*,*,#8392,.T.);
#8562=ORIENTED_EDGE('263452',*,*,#8561,.T.);
#8564=ORIENTED_EDGE('263454',*,*,#8563,.F.);
#8566=ORIENTED_EDGE('263453',*,*,#8565,.T.);
#8567=ORIENTED_EDGE('263466',*,*,#8388,.T.);
#8569=ORIENTED_EDGE('263185',*,*,#8568,.T.);
#8571=ORIENTED_EDGE('263184',*,*,#8570,.F.);
#8573=ORIENTED_EDGE('263186',*,*,#8572,.T.);
#8574=ORIENTED_EDGE('263481',*,*,#8384,.T.);
#8576=ORIENTED_EDGE('263468',*,*,#8575,.T.);
#8578=ORIENTED_EDGE('263470',*,*,#8577,.F.);
#8580=ORIENTED_EDGE('263469',*,*,#8579,.T.);
#8581=ORIENTED_EDGE('263482',*,*,#8380,.T.);
#8583=ORIENTED_EDGE('263205',*,*,#8582,.T.);
#8585=ORIENTED_EDGE('263204',*,*,#8584,.F.);
#8587=ORIENTED_EDGE('263206',*,*,#8586,.T.);
#8588=ORIENTED_EDGE('263497',*,*,#8376,.T.);
#8590=ORIENTED_EDGE('263484',*,*,#8589,.T.);
#8592=ORIENTED_EDGE('263486',*,*,#8591,.F.);
#8594=ORIENTED_EDGE('263485',*,*,#8593,.T.);
#8595=ORIENTED_EDGE('263498',*,*,#8372,.T.);
#8597=ORIENTED_EDGE('263225',*,*,#8596,.T.);
#8599=ORIENTED_EDGE('263224',*,*,#8598,.F.);
#8601=ORIENTED_EDGE('263226',*,*,#8600,.T.);
#8602=ORIENTED_EDGE('263513',*,*,#8368,.T.);
#8604=ORIENTED_EDGE('263500',*,*,#8603,.T.);
#8606=ORIENTED_EDGE('263502',*,*,#8605,.F.);
#8608=ORIENTED_EDGE('263501',*,*,#8607,.T.);
#8609=ORIENTED_EDGE('263514',*,*,#8364,.T.);
#8611=ORIENTED_EDGE('263245',*,*,#8610,.T.);
#8613=ORIENTED_EDGE('263244',*,*,#8612,.F.);
#8615=ORIENTED_EDGE('263246',*,*,#8614,.T.);
#8616=ORIENTED_EDGE('263529',*,*,#8360,.T.);
#8618=ORIENTED_EDGE('263516',*,*,#8617,.T.);
#8620=ORIENTED_EDGE('263518',*,*,#8619,.F.);
#8622=ORIENTED_EDGE('263517',*,*,#8621,.T.);
#8623=ORIENTED_EDGE('263530',*,*,#8356,.T.);
#8625=ORIENTED_EDGE('263265',*,*,#8624,.T.);
#8627=ORIENTED_EDGE('263264',*,*,#8626,.F.);
#8629=ORIENTED_EDGE('263266',*,*,#8628,.T.);
#8630=ORIENTED_EDGE('263545',*,*,#8352,.T.);
#8632=ORIENTED_EDGE('263532',*,*,#8631,.T.);
#8634=ORIENTED_EDGE('263534',*,*,#8633,.F.);
#8636=ORIENTED_EDGE('263533',*,*,#8635,.T.);
#8637=ORIENTED_EDGE('263546',*,*,#8348,.T.);
#8638=ORIENTED_EDGE('263285',*,*,#8066,.T.);
#8639=ORIENTED_EDGE('263284',*,*,#8134,.F.);
#8641=ORIENTED_EDGE('263286',*,*,#8640,.T.);
#8642=ORIENTED_EDGE('266184',*,*,#8345,.T.);
#8644=ORIENTED_EDGE('265212',*,*,#8643,.F.);
#8646=ORIENTED_EDGE('265203',*,*,#8645,.F.);
#8648=ORIENTED_EDGE('265195',*,*,#8647,.F.);
#8650=ORIENTED_EDGE('265188',*,*,#8649,.F.);
#8651=EDGE_LOOP('263628',(#8460,#8462,#8464,#8466,#8468,#8469,#8471,#8473,#8475,
#8476,#8478,#8480,#8482,#8483,#8485,#8487,#8489,#8490,#8492,#8494,#8496,#8497,
#8499,#8501,#8503,#8504,#8506,#8508,#8510,#8511,#8513,#8515,#8517,#8518,#8520,
#8522,#8524,#8525,#8527,#8529,#8531,#8532,#8534,#8536,#8538,#8539,#8541,#8543,
#8545,#8546,#8548,#8550,#8552,#8553,#8555,#8557,#8559,#8560,#8562,#8564,#8566,
#8567,#8569,#8571,#8573,#8574,#8576,#8578,#8580,#8581,#8583,#8585,#8587,#8588,
#8590,#8592,#8594,#8595,#8597,#8599,#8601,#8602,#8604,#8606,#8608,#8609,#8611,
#8613,#8615,#8616,#8618,#8620,#8622,#8623,#8625,#8627,#8629,#8630,#8632,#8634,
#8636,#8637,#8638,#8639,#8641,#8642,#8644,#8646,#8648,#8650));
#8652=FACE_OUTER_BOUND('263628',#8651,.F.);
#8653=ADVANCED_FACE('263628',(#8652),#8458,.T.);
#8654=CARTESIAN_POINT('',(0.E0,1.95E0,0.E0));
#8655=DIRECTION('',(0.E0,-1.E0,0.E0));
#8656=DIRECTION('',(0.E0,0.E0,-1.E0));
#8657=AXIS2_PLACEMENT_3D('',#8654,#8655,#8656);
#8658=PLANE('263631',#8657);
#8660=ORIENTED_EDGE('266163',*,*,#8659,.F.);
#8662=ORIENTED_EDGE('262719',*,*,#8661,.T.);
#8664=ORIENTED_EDGE('262749',*,*,#8663,.T.);
#8666=ORIENTED_EDGE('262733',*,*,#8665,.T.);
#8667=ORIENTED_EDGE('266162',*,*,#8459,.T.);
#8669=ORIENTED_EDGE('265189',*,*,#8668,.T.);
#8671=ORIENTED_EDGE('265179',*,*,#8670,.T.);
#8673=ORIENTED_EDGE('265202',*,*,#8672,.T.);
#8674=EDGE_LOOP('263631',(#8660,#8662,#8664,#8666,#8667,#8669,#8671,#8673));
#8675=FACE_OUTER_BOUND('263631',#8674,.F.);
#8676=ADVANCED_FACE('263631',(#8675),#8658,.F.);
#8677=CARTESIAN_POINT('',(0.E0,2.5E-1,-2.95E0));
#8678=DIRECTION('',(0.E0,0.E0,1.E0));
#8679=DIRECTION('',(0.E0,-1.E0,0.E0));
#8680=AXIS2_PLACEMENT_3D('',#8677,#8678,#8679);
#8681=PLANE('263632',#8680);
#8683=ORIENTED_EDGE('266164',*,*,#8682,.F.);
#8685=ORIENTED_EDGE('262718',*,*,#8684,.T.);
#8686=ORIENTED_EDGE('266163',*,*,#8659,.T.);
#8688=ORIENTED_EDGE('265201',*,*,#8687,.T.);
#8689=EDGE_LOOP('263632',(#8683,#8685,#8686,#8688));
#8690=FACE_OUTER_BOUND('263632',#8689,.F.);
#8692=ORIENTED_EDGE('266133',*,*,#8691,.F.);
#8694=ORIENTED_EDGE('266149',*,*,#8693,.F.);
#8696=ORIENTED_EDGE('262780',*,*,#8695,.F.);
#8698=ORIENTED_EDGE('266167',*,*,#8697,.F.);
#8700=ORIENTED_EDGE('265218',*,*,#8699,.F.);
#8701=EDGE_LOOP('263632',(#8692,#8694,#8696,#8698,#8700));
#8702=FACE_BOUND('263632',#8701,.F.);
#8703=ADVANCED_FACE('263632',(#8690,#8702),#8681,.F.);
#8704=CARTESIAN_POINT('',(0.E0,-1.45E0,-2.2E0));
#8705=DIRECTION('',(0.E0,-1.E0,0.E0));
#8706=DIRECTION('',(0.E0,0.E0,-1.E0));
#8707=AXIS2_PLACEMENT_3D('',#8704,#8705,#8706);
#8708=PLANE('263633',#8707);
#8710=ORIENTED_EDGE('266165',*,*,#8709,.F.);
#8712=ORIENTED_EDGE('262717',*,*,#8711,.F.);
#8713=ORIENTED_EDGE('266164',*,*,#8682,.T.);
#8715=ORIENTED_EDGE('265200',*,*,#8714,.F.);
#8716=EDGE_LOOP('263633',(#8710,#8712,#8713,#8715));
#8717=FACE_OUTER_BOUND('263633',#8716,.F.);
#8718=ADVANCED_FACE('263633',(#8717),#8708,.T.);
#8719=CARTESIAN_POINT('',(0.E0,-1.7E0,-1.2E0));
#8720=DIRECTION('',(0.E0,-7.071067811865E-1,-7.071067811865E-1));
#8721=DIRECTION('',(0.E0,7.071067811865E-1,-7.071067811865E-1));
#8722=AXIS2_PLACEMENT_3D('',#8719,#8720,#8721);
#8723=PLANE('263634',#8722);
#8724=ORIENTED_EDGE('266166',*,*,#7918,.T.);
#8726=ORIENTED_EDGE('262716',*,*,#8725,.F.);
#8727=ORIENTED_EDGE('266165',*,*,#8709,.T.);
#8729=ORIENTED_EDGE('265199',*,*,#8728,.T.);
#8730=EDGE_LOOP('263634',(#8724,#8726,#8727,#8729));
#8731=FACE_OUTER_BOUND('263634',#8730,.F.);
#8732=ADVANCED_FACE('263634',(#8731),#8723,.T.);
#8733=CARTESIAN_POINT('',(1.03E1,0.E0,0.E0));
#8734=DIRECTION('',(-1.E0,0.E0,0.E0));
#8735=DIRECTION('',(0.E0,1.E0,0.E0));
#8736=AXIS2_PLACEMENT_3D('',#8733,#8734,#8735);
#8737=PLANE('261175',#8736);
#8738=ORIENTED_EDGE('262715',*,*,#7916,.F.);
#8740=ORIENTED_EDGE('262724',*,*,#8739,.F.);
#8742=ORIENTED_EDGE('262723',*,*,#8741,.T.);
#8743=ORIENTED_EDGE('262722',*,*,#8465,.T.);
#8745=ORIENTED_EDGE('262721',*,*,#8744,.T.);
#8747=ORIENTED_EDGE('262720',*,*,#8746,.F.);
#8748=ORIENTED_EDGE('262719',*,*,#8661,.F.);
#8749=ORIENTED_EDGE('262718',*,*,#8684,.F.);
#8750=ORIENTED_EDGE('262717',*,*,#8711,.T.);
#8751=ORIENTED_EDGE('262716',*,*,#8725,.T.);
#8752=EDGE_LOOP('261175',(#8738,#8740,#8742,#8743,#8745,#8747,#8748,#8749,#8750,
#8751));
#8753=FACE_OUTER_BOUND('261175',#8752,.F.);
#8754=ADVANCED_FACE('261175',(#8753),#8737,.F.);
#8755=CARTESIAN_POINT('',(9.9E0,-1.2E0,2.95E0));
#8756=DIRECTION('',(0.E0,0.E0,1.E0));
#8757=DIRECTION('',(0.E0,1.E0,0.E0));
#8758=AXIS2_PLACEMENT_3D('',#8755,#8756,#8757);
#8759=PLANE('261182',#8758);
#8761=ORIENTED_EDGE('262736',*,*,#8760,.T.);
#8763=ORIENTED_EDGE('262750',*,*,#8762,.T.);
#8764=ORIENTED_EDGE('262724',*,*,#8739,.T.);
#8765=ORIENTED_EDGE('262726',*,*,#7914,.T.);
#8766=EDGE_LOOP('261182',(#8761,#8763,#8764,#8765));
#8767=FACE_OUTER_BOUND('261182',#8766,.F.);
#8768=ADVANCED_FACE('261182',(#8767),#8759,.T.);
#8769=CARTESIAN_POINT('',(9.5E0,-1.2E0,2.5E0));
#8770=DIRECTION('',(-1.E0,0.E0,0.E0));
#8771=DIRECTION('',(0.E0,-1.E0,0.E0));
#8772=AXIS2_PLACEMENT_3D('',#8769,#8770,#8771);
#8773=PLANE('261178',#8772);
#8774=ORIENTED_EDGE('262736',*,*,#8760,.F.);
#8775=ORIENTED_EDGE('262725',*,*,#7912,.F.);
#8776=ORIENTED_EDGE('262739',*,*,#8174,.T.);
#8777=ORIENTED_EDGE('262738',*,*,#8446,.T.);
#8779=ORIENTED_EDGE('262737',*,*,#8778,.T.);
#8780=EDGE_LOOP('261178',(#8774,#8775,#8776,#8777,#8779));
#8781=FACE_OUTER_BOUND('261178',#8780,.F.);
#8782=ADVANCED_FACE('261178',(#8781),#8773,.T.);
#8783=CARTESIAN_POINT('',(9.9E0,-4.5E-1,2.7E0));
#8784=DIRECTION('',(0.E0,-1.E0,0.E0));
#8785=DIRECTION('',(0.E0,0.E0,1.E0));
#8786=AXIS2_PLACEMENT_3D('',#8783,#8784,#8785);
#8787=PLANE('261194',#8786);
#8788=ORIENTED_EDGE('262723',*,*,#8741,.F.);
#8789=ORIENTED_EDGE('262750',*,*,#8762,.F.);
#8790=ORIENTED_EDGE('262737',*,*,#8778,.F.);
#8791=ORIENTED_EDGE('262774',*,*,#8467,.F.);
#8792=EDGE_LOOP('261194',(#8788,#8789,#8790,#8791));
#8793=FACE_OUTER_BOUND('261194',#8792,.F.);
#8794=ADVANCED_FACE('261194',(#8793),#8787,.F.);
#8795=CARTESIAN_POINT('',(9.9E0,5.5E-1,2.7E0));
#8796=DIRECTION('',(0.E0,-1.E0,0.E0));
#8797=DIRECTION('',(0.E0,0.E0,-1.E0));
#8798=AXIS2_PLACEMENT_3D('',#8795,#8796,#8797);
#8799=PLANE('261186',#8798);
#8801=ORIENTED_EDGE('262735',*,*,#8800,.F.);
#8803=ORIENTED_EDGE('262748',*,*,#8802,.F.);
#8804=ORIENTED_EDGE('262721',*,*,#8744,.F.);
#8805=ORIENTED_EDGE('262760',*,*,#8463,.T.);
#8806=EDGE_LOOP('261186',(#8801,#8803,#8804,#8805));
#8807=FACE_OUTER_BOUND('261186',#8806,.F.);
#8808=ADVANCED_FACE('261186',(#8807),#8799,.T.);
#8809=CARTESIAN_POINT('',(9.5E0,1.25E0,2.7E0));
#8810=DIRECTION('',(-1.E0,0.E0,0.E0));
#8811=DIRECTION('',(0.E0,-1.E0,0.E0));
#8812=AXIS2_PLACEMENT_3D('',#8809,#8810,#8811);
#8813=PLANE('261177',#8812);
#8815=ORIENTED_EDGE('262732',*,*,#8814,.F.);
#8816=ORIENTED_EDGE('262735',*,*,#8800,.T.);
#8817=ORIENTED_EDGE('262734',*,*,#8461,.T.);
#8818=ORIENTED_EDGE('262733',*,*,#8665,.F.);
#8819=EDGE_LOOP('261177',(#8815,#8816,#8817,#8818));
#8820=FACE_OUTER_BOUND('261177',#8819,.F.);
#8821=ADVANCED_FACE('261177',(#8820),#8813,.T.);
#8822=CARTESIAN_POINT('',(9.9E0,1.25E0,2.95E0));
#8823=DIRECTION('',(0.E0,0.E0,1.E0));
#8824=DIRECTION('',(0.E0,1.E0,0.E0));
#8825=AXIS2_PLACEMENT_3D('',#8822,#8823,#8824);
#8826=PLANE('261181',#8825);
#8827=ORIENTED_EDGE('262720',*,*,#8746,.T.);
#8828=ORIENTED_EDGE('262748',*,*,#8802,.T.);
#8829=ORIENTED_EDGE('262732',*,*,#8814,.T.);
#8830=ORIENTED_EDGE('262749',*,*,#8663,.F.);
#8831=EDGE_LOOP('261181',(#8827,#8828,#8829,#8830));
#8832=FACE_OUTER_BOUND('261181',#8831,.F.);
#8833=ADVANCED_FACE('261181',(#8832),#8826,.T.);
#8834=CARTESIAN_POINT('',(-1.73E1,0.E0,0.E0));
#8835=DIRECTION('',(-1.E0,0.E0,0.E0));
#8836=DIRECTION('',(0.E0,1.E0,0.E0));
#8837=AXIS2_PLACEMENT_3D('',#8834,#8835,#8836);
#8838=PLANE('263623',#8837);
#8840=ORIENTED_EDGE('265180',*,*,#8839,.T.);
#8842=ORIENTED_EDGE('265197',*,*,#8841,.T.);
#8844=ORIENTED_EDGE('265198',*,*,#8843,.T.);
#8845=ORIENTED_EDGE('265164',*,*,#7920,.T.);
#8846=ORIENTED_EDGE('265199',*,*,#8728,.F.);
#8847=ORIENTED_EDGE('265200',*,*,#8714,.T.);
#8848=ORIENTED_EDGE('265201',*,*,#8687,.F.);
#8849=ORIENTED_EDGE('265202',*,*,#8672,.F.);
#8851=ORIENTED_EDGE('265178',*,*,#8850,.T.);
#8853=ORIENTED_EDGE('265194',*,*,#8852,.T.);
#8854=ORIENTED_EDGE('265203',*,*,#8645,.T.);
#8856=ORIENTED_EDGE('265204',*,*,#8855,.T.);
#8857=EDGE_LOOP('263623',(#8840,#8842,#8844,#8845,#8846,#8847,#8848,#8849,#8851,
#8853,#8854,#8856));
#8858=FACE_OUTER_BOUND('263623',#8857,.F.);
#8859=ADVANCED_FACE('263623',(#8858),#8838,.T.);
#8860=CARTESIAN_POINT('',(-1.69E1,-1.E0,2.95E0));
#8861=DIRECTION('',(0.E0,0.E0,1.E0));
#8862=DIRECTION('',(0.E0,1.E0,0.E0));
#8863=AXIS2_PLACEMENT_3D('',#8860,#8861,#8862);
#8864=PLANE('263616',#8863);
#8865=ORIENTED_EDGE('265180',*,*,#8839,.F.);
#8867=ORIENTED_EDGE('265181',*,*,#8866,.T.);
#8869=ORIENTED_EDGE('265182',*,*,#8868,.T.);
#8871=ORIENTED_EDGE('265183',*,*,#8870,.T.);
#8872=EDGE_LOOP('263616',(#8865,#8867,#8869,#8871));
#8873=FACE_OUTER_BOUND('263616',#8872,.F.);
#8874=ADVANCED_FACE('263616',(#8873),#8864,.T.);
#8875=CARTESIAN_POINT('',(-1.69E1,-4.5E-1,2.7E0));
#8876=DIRECTION('',(0.E0,-1.E0,0.E0));
#8877=DIRECTION('',(0.E0,0.E0,1.E0));
#8878=AXIS2_PLACEMENT_3D('',#8875,#8876,#8877);
#8879=PLANE('263629',#8878);
#8881=ORIENTED_EDGE('265193',*,*,#8880,.F.);
#8882=ORIENTED_EDGE('265181',*,*,#8866,.F.);
#8883=ORIENTED_EDGE('265204',*,*,#8855,.F.);
#8884=ORIENTED_EDGE('265212',*,*,#8643,.T.);
#8885=EDGE_LOOP('263629',(#8881,#8882,#8883,#8884));
#8886=FACE_OUTER_BOUND('263629',#8885,.F.);
#8887=ADVANCED_FACE('263629',(#8886),#8879,.F.);
#8888=CARTESIAN_POINT('',(-1.65E1,-1.E0,2.5E0));
#8889=DIRECTION('',(-1.E0,0.E0,0.E0));
#8890=DIRECTION('',(0.E0,1.E0,0.E0));
#8891=AXIS2_PLACEMENT_3D('',#8888,#8889,#8890);
#8892=PLANE('263620',#8891);
#8894=ORIENTED_EDGE('265190',*,*,#8893,.F.);
#8895=ORIENTED_EDGE('265182',*,*,#8868,.F.);
#8896=ORIENTED_EDGE('265193',*,*,#8880,.T.);
#8897=ORIENTED_EDGE('265192',*,*,#8449,.T.);
#8898=ORIENTED_EDGE('265191',*,*,#8179,.F.);
#8899=EDGE_LOOP('263620',(#8894,#8895,#8896,#8897,#8898));
#8900=FACE_OUTER_BOUND('263620',#8899,.F.);
#8901=ADVANCED_FACE('263620',(#8900),#8892,.F.);
#8902=CARTESIAN_POINT('',(-1.69E1,-1.55E0,1.5E0));
#8903=DIRECTION('',(0.E0,-1.E0,0.E0));
#8904=DIRECTION('',(0.E0,0.E0,-1.E0));
#8905=AXIS2_PLACEMENT_3D('',#8902,#8903,#8904);
#8906=PLANE('263624',#8905);
#8907=ORIENTED_EDGE('265197',*,*,#8841,.F.);
#8908=ORIENTED_EDGE('265183',*,*,#8870,.F.);
#8909=ORIENTED_EDGE('265190',*,*,#8893,.T.);
#8911=ORIENTED_EDGE('265206',*,*,#8910,.T.);
#8913=ORIENTED_EDGE('265205',*,*,#8912,.T.);
#8914=EDGE_LOOP('263624',(#8907,#8908,#8909,#8911,#8913));
#8915=FACE_OUTER_BOUND('263624',#8914,.F.);
#8916=ADVANCED_FACE('263624',(#8915),#8906,.T.);
#8917=CARTESIAN_POINT('',(-1.65E1,-1.75E0,1.05E0));
#8918=DIRECTION('',(-1.E0,0.E0,0.E0));
#8919=DIRECTION('',(0.E0,1.E0,0.E0));
#8920=AXIS2_PLACEMENT_3D('',#8917,#8918,#8919);
#8921=PLANE('263625',#8920);
#8922=ORIENTED_EDGE('265207',*,*,#8177,.F.);
#8923=ORIENTED_EDGE('265166',*,*,#7924,.T.);
#8925=ORIENTED_EDGE('265208',*,*,#8924,.T.);
#8926=ORIENTED_EDGE('265206',*,*,#8910,.F.);
#8927=EDGE_LOOP('263625',(#8922,#8923,#8925,#8926));
#8928=FACE_OUTER_BOUND('263625',#8927,.F.);
#8929=ADVANCED_FACE('263625',(#8928),#8921,.T.);
#8930=CARTESIAN_POINT('',(-1.69E1,-1.75E0,5.E-2));
#8931=DIRECTION('',(0.E0,0.E0,1.E0));
#8932=DIRECTION('',(0.E0,-1.E0,0.E0));
#8933=AXIS2_PLACEMENT_3D('',#8930,#8931,#8932);
#8934=PLANE('263646',#8933);
#8935=ORIENTED_EDGE('265198',*,*,#8843,.F.);
#8936=ORIENTED_EDGE('265205',*,*,#8912,.F.);
#8937=ORIENTED_EDGE('265208',*,*,#8924,.F.);
#8938=ORIENTED_EDGE('265165',*,*,#7922,.F.);
#8939=EDGE_LOOP('263646',(#8935,#8936,#8937,#8938));
#8940=FACE_OUTER_BOUND('263646',#8939,.F.);
#8941=ADVANCED_FACE('263646',(#8940),#8934,.T.);
#8942=CARTESIAN_POINT('',(-1.69E1,1.25E0,2.95E0));
#8943=DIRECTION('',(0.E0,0.E0,1.E0));
#8944=DIRECTION('',(0.E0,1.E0,0.E0));
#8945=AXIS2_PLACEMENT_3D('',#8942,#8943,#8944);
#8946=PLANE('263615',#8945);
#8948=ORIENTED_EDGE('265176',*,*,#8947,.T.);
#8950=ORIENTED_EDGE('265177',*,*,#8949,.T.);
#8951=ORIENTED_EDGE('265178',*,*,#8850,.F.);
#8952=ORIENTED_EDGE('265179',*,*,#8670,.F.);
#8953=EDGE_LOOP('263615',(#8948,#8950,#8951,#8952));
#8954=FACE_OUTER_BOUND('263615',#8953,.F.);
#8955=ADVANCED_FACE('263615',(#8954),#8946,.T.);
#8956=CARTESIAN_POINT('',(-1.65E1,1.25E0,2.7E0));
#8957=DIRECTION('',(-1.E0,0.E0,0.E0));
#8958=DIRECTION('',(0.E0,1.E0,0.E0));
#8959=AXIS2_PLACEMENT_3D('',#8956,#8957,#8958);
#8960=PLANE('263619',#8959);
#8962=ORIENTED_EDGE('265187',*,*,#8961,.T.);
#8963=ORIENTED_EDGE('265176',*,*,#8947,.F.);
#8964=ORIENTED_EDGE('265189',*,*,#8668,.F.);
#8965=ORIENTED_EDGE('265188',*,*,#8649,.T.);
#8966=EDGE_LOOP('263619',(#8962,#8963,#8964,#8965));
#8967=FACE_OUTER_BOUND('263619',#8966,.F.);
#8968=ADVANCED_FACE('263619',(#8967),#8960,.F.);
#8969=CARTESIAN_POINT('',(-1.69E1,5.5E-1,2.7E0));
#8970=DIRECTION('',(0.E0,-1.E0,0.E0));
#8971=DIRECTION('',(0.E0,0.E0,-1.E0));
#8972=AXIS2_PLACEMENT_3D('',#8969,#8970,#8971);
#8973=PLANE('263621',#8972);
#8974=ORIENTED_EDGE('265194',*,*,#8852,.F.);
#8975=ORIENTED_EDGE('265177',*,*,#8949,.F.);
#8976=ORIENTED_EDGE('265187',*,*,#8961,.F.);
#8977=ORIENTED_EDGE('265195',*,*,#8647,.T.);
#8978=EDGE_LOOP('263621',(#8974,#8975,#8976,#8977));
#8979=FACE_OUTER_BOUND('263621',#8978,.F.);
#8980=ADVANCED_FACE('263621',(#8979),#8973,.T.);
#8981=CARTESIAN_POINT('',(1.75344E1,2.5E-1,-2.45E0));
#8982=DIRECTION('',(-1.E0,0.E0,0.E0));
#8983=DIRECTION('',(0.E0,0.E0,-1.E0));
#8984=AXIS2_PLACEMENT_3D('',#8981,#8982,#8983);
#8985=CYLINDRICAL_SURFACE('263635',#8984,5.E-1);
#8987=ORIENTED_EDGE('266136',*,*,#8986,.T.);
#8989=ORIENTED_EDGE('266152',*,*,#8988,.T.);
#8991=ORIENTED_EDGE('262787',*,*,#8990,.T.);
#8993=ORIENTED_EDGE('262788',*,*,#8992,.T.);
#8994=ORIENTED_EDGE('266149',*,*,#8693,.T.);
#8995=ORIENTED_EDGE('266133',*,*,#8691,.T.);
#8997=ORIENTED_EDGE('265220',*,*,#8996,.T.);
#8999=ORIENTED_EDGE('265221',*,*,#8998,.F.);
#9000=EDGE_LOOP('263635',(#8987,#8989,#8991,#8993,#8994,#8995,#8997,#8999));
#9001=FACE_OUTER_BOUND('263635',#9000,.F.);
#9002=ADVANCED_FACE('263635',(#9001),#8985,.T.);
#9003=CARTESIAN_POINT('',(0.E0,-2.5E-1,-8.25E-1));
#9004=DIRECTION('',(0.E0,-1.E0,0.E0));
#9005=DIRECTION('',(0.E0,0.E0,-1.E0));
#9006=AXIS2_PLACEMENT_3D('',#9003,#9004,#9005);
#9007=PLANE('263639',#9006);
#9009=ORIENTED_EDGE('266138',*,*,#9008,.T.);
#9011=ORIENTED_EDGE('266154',*,*,#9010,.T.);
#9013=ORIENTED_EDGE('262800',*,*,#9012,.T.);
#9014=ORIENTED_EDGE('266152',*,*,#8988,.F.);
#9015=ORIENTED_EDGE('266136',*,*,#8986,.F.);
#9017=ORIENTED_EDGE('265231',*,*,#9016,.T.);
#9018=EDGE_LOOP('263639',(#9009,#9011,#9013,#9014,#9015,#9017));
#9019=FACE_OUTER_BOUND('263639',#9018,.F.);
#9021=ORIENTED_EDGE('263535',*,*,#9020,.F.);
#9023=ORIENTED_EDGE('263536',*,*,#9022,.F.);
#9025=ORIENTED_EDGE('263538',*,*,#9024,.T.);
#9027=ORIENTED_EDGE('263537',*,*,#9026,.F.);
#9028=EDGE_LOOP('263639',(#9021,#9023,#9025,#9027));
#9029=FACE_BOUND('263639',#9028,.F.);
#9031=ORIENTED_EDGE('263519',*,*,#9030,.F.);
#9033=ORIENTED_EDGE('263520',*,*,#9032,.F.);
#9035=ORIENTED_EDGE('263522',*,*,#9034,.T.);
#9037=ORIENTED_EDGE('263521',*,*,#9036,.F.);
#9038=EDGE_LOOP('263639',(#9031,#9033,#9035,#9037));
#9039=FACE_BOUND('263639',#9038,.F.);
#9041=ORIENTED_EDGE('263503',*,*,#9040,.F.);
#9043=ORIENTED_EDGE('263504',*,*,#9042,.F.);
#9045=ORIENTED_EDGE('263506',*,*,#9044,.T.);
#9047=ORIENTED_EDGE('263505',*,*,#9046,.F.);
#9048=EDGE_LOOP('263639',(#9041,#9043,#9045,#9047));
#9049=FACE_BOUND('263639',#9048,.F.);
#9051=ORIENTED_EDGE('263487',*,*,#9050,.F.);
#9053=ORIENTED_EDGE('263488',*,*,#9052,.F.);
#9055=ORIENTED_EDGE('263490',*,*,#9054,.T.);
#9057=ORIENTED_EDGE('263489',*,*,#9056,.F.);
#9058=EDGE_LOOP('263639',(#9051,#9053,#9055,#9057));
#9059=FACE_BOUND('263639',#9058,.F.);
#9061=ORIENTED_EDGE('263471',*,*,#9060,.F.);
#9063=ORIENTED_EDGE('263472',*,*,#9062,.F.);
#9065=ORIENTED_EDGE('263474',*,*,#9064,.T.);
#9067=ORIENTED_EDGE('263473',*,*,#9066,.F.);
#9068=EDGE_LOOP('263639',(#9061,#9063,#9065,#9067));
#9069=FACE_BOUND('263639',#9068,.F.);
#9071=ORIENTED_EDGE('263455',*,*,#9070,.F.);
#9073=ORIENTED_EDGE('263456',*,*,#9072,.F.);
#9075=ORIENTED_EDGE('263458',*,*,#9074,.T.);
#9077=ORIENTED_EDGE('263457',*,*,#9076,.F.);
#9078=EDGE_LOOP('263639',(#9071,#9073,#9075,#9077));
#9079=FACE_BOUND('263639',#9078,.F.);
#9081=ORIENTED_EDGE('263439',*,*,#9080,.F.);
#9083=ORIENTED_EDGE('263440',*,*,#9082,.F.);
#9085=ORIENTED_EDGE('263442',*,*,#9084,.T.);
#9087=ORIENTED_EDGE('263441',*,*,#9086,.F.);
#9088=EDGE_LOOP('263639',(#9081,#9083,#9085,#9087));
#9089=FACE_BOUND('263639',#9088,.F.);
#9091=ORIENTED_EDGE('263423',*,*,#9090,.F.);
#9093=ORIENTED_EDGE('263424',*,*,#9092,.F.);
#9095=ORIENTED_EDGE('263426',*,*,#9094,.T.);
#9097=ORIENTED_EDGE('263425',*,*,#9096,.F.);
#9098=EDGE_LOOP('263639',(#9091,#9093,#9095,#9097));
#9099=FACE_BOUND('263639',#9098,.F.);
#9101=ORIENTED_EDGE('263407',*,*,#9100,.F.);
#9103=ORIENTED_EDGE('263408',*,*,#9102,.F.);
#9105=ORIENTED_EDGE('263410',*,*,#9104,.T.);
#9107=ORIENTED_EDGE('263409',*,*,#9106,.F.);
#9108=EDGE_LOOP('263639',(#9101,#9103,#9105,#9107));
#9109=FACE_BOUND('263639',#9108,.F.);
#9111=ORIENTED_EDGE('263391',*,*,#9110,.F.);
#9113=ORIENTED_EDGE('263392',*,*,#9112,.F.);
#9115=ORIENTED_EDGE('263394',*,*,#9114,.T.);
#9117=ORIENTED_EDGE('263393',*,*,#9116,.F.);
#9118=EDGE_LOOP('263639',(#9111,#9113,#9115,#9117));
#9119=FACE_BOUND('263639',#9118,.F.);
#9121=ORIENTED_EDGE('263375',*,*,#9120,.F.);
#9123=ORIENTED_EDGE('263376',*,*,#9122,.F.);
#9125=ORIENTED_EDGE('263378',*,*,#9124,.T.);
#9127=ORIENTED_EDGE('263377',*,*,#9126,.F.);
#9128=EDGE_LOOP('263639',(#9121,#9123,#9125,#9127));
#9129=FACE_BOUND('263639',#9128,.F.);
#9131=ORIENTED_EDGE('263359',*,*,#9130,.F.);
#9133=ORIENTED_EDGE('263360',*,*,#9132,.F.);
#9135=ORIENTED_EDGE('263362',*,*,#9134,.T.);
#9137=ORIENTED_EDGE('263361',*,*,#9136,.F.);
#9138=EDGE_LOOP('263639',(#9131,#9133,#9135,#9137));
#9139=FACE_BOUND('263639',#9138,.F.);
#9140=ORIENTED_EDGE('263287',*,*,#8113,.F.);
#9142=ORIENTED_EDGE('263288',*,*,#9141,.F.);
#9144=ORIENTED_EDGE('263290',*,*,#9143,.T.);
#9146=ORIENTED_EDGE('263289',*,*,#9145,.F.);
#9147=EDGE_LOOP('263639',(#9140,#9142,#9144,#9146));
#9148=FACE_BOUND('263639',#9147,.F.);
#9150=ORIENTED_EDGE('263267',*,*,#9149,.F.);
#9152=ORIENTED_EDGE('263268',*,*,#9151,.F.);
#9154=ORIENTED_EDGE('263270',*,*,#9153,.T.);
#9156=ORIENTED_EDGE('263269',*,*,#9155,.F.);
#9157=EDGE_LOOP('263639',(#9150,#9152,#9154,#9156));
#9158=FACE_BOUND('263639',#9157,.F.);
#9160=ORIENTED_EDGE('263247',*,*,#9159,.F.);
#9162=ORIENTED_EDGE('263248',*,*,#9161,.F.);
#9164=ORIENTED_EDGE('263250',*,*,#9163,.T.);
#9166=ORIENTED_EDGE('263249',*,*,#9165,.F.);
#9167=EDGE_LOOP('263639',(#9160,#9162,#9164,#9166));
#9168=FACE_BOUND('263639',#9167,.F.);
#9170=ORIENTED_EDGE('263227',*,*,#9169,.F.);
#9172=ORIENTED_EDGE('263228',*,*,#9171,.F.);
#9174=ORIENTED_EDGE('263230',*,*,#9173,.T.);
#9176=ORIENTED_EDGE('263229',*,*,#9175,.F.);
#9177=EDGE_LOOP('263639',(#9170,#9172,#9174,#9176));
#9178=FACE_BOUND('263639',#9177,.F.);
#9180=ORIENTED_EDGE('263207',*,*,#9179,.F.);
#9182=ORIENTED_EDGE('263208',*,*,#9181,.F.);
#9184=ORIENTED_EDGE('263210',*,*,#9183,.T.);
#9186=ORIENTED_EDGE('263209',*,*,#9185,.F.);
#9187=EDGE_LOOP('263639',(#9180,#9182,#9184,#9186));
#9188=FACE_BOUND('263639',#9187,.F.);
#9190=ORIENTED_EDGE('263187',*,*,#9189,.F.);
#9192=ORIENTED_EDGE('263188',*,*,#9191,.F.);
#9194=ORIENTED_EDGE('263190',*,*,#9193,.T.);
#9196=ORIENTED_EDGE('263189',*,*,#9195,.F.);
#9197=EDGE_LOOP('263639',(#9190,#9192,#9194,#9196));
#9198=FACE_BOUND('263639',#9197,.F.);
#9200=ORIENTED_EDGE('263167',*,*,#9199,.F.);
#9202=ORIENTED_EDGE('263168',*,*,#9201,.F.);
#9204=ORIENTED_EDGE('263170',*,*,#9203,.T.);
#9206=ORIENTED_EDGE('263169',*,*,#9205,.F.);
#9207=EDGE_LOOP('263639',(#9200,#9202,#9204,#9206));
#9208=FACE_BOUND('263639',#9207,.F.);
#9210=ORIENTED_EDGE('263147',*,*,#9209,.F.);
#9212=ORIENTED_EDGE('263148',*,*,#9211,.F.);
#9214=ORIENTED_EDGE('263150',*,*,#9213,.T.);
#9216=ORIENTED_EDGE('263149',*,*,#9215,.F.);
#9217=EDGE_LOOP('263639',(#9210,#9212,#9214,#9216));
#9218=FACE_BOUND('263639',#9217,.F.);
#9220=ORIENTED_EDGE('263127',*,*,#9219,.F.);
#9222=ORIENTED_EDGE('263128',*,*,#9221,.F.);
#9224=ORIENTED_EDGE('263130',*,*,#9223,.T.);
#9226=ORIENTED_EDGE('263129',*,*,#9225,.F.);
#9227=EDGE_LOOP('263639',(#9220,#9222,#9224,#9226));
#9228=FACE_BOUND('263639',#9227,.F.);
#9230=ORIENTED_EDGE('263107',*,*,#9229,.F.);
#9232=ORIENTED_EDGE('263108',*,*,#9231,.F.);
#9234=ORIENTED_EDGE('263110',*,*,#9233,.T.);
#9236=ORIENTED_EDGE('263109',*,*,#9235,.F.);
#9237=EDGE_LOOP('263639',(#9230,#9232,#9234,#9236));
#9238=FACE_BOUND('263639',#9237,.F.);
#9240=ORIENTED_EDGE('263087',*,*,#9239,.F.);
#9242=ORIENTED_EDGE('263088',*,*,#9241,.F.);
#9244=ORIENTED_EDGE('263090',*,*,#9243,.T.);
#9246=ORIENTED_EDGE('263089',*,*,#9245,.F.);
#9247=EDGE_LOOP('263639',(#9240,#9242,#9244,#9246));
#9248=FACE_BOUND('263639',#9247,.F.);
#9250=ORIENTED_EDGE('263067',*,*,#9249,.F.);
#9252=ORIENTED_EDGE('263068',*,*,#9251,.F.);
#9254=ORIENTED_EDGE('263070',*,*,#9253,.T.);
#9256=ORIENTED_EDGE('263069',*,*,#9255,.F.);
#9257=EDGE_LOOP('263639',(#9250,#9252,#9254,#9256));
#9258=FACE_BOUND('263639',#9257,.F.);
#9260=ORIENTED_EDGE('263046',*,*,#9259,.F.);
#9262=ORIENTED_EDGE('263047',*,*,#9261,.F.);
#9264=ORIENTED_EDGE('263049',*,*,#9263,.T.);
#9266=ORIENTED_EDGE('263048',*,*,#9265,.F.);
#9267=EDGE_LOOP('263639',(#9260,#9262,#9264,#9266));
#9268=FACE_BOUND('263639',#9267,.F.);
#9269=ADVANCED_FACE('263639',(#9019,#9029,#9039,#9049,#9059,#9069,#9079,#9089,
#9099,#9109,#9119,#9129,#9139,#9148,#9158,#9168,#9178,#9188,#9198,#9208,#9218,
#9228,#9238,#9248,#9258,#9268),#9007,.T.);
#9270=CARTESIAN_POINT('',(-1.4275E1,-1.874999768061E0,-7.388518745400E-2));
#9271=DIRECTION('',(-1.E0,0.E0,0.E0));
#9272=DIRECTION('',(0.E0,0.E0,-1.E0));
#9273=AXIS2_PLACEMENT_3D('',#9270,#9271,#9272);
#9274=PLANE('261680',#9273);
#9276=ORIENTED_EDGE('263024',*,*,#9275,.F.);
#9278=ORIENTED_EDGE('262111',*,*,#9277,.T.);
#9280=ORIENTED_EDGE('262110',*,*,#9279,.T.);
#9282=ORIENTED_EDGE('262109',*,*,#9281,.F.);
#9284=ORIENTED_EDGE('262108',*,*,#9283,.F.);
#9286=ORIENTED_EDGE('262107',*,*,#9285,.F.);
#9288=ORIENTED_EDGE('262106',*,*,#9287,.T.);
#9290=ORIENTED_EDGE('262105',*,*,#9289,.T.);
#9292=ORIENTED_EDGE('262104',*,*,#9291,.T.);
#9294=ORIENTED_EDGE('263541',*,*,#9293,.F.);
#9295=ORIENTED_EDGE('263532',*,*,#8631,.F.);
#9296=EDGE_LOOP('261680',(#9276,#9278,#9280,#9282,#9284,#9286,#9288,#9290,#9292,
#9294,#9295));
#9297=FACE_OUTER_BOUND('261680',#9296,.F.);
#9298=ADVANCED_FACE('261680',(#9297),#9274,.F.);
#9299=CARTESIAN_POINT('',(-1.4275E1,-1.874999768061E0,-7.388518745400E-2));
#9300=DIRECTION('',(-1.E0,0.E0,0.E0));
#9301=DIRECTION('',(0.E0,0.E0,-1.E0));
#9302=AXIS2_PLACEMENT_3D('',#9299,#9300,#9301);
#9303=PLANE('261680',#9302);
#9304=ORIENTED_EDGE('263535',*,*,#9020,.T.);
#9306=ORIENTED_EDGE('263540',*,*,#9305,.T.);
#9308=ORIENTED_EDGE('262103',*,*,#9307,.T.);
#9310=ORIENTED_EDGE('263539',*,*,#9309,.T.);
#9311=EDGE_LOOP('261680',(#9304,#9306,#9308,#9310));
#9312=FACE_OUTER_BOUND('261680',#9311,.F.);
#9313=ADVANCED_FACE('261680',(#9312),#9303,.F.);
#9314=CARTESIAN_POINT('',(-1.45E1,-7.002929414260E-1,2.449999768061E0));
#9315=DIRECTION('',(0.E0,0.E0,1.E0));
#9316=DIRECTION('',(0.E0,-1.E0,0.E0));
#9317=AXIS2_PLACEMENT_3D('',#9314,#9315,#9316);
#9318=PLANE('261681',#9317);
#9319=ORIENTED_EDGE('263024',*,*,#9275,.T.);
#9320=ORIENTED_EDGE('263531',*,*,#8350,.F.);
#9322=ORIENTED_EDGE('263025',*,*,#9321,.T.);
#9324=ORIENTED_EDGE('262112',*,*,#9323,.F.);
#9325=EDGE_LOOP('261681',(#9319,#9320,#9322,#9324));
#9326=FACE_OUTER_BOUND('261681',#9325,.F.);
#9327=ADVANCED_FACE('261681',(#9326),#9318,.F.);
#9328=CARTESIAN_POINT('',(-1.4725E1,-1.874999768061E0,-7.388518745185E-2));
#9329=DIRECTION('',(-1.E0,0.E0,0.E0));
#9330=DIRECTION('',(0.E0,0.E0,1.E0));
#9331=AXIS2_PLACEMENT_3D('',#9328,#9329,#9330);
#9332=PLANE('261685',#9331);
#9333=ORIENTED_EDGE('263025',*,*,#9321,.F.);
#9334=ORIENTED_EDGE('263533',*,*,#8635,.F.);
#9336=ORIENTED_EDGE('263544',*,*,#9335,.F.);
#9338=ORIENTED_EDGE('262116',*,*,#9337,.T.);
#9340=ORIENTED_EDGE('262123',*,*,#9339,.T.);
#9342=ORIENTED_EDGE('262122',*,*,#9341,.T.);
#9344=ORIENTED_EDGE('262121',*,*,#9343,.F.);
#9346=ORIENTED_EDGE('262120',*,*,#9345,.F.);
#9348=ORIENTED_EDGE('262119',*,*,#9347,.F.);
#9350=ORIENTED_EDGE('262118',*,*,#9349,.T.);
#9352=ORIENTED_EDGE('262117',*,*,#9351,.T.);
#9353=EDGE_LOOP('261685',(#9333,#9334,#9336,#9338,#9340,#9342,#9344,#9346,#9348,
#9350,#9352));
#9354=FACE_OUTER_BOUND('261685',#9353,.F.);
#9355=ADVANCED_FACE('261685',(#9354),#9332,.T.);
#9356=CARTESIAN_POINT('',(-1.4725E1,-1.874999768061E0,-7.388518745185E-2));
#9357=DIRECTION('',(-1.E0,0.E0,0.E0));
#9358=DIRECTION('',(0.E0,0.E0,1.E0));
#9359=AXIS2_PLACEMENT_3D('',#9356,#9357,#9358);
#9360=PLANE('261685',#9359);
#9361=ORIENTED_EDGE('263538',*,*,#9024,.F.);
#9363=ORIENTED_EDGE('263542',*,*,#9362,.T.);
#9365=ORIENTED_EDGE('262115',*,*,#9364,.T.);
#9367=ORIENTED_EDGE('263543',*,*,#9366,.T.);
#9368=EDGE_LOOP('261685',(#9361,#9363,#9365,#9367));
#9369=FACE_OUTER_BOUND('261685',#9368,.F.);
#9370=ADVANCED_FACE('261685',(#9369),#9360,.T.);
#9371=CARTESIAN_POINT('',(-1.45E1,1.199999515309E0,-7.388527693620E-2));
#9372=DIRECTION('',(0.E0,-1.E0,2.583487549362E-7));
#9373=DIRECTION('',(0.E0,-2.583487549362E-7,-1.E0));
#9374=AXIS2_PLACEMENT_3D('',#9371,#9372,#9373);
#9375=PLANE('261694',#9374);
#9376=ORIENTED_EDGE('263534',*,*,#8633,.T.);
#9377=ORIENTED_EDGE('263541',*,*,#9293,.T.);
#9379=ORIENTED_EDGE('262124',*,*,#9378,.T.);
#9380=ORIENTED_EDGE('263544',*,*,#9335,.T.);
#9381=EDGE_LOOP('261694',(#9376,#9377,#9379,#9380));
#9382=FACE_OUTER_BOUND('261694',#9381,.F.);
#9383=ADVANCED_FACE('261694',(#9382),#9375,.F.);
#9384=CARTESIAN_POINT('',(-1.45E1,-5.963692335470E-1,2.7E0));
#9385=DIRECTION('',(0.E0,0.E0,1.E0));
#9386=DIRECTION('',(0.E0,-1.E0,0.E0));
#9387=AXIS2_PLACEMENT_3D('',#9384,#9385,#9386);
#9388=PLANE('261686',#9387);
#9389=ORIENTED_EDGE('262104',*,*,#9291,.F.);
#9391=ORIENTED_EDGE('262125',*,*,#9390,.F.);
#9392=ORIENTED_EDGE('262116',*,*,#9337,.F.);
#9393=ORIENTED_EDGE('262124',*,*,#9378,.F.);
#9394=EDGE_LOOP('261686',(#9389,#9391,#9392,#9393));
#9395=FACE_OUTER_BOUND('261686',#9394,.F.);
#9396=ADVANCED_FACE('261686',(#9395),#9388,.T.);
#9397=CARTESIAN_POINT('',(-1.45E1,-2.815841733547E0,2.553139166989E0));
#9398=DIRECTION('',(0.E0,-3.279125287750E-1,9.447080890267E-1));
#9399=DIRECTION('',(0.E0,9.447080890267E-1,3.279125287750E-1));
#9400=AXIS2_PLACEMENT_3D('',#9397,#9398,#9399);
#9401=PLANE('261687',#9400);
#9402=ORIENTED_EDGE('262105',*,*,#9289,.F.);
#9404=ORIENTED_EDGE('262126',*,*,#9403,.F.);
#9405=ORIENTED_EDGE('262123',*,*,#9339,.F.);
#9406=ORIENTED_EDGE('262125',*,*,#9390,.T.);
#9407=EDGE_LOOP('261687',(#9402,#9404,#9405,#9406));
#9408=FACE_OUTER_BOUND('261687',#9407,.F.);
#9409=ADVANCED_FACE('261687',(#9408),#9401,.T.);
#9410=CARTESIAN_POINT('',(-1.45E1,-3.783008768061E0,2.553139155009E0));
#9411=DIRECTION('',(0.E0,2.606058470267E-1,9.654452819790E-1));
#9412=DIRECTION('',(0.E0,9.654452819790E-1,-2.606058470267E-1));
#9413=AXIS2_PLACEMENT_3D('',#9410,#9411,#9412);
#9414=PLANE('261688',#9413);
#9415=ORIENTED_EDGE('262106',*,*,#9287,.F.);
#9417=ORIENTED_EDGE('262127',*,*,#9416,.F.);
#9418=ORIENTED_EDGE('262122',*,*,#9341,.F.);
#9419=ORIENTED_EDGE('262126',*,*,#9403,.T.);
#9420=EDGE_LOOP('261688',(#9415,#9417,#9418,#9419));
#9421=FACE_OUTER_BOUND('261688',#9420,.F.);
#9422=ADVANCED_FACE('261688',(#9421),#9414,.T.);
#9423=CARTESIAN_POINT('',(-1.45E1,-4.638536268061E0,2.700000155009E0));
#9424=DIRECTION('',(0.E0,0.E0,1.E0));
#9425=DIRECTION('',(0.E0,1.E0,0.E0));
#9426=AXIS2_PLACEMENT_3D('',#9423,#9424,#9425);
#9427=PLANE('261689',#9426);
#9428=ORIENTED_EDGE('262107',*,*,#9285,.T.);
#9430=ORIENTED_EDGE('262128',*,*,#9429,.F.);
#9431=ORIENTED_EDGE('262121',*,*,#9343,.T.);
#9432=ORIENTED_EDGE('262127',*,*,#9416,.T.);
#9433=EDGE_LOOP('261689',(#9428,#9430,#9431,#9432));
#9434=FACE_OUTER_BOUND('261689',#9433,.F.);
#9435=ADVANCED_FACE('261689',(#9434),#9427,.T.);
#9436=CARTESIAN_POINT('',(-1.45E1,-4.949999768061E0,2.575000155009E0));
#9437=DIRECTION('',(0.E0,-1.E0,0.E0));
#9438=DIRECTION('',(0.E0,0.E0,1.E0));
#9439=AXIS2_PLACEMENT_3D('',#9436,#9437,#9438);
#9440=PLANE('261690',#9439);
#9441=ORIENTED_EDGE('262108',*,*,#9283,.T.);
#9443=ORIENTED_EDGE('262129',*,*,#9442,.F.);
#9444=ORIENTED_EDGE('262120',*,*,#9345,.T.);
#9445=ORIENTED_EDGE('262128',*,*,#9429,.T.);
#9446=EDGE_LOOP('261690',(#9441,#9443,#9444,#9445));
#9447=FACE_OUTER_BOUND('261690',#9446,.F.);
#9448=ADVANCED_FACE('261690',(#9447),#9440,.T.);
#9449=CARTESIAN_POINT('',(-1.45E1,-4.655110768061E0,2.450000155009E0));
#9450=DIRECTION('',(0.E0,0.E0,1.E0));
#9451=DIRECTION('',(0.E0,-1.E0,0.E0));
#9452=AXIS2_PLACEMENT_3D('',#9449,#9450,#9451);
#9453=PLANE('261691',#9452);
#9454=ORIENTED_EDGE('262109',*,*,#9281,.T.);
#9456=ORIENTED_EDGE('262130',*,*,#9455,.F.);
#9457=ORIENTED_EDGE('262119',*,*,#9347,.T.);
#9458=ORIENTED_EDGE('262129',*,*,#9442,.T.);
#9459=EDGE_LOOP('261691',(#9454,#9456,#9457,#9458));
#9460=FACE_OUTER_BOUND('261691',#9459,.F.);
#9461=ADVANCED_FACE('261691',(#9460),#9453,.F.);
#9462=CARTESIAN_POINT('',(-1.45E1,-3.794977768061E0,2.297422155009E0));
#9463=DIRECTION('',(0.E0,2.606055482898E-1,9.654453626180E-1));
#9464=DIRECTION('',(0.E0,-9.654453626180E-1,2.606055482898E-1));
#9465=AXIS2_PLACEMENT_3D('',#9462,#9463,#9464);
#9466=PLANE('261692',#9465);
#9467=ORIENTED_EDGE('262110',*,*,#9279,.F.);
#9469=ORIENTED_EDGE('262131',*,*,#9468,.F.);
#9470=ORIENTED_EDGE('262118',*,*,#9349,.F.);
#9471=ORIENTED_EDGE('262130',*,*,#9455,.T.);
#9472=EDGE_LOOP('261692',(#9467,#9469,#9470,#9471));
#9473=FACE_OUTER_BOUND('261692',#9472,.F.);
#9474=ADVANCED_FACE('261692',(#9473),#9466,.F.);
#9475=CARTESIAN_POINT('',(-1.45E1,-2.790159825456E0,2.297421961535E0));
#9476=DIRECTION('',(0.E0,-3.279118890796E-1,9.447083110676E-1));
#9477=DIRECTION('',(0.E0,-9.447083110676E-1,-3.279118890796E-1));
#9478=AXIS2_PLACEMENT_3D('',#9475,#9476,#9477);
#9479=PLANE('261693',#9478);
#9480=ORIENTED_EDGE('262111',*,*,#9277,.F.);
#9481=ORIENTED_EDGE('262112',*,*,#9323,.T.);
#9482=ORIENTED_EDGE('262117',*,*,#9351,.F.);
#9483=ORIENTED_EDGE('262131',*,*,#9468,.T.);
#9484=EDGE_LOOP('261693',(#9480,#9481,#9482,#9483));
#9485=FACE_OUTER_BOUND('261693',#9484,.F.);
#9486=ADVANCED_FACE('261693',(#9485),#9479,.F.);
#9487=CARTESIAN_POINT('',(-1.45E1,-8.238085532088E-2,-1.521007189508E0));
#9488=DIRECTION('',(0.E0,-9.233055025502E-1,-3.840663340628E-1));
#9489=DIRECTION('',(0.E0,3.840663340628E-1,-9.233055025502E-1));
#9490=AXIS2_PLACEMENT_3D('',#9487,#9488,#9489);
#9491=PLANE('261682',#9490);
#9492=ORIENTED_EDGE('263536',*,*,#9022,.T.);
#9493=ORIENTED_EDGE('263539',*,*,#9309,.F.);
#9495=ORIENTED_EDGE('262113',*,*,#9494,.F.);
#9496=ORIENTED_EDGE('263542',*,*,#9362,.F.);
#9497=EDGE_LOOP('261682',(#9492,#9493,#9495,#9496));
#9498=FACE_OUTER_BOUND('261682',#9497,.F.);
#9499=ADVANCED_FACE('261682',(#9498),#9491,.F.);
#9500=CARTESIAN_POINT('',(-1.45E1,-6.181115239011E-1,-5.486247612927E-1));
#9501=DIRECTION('',(0.E0,-7.808198804470E-1,6.247562038898E-1));
#9502=DIRECTION('',(0.E0,6.247562038898E-1,7.808198804470E-1));
#9503=AXIS2_PLACEMENT_3D('',#9500,#9501,#9502);
#9504=PLANE('261683',#9503);
#9505=ORIENTED_EDGE('262103',*,*,#9307,.F.);
#9507=ORIENTED_EDGE('262114',*,*,#9506,.F.);
#9508=ORIENTED_EDGE('262115',*,*,#9364,.F.);
#9509=ORIENTED_EDGE('262113',*,*,#9494,.T.);
#9510=EDGE_LOOP('261683',(#9505,#9507,#9508,#9509));
#9511=FACE_OUTER_BOUND('261683',#9510,.F.);
#9512=ADVANCED_FACE('261683',(#9511),#9504,.T.);
#9513=CARTESIAN_POINT('',(-1.45E1,-2.530173178130E-1,-1.752161209975E0));
#9514=DIRECTION('',(0.E0,-9.245840358476E-1,-3.809781629644E-1));
#9515=DIRECTION('',(0.E0,-3.809781629644E-1,9.245840358476E-1));
#9516=AXIS2_PLACEMENT_3D('',#9513,#9514,#9515);
#9517=PLANE('261684',#9516);
#9518=ORIENTED_EDGE('263537',*,*,#9026,.T.);
#9519=ORIENTED_EDGE('263543',*,*,#9366,.F.);
#9520=ORIENTED_EDGE('262114',*,*,#9506,.T.);
#9521=ORIENTED_EDGE('263540',*,*,#9305,.F.);
#9522=EDGE_LOOP('261684',(#9518,#9519,#9520,#9521));
#9523=FACE_OUTER_BOUND('261684',#9522,.F.);
#9524=ADVANCED_FACE('261684',(#9523),#9517,.T.);
#9525=CARTESIAN_POINT('',(-1.2275E1,-1.874999768061E0,-7.388518745400E-2));
#9526=DIRECTION('',(-1.E0,0.E0,0.E0));
#9527=DIRECTION('',(0.E0,0.E0,-1.E0));
#9528=AXIS2_PLACEMENT_3D('',#9525,#9526,#9527);
#9529=PLANE('261665',#9528);
#9531=ORIENTED_EDGE('263022',*,*,#9530,.F.);
#9533=ORIENTED_EDGE('262140',*,*,#9532,.T.);
#9535=ORIENTED_EDGE('262139',*,*,#9534,.T.);
#9537=ORIENTED_EDGE('262138',*,*,#9536,.F.);
#9539=ORIENTED_EDGE('262137',*,*,#9538,.F.);
#9541=ORIENTED_EDGE('262136',*,*,#9540,.F.);
#9543=ORIENTED_EDGE('262135',*,*,#9542,.T.);
#9545=ORIENTED_EDGE('262134',*,*,#9544,.T.);
#9547=ORIENTED_EDGE('262133',*,*,#9546,.T.);
#9549=ORIENTED_EDGE('263525',*,*,#9548,.F.);
#9550=ORIENTED_EDGE('263516',*,*,#8617,.F.);
#9551=EDGE_LOOP('261665',(#9531,#9533,#9535,#9537,#9539,#9541,#9543,#9545,#9547,
#9549,#9550));
#9552=FACE_OUTER_BOUND('261665',#9551,.F.);
#9553=ADVANCED_FACE('261665',(#9552),#9529,.F.);
#9554=CARTESIAN_POINT('',(-1.2275E1,-1.874999768061E0,-7.388518745400E-2));
#9555=DIRECTION('',(-1.E0,0.E0,0.E0));
#9556=DIRECTION('',(0.E0,0.E0,-1.E0));
#9557=AXIS2_PLACEMENT_3D('',#9554,#9555,#9556);
#9558=PLANE('261665',#9557);
#9559=ORIENTED_EDGE('263519',*,*,#9030,.T.);
#9561=ORIENTED_EDGE('263524',*,*,#9560,.T.);
#9563=ORIENTED_EDGE('262132',*,*,#9562,.T.);
#9565=ORIENTED_EDGE('263523',*,*,#9564,.T.);
#9566=EDGE_LOOP('261665',(#9559,#9561,#9563,#9565));
#9567=FACE_OUTER_BOUND('261665',#9566,.F.);
#9568=ADVANCED_FACE('261665',(#9567),#9558,.F.);
#9569=CARTESIAN_POINT('',(-1.25E1,-7.002929414260E-1,2.449999768061E0));
#9570=DIRECTION('',(0.E0,0.E0,1.E0));
#9571=DIRECTION('',(0.E0,-1.E0,0.E0));
#9572=AXIS2_PLACEMENT_3D('',#9569,#9570,#9571);
#9573=PLANE('261666',#9572);
#9574=ORIENTED_EDGE('263022',*,*,#9530,.T.);
#9575=ORIENTED_EDGE('263515',*,*,#8358,.F.);
#9577=ORIENTED_EDGE('263023',*,*,#9576,.T.);
#9579=ORIENTED_EDGE('262141',*,*,#9578,.F.);
#9580=EDGE_LOOP('261666',(#9574,#9575,#9577,#9579));
#9581=FACE_OUTER_BOUND('261666',#9580,.F.);
#9582=ADVANCED_FACE('261666',(#9581),#9573,.F.);
#9583=CARTESIAN_POINT('',(-1.2725E1,-1.874999768061E0,-7.388518745185E-2));
#9584=DIRECTION('',(-1.E0,0.E0,0.E0));
#9585=DIRECTION('',(0.E0,0.E0,1.E0));
#9586=AXIS2_PLACEMENT_3D('',#9583,#9584,#9585);
#9587=PLANE('261670',#9586);
#9588=ORIENTED_EDGE('263023',*,*,#9576,.F.);
#9589=ORIENTED_EDGE('263517',*,*,#8621,.F.);
#9591=ORIENTED_EDGE('263528',*,*,#9590,.F.);
#9593=ORIENTED_EDGE('262145',*,*,#9592,.T.);
#9595=ORIENTED_EDGE('262152',*,*,#9594,.T.);
#9597=ORIENTED_EDGE('262151',*,*,#9596,.T.);
#9599=ORIENTED_EDGE('262150',*,*,#9598,.F.);
#9601=ORIENTED_EDGE('262149',*,*,#9600,.F.);
#9603=ORIENTED_EDGE('262148',*,*,#9602,.F.);
#9605=ORIENTED_EDGE('262147',*,*,#9604,.T.);
#9607=ORIENTED_EDGE('262146',*,*,#9606,.T.);
#9608=EDGE_LOOP('261670',(#9588,#9589,#9591,#9593,#9595,#9597,#9599,#9601,#9603,
#9605,#9607));
#9609=FACE_OUTER_BOUND('261670',#9608,.F.);
#9610=ADVANCED_FACE('261670',(#9609),#9587,.T.);
#9611=CARTESIAN_POINT('',(-1.2725E1,-1.874999768061E0,-7.388518745185E-2));
#9612=DIRECTION('',(-1.E0,0.E0,0.E0));
#9613=DIRECTION('',(0.E0,0.E0,1.E0));
#9614=AXIS2_PLACEMENT_3D('',#9611,#9612,#9613);
#9615=PLANE('261670',#9614);
#9616=ORIENTED_EDGE('263522',*,*,#9034,.F.);
#9618=ORIENTED_EDGE('263526',*,*,#9617,.T.);
#9620=ORIENTED_EDGE('262144',*,*,#9619,.T.);
#9622=ORIENTED_EDGE('263527',*,*,#9621,.T.);
#9623=EDGE_LOOP('261670',(#9616,#9618,#9620,#9622));
#9624=FACE_OUTER_BOUND('261670',#9623,.F.);
#9625=ADVANCED_FACE('261670',(#9624),#9615,.T.);
#9626=CARTESIAN_POINT('',(-1.25E1,1.199999515309E0,-7.388527693620E-2));
#9627=DIRECTION('',(0.E0,-1.E0,2.583487549362E-7));
#9628=DIRECTION('',(0.E0,-2.583487549362E-7,-1.E0));
#9629=AXIS2_PLACEMENT_3D('',#9626,#9627,#9628);
#9630=PLANE('261679',#9629);
#9631=ORIENTED_EDGE('263518',*,*,#8619,.T.);
#9632=ORIENTED_EDGE('263525',*,*,#9548,.T.);
#9634=ORIENTED_EDGE('262153',*,*,#9633,.T.);
#9635=ORIENTED_EDGE('263528',*,*,#9590,.T.);
#9636=EDGE_LOOP('261679',(#9631,#9632,#9634,#9635));
#9637=FACE_OUTER_BOUND('261679',#9636,.F.);
#9638=ADVANCED_FACE('261679',(#9637),#9630,.F.);
#9639=CARTESIAN_POINT('',(-1.25E1,-5.963692335470E-1,2.7E0));
#9640=DIRECTION('',(0.E0,0.E0,1.E0));
#9641=DIRECTION('',(0.E0,-1.E0,0.E0));
#9642=AXIS2_PLACEMENT_3D('',#9639,#9640,#9641);
#9643=PLANE('261671',#9642);
#9644=ORIENTED_EDGE('262133',*,*,#9546,.F.);
#9646=ORIENTED_EDGE('262154',*,*,#9645,.F.);
#9647=ORIENTED_EDGE('262145',*,*,#9592,.F.);
#9648=ORIENTED_EDGE('262153',*,*,#9633,.F.);
#9649=EDGE_LOOP('261671',(#9644,#9646,#9647,#9648));
#9650=FACE_OUTER_BOUND('261671',#9649,.F.);
#9651=ADVANCED_FACE('261671',(#9650),#9643,.T.);
#9652=CARTESIAN_POINT('',(-1.25E1,-2.815841733547E0,2.553139166989E0));
#9653=DIRECTION('',(0.E0,-3.279125287750E-1,9.447080890267E-1));
#9654=DIRECTION('',(0.E0,9.447080890267E-1,3.279125287750E-1));
#9655=AXIS2_PLACEMENT_3D('',#9652,#9653,#9654);
#9656=PLANE('261672',#9655);
#9657=ORIENTED_EDGE('262134',*,*,#9544,.F.);
#9659=ORIENTED_EDGE('262155',*,*,#9658,.F.);
#9660=ORIENTED_EDGE('262152',*,*,#9594,.F.);
#9661=ORIENTED_EDGE('262154',*,*,#9645,.T.);
#9662=EDGE_LOOP('261672',(#9657,#9659,#9660,#9661));
#9663=FACE_OUTER_BOUND('261672',#9662,.F.);
#9664=ADVANCED_FACE('261672',(#9663),#9656,.T.);
#9665=CARTESIAN_POINT('',(-1.25E1,-3.783008768061E0,2.553139155009E0));
#9666=DIRECTION('',(0.E0,2.606058470267E-1,9.654452819790E-1));
#9667=DIRECTION('',(0.E0,9.654452819790E-1,-2.606058470267E-1));
#9668=AXIS2_PLACEMENT_3D('',#9665,#9666,#9667);
#9669=PLANE('261673',#9668);
#9670=ORIENTED_EDGE('262135',*,*,#9542,.F.);
#9672=ORIENTED_EDGE('262156',*,*,#9671,.F.);
#9673=ORIENTED_EDGE('262151',*,*,#9596,.F.);
#9674=ORIENTED_EDGE('262155',*,*,#9658,.T.);
#9675=EDGE_LOOP('261673',(#9670,#9672,#9673,#9674));
#9676=FACE_OUTER_BOUND('261673',#9675,.F.);
#9677=ADVANCED_FACE('261673',(#9676),#9669,.T.);
#9678=CARTESIAN_POINT('',(-1.25E1,-4.638536268061E0,2.700000155009E0));
#9679=DIRECTION('',(0.E0,0.E0,1.E0));
#9680=DIRECTION('',(0.E0,1.E0,0.E0));
#9681=AXIS2_PLACEMENT_3D('',#9678,#9679,#9680);
#9682=PLANE('261674',#9681);
#9683=ORIENTED_EDGE('262136',*,*,#9540,.T.);
#9685=ORIENTED_EDGE('262157',*,*,#9684,.F.);
#9686=ORIENTED_EDGE('262150',*,*,#9598,.T.);
#9687=ORIENTED_EDGE('262156',*,*,#9671,.T.);
#9688=EDGE_LOOP('261674',(#9683,#9685,#9686,#9687));
#9689=FACE_OUTER_BOUND('261674',#9688,.F.);
#9690=ADVANCED_FACE('261674',(#9689),#9682,.T.);
#9691=CARTESIAN_POINT('',(-1.25E1,-4.949999768061E0,2.575000155009E0));
#9692=DIRECTION('',(0.E0,-1.E0,0.E0));
#9693=DIRECTION('',(0.E0,0.E0,1.E0));
#9694=AXIS2_PLACEMENT_3D('',#9691,#9692,#9693);
#9695=PLANE('261675',#9694);
#9696=ORIENTED_EDGE('262137',*,*,#9538,.T.);
#9698=ORIENTED_EDGE('262158',*,*,#9697,.F.);
#9699=ORIENTED_EDGE('262149',*,*,#9600,.T.);
#9700=ORIENTED_EDGE('262157',*,*,#9684,.T.);
#9701=EDGE_LOOP('261675',(#9696,#9698,#9699,#9700));
#9702=FACE_OUTER_BOUND('261675',#9701,.F.);
#9703=ADVANCED_FACE('261675',(#9702),#9695,.T.);
#9704=CARTESIAN_POINT('',(-1.25E1,-4.655110768061E0,2.450000155009E0));
#9705=DIRECTION('',(0.E0,0.E0,1.E0));
#9706=DIRECTION('',(0.E0,-1.E0,0.E0));
#9707=AXIS2_PLACEMENT_3D('',#9704,#9705,#9706);
#9708=PLANE('261676',#9707);
#9709=ORIENTED_EDGE('262138',*,*,#9536,.T.);
#9711=ORIENTED_EDGE('262159',*,*,#9710,.F.);
#9712=ORIENTED_EDGE('262148',*,*,#9602,.T.);
#9713=ORIENTED_EDGE('262158',*,*,#9697,.T.);
#9714=EDGE_LOOP('261676',(#9709,#9711,#9712,#9713));
#9715=FACE_OUTER_BOUND('261676',#9714,.F.);
#9716=ADVANCED_FACE('261676',(#9715),#9708,.F.);
#9717=CARTESIAN_POINT('',(-1.25E1,-3.794977768061E0,2.297422155009E0));
#9718=DIRECTION('',(0.E0,2.606055482898E-1,9.654453626180E-1));
#9719=DIRECTION('',(0.E0,-9.654453626180E-1,2.606055482898E-1));
#9720=AXIS2_PLACEMENT_3D('',#9717,#9718,#9719);
#9721=PLANE('261677',#9720);
#9722=ORIENTED_EDGE('262139',*,*,#9534,.F.);
#9724=ORIENTED_EDGE('262160',*,*,#9723,.F.);
#9725=ORIENTED_EDGE('262147',*,*,#9604,.F.);
#9726=ORIENTED_EDGE('262159',*,*,#9710,.T.);
#9727=EDGE_LOOP('261677',(#9722,#9724,#9725,#9726));
#9728=FACE_OUTER_BOUND('261677',#9727,.F.);
#9729=ADVANCED_FACE('261677',(#9728),#9721,.F.);
#9730=CARTESIAN_POINT('',(-1.25E1,-2.790159825456E0,2.297421961535E0));
#9731=DIRECTION('',(0.E0,-3.279118890796E-1,9.447083110676E-1));
#9732=DIRECTION('',(0.E0,-9.447083110676E-1,-3.279118890796E-1));
#9733=AXIS2_PLACEMENT_3D('',#9730,#9731,#9732);
#9734=PLANE('261678',#9733);
#9735=ORIENTED_EDGE('262140',*,*,#9532,.F.);
#9736=ORIENTED_EDGE('262141',*,*,#9578,.T.);
#9737=ORIENTED_EDGE('262146',*,*,#9606,.F.);
#9738=ORIENTED_EDGE('262160',*,*,#9723,.T.);
#9739=EDGE_LOOP('261678',(#9735,#9736,#9737,#9738));
#9740=FACE_OUTER_BOUND('261678',#9739,.F.);
#9741=ADVANCED_FACE('261678',(#9740),#9734,.F.);
#9742=CARTESIAN_POINT('',(-1.25E1,-8.238085532088E-2,-1.521007189508E0));
#9743=DIRECTION('',(0.E0,-9.233055025502E-1,-3.840663340628E-1));
#9744=DIRECTION('',(0.E0,3.840663340628E-1,-9.233055025502E-1));
#9745=AXIS2_PLACEMENT_3D('',#9742,#9743,#9744);
#9746=PLANE('261667',#9745);
#9747=ORIENTED_EDGE('263520',*,*,#9032,.T.);
#9748=ORIENTED_EDGE('263523',*,*,#9564,.F.);
#9750=ORIENTED_EDGE('262142',*,*,#9749,.F.);
#9751=ORIENTED_EDGE('263526',*,*,#9617,.F.);
#9752=EDGE_LOOP('261667',(#9747,#9748,#9750,#9751));
#9753=FACE_OUTER_BOUND('261667',#9752,.F.);
#9754=ADVANCED_FACE('261667',(#9753),#9746,.F.);
#9755=CARTESIAN_POINT('',(-1.25E1,-6.181115239011E-1,-5.486247612927E-1));
#9756=DIRECTION('',(0.E0,-7.808198804470E-1,6.247562038898E-1));
#9757=DIRECTION('',(0.E0,6.247562038898E-1,7.808198804470E-1));
#9758=AXIS2_PLACEMENT_3D('',#9755,#9756,#9757);
#9759=PLANE('261668',#9758);
#9760=ORIENTED_EDGE('262132',*,*,#9562,.F.);
#9762=ORIENTED_EDGE('262143',*,*,#9761,.F.);
#9763=ORIENTED_EDGE('262144',*,*,#9619,.F.);
#9764=ORIENTED_EDGE('262142',*,*,#9749,.T.);
#9765=EDGE_LOOP('261668',(#9760,#9762,#9763,#9764));
#9766=FACE_OUTER_BOUND('261668',#9765,.F.);
#9767=ADVANCED_FACE('261668',(#9766),#9759,.T.);
#9768=CARTESIAN_POINT('',(-1.25E1,-2.530173178130E-1,-1.752161209975E0));
#9769=DIRECTION('',(0.E0,-9.245840358476E-1,-3.809781629644E-1));
#9770=DIRECTION('',(0.E0,-3.809781629644E-1,9.245840358476E-1));
#9771=AXIS2_PLACEMENT_3D('',#9768,#9769,#9770);
#9772=PLANE('261669',#9771);
#9773=ORIENTED_EDGE('263521',*,*,#9036,.T.);
#9774=ORIENTED_EDGE('263527',*,*,#9621,.F.);
#9775=ORIENTED_EDGE('262143',*,*,#9761,.T.);
#9776=ORIENTED_EDGE('263524',*,*,#9560,.F.);
#9777=EDGE_LOOP('261669',(#9773,#9774,#9775,#9776));
#9778=FACE_OUTER_BOUND('261669',#9777,.F.);
#9779=ADVANCED_FACE('261669',(#9778),#9772,.T.);
#9780=CARTESIAN_POINT('',(-1.0275E1,-1.874999768061E0,-7.388518745400E-2));
#9781=DIRECTION('',(-1.E0,0.E0,0.E0));
#9782=DIRECTION('',(0.E0,0.E0,-1.E0));
#9783=AXIS2_PLACEMENT_3D('',#9780,#9781,#9782);
#9784=PLANE('261650',#9783);
#9786=ORIENTED_EDGE('263020',*,*,#9785,.F.);
#9788=ORIENTED_EDGE('261966',*,*,#9787,.T.);
#9790=ORIENTED_EDGE('261965',*,*,#9789,.T.);
#9792=ORIENTED_EDGE('261964',*,*,#9791,.F.);
#9794=ORIENTED_EDGE('261963',*,*,#9793,.F.);
#9796=ORIENTED_EDGE('261962',*,*,#9795,.F.);
#9798=ORIENTED_EDGE('261961',*,*,#9797,.T.);
#9800=ORIENTED_EDGE('261960',*,*,#9799,.T.);
#9802=ORIENTED_EDGE('261959',*,*,#9801,.T.);
#9804=ORIENTED_EDGE('263509',*,*,#9803,.F.);
#9805=ORIENTED_EDGE('263500',*,*,#8603,.F.);
#9806=EDGE_LOOP('261650',(#9786,#9788,#9790,#9792,#9794,#9796,#9798,#9800,#9802,
#9804,#9805));
#9807=FACE_OUTER_BOUND('261650',#9806,.F.);
#9808=ADVANCED_FACE('261650',(#9807),#9784,.F.);
#9809=CARTESIAN_POINT('',(-1.0275E1,-1.874999768061E0,-7.388518745400E-2));
#9810=DIRECTION('',(-1.E0,0.E0,0.E0));
#9811=DIRECTION('',(0.E0,0.E0,-1.E0));
#9812=AXIS2_PLACEMENT_3D('',#9809,#9810,#9811);
#9813=PLANE('261650',#9812);
#9814=ORIENTED_EDGE('263503',*,*,#9040,.T.);
#9816=ORIENTED_EDGE('263508',*,*,#9815,.T.);
#9818=ORIENTED_EDGE('261958',*,*,#9817,.T.);
#9820=ORIENTED_EDGE('263507',*,*,#9819,.T.);
#9821=EDGE_LOOP('261650',(#9814,#9816,#9818,#9820));
#9822=FACE_OUTER_BOUND('261650',#9821,.F.);
#9823=ADVANCED_FACE('261650',(#9822),#9813,.F.);
#9824=CARTESIAN_POINT('',(-1.05E1,-7.002929414260E-1,2.449999768061E0));
#9825=DIRECTION('',(0.E0,0.E0,1.E0));
#9826=DIRECTION('',(0.E0,-1.E0,0.E0));
#9827=AXIS2_PLACEMENT_3D('',#9824,#9825,#9826);
#9828=PLANE('261651',#9827);
#9829=ORIENTED_EDGE('263020',*,*,#9785,.T.);
#9830=ORIENTED_EDGE('263499',*,*,#8366,.F.);
#9832=ORIENTED_EDGE('263021',*,*,#9831,.T.);
#9834=ORIENTED_EDGE('261967',*,*,#9833,.F.);
#9835=EDGE_LOOP('261651',(#9829,#9830,#9832,#9834));
#9836=FACE_OUTER_BOUND('261651',#9835,.F.);
#9837=ADVANCED_FACE('261651',(#9836),#9828,.F.);
#9838=CARTESIAN_POINT('',(-1.0725E1,-1.874999768061E0,-7.388518745185E-2));
#9839=DIRECTION('',(-1.E0,0.E0,0.E0));
#9840=DIRECTION('',(0.E0,0.E0,1.E0));
#9841=AXIS2_PLACEMENT_3D('',#9838,#9839,#9840);
#9842=PLANE('261655',#9841);
#9843=ORIENTED_EDGE('263021',*,*,#9831,.F.);
#9844=ORIENTED_EDGE('263501',*,*,#8607,.F.);
#9846=ORIENTED_EDGE('263512',*,*,#9845,.F.);
#9848=ORIENTED_EDGE('261971',*,*,#9847,.T.);
#9850=ORIENTED_EDGE('261978',*,*,#9849,.T.);
#9852=ORIENTED_EDGE('261977',*,*,#9851,.T.);
#9854=ORIENTED_EDGE('261976',*,*,#9853,.F.);
#9856=ORIENTED_EDGE('261975',*,*,#9855,.F.);
#9858=ORIENTED_EDGE('261974',*,*,#9857,.F.);
#9860=ORIENTED_EDGE('261973',*,*,#9859,.T.);
#9862=ORIENTED_EDGE('261972',*,*,#9861,.T.);
#9863=EDGE_LOOP('261655',(#9843,#9844,#9846,#9848,#9850,#9852,#9854,#9856,#9858,
#9860,#9862));
#9864=FACE_OUTER_BOUND('261655',#9863,.F.);
#9865=ADVANCED_FACE('261655',(#9864),#9842,.T.);
#9866=CARTESIAN_POINT('',(-1.0725E1,-1.874999768061E0,-7.388518745185E-2));
#9867=DIRECTION('',(-1.E0,0.E0,0.E0));
#9868=DIRECTION('',(0.E0,0.E0,1.E0));
#9869=AXIS2_PLACEMENT_3D('',#9866,#9867,#9868);
#9870=PLANE('261655',#9869);
#9871=ORIENTED_EDGE('263506',*,*,#9044,.F.);
#9873=ORIENTED_EDGE('263510',*,*,#9872,.T.);
#9875=ORIENTED_EDGE('261970',*,*,#9874,.T.);
#9877=ORIENTED_EDGE('263511',*,*,#9876,.T.);
#9878=EDGE_LOOP('261655',(#9871,#9873,#9875,#9877));
#9879=FACE_OUTER_BOUND('261655',#9878,.F.);
#9880=ADVANCED_FACE('261655',(#9879),#9870,.T.);
#9881=CARTESIAN_POINT('',(-1.05E1,1.199999515309E0,-7.388527693620E-2));
#9882=DIRECTION('',(0.E0,-1.E0,2.583487549362E-7));
#9883=DIRECTION('',(0.E0,-2.583487549362E-7,-1.E0));
#9884=AXIS2_PLACEMENT_3D('',#9881,#9882,#9883);
#9885=PLANE('261664',#9884);
#9886=ORIENTED_EDGE('263502',*,*,#8605,.T.);
#9887=ORIENTED_EDGE('263509',*,*,#9803,.T.);
#9889=ORIENTED_EDGE('261979',*,*,#9888,.T.);
#9890=ORIENTED_EDGE('263512',*,*,#9845,.T.);
#9891=EDGE_LOOP('261664',(#9886,#9887,#9889,#9890));
#9892=FACE_OUTER_BOUND('261664',#9891,.F.);
#9893=ADVANCED_FACE('261664',(#9892),#9885,.F.);
#9894=CARTESIAN_POINT('',(-1.05E1,-5.963692335470E-1,2.7E0));
#9895=DIRECTION('',(0.E0,0.E0,1.E0));
#9896=DIRECTION('',(0.E0,-1.E0,0.E0));
#9897=AXIS2_PLACEMENT_3D('',#9894,#9895,#9896);
#9898=PLANE('261656',#9897);
#9899=ORIENTED_EDGE('261959',*,*,#9801,.F.);
#9901=ORIENTED_EDGE('261980',*,*,#9900,.F.);
#9902=ORIENTED_EDGE('261971',*,*,#9847,.F.);
#9903=ORIENTED_EDGE('261979',*,*,#9888,.F.);
#9904=EDGE_LOOP('261656',(#9899,#9901,#9902,#9903));
#9905=FACE_OUTER_BOUND('261656',#9904,.F.);
#9906=ADVANCED_FACE('261656',(#9905),#9898,.T.);
#9907=CARTESIAN_POINT('',(-1.05E1,-2.815841733547E0,2.553139166989E0));
#9908=DIRECTION('',(0.E0,-3.279125287750E-1,9.447080890267E-1));
#9909=DIRECTION('',(0.E0,9.447080890267E-1,3.279125287750E-1));
#9910=AXIS2_PLACEMENT_3D('',#9907,#9908,#9909);
#9911=PLANE('261657',#9910);
#9912=ORIENTED_EDGE('261960',*,*,#9799,.F.);
#9914=ORIENTED_EDGE('261981',*,*,#9913,.F.);
#9915=ORIENTED_EDGE('261978',*,*,#9849,.F.);
#9916=ORIENTED_EDGE('261980',*,*,#9900,.T.);
#9917=EDGE_LOOP('261657',(#9912,#9914,#9915,#9916));
#9918=FACE_OUTER_BOUND('261657',#9917,.F.);
#9919=ADVANCED_FACE('261657',(#9918),#9911,.T.);
#9920=CARTESIAN_POINT('',(-1.05E1,-3.783008768061E0,2.553139155009E0));
#9921=DIRECTION('',(0.E0,2.606058470267E-1,9.654452819790E-1));
#9922=DIRECTION('',(0.E0,9.654452819790E-1,-2.606058470267E-1));
#9923=AXIS2_PLACEMENT_3D('',#9920,#9921,#9922);
#9924=PLANE('261658',#9923);
#9925=ORIENTED_EDGE('261961',*,*,#9797,.F.);
#9927=ORIENTED_EDGE('261982',*,*,#9926,.F.);
#9928=ORIENTED_EDGE('261977',*,*,#9851,.F.);
#9929=ORIENTED_EDGE('261981',*,*,#9913,.T.);
#9930=EDGE_LOOP('261658',(#9925,#9927,#9928,#9929));
#9931=FACE_OUTER_BOUND('261658',#9930,.F.);
#9932=ADVANCED_FACE('261658',(#9931),#9924,.T.);
#9933=CARTESIAN_POINT('',(-1.05E1,-4.638536268061E0,2.700000155009E0));
#9934=DIRECTION('',(0.E0,0.E0,1.E0));
#9935=DIRECTION('',(0.E0,1.E0,0.E0));
#9936=AXIS2_PLACEMENT_3D('',#9933,#9934,#9935);
#9937=PLANE('261659',#9936);
#9938=ORIENTED_EDGE('261962',*,*,#9795,.T.);
#9940=ORIENTED_EDGE('261983',*,*,#9939,.F.);
#9941=ORIENTED_EDGE('261976',*,*,#9853,.T.);
#9942=ORIENTED_EDGE('261982',*,*,#9926,.T.);
#9943=EDGE_LOOP('261659',(#9938,#9940,#9941,#9942));
#9944=FACE_OUTER_BOUND('261659',#9943,.F.);
#9945=ADVANCED_FACE('261659',(#9944),#9937,.T.);
#9946=CARTESIAN_POINT('',(-1.05E1,-4.949999768061E0,2.575000155009E0));
#9947=DIRECTION('',(0.E0,-1.E0,0.E0));
#9948=DIRECTION('',(0.E0,0.E0,1.E0));
#9949=AXIS2_PLACEMENT_3D('',#9946,#9947,#9948);
#9950=PLANE('261660',#9949);
#9951=ORIENTED_EDGE('261963',*,*,#9793,.T.);
#9953=ORIENTED_EDGE('261984',*,*,#9952,.F.);
#9954=ORIENTED_EDGE('261975',*,*,#9855,.T.);
#9955=ORIENTED_EDGE('261983',*,*,#9939,.T.);
#9956=EDGE_LOOP('261660',(#9951,#9953,#9954,#9955));
#9957=FACE_OUTER_BOUND('261660',#9956,.F.);
#9958=ADVANCED_FACE('261660',(#9957),#9950,.T.);
#9959=CARTESIAN_POINT('',(-1.05E1,-4.655110768061E0,2.450000155009E0));
#9960=DIRECTION('',(0.E0,0.E0,1.E0));
#9961=DIRECTION('',(0.E0,-1.E0,0.E0));
#9962=AXIS2_PLACEMENT_3D('',#9959,#9960,#9961);
#9963=PLANE('261661',#9962);
#9964=ORIENTED_EDGE('261964',*,*,#9791,.T.);
#9966=ORIENTED_EDGE('261985',*,*,#9965,.F.);
#9967=ORIENTED_EDGE('261974',*,*,#9857,.T.);
#9968=ORIENTED_EDGE('261984',*,*,#9952,.T.);
#9969=EDGE_LOOP('261661',(#9964,#9966,#9967,#9968));
#9970=FACE_OUTER_BOUND('261661',#9969,.F.);
#9971=ADVANCED_FACE('261661',(#9970),#9963,.F.);
#9972=CARTESIAN_POINT('',(-1.05E1,-3.794977768061E0,2.297422155009E0));
#9973=DIRECTION('',(0.E0,2.606055482898E-1,9.654453626180E-1));
#9974=DIRECTION('',(0.E0,-9.654453626180E-1,2.606055482898E-1));
#9975=AXIS2_PLACEMENT_3D('',#9972,#9973,#9974);
#9976=PLANE('261662',#9975);
#9977=ORIENTED_EDGE('261965',*,*,#9789,.F.);
#9979=ORIENTED_EDGE('261986',*,*,#9978,.F.);
#9980=ORIENTED_EDGE('261973',*,*,#9859,.F.);
#9981=ORIENTED_EDGE('261985',*,*,#9965,.T.);
#9982=EDGE_LOOP('261662',(#9977,#9979,#9980,#9981));
#9983=FACE_OUTER_BOUND('261662',#9982,.F.);
#9984=ADVANCED_FACE('261662',(#9983),#9976,.F.);
#9985=CARTESIAN_POINT('',(-1.05E1,-2.790159825456E0,2.297421961535E0));
#9986=DIRECTION('',(0.E0,-3.279118890796E-1,9.447083110676E-1));
#9987=DIRECTION('',(0.E0,-9.447083110676E-1,-3.279118890796E-1));
#9988=AXIS2_PLACEMENT_3D('',#9985,#9986,#9987);
#9989=PLANE('261663',#9988);
#9990=ORIENTED_EDGE('261966',*,*,#9787,.F.);
#9991=ORIENTED_EDGE('261967',*,*,#9833,.T.);
#9992=ORIENTED_EDGE('261972',*,*,#9861,.F.);
#9993=ORIENTED_EDGE('261986',*,*,#9978,.T.);
#9994=EDGE_LOOP('261663',(#9990,#9991,#9992,#9993));
#9995=FACE_OUTER_BOUND('261663',#9994,.F.);
#9996=ADVANCED_FACE('261663',(#9995),#9989,.F.);
#9997=CARTESIAN_POINT('',(-1.05E1,-8.238085532088E-2,-1.521007189508E0));
#9998=DIRECTION('',(0.E0,-9.233055025502E-1,-3.840663340628E-1));
#9999=DIRECTION('',(0.E0,3.840663340628E-1,-9.233055025502E-1));
#10000=AXIS2_PLACEMENT_3D('',#9997,#9998,#9999);
#10001=PLANE('261652',#10000);
#10002=ORIENTED_EDGE('263504',*,*,#9042,.T.);
#10003=ORIENTED_EDGE('263507',*,*,#9819,.F.);
#10005=ORIENTED_EDGE('261968',*,*,#10004,.F.);
#10006=ORIENTED_EDGE('263510',*,*,#9872,.F.);
#10007=EDGE_LOOP('261652',(#10002,#10003,#10005,#10006));
#10008=FACE_OUTER_BOUND('261652',#10007,.F.);
#10009=ADVANCED_FACE('261652',(#10008),#10001,.F.);
#10010=CARTESIAN_POINT('',(-1.05E1,-6.181115239011E-1,-5.486247612927E-1));
#10011=DIRECTION('',(0.E0,-7.808198804470E-1,6.247562038898E-1));
#10012=DIRECTION('',(0.E0,6.247562038898E-1,7.808198804470E-1));
#10013=AXIS2_PLACEMENT_3D('',#10010,#10011,#10012);
#10014=PLANE('261653',#10013);
#10015=ORIENTED_EDGE('261958',*,*,#9817,.F.);
#10017=ORIENTED_EDGE('261969',*,*,#10016,.F.);
#10018=ORIENTED_EDGE('261970',*,*,#9874,.F.);
#10019=ORIENTED_EDGE('261968',*,*,#10004,.T.);
#10020=EDGE_LOOP('261653',(#10015,#10017,#10018,#10019));
#10021=FACE_OUTER_BOUND('261653',#10020,.F.);
#10022=ADVANCED_FACE('261653',(#10021),#10014,.T.);
#10023=CARTESIAN_POINT('',(-1.05E1,-2.530173178130E-1,-1.752161209975E0));
#10024=DIRECTION('',(0.E0,-9.245840358476E-1,-3.809781629644E-1));
#10025=DIRECTION('',(0.E0,-3.809781629644E-1,9.245840358476E-1));
#10026=AXIS2_PLACEMENT_3D('',#10023,#10024,#10025);
#10027=PLANE('261654',#10026);
#10028=ORIENTED_EDGE('263505',*,*,#9046,.T.);
#10029=ORIENTED_EDGE('263511',*,*,#9876,.F.);
#10030=ORIENTED_EDGE('261969',*,*,#10016,.T.);
#10031=ORIENTED_EDGE('263508',*,*,#9815,.F.);
#10032=EDGE_LOOP('261654',(#10028,#10029,#10030,#10031));
#10033=FACE_OUTER_BOUND('261654',#10032,.F.);
#10034=ADVANCED_FACE('261654',(#10033),#10027,.T.);
#10035=CARTESIAN_POINT('',(-8.275E0,-1.874999768061E0,-7.388518745400E-2));
#10036=DIRECTION('',(-1.E0,0.E0,0.E0));
#10037=DIRECTION('',(0.E0,0.E0,-1.E0));
#10038=AXIS2_PLACEMENT_3D('',#10035,#10036,#10037);
#10039=PLANE('261635',#10038);
#10041=ORIENTED_EDGE('263018',*,*,#10040,.F.);
#10043=ORIENTED_EDGE('261937',*,*,#10042,.T.);
#10045=ORIENTED_EDGE('261936',*,*,#10044,.T.);
#10047=ORIENTED_EDGE('261935',*,*,#10046,.F.);
#10049=ORIENTED_EDGE('261934',*,*,#10048,.F.);
#10051=ORIENTED_EDGE('261933',*,*,#10050,.F.);
#10053=ORIENTED_EDGE('261932',*,*,#10052,.T.);
#10055=ORIENTED_EDGE('261931',*,*,#10054,.T.);
#10057=ORIENTED_EDGE('261930',*,*,#10056,.T.);
#10059=ORIENTED_EDGE('263493',*,*,#10058,.F.);
#10060=ORIENTED_EDGE('263484',*,*,#8589,.F.);
#10061=EDGE_LOOP('261635',(#10041,#10043,#10045,#10047,#10049,#10051,#10053,
#10055,#10057,#10059,#10060));
#10062=FACE_OUTER_BOUND('261635',#10061,.F.);
#10063=ADVANCED_FACE('261635',(#10062),#10039,.F.);
#10064=CARTESIAN_POINT('',(-8.275E0,-1.874999768061E0,-7.388518745400E-2));
#10065=DIRECTION('',(-1.E0,0.E0,0.E0));
#10066=DIRECTION('',(0.E0,0.E0,-1.E0));
#10067=AXIS2_PLACEMENT_3D('',#10064,#10065,#10066);
#10068=PLANE('261635',#10067);
#10069=ORIENTED_EDGE('263487',*,*,#9050,.T.);
#10071=ORIENTED_EDGE('263492',*,*,#10070,.T.);
#10073=ORIENTED_EDGE('261929',*,*,#10072,.T.);
#10075=ORIENTED_EDGE('263491',*,*,#10074,.T.);
#10076=EDGE_LOOP('261635',(#10069,#10071,#10073,#10075));
#10077=FACE_OUTER_BOUND('261635',#10076,.F.);
#10078=ADVANCED_FACE('261635',(#10077),#10068,.F.);
#10079=CARTESIAN_POINT('',(-8.5E0,-7.002929414260E-1,2.449999768061E0));
#10080=DIRECTION('',(0.E0,0.E0,1.E0));
#10081=DIRECTION('',(0.E0,-1.E0,0.E0));
#10082=AXIS2_PLACEMENT_3D('',#10079,#10080,#10081);
#10083=PLANE('261636',#10082);
#10084=ORIENTED_EDGE('263018',*,*,#10040,.T.);
#10085=ORIENTED_EDGE('263483',*,*,#8374,.F.);
#10087=ORIENTED_EDGE('263019',*,*,#10086,.T.);
#10089=ORIENTED_EDGE('261938',*,*,#10088,.F.);
#10090=EDGE_LOOP('261636',(#10084,#10085,#10087,#10089));
#10091=FACE_OUTER_BOUND('261636',#10090,.F.);
#10092=ADVANCED_FACE('261636',(#10091),#10083,.F.);
#10093=CARTESIAN_POINT('',(-8.725E0,-1.874999768061E0,-7.388518745185E-2));
#10094=DIRECTION('',(-1.E0,0.E0,0.E0));
#10095=DIRECTION('',(0.E0,0.E0,1.E0));
#10096=AXIS2_PLACEMENT_3D('',#10093,#10094,#10095);
#10097=PLANE('261640',#10096);
#10098=ORIENTED_EDGE('263019',*,*,#10086,.F.);
#10099=ORIENTED_EDGE('263485',*,*,#8593,.F.);
#10101=ORIENTED_EDGE('263496',*,*,#10100,.F.);
#10103=ORIENTED_EDGE('261942',*,*,#10102,.T.);
#10105=ORIENTED_EDGE('261949',*,*,#10104,.T.);
#10107=ORIENTED_EDGE('261948',*,*,#10106,.T.);
#10109=ORIENTED_EDGE('261947',*,*,#10108,.F.);
#10111=ORIENTED_EDGE('261946',*,*,#10110,.F.);
#10113=ORIENTED_EDGE('261945',*,*,#10112,.F.);
#10115=ORIENTED_EDGE('261944',*,*,#10114,.T.);
#10117=ORIENTED_EDGE('261943',*,*,#10116,.T.);
#10118=EDGE_LOOP('261640',(#10098,#10099,#10101,#10103,#10105,#10107,#10109,
#10111,#10113,#10115,#10117));
#10119=FACE_OUTER_BOUND('261640',#10118,.F.);
#10120=ADVANCED_FACE('261640',(#10119),#10097,.T.);
#10121=CARTESIAN_POINT('',(-8.725E0,-1.874999768061E0,-7.388518745185E-2));
#10122=DIRECTION('',(-1.E0,0.E0,0.E0));
#10123=DIRECTION('',(0.E0,0.E0,1.E0));
#10124=AXIS2_PLACEMENT_3D('',#10121,#10122,#10123);
#10125=PLANE('261640',#10124);
#10126=ORIENTED_EDGE('263490',*,*,#9054,.F.);
#10128=ORIENTED_EDGE('263494',*,*,#10127,.T.);
#10130=ORIENTED_EDGE('261941',*,*,#10129,.T.);
#10132=ORIENTED_EDGE('263495',*,*,#10131,.T.);
#10133=EDGE_LOOP('261640',(#10126,#10128,#10130,#10132));
#10134=FACE_OUTER_BOUND('261640',#10133,.F.);
#10135=ADVANCED_FACE('261640',(#10134),#10125,.T.);
#10136=CARTESIAN_POINT('',(-8.5E0,1.199999515309E0,-7.388527693620E-2));
#10137=DIRECTION('',(0.E0,-1.E0,2.583487549362E-7));
#10138=DIRECTION('',(0.E0,-2.583487549362E-7,-1.E0));
#10139=AXIS2_PLACEMENT_3D('',#10136,#10137,#10138);
#10140=PLANE('261649',#10139);
#10141=ORIENTED_EDGE('263486',*,*,#8591,.T.);
#10142=ORIENTED_EDGE('263493',*,*,#10058,.T.);
#10144=ORIENTED_EDGE('261950',*,*,#10143,.T.);
#10145=ORIENTED_EDGE('263496',*,*,#10100,.T.);
#10146=EDGE_LOOP('261649',(#10141,#10142,#10144,#10145));
#10147=FACE_OUTER_BOUND('261649',#10146,.F.);
#10148=ADVANCED_FACE('261649',(#10147),#10140,.F.);
#10149=CARTESIAN_POINT('',(-8.5E0,-5.963692335470E-1,2.7E0));
#10150=DIRECTION('',(0.E0,0.E0,1.E0));
#10151=DIRECTION('',(0.E0,-1.E0,0.E0));
#10152=AXIS2_PLACEMENT_3D('',#10149,#10150,#10151);
#10153=PLANE('261641',#10152);
#10154=ORIENTED_EDGE('261930',*,*,#10056,.F.);
#10156=ORIENTED_EDGE('261951',*,*,#10155,.F.);
#10157=ORIENTED_EDGE('261942',*,*,#10102,.F.);
#10158=ORIENTED_EDGE('261950',*,*,#10143,.F.);
#10159=EDGE_LOOP('261641',(#10154,#10156,#10157,#10158));
#10160=FACE_OUTER_BOUND('261641',#10159,.F.);
#10161=ADVANCED_FACE('261641',(#10160),#10153,.T.);
#10162=CARTESIAN_POINT('',(-8.5E0,-2.815841733547E0,2.553139166989E0));
#10163=DIRECTION('',(0.E0,-3.279125287750E-1,9.447080890267E-1));
#10164=DIRECTION('',(0.E0,9.447080890267E-1,3.279125287750E-1));
#10165=AXIS2_PLACEMENT_3D('',#10162,#10163,#10164);
#10166=PLANE('261642',#10165);
#10167=ORIENTED_EDGE('261931',*,*,#10054,.F.);
#10169=ORIENTED_EDGE('261952',*,*,#10168,.F.);
#10170=ORIENTED_EDGE('261949',*,*,#10104,.F.);
#10171=ORIENTED_EDGE('261951',*,*,#10155,.T.);
#10172=EDGE_LOOP('261642',(#10167,#10169,#10170,#10171));
#10173=FACE_OUTER_BOUND('261642',#10172,.F.);
#10174=ADVANCED_FACE('261642',(#10173),#10166,.T.);
#10175=CARTESIAN_POINT('',(-8.5E0,-3.783008768061E0,2.553139155009E0));
#10176=DIRECTION('',(0.E0,2.606058470267E-1,9.654452819790E-1));
#10177=DIRECTION('',(0.E0,9.654452819790E-1,-2.606058470267E-1));
#10178=AXIS2_PLACEMENT_3D('',#10175,#10176,#10177);
#10179=PLANE('261643',#10178);
#10180=ORIENTED_EDGE('261932',*,*,#10052,.F.);
#10182=ORIENTED_EDGE('261953',*,*,#10181,.F.);
#10183=ORIENTED_EDGE('261948',*,*,#10106,.F.);
#10184=ORIENTED_EDGE('261952',*,*,#10168,.T.);
#10185=EDGE_LOOP('261643',(#10180,#10182,#10183,#10184));
#10186=FACE_OUTER_BOUND('261643',#10185,.F.);
#10187=ADVANCED_FACE('261643',(#10186),#10179,.T.);
#10188=CARTESIAN_POINT('',(-8.5E0,-4.638536268061E0,2.700000155009E0));
#10189=DIRECTION('',(0.E0,0.E0,1.E0));
#10190=DIRECTION('',(0.E0,1.E0,0.E0));
#10191=AXIS2_PLACEMENT_3D('',#10188,#10189,#10190);
#10192=PLANE('261644',#10191);
#10193=ORIENTED_EDGE('261933',*,*,#10050,.T.);
#10195=ORIENTED_EDGE('261954',*,*,#10194,.F.);
#10196=ORIENTED_EDGE('261947',*,*,#10108,.T.);
#10197=ORIENTED_EDGE('261953',*,*,#10181,.T.);
#10198=EDGE_LOOP('261644',(#10193,#10195,#10196,#10197));
#10199=FACE_OUTER_BOUND('261644',#10198,.F.);
#10200=ADVANCED_FACE('261644',(#10199),#10192,.T.);
#10201=CARTESIAN_POINT('',(-8.5E0,-4.949999768061E0,2.575000155009E0));
#10202=DIRECTION('',(0.E0,-1.E0,0.E0));
#10203=DIRECTION('',(0.E0,0.E0,1.E0));
#10204=AXIS2_PLACEMENT_3D('',#10201,#10202,#10203);
#10205=PLANE('261645',#10204);
#10206=ORIENTED_EDGE('261934',*,*,#10048,.T.);
#10208=ORIENTED_EDGE('261955',*,*,#10207,.F.);
#10209=ORIENTED_EDGE('261946',*,*,#10110,.T.);
#10210=ORIENTED_EDGE('261954',*,*,#10194,.T.);
#10211=EDGE_LOOP('261645',(#10206,#10208,#10209,#10210));
#10212=FACE_OUTER_BOUND('261645',#10211,.F.);
#10213=ADVANCED_FACE('261645',(#10212),#10205,.T.);
#10214=CARTESIAN_POINT('',(-8.5E0,-4.655110768061E0,2.450000155009E0));
#10215=DIRECTION('',(0.E0,0.E0,1.E0));
#10216=DIRECTION('',(0.E0,-1.E0,0.E0));
#10217=AXIS2_PLACEMENT_3D('',#10214,#10215,#10216);
#10218=PLANE('261646',#10217);
#10219=ORIENTED_EDGE('261935',*,*,#10046,.T.);
#10221=ORIENTED_EDGE('261956',*,*,#10220,.F.);
#10222=ORIENTED_EDGE('261945',*,*,#10112,.T.);
#10223=ORIENTED_EDGE('261955',*,*,#10207,.T.);
#10224=EDGE_LOOP('261646',(#10219,#10221,#10222,#10223));
#10225=FACE_OUTER_BOUND('261646',#10224,.F.);
#10226=ADVANCED_FACE('261646',(#10225),#10218,.F.);
#10227=CARTESIAN_POINT('',(-8.5E0,-3.794977768061E0,2.297422155009E0));
#10228=DIRECTION('',(0.E0,2.606055482898E-1,9.654453626180E-1));
#10229=DIRECTION('',(0.E0,-9.654453626180E-1,2.606055482898E-1));
#10230=AXIS2_PLACEMENT_3D('',#10227,#10228,#10229);
#10231=PLANE('261647',#10230);
#10232=ORIENTED_EDGE('261936',*,*,#10044,.F.);
#10234=ORIENTED_EDGE('261957',*,*,#10233,.F.);
#10235=ORIENTED_EDGE('261944',*,*,#10114,.F.);
#10236=ORIENTED_EDGE('261956',*,*,#10220,.T.);
#10237=EDGE_LOOP('261647',(#10232,#10234,#10235,#10236));
#10238=FACE_OUTER_BOUND('261647',#10237,.F.);
#10239=ADVANCED_FACE('261647',(#10238),#10231,.F.);
#10240=CARTESIAN_POINT('',(-8.5E0,-2.790159825456E0,2.297421961535E0));
#10241=DIRECTION('',(0.E0,-3.279118890796E-1,9.447083110676E-1));
#10242=DIRECTION('',(0.E0,-9.447083110676E-1,-3.279118890796E-1));
#10243=AXIS2_PLACEMENT_3D('',#10240,#10241,#10242);
#10244=PLANE('261648',#10243);
#10245=ORIENTED_EDGE('261937',*,*,#10042,.F.);
#10246=ORIENTED_EDGE('261938',*,*,#10088,.T.);
#10247=ORIENTED_EDGE('261943',*,*,#10116,.F.);
#10248=ORIENTED_EDGE('261957',*,*,#10233,.T.);
#10249=EDGE_LOOP('261648',(#10245,#10246,#10247,#10248));
#10250=FACE_OUTER_BOUND('261648',#10249,.F.);
#10251=ADVANCED_FACE('261648',(#10250),#10244,.F.);
#10252=CARTESIAN_POINT('',(-8.5E0,-8.238085532088E-2,-1.521007189508E0));
#10253=DIRECTION('',(0.E0,-9.233055025502E-1,-3.840663340628E-1));
#10254=DIRECTION('',(0.E0,3.840663340628E-1,-9.233055025502E-1));
#10255=AXIS2_PLACEMENT_3D('',#10252,#10253,#10254);
#10256=PLANE('261637',#10255);
#10257=ORIENTED_EDGE('263488',*,*,#9052,.T.);
#10258=ORIENTED_EDGE('263491',*,*,#10074,.F.);
#10260=ORIENTED_EDGE('261939',*,*,#10259,.F.);
#10261=ORIENTED_EDGE('263494',*,*,#10127,.F.);
#10262=EDGE_LOOP('261637',(#10257,#10258,#10260,#10261));
#10263=FACE_OUTER_BOUND('261637',#10262,.F.);
#10264=ADVANCED_FACE('261637',(#10263),#10256,.F.);
#10265=CARTESIAN_POINT('',(-8.5E0,-6.181115239011E-1,-5.486247612927E-1));
#10266=DIRECTION('',(0.E0,-7.808198804470E-1,6.247562038898E-1));
#10267=DIRECTION('',(0.E0,6.247562038898E-1,7.808198804470E-1));
#10268=AXIS2_PLACEMENT_3D('',#10265,#10266,#10267);
#10269=PLANE('261638',#10268);
#10270=ORIENTED_EDGE('261929',*,*,#10072,.F.);
#10272=ORIENTED_EDGE('261940',*,*,#10271,.F.);
#10273=ORIENTED_EDGE('261941',*,*,#10129,.F.);
#10274=ORIENTED_EDGE('261939',*,*,#10259,.T.);
#10275=EDGE_LOOP('261638',(#10270,#10272,#10273,#10274));
#10276=FACE_OUTER_BOUND('261638',#10275,.F.);
#10277=ADVANCED_FACE('261638',(#10276),#10269,.T.);
#10278=CARTESIAN_POINT('',(-8.5E0,-2.530173178130E-1,-1.752161209975E0));
#10279=DIRECTION('',(0.E0,-9.245840358476E-1,-3.809781629644E-1));
#10280=DIRECTION('',(0.E0,-3.809781629644E-1,9.245840358476E-1));
#10281=AXIS2_PLACEMENT_3D('',#10278,#10279,#10280);
#10282=PLANE('261639',#10281);
#10283=ORIENTED_EDGE('263489',*,*,#9056,.T.);
#10284=ORIENTED_EDGE('263495',*,*,#10131,.F.);
#10285=ORIENTED_EDGE('261940',*,*,#10271,.T.);
#10286=ORIENTED_EDGE('263492',*,*,#10070,.F.);
#10287=EDGE_LOOP('261639',(#10283,#10284,#10285,#10286));
#10288=FACE_OUTER_BOUND('261639',#10287,.F.);
#10289=ADVANCED_FACE('261639',(#10288),#10282,.T.);
#10290=CARTESIAN_POINT('',(-6.275E0,-1.874999768061E0,-7.388518745400E-2));
#10291=DIRECTION('',(-1.E0,0.E0,0.E0));
#10292=DIRECTION('',(0.E0,0.E0,-1.E0));
#10293=AXIS2_PLACEMENT_3D('',#10290,#10291,#10292);
#10294=PLANE('261620',#10293);
#10296=ORIENTED_EDGE('263016',*,*,#10295,.F.);
#10298=ORIENTED_EDGE('261908',*,*,#10297,.T.);
#10300=ORIENTED_EDGE('261907',*,*,#10299,.T.);
#10302=ORIENTED_EDGE('261906',*,*,#10301,.F.);
#10304=ORIENTED_EDGE('261905',*,*,#10303,.F.);
#10306=ORIENTED_EDGE('261904',*,*,#10305,.F.);
#10308=ORIENTED_EDGE('261903',*,*,#10307,.T.);
#10310=ORIENTED_EDGE('261902',*,*,#10309,.T.);
#10312=ORIENTED_EDGE('261901',*,*,#10311,.T.);
#10314=ORIENTED_EDGE('263477',*,*,#10313,.F.);
#10315=ORIENTED_EDGE('263468',*,*,#8575,.F.);
#10316=EDGE_LOOP('261620',(#10296,#10298,#10300,#10302,#10304,#10306,#10308,
#10310,#10312,#10314,#10315));
#10317=FACE_OUTER_BOUND('261620',#10316,.F.);
#10318=ADVANCED_FACE('261620',(#10317),#10294,.F.);
#10319=CARTESIAN_POINT('',(-6.275E0,-1.874999768061E0,-7.388518745400E-2));
#10320=DIRECTION('',(-1.E0,0.E0,0.E0));
#10321=DIRECTION('',(0.E0,0.E0,-1.E0));
#10322=AXIS2_PLACEMENT_3D('',#10319,#10320,#10321);
#10323=PLANE('261620',#10322);
#10324=ORIENTED_EDGE('263471',*,*,#9060,.T.);
#10326=ORIENTED_EDGE('263476',*,*,#10325,.T.);
#10328=ORIENTED_EDGE('261900',*,*,#10327,.T.);
#10330=ORIENTED_EDGE('263475',*,*,#10329,.T.);
#10331=EDGE_LOOP('261620',(#10324,#10326,#10328,#10330));
#10332=FACE_OUTER_BOUND('261620',#10331,.F.);
#10333=ADVANCED_FACE('261620',(#10332),#10323,.F.);
#10334=CARTESIAN_POINT('',(-6.5E0,-7.002929414260E-1,2.449999768061E0));
#10335=DIRECTION('',(0.E0,0.E0,1.E0));
#10336=DIRECTION('',(0.E0,-1.E0,0.E0));
#10337=AXIS2_PLACEMENT_3D('',#10334,#10335,#10336);
#10338=PLANE('261621',#10337);
#10339=ORIENTED_EDGE('263016',*,*,#10295,.T.);
#10340=ORIENTED_EDGE('263467',*,*,#8382,.F.);
#10342=ORIENTED_EDGE('263017',*,*,#10341,.T.);
#10344=ORIENTED_EDGE('261909',*,*,#10343,.F.);
#10345=EDGE_LOOP('261621',(#10339,#10340,#10342,#10344));
#10346=FACE_OUTER_BOUND('261621',#10345,.F.);
#10347=ADVANCED_FACE('261621',(#10346),#10338,.F.);
#10348=CARTESIAN_POINT('',(-6.725E0,-1.874999768061E0,-7.388518745185E-2));
#10349=DIRECTION('',(-1.E0,0.E0,0.E0));
#10350=DIRECTION('',(0.E0,0.E0,1.E0));
#10351=AXIS2_PLACEMENT_3D('',#10348,#10349,#10350);
#10352=PLANE('261625',#10351);
#10353=ORIENTED_EDGE('263017',*,*,#10341,.F.);
#10354=ORIENTED_EDGE('263469',*,*,#8579,.F.);
#10356=ORIENTED_EDGE('263480',*,*,#10355,.F.);
#10358=ORIENTED_EDGE('261913',*,*,#10357,.T.);
#10360=ORIENTED_EDGE('261920',*,*,#10359,.T.);
#10362=ORIENTED_EDGE('261919',*,*,#10361,.T.);
#10364=ORIENTED_EDGE('261918',*,*,#10363,.F.);
#10366=ORIENTED_EDGE('261917',*,*,#10365,.F.);
#10368=ORIENTED_EDGE('261916',*,*,#10367,.F.);
#10370=ORIENTED_EDGE('261915',*,*,#10369,.T.);
#10372=ORIENTED_EDGE('261914',*,*,#10371,.T.);
#10373=EDGE_LOOP('261625',(#10353,#10354,#10356,#10358,#10360,#10362,#10364,
#10366,#10368,#10370,#10372));
#10374=FACE_OUTER_BOUND('261625',#10373,.F.);
#10375=ADVANCED_FACE('261625',(#10374),#10352,.T.);
#10376=CARTESIAN_POINT('',(-6.725E0,-1.874999768061E0,-7.388518745185E-2));
#10377=DIRECTION('',(-1.E0,0.E0,0.E0));
#10378=DIRECTION('',(0.E0,0.E0,1.E0));
#10379=AXIS2_PLACEMENT_3D('',#10376,#10377,#10378);
#10380=PLANE('261625',#10379);
#10381=ORIENTED_EDGE('263474',*,*,#9064,.F.);
#10383=ORIENTED_EDGE('263478',*,*,#10382,.T.);
#10385=ORIENTED_EDGE('261912',*,*,#10384,.T.);
#10387=ORIENTED_EDGE('263479',*,*,#10386,.T.);
#10388=EDGE_LOOP('261625',(#10381,#10383,#10385,#10387));
#10389=FACE_OUTER_BOUND('261625',#10388,.F.);
#10390=ADVANCED_FACE('261625',(#10389),#10380,.T.);
#10391=CARTESIAN_POINT('',(-6.5E0,1.199999515309E0,-7.388527693620E-2));
#10392=DIRECTION('',(0.E0,-1.E0,2.583487549362E-7));
#10393=DIRECTION('',(0.E0,-2.583487549362E-7,-1.E0));
#10394=AXIS2_PLACEMENT_3D('',#10391,#10392,#10393);
#10395=PLANE('261634',#10394);
#10396=ORIENTED_EDGE('263470',*,*,#8577,.T.);
#10397=ORIENTED_EDGE('263477',*,*,#10313,.T.);
#10399=ORIENTED_EDGE('261921',*,*,#10398,.T.);
#10400=ORIENTED_EDGE('263480',*,*,#10355,.T.);
#10401=EDGE_LOOP('261634',(#10396,#10397,#10399,#10400));
#10402=FACE_OUTER_BOUND('261634',#10401,.F.);
#10403=ADVANCED_FACE('261634',(#10402),#10395,.F.);
#10404=CARTESIAN_POINT('',(-6.5E0,-5.963692335470E-1,2.7E0));
#10405=DIRECTION('',(0.E0,0.E0,1.E0));
#10406=DIRECTION('',(0.E0,-1.E0,0.E0));
#10407=AXIS2_PLACEMENT_3D('',#10404,#10405,#10406);
#10408=PLANE('261626',#10407);
#10409=ORIENTED_EDGE('261901',*,*,#10311,.F.);
#10411=ORIENTED_EDGE('261922',*,*,#10410,.F.);
#10412=ORIENTED_EDGE('261913',*,*,#10357,.F.);
#10413=ORIENTED_EDGE('261921',*,*,#10398,.F.);
#10414=EDGE_LOOP('261626',(#10409,#10411,#10412,#10413));
#10415=FACE_OUTER_BOUND('261626',#10414,.F.);
#10416=ADVANCED_FACE('261626',(#10415),#10408,.T.);
#10417=CARTESIAN_POINT('',(-6.5E0,-2.815841733547E0,2.553139166989E0));
#10418=DIRECTION('',(0.E0,-3.279125287750E-1,9.447080890267E-1));
#10419=DIRECTION('',(0.E0,9.447080890267E-1,3.279125287750E-1));
#10420=AXIS2_PLACEMENT_3D('',#10417,#10418,#10419);
#10421=PLANE('261627',#10420);
#10422=ORIENTED_EDGE('261902',*,*,#10309,.F.);
#10424=ORIENTED_EDGE('261923',*,*,#10423,.F.);
#10425=ORIENTED_EDGE('261920',*,*,#10359,.F.);
#10426=ORIENTED_EDGE('261922',*,*,#10410,.T.);
#10427=EDGE_LOOP('261627',(#10422,#10424,#10425,#10426));
#10428=FACE_OUTER_BOUND('261627',#10427,.F.);
#10429=ADVANCED_FACE('261627',(#10428),#10421,.T.);
#10430=CARTESIAN_POINT('',(-6.5E0,-3.783008768061E0,2.553139155009E0));
#10431=DIRECTION('',(0.E0,2.606058470267E-1,9.654452819790E-1));
#10432=DIRECTION('',(0.E0,9.654452819790E-1,-2.606058470267E-1));
#10433=AXIS2_PLACEMENT_3D('',#10430,#10431,#10432);
#10434=PLANE('261628',#10433);
#10435=ORIENTED_EDGE('261903',*,*,#10307,.F.);
#10437=ORIENTED_EDGE('261924',*,*,#10436,.F.);
#10438=ORIENTED_EDGE('261919',*,*,#10361,.F.);
#10439=ORIENTED_EDGE('261923',*,*,#10423,.T.);
#10440=EDGE_LOOP('261628',(#10435,#10437,#10438,#10439));
#10441=FACE_OUTER_BOUND('261628',#10440,.F.);
#10442=ADVANCED_FACE('261628',(#10441),#10434,.T.);
#10443=CARTESIAN_POINT('',(-6.5E0,-4.638536268061E0,2.700000155009E0));
#10444=DIRECTION('',(0.E0,0.E0,1.E0));
#10445=DIRECTION('',(0.E0,1.E0,0.E0));
#10446=AXIS2_PLACEMENT_3D('',#10443,#10444,#10445);
#10447=PLANE('261629',#10446);
#10448=ORIENTED_EDGE('261904',*,*,#10305,.T.);
#10450=ORIENTED_EDGE('261925',*,*,#10449,.F.);
#10451=ORIENTED_EDGE('261918',*,*,#10363,.T.);
#10452=ORIENTED_EDGE('261924',*,*,#10436,.T.);
#10453=EDGE_LOOP('261629',(#10448,#10450,#10451,#10452));
#10454=FACE_OUTER_BOUND('261629',#10453,.F.);
#10455=ADVANCED_FACE('261629',(#10454),#10447,.T.);
#10456=CARTESIAN_POINT('',(-6.5E0,-4.949999768061E0,2.575000155009E0));
#10457=DIRECTION('',(0.E0,-1.E0,0.E0));
#10458=DIRECTION('',(0.E0,0.E0,1.E0));
#10459=AXIS2_PLACEMENT_3D('',#10456,#10457,#10458);
#10460=PLANE('261630',#10459);
#10461=ORIENTED_EDGE('261905',*,*,#10303,.T.);
#10463=ORIENTED_EDGE('261926',*,*,#10462,.F.);
#10464=ORIENTED_EDGE('261917',*,*,#10365,.T.);
#10465=ORIENTED_EDGE('261925',*,*,#10449,.T.);
#10466=EDGE_LOOP('261630',(#10461,#10463,#10464,#10465));
#10467=FACE_OUTER_BOUND('261630',#10466,.F.);
#10468=ADVANCED_FACE('261630',(#10467),#10460,.T.);
#10469=CARTESIAN_POINT('',(-6.5E0,-4.655110768061E0,2.450000155009E0));
#10470=DIRECTION('',(0.E0,0.E0,1.E0));
#10471=DIRECTION('',(0.E0,-1.E0,0.E0));
#10472=AXIS2_PLACEMENT_3D('',#10469,#10470,#10471);
#10473=PLANE('261631',#10472);
#10474=ORIENTED_EDGE('261906',*,*,#10301,.T.);
#10476=ORIENTED_EDGE('261927',*,*,#10475,.F.);
#10477=ORIENTED_EDGE('261916',*,*,#10367,.T.);
#10478=ORIENTED_EDGE('261926',*,*,#10462,.T.);
#10479=EDGE_LOOP('261631',(#10474,#10476,#10477,#10478));
#10480=FACE_OUTER_BOUND('261631',#10479,.F.);
#10481=ADVANCED_FACE('261631',(#10480),#10473,.F.);
#10482=CARTESIAN_POINT('',(-6.5E0,-3.794977768061E0,2.297422155009E0));
#10483=DIRECTION('',(0.E0,2.606055482898E-1,9.654453626180E-1));
#10484=DIRECTION('',(0.E0,-9.654453626180E-1,2.606055482898E-1));
#10485=AXIS2_PLACEMENT_3D('',#10482,#10483,#10484);
#10486=PLANE('261632',#10485);
#10487=ORIENTED_EDGE('261907',*,*,#10299,.F.);
#10489=ORIENTED_EDGE('261928',*,*,#10488,.F.);
#10490=ORIENTED_EDGE('261915',*,*,#10369,.F.);
#10491=ORIENTED_EDGE('261927',*,*,#10475,.T.);
#10492=EDGE_LOOP('261632',(#10487,#10489,#10490,#10491));
#10493=FACE_OUTER_BOUND('261632',#10492,.F.);
#10494=ADVANCED_FACE('261632',(#10493),#10486,.F.);
#10495=CARTESIAN_POINT('',(-6.5E0,-2.790159825456E0,2.297421961535E0));
#10496=DIRECTION('',(0.E0,-3.279118890796E-1,9.447083110676E-1));
#10497=DIRECTION('',(0.E0,-9.447083110676E-1,-3.279118890796E-1));
#10498=AXIS2_PLACEMENT_3D('',#10495,#10496,#10497);
#10499=PLANE('261633',#10498);
#10500=ORIENTED_EDGE('261908',*,*,#10297,.F.);
#10501=ORIENTED_EDGE('261909',*,*,#10343,.T.);
#10502=ORIENTED_EDGE('261914',*,*,#10371,.F.);
#10503=ORIENTED_EDGE('261928',*,*,#10488,.T.);
#10504=EDGE_LOOP('261633',(#10500,#10501,#10502,#10503));
#10505=FACE_OUTER_BOUND('261633',#10504,.F.);
#10506=ADVANCED_FACE('261633',(#10505),#10499,.F.);
#10507=CARTESIAN_POINT('',(-6.5E0,-8.238085532088E-2,-1.521007189508E0));
#10508=DIRECTION('',(0.E0,-9.233055025502E-1,-3.840663340628E-1));
#10509=DIRECTION('',(0.E0,3.840663340628E-1,-9.233055025502E-1));
#10510=AXIS2_PLACEMENT_3D('',#10507,#10508,#10509);
#10511=PLANE('261622',#10510);
#10512=ORIENTED_EDGE('263472',*,*,#9062,.T.);
#10513=ORIENTED_EDGE('263475',*,*,#10329,.F.);
#10515=ORIENTED_EDGE('261910',*,*,#10514,.F.);
#10516=ORIENTED_EDGE('263478',*,*,#10382,.F.);
#10517=EDGE_LOOP('261622',(#10512,#10513,#10515,#10516));
#10518=FACE_OUTER_BOUND('261622',#10517,.F.);
#10519=ADVANCED_FACE('261622',(#10518),#10511,.F.);
#10520=CARTESIAN_POINT('',(-6.5E0,-6.181115239011E-1,-5.486247612927E-1));
#10521=DIRECTION('',(0.E0,-7.808198804470E-1,6.247562038898E-1));
#10522=DIRECTION('',(0.E0,6.247562038898E-1,7.808198804470E-1));
#10523=AXIS2_PLACEMENT_3D('',#10520,#10521,#10522);
#10524=PLANE('261623',#10523);
#10525=ORIENTED_EDGE('261900',*,*,#10327,.F.);
#10527=ORIENTED_EDGE('261911',*,*,#10526,.F.);
#10528=ORIENTED_EDGE('261912',*,*,#10384,.F.);
#10529=ORIENTED_EDGE('261910',*,*,#10514,.T.);
#10530=EDGE_LOOP('261623',(#10525,#10527,#10528,#10529));
#10531=FACE_OUTER_BOUND('261623',#10530,.F.);
#10532=ADVANCED_FACE('261623',(#10531),#10524,.T.);
#10533=CARTESIAN_POINT('',(-6.5E0,-2.530173178130E-1,-1.752161209975E0));
#10534=DIRECTION('',(0.E0,-9.245840358476E-1,-3.809781629644E-1));
#10535=DIRECTION('',(0.E0,-3.809781629644E-1,9.245840358476E-1));
#10536=AXIS2_PLACEMENT_3D('',#10533,#10534,#10535);
#10537=PLANE('261624',#10536);
#10538=ORIENTED_EDGE('263473',*,*,#9066,.T.);
#10539=ORIENTED_EDGE('263479',*,*,#10386,.F.);
#10540=ORIENTED_EDGE('261911',*,*,#10526,.T.);
#10541=ORIENTED_EDGE('263476',*,*,#10325,.F.);
#10542=EDGE_LOOP('261624',(#10538,#10539,#10540,#10541));
#10543=FACE_OUTER_BOUND('261624',#10542,.F.);
#10544=ADVANCED_FACE('261624',(#10543),#10537,.T.);
#10545=CARTESIAN_POINT('',(-4.275E0,-1.874999768061E0,-7.388518745400E-2));
#10546=DIRECTION('',(-1.E0,0.E0,0.E0));
#10547=DIRECTION('',(0.E0,0.E0,-1.E0));
#10548=AXIS2_PLACEMENT_3D('',#10545,#10546,#10547);
#10549=PLANE('261605',#10548);
#10551=ORIENTED_EDGE('263014',*,*,#10550,.F.);
#10553=ORIENTED_EDGE('261879',*,*,#10552,.T.);
#10555=ORIENTED_EDGE('261878',*,*,#10554,.T.);
#10557=ORIENTED_EDGE('261877',*,*,#10556,.F.);
#10559=ORIENTED_EDGE('261876',*,*,#10558,.F.);
#10561=ORIENTED_EDGE('261875',*,*,#10560,.F.);
#10563=ORIENTED_EDGE('261874',*,*,#10562,.T.);
#10565=ORIENTED_EDGE('261873',*,*,#10564,.T.);
#10567=ORIENTED_EDGE('261872',*,*,#10566,.T.);
#10569=ORIENTED_EDGE('263461',*,*,#10568,.F.);
#10570=ORIENTED_EDGE('263452',*,*,#8561,.F.);
#10571=EDGE_LOOP('261605',(#10551,#10553,#10555,#10557,#10559,#10561,#10563,
#10565,#10567,#10569,#10570));
#10572=FACE_OUTER_BOUND('261605',#10571,.F.);
#10573=ADVANCED_FACE('261605',(#10572),#10549,.F.);
#10574=CARTESIAN_POINT('',(-4.275E0,-1.874999768061E0,-7.388518745400E-2));
#10575=DIRECTION('',(-1.E0,0.E0,0.E0));
#10576=DIRECTION('',(0.E0,0.E0,-1.E0));
#10577=AXIS2_PLACEMENT_3D('',#10574,#10575,#10576);
#10578=PLANE('261605',#10577);
#10579=ORIENTED_EDGE('263455',*,*,#9070,.T.);
#10581=ORIENTED_EDGE('263460',*,*,#10580,.T.);
#10583=ORIENTED_EDGE('261871',*,*,#10582,.T.);
#10585=ORIENTED_EDGE('263459',*,*,#10584,.T.);
#10586=EDGE_LOOP('261605',(#10579,#10581,#10583,#10585));
#10587=FACE_OUTER_BOUND('261605',#10586,.F.);
#10588=ADVANCED_FACE('261605',(#10587),#10578,.F.);
#10589=CARTESIAN_POINT('',(-4.5E0,-7.002929414260E-1,2.449999768061E0));
#10590=DIRECTION('',(0.E0,0.E0,1.E0));
#10591=DIRECTION('',(0.E0,-1.E0,0.E0));
#10592=AXIS2_PLACEMENT_3D('',#10589,#10590,#10591);
#10593=PLANE('261606',#10592);
#10594=ORIENTED_EDGE('263014',*,*,#10550,.T.);
#10595=ORIENTED_EDGE('263451',*,*,#8390,.F.);
#10597=ORIENTED_EDGE('263015',*,*,#10596,.T.);
#10599=ORIENTED_EDGE('261880',*,*,#10598,.F.);
#10600=EDGE_LOOP('261606',(#10594,#10595,#10597,#10599));
#10601=FACE_OUTER_BOUND('261606',#10600,.F.);
#10602=ADVANCED_FACE('261606',(#10601),#10593,.F.);
#10603=CARTESIAN_POINT('',(-4.725E0,-1.874999768061E0,-7.388518745185E-2));
#10604=DIRECTION('',(-1.E0,0.E0,0.E0));
#10605=DIRECTION('',(0.E0,0.E0,1.E0));
#10606=AXIS2_PLACEMENT_3D('',#10603,#10604,#10605);
#10607=PLANE('261610',#10606);
#10608=ORIENTED_EDGE('263015',*,*,#10596,.F.);
#10609=ORIENTED_EDGE('263453',*,*,#8565,.F.);
#10611=ORIENTED_EDGE('263464',*,*,#10610,.F.);
#10613=ORIENTED_EDGE('261884',*,*,#10612,.T.);
#10615=ORIENTED_EDGE('261891',*,*,#10614,.T.);
#10617=ORIENTED_EDGE('261890',*,*,#10616,.T.);
#10619=ORIENTED_EDGE('261889',*,*,#10618,.F.);
#10621=ORIENTED_EDGE('261888',*,*,#10620,.F.);
#10623=ORIENTED_EDGE('261887',*,*,#10622,.F.);
#10625=ORIENTED_EDGE('261886',*,*,#10624,.T.);
#10627=ORIENTED_EDGE('261885',*,*,#10626,.T.);
#10628=EDGE_LOOP('261610',(#10608,#10609,#10611,#10613,#10615,#10617,#10619,
#10621,#10623,#10625,#10627));
#10629=FACE_OUTER_BOUND('261610',#10628,.F.);
#10630=ADVANCED_FACE('261610',(#10629),#10607,.T.);
#10631=CARTESIAN_POINT('',(-4.725E0,-1.874999768061E0,-7.388518745185E-2));
#10632=DIRECTION('',(-1.E0,0.E0,0.E0));
#10633=DIRECTION('',(0.E0,0.E0,1.E0));
#10634=AXIS2_PLACEMENT_3D('',#10631,#10632,#10633);
#10635=PLANE('261610',#10634);
#10636=ORIENTED_EDGE('263458',*,*,#9074,.F.);
#10638=ORIENTED_EDGE('263462',*,*,#10637,.T.);
#10640=ORIENTED_EDGE('261883',*,*,#10639,.T.);
#10642=ORIENTED_EDGE('263463',*,*,#10641,.T.);
#10643=EDGE_LOOP('261610',(#10636,#10638,#10640,#10642));
#10644=FACE_OUTER_BOUND('261610',#10643,.F.);
#10645=ADVANCED_FACE('261610',(#10644),#10635,.T.);
#10646=CARTESIAN_POINT('',(-4.5E0,1.199999515309E0,-7.388527693620E-2));
#10647=DIRECTION('',(0.E0,-1.E0,2.583487549362E-7));
#10648=DIRECTION('',(0.E0,-2.583487549362E-7,-1.E0));
#10649=AXIS2_PLACEMENT_3D('',#10646,#10647,#10648);
#10650=PLANE('261619',#10649);
#10651=ORIENTED_EDGE('263454',*,*,#8563,.T.);
#10652=ORIENTED_EDGE('263461',*,*,#10568,.T.);
#10654=ORIENTED_EDGE('261892',*,*,#10653,.T.);
#10655=ORIENTED_EDGE('263464',*,*,#10610,.T.);
#10656=EDGE_LOOP('261619',(#10651,#10652,#10654,#10655));
#10657=FACE_OUTER_BOUND('261619',#10656,.F.);
#10658=ADVANCED_FACE('261619',(#10657),#10650,.F.);
#10659=CARTESIAN_POINT('',(-4.5E0,-5.963692335470E-1,2.7E0));
#10660=DIRECTION('',(0.E0,0.E0,1.E0));
#10661=DIRECTION('',(0.E0,-1.E0,0.E0));
#10662=AXIS2_PLACEMENT_3D('',#10659,#10660,#10661);
#10663=PLANE('261611',#10662);
#10664=ORIENTED_EDGE('261872',*,*,#10566,.F.);
#10666=ORIENTED_EDGE('261893',*,*,#10665,.F.);
#10667=ORIENTED_EDGE('261884',*,*,#10612,.F.);
#10668=ORIENTED_EDGE('261892',*,*,#10653,.F.);
#10669=EDGE_LOOP('261611',(#10664,#10666,#10667,#10668));
#10670=FACE_OUTER_BOUND('261611',#10669,.F.);
#10671=ADVANCED_FACE('261611',(#10670),#10663,.T.);
#10672=CARTESIAN_POINT('',(-4.5E0,-2.815841733547E0,2.553139166989E0));
#10673=DIRECTION('',(0.E0,-3.279125287750E-1,9.447080890267E-1));
#10674=DIRECTION('',(0.E0,9.447080890267E-1,3.279125287750E-1));
#10675=AXIS2_PLACEMENT_3D('',#10672,#10673,#10674);
#10676=PLANE('261612',#10675);
#10677=ORIENTED_EDGE('261873',*,*,#10564,.F.);
#10679=ORIENTED_EDGE('261894',*,*,#10678,.F.);
#10680=ORIENTED_EDGE('261891',*,*,#10614,.F.);
#10681=ORIENTED_EDGE('261893',*,*,#10665,.T.);
#10682=EDGE_LOOP('261612',(#10677,#10679,#10680,#10681));
#10683=FACE_OUTER_BOUND('261612',#10682,.F.);
#10684=ADVANCED_FACE('261612',(#10683),#10676,.T.);
#10685=CARTESIAN_POINT('',(-4.5E0,-3.783008768061E0,2.553139155009E0));
#10686=DIRECTION('',(0.E0,2.606058470267E-1,9.654452819790E-1));
#10687=DIRECTION('',(0.E0,9.654452819790E-1,-2.606058470267E-1));
#10688=AXIS2_PLACEMENT_3D('',#10685,#10686,#10687);
#10689=PLANE('261613',#10688);
#10690=ORIENTED_EDGE('261874',*,*,#10562,.F.);
#10692=ORIENTED_EDGE('261895',*,*,#10691,.F.);
#10693=ORIENTED_EDGE('261890',*,*,#10616,.F.);
#10694=ORIENTED_EDGE('261894',*,*,#10678,.T.);
#10695=EDGE_LOOP('261613',(#10690,#10692,#10693,#10694));
#10696=FACE_OUTER_BOUND('261613',#10695,.F.);
#10697=ADVANCED_FACE('261613',(#10696),#10689,.T.);
#10698=CARTESIAN_POINT('',(-4.5E0,-4.638536268061E0,2.700000155009E0));
#10699=DIRECTION('',(0.E0,0.E0,1.E0));
#10700=DIRECTION('',(0.E0,1.E0,0.E0));
#10701=AXIS2_PLACEMENT_3D('',#10698,#10699,#10700);
#10702=PLANE('261614',#10701);
#10703=ORIENTED_EDGE('261875',*,*,#10560,.T.);
#10705=ORIENTED_EDGE('261896',*,*,#10704,.F.);
#10706=ORIENTED_EDGE('261889',*,*,#10618,.T.);
#10707=ORIENTED_EDGE('261895',*,*,#10691,.T.);
#10708=EDGE_LOOP('261614',(#10703,#10705,#10706,#10707));
#10709=FACE_OUTER_BOUND('261614',#10708,.F.);
#10710=ADVANCED_FACE('261614',(#10709),#10702,.T.);
#10711=CARTESIAN_POINT('',(-4.5E0,-4.949999768061E0,2.575000155009E0));
#10712=DIRECTION('',(0.E0,-1.E0,0.E0));
#10713=DIRECTION('',(0.E0,0.E0,1.E0));
#10714=AXIS2_PLACEMENT_3D('',#10711,#10712,#10713);
#10715=PLANE('261615',#10714);
#10716=ORIENTED_EDGE('261876',*,*,#10558,.T.);
#10718=ORIENTED_EDGE('261897',*,*,#10717,.F.);
#10719=ORIENTED_EDGE('261888',*,*,#10620,.T.);
#10720=ORIENTED_EDGE('261896',*,*,#10704,.T.);
#10721=EDGE_LOOP('261615',(#10716,#10718,#10719,#10720));
#10722=FACE_OUTER_BOUND('261615',#10721,.F.);
#10723=ADVANCED_FACE('261615',(#10722),#10715,.T.);
#10724=CARTESIAN_POINT('',(-4.5E0,-4.655110768061E0,2.450000155009E0));
#10725=DIRECTION('',(0.E0,0.E0,1.E0));
#10726=DIRECTION('',(0.E0,-1.E0,0.E0));
#10727=AXIS2_PLACEMENT_3D('',#10724,#10725,#10726);
#10728=PLANE('261616',#10727);
#10729=ORIENTED_EDGE('261877',*,*,#10556,.T.);
#10731=ORIENTED_EDGE('261898',*,*,#10730,.F.);
#10732=ORIENTED_EDGE('261887',*,*,#10622,.T.);
#10733=ORIENTED_EDGE('261897',*,*,#10717,.T.);
#10734=EDGE_LOOP('261616',(#10729,#10731,#10732,#10733));
#10735=FACE_OUTER_BOUND('261616',#10734,.F.);
#10736=ADVANCED_FACE('261616',(#10735),#10728,.F.);
#10737=CARTESIAN_POINT('',(-4.5E0,-3.794977768061E0,2.297422155009E0));
#10738=DIRECTION('',(0.E0,2.606055482898E-1,9.654453626180E-1));
#10739=DIRECTION('',(0.E0,-9.654453626180E-1,2.606055482898E-1));
#10740=AXIS2_PLACEMENT_3D('',#10737,#10738,#10739);
#10741=PLANE('261617',#10740);
#10742=ORIENTED_EDGE('261878',*,*,#10554,.F.);
#10744=ORIENTED_EDGE('261899',*,*,#10743,.F.);
#10745=ORIENTED_EDGE('261886',*,*,#10624,.F.);
#10746=ORIENTED_EDGE('261898',*,*,#10730,.T.);
#10747=EDGE_LOOP('261617',(#10742,#10744,#10745,#10746));
#10748=FACE_OUTER_BOUND('261617',#10747,.F.);
#10749=ADVANCED_FACE('261617',(#10748),#10741,.F.);
#10750=CARTESIAN_POINT('',(-4.5E0,-2.790159825456E0,2.297421961535E0));
#10751=DIRECTION('',(0.E0,-3.279118890796E-1,9.447083110676E-1));
#10752=DIRECTION('',(0.E0,-9.447083110676E-1,-3.279118890796E-1));
#10753=AXIS2_PLACEMENT_3D('',#10750,#10751,#10752);
#10754=PLANE('261618',#10753);
#10755=ORIENTED_EDGE('261879',*,*,#10552,.F.);
#10756=ORIENTED_EDGE('261880',*,*,#10598,.T.);
#10757=ORIENTED_EDGE('261885',*,*,#10626,.F.);
#10758=ORIENTED_EDGE('261899',*,*,#10743,.T.);
#10759=EDGE_LOOP('261618',(#10755,#10756,#10757,#10758));
#10760=FACE_OUTER_BOUND('261618',#10759,.F.);
#10761=ADVANCED_FACE('261618',(#10760),#10754,.F.);
#10762=CARTESIAN_POINT('',(-4.5E0,-8.238085532088E-2,-1.521007189508E0));
#10763=DIRECTION('',(0.E0,-9.233055025502E-1,-3.840663340628E-1));
#10764=DIRECTION('',(0.E0,3.840663340628E-1,-9.233055025502E-1));
#10765=AXIS2_PLACEMENT_3D('',#10762,#10763,#10764);
#10766=PLANE('261607',#10765);
#10767=ORIENTED_EDGE('263456',*,*,#9072,.T.);
#10768=ORIENTED_EDGE('263459',*,*,#10584,.F.);
#10770=ORIENTED_EDGE('261881',*,*,#10769,.F.);
#10771=ORIENTED_EDGE('263462',*,*,#10637,.F.);
#10772=EDGE_LOOP('261607',(#10767,#10768,#10770,#10771));
#10773=FACE_OUTER_BOUND('261607',#10772,.F.);
#10774=ADVANCED_FACE('261607',(#10773),#10766,.F.);
#10775=CARTESIAN_POINT('',(-4.5E0,-6.181115239011E-1,-5.486247612927E-1));
#10776=DIRECTION('',(0.E0,-7.808198804470E-1,6.247562038898E-1));
#10777=DIRECTION('',(0.E0,6.247562038898E-1,7.808198804470E-1));
#10778=AXIS2_PLACEMENT_3D('',#10775,#10776,#10777);
#10779=PLANE('261608',#10778);
#10780=ORIENTED_EDGE('261871',*,*,#10582,.F.);
#10782=ORIENTED_EDGE('261882',*,*,#10781,.F.);
#10783=ORIENTED_EDGE('261883',*,*,#10639,.F.);
#10784=ORIENTED_EDGE('261881',*,*,#10769,.T.);
#10785=EDGE_LOOP('261608',(#10780,#10782,#10783,#10784));
#10786=FACE_OUTER_BOUND('261608',#10785,.F.);
#10787=ADVANCED_FACE('261608',(#10786),#10779,.T.);
#10788=CARTESIAN_POINT('',(-4.5E0,-2.530173178130E-1,-1.752161209975E0));
#10789=DIRECTION('',(0.E0,-9.245840358476E-1,-3.809781629644E-1));
#10790=DIRECTION('',(0.E0,-3.809781629644E-1,9.245840358476E-1));
#10791=AXIS2_PLACEMENT_3D('',#10788,#10789,#10790);
#10792=PLANE('261609',#10791);
#10793=ORIENTED_EDGE('263457',*,*,#9076,.T.);
#10794=ORIENTED_EDGE('263463',*,*,#10641,.F.);
#10795=ORIENTED_EDGE('261882',*,*,#10781,.T.);
#10796=ORIENTED_EDGE('263460',*,*,#10580,.F.);
#10797=EDGE_LOOP('261609',(#10793,#10794,#10795,#10796));
#10798=FACE_OUTER_BOUND('261609',#10797,.F.);
#10799=ADVANCED_FACE('261609',(#10798),#10792,.T.);
#10800=CARTESIAN_POINT('',(-2.275E0,-1.874999768061E0,-7.388518745400E-2));
#10801=DIRECTION('',(-1.E0,0.E0,0.E0));
#10802=DIRECTION('',(0.E0,0.E0,-1.E0));
#10803=AXIS2_PLACEMENT_3D('',#10800,#10801,#10802);
#10804=PLANE('261590',#10803);
#10806=ORIENTED_EDGE('263012',*,*,#10805,.F.);
#10808=ORIENTED_EDGE('261850',*,*,#10807,.T.);
#10810=ORIENTED_EDGE('261849',*,*,#10809,.T.);
#10812=ORIENTED_EDGE('261848',*,*,#10811,.F.);
#10814=ORIENTED_EDGE('261847',*,*,#10813,.F.);
#10816=ORIENTED_EDGE('261846',*,*,#10815,.F.);
#10818=ORIENTED_EDGE('261845',*,*,#10817,.T.);
#10820=ORIENTED_EDGE('261844',*,*,#10819,.T.);
#10822=ORIENTED_EDGE('261843',*,*,#10821,.T.);
#10824=ORIENTED_EDGE('263445',*,*,#10823,.F.);
#10825=ORIENTED_EDGE('263436',*,*,#8547,.F.);
#10826=EDGE_LOOP('261590',(#10806,#10808,#10810,#10812,#10814,#10816,#10818,
#10820,#10822,#10824,#10825));
#10827=FACE_OUTER_BOUND('261590',#10826,.F.);
#10828=ADVANCED_FACE('261590',(#10827),#10804,.F.);
#10829=CARTESIAN_POINT('',(-2.275E0,-1.874999768061E0,-7.388518745400E-2));
#10830=DIRECTION('',(-1.E0,0.E0,0.E0));
#10831=DIRECTION('',(0.E0,0.E0,-1.E0));
#10832=AXIS2_PLACEMENT_3D('',#10829,#10830,#10831);
#10833=PLANE('261590',#10832);
#10834=ORIENTED_EDGE('263439',*,*,#9080,.T.);
#10836=ORIENTED_EDGE('263444',*,*,#10835,.T.);
#10838=ORIENTED_EDGE('261842',*,*,#10837,.T.);
#10840=ORIENTED_EDGE('263443',*,*,#10839,.T.);
#10841=EDGE_LOOP('261590',(#10834,#10836,#10838,#10840));
#10842=FACE_OUTER_BOUND('261590',#10841,.F.);
#10843=ADVANCED_FACE('261590',(#10842),#10833,.F.);
#10844=CARTESIAN_POINT('',(-2.5E0,-7.002929414260E-1,2.449999768061E0));
#10845=DIRECTION('',(0.E0,0.E0,1.E0));
#10846=DIRECTION('',(0.E0,-1.E0,0.E0));
#10847=AXIS2_PLACEMENT_3D('',#10844,#10845,#10846);
#10848=PLANE('261591',#10847);
#10849=ORIENTED_EDGE('263012',*,*,#10805,.T.);
#10850=ORIENTED_EDGE('263435',*,*,#8398,.F.);
#10852=ORIENTED_EDGE('263013',*,*,#10851,.T.);
#10854=ORIENTED_EDGE('261851',*,*,#10853,.F.);
#10855=EDGE_LOOP('261591',(#10849,#10850,#10852,#10854));
#10856=FACE_OUTER_BOUND('261591',#10855,.F.);
#10857=ADVANCED_FACE('261591',(#10856),#10848,.F.);
#10858=CARTESIAN_POINT('',(-2.725E0,-1.874999768061E0,-7.388518745185E-2));
#10859=DIRECTION('',(-1.E0,0.E0,0.E0));
#10860=DIRECTION('',(0.E0,0.E0,1.E0));
#10861=AXIS2_PLACEMENT_3D('',#10858,#10859,#10860);
#10862=PLANE('261595',#10861);
#10863=ORIENTED_EDGE('263013',*,*,#10851,.F.);
#10864=ORIENTED_EDGE('263437',*,*,#8551,.F.);
#10866=ORIENTED_EDGE('263448',*,*,#10865,.F.);
#10868=ORIENTED_EDGE('261855',*,*,#10867,.T.);
#10870=ORIENTED_EDGE('261862',*,*,#10869,.T.);
#10872=ORIENTED_EDGE('261861',*,*,#10871,.T.);
#10874=ORIENTED_EDGE('261860',*,*,#10873,.F.);
#10876=ORIENTED_EDGE('261859',*,*,#10875,.F.);
#10878=ORIENTED_EDGE('261858',*,*,#10877,.F.);
#10880=ORIENTED_EDGE('261857',*,*,#10879,.T.);
#10882=ORIENTED_EDGE('261856',*,*,#10881,.T.);
#10883=EDGE_LOOP('261595',(#10863,#10864,#10866,#10868,#10870,#10872,#10874,
#10876,#10878,#10880,#10882));
#10884=FACE_OUTER_BOUND('261595',#10883,.F.);
#10885=ADVANCED_FACE('261595',(#10884),#10862,.T.);
#10886=CARTESIAN_POINT('',(-2.725E0,-1.874999768061E0,-7.388518745185E-2));
#10887=DIRECTION('',(-1.E0,0.E0,0.E0));
#10888=DIRECTION('',(0.E0,0.E0,1.E0));
#10889=AXIS2_PLACEMENT_3D('',#10886,#10887,#10888);
#10890=PLANE('261595',#10889);
#10891=ORIENTED_EDGE('263442',*,*,#9084,.F.);
#10893=ORIENTED_EDGE('263446',*,*,#10892,.T.);
#10895=ORIENTED_EDGE('261854',*,*,#10894,.T.);
#10897=ORIENTED_EDGE('263447',*,*,#10896,.T.);
#10898=EDGE_LOOP('261595',(#10891,#10893,#10895,#10897));
#10899=FACE_OUTER_BOUND('261595',#10898,.F.);
#10900=ADVANCED_FACE('261595',(#10899),#10890,.T.);
#10901=CARTESIAN_POINT('',(-2.5E0,1.199999515309E0,-7.388527693620E-2));
#10902=DIRECTION('',(0.E0,-1.E0,2.583487549362E-7));
#10903=DIRECTION('',(0.E0,-2.583487549362E-7,-1.E0));
#10904=AXIS2_PLACEMENT_3D('',#10901,#10902,#10903);
#10905=PLANE('261604',#10904);
#10906=ORIENTED_EDGE('263438',*,*,#8549,.T.);
#10907=ORIENTED_EDGE('263445',*,*,#10823,.T.);
#10909=ORIENTED_EDGE('261863',*,*,#10908,.T.);
#10910=ORIENTED_EDGE('263448',*,*,#10865,.T.);
#10911=EDGE_LOOP('261604',(#10906,#10907,#10909,#10910));
#10912=FACE_OUTER_BOUND('261604',#10911,.F.);
#10913=ADVANCED_FACE('261604',(#10912),#10905,.F.);
#10914=CARTESIAN_POINT('',(-2.5E0,-5.963692335470E-1,2.7E0));
#10915=DIRECTION('',(0.E0,0.E0,1.E0));
#10916=DIRECTION('',(0.E0,-1.E0,0.E0));
#10917=AXIS2_PLACEMENT_3D('',#10914,#10915,#10916);
#10918=PLANE('261596',#10917);
#10919=ORIENTED_EDGE('261843',*,*,#10821,.F.);
#10921=ORIENTED_EDGE('261864',*,*,#10920,.F.);
#10922=ORIENTED_EDGE('261855',*,*,#10867,.F.);
#10923=ORIENTED_EDGE('261863',*,*,#10908,.F.);
#10924=EDGE_LOOP('261596',(#10919,#10921,#10922,#10923));
#10925=FACE_OUTER_BOUND('261596',#10924,.F.);
#10926=ADVANCED_FACE('261596',(#10925),#10918,.T.);
#10927=CARTESIAN_POINT('',(-2.5E0,-2.815841733547E0,2.553139166989E0));
#10928=DIRECTION('',(0.E0,-3.279125287750E-1,9.447080890267E-1));
#10929=DIRECTION('',(0.E0,9.447080890267E-1,3.279125287750E-1));
#10930=AXIS2_PLACEMENT_3D('',#10927,#10928,#10929);
#10931=PLANE('261597',#10930);
#10932=ORIENTED_EDGE('261844',*,*,#10819,.F.);
#10934=ORIENTED_EDGE('261865',*,*,#10933,.F.);
#10935=ORIENTED_EDGE('261862',*,*,#10869,.F.);
#10936=ORIENTED_EDGE('261864',*,*,#10920,.T.);
#10937=EDGE_LOOP('261597',(#10932,#10934,#10935,#10936));
#10938=FACE_OUTER_BOUND('261597',#10937,.F.);
#10939=ADVANCED_FACE('261597',(#10938),#10931,.T.);
#10940=CARTESIAN_POINT('',(-2.5E0,-3.783008768061E0,2.553139155009E0));
#10941=DIRECTION('',(0.E0,2.606058470267E-1,9.654452819790E-1));
#10942=DIRECTION('',(0.E0,9.654452819790E-1,-2.606058470267E-1));
#10943=AXIS2_PLACEMENT_3D('',#10940,#10941,#10942);
#10944=PLANE('261598',#10943);
#10945=ORIENTED_EDGE('261845',*,*,#10817,.F.);
#10947=ORIENTED_EDGE('261866',*,*,#10946,.F.);
#10948=ORIENTED_EDGE('261861',*,*,#10871,.F.);
#10949=ORIENTED_EDGE('261865',*,*,#10933,.T.);
#10950=EDGE_LOOP('261598',(#10945,#10947,#10948,#10949));
#10951=FACE_OUTER_BOUND('261598',#10950,.F.);
#10952=ADVANCED_FACE('261598',(#10951),#10944,.T.);
#10953=CARTESIAN_POINT('',(-2.5E0,-4.638536268061E0,2.700000155009E0));
#10954=DIRECTION('',(0.E0,0.E0,1.E0));
#10955=DIRECTION('',(0.E0,1.E0,0.E0));
#10956=AXIS2_PLACEMENT_3D('',#10953,#10954,#10955);
#10957=PLANE('261599',#10956);
#10958=ORIENTED_EDGE('261846',*,*,#10815,.T.);
#10960=ORIENTED_EDGE('261867',*,*,#10959,.F.);
#10961=ORIENTED_EDGE('261860',*,*,#10873,.T.);
#10962=ORIENTED_EDGE('261866',*,*,#10946,.T.);
#10963=EDGE_LOOP('261599',(#10958,#10960,#10961,#10962));
#10964=FACE_OUTER_BOUND('261599',#10963,.F.);
#10965=ADVANCED_FACE('261599',(#10964),#10957,.T.);
#10966=CARTESIAN_POINT('',(-2.5E0,-4.949999768061E0,2.575000155009E0));
#10967=DIRECTION('',(0.E0,-1.E0,0.E0));
#10968=DIRECTION('',(0.E0,0.E0,1.E0));
#10969=AXIS2_PLACEMENT_3D('',#10966,#10967,#10968);
#10970=PLANE('261600',#10969);
#10971=ORIENTED_EDGE('261847',*,*,#10813,.T.);
#10973=ORIENTED_EDGE('261868',*,*,#10972,.F.);
#10974=ORIENTED_EDGE('261859',*,*,#10875,.T.);
#10975=ORIENTED_EDGE('261867',*,*,#10959,.T.);
#10976=EDGE_LOOP('261600',(#10971,#10973,#10974,#10975));
#10977=FACE_OUTER_BOUND('261600',#10976,.F.);
#10978=ADVANCED_FACE('261600',(#10977),#10970,.T.);
#10979=CARTESIAN_POINT('',(-2.5E0,-4.655110768061E0,2.450000155009E0));
#10980=DIRECTION('',(0.E0,0.E0,1.E0));
#10981=DIRECTION('',(0.E0,-1.E0,0.E0));
#10982=AXIS2_PLACEMENT_3D('',#10979,#10980,#10981);
#10983=PLANE('261601',#10982);
#10984=ORIENTED_EDGE('261848',*,*,#10811,.T.);
#10986=ORIENTED_EDGE('261869',*,*,#10985,.F.);
#10987=ORIENTED_EDGE('261858',*,*,#10877,.T.);
#10988=ORIENTED_EDGE('261868',*,*,#10972,.T.);
#10989=EDGE_LOOP('261601',(#10984,#10986,#10987,#10988));
#10990=FACE_OUTER_BOUND('261601',#10989,.F.);
#10991=ADVANCED_FACE('261601',(#10990),#10983,.F.);
#10992=CARTESIAN_POINT('',(-2.5E0,-3.794977768061E0,2.297422155009E0));
#10993=DIRECTION('',(0.E0,2.606055482898E-1,9.654453626180E-1));
#10994=DIRECTION('',(0.E0,-9.654453626180E-1,2.606055482898E-1));
#10995=AXIS2_PLACEMENT_3D('',#10992,#10993,#10994);
#10996=PLANE('261602',#10995);
#10997=ORIENTED_EDGE('261849',*,*,#10809,.F.);
#10999=ORIENTED_EDGE('261870',*,*,#10998,.F.);
#11000=ORIENTED_EDGE('261857',*,*,#10879,.F.);
#11001=ORIENTED_EDGE('261869',*,*,#10985,.T.);
#11002=EDGE_LOOP('261602',(#10997,#10999,#11000,#11001));
#11003=FACE_OUTER_BOUND('261602',#11002,.F.);
#11004=ADVANCED_FACE('261602',(#11003),#10996,.F.);
#11005=CARTESIAN_POINT('',(-2.5E0,-2.790159825456E0,2.297421961535E0));
#11006=DIRECTION('',(0.E0,-3.279118890796E-1,9.447083110676E-1));
#11007=DIRECTION('',(0.E0,-9.447083110676E-1,-3.279118890796E-1));
#11008=AXIS2_PLACEMENT_3D('',#11005,#11006,#11007);
#11009=PLANE('261603',#11008);
#11010=ORIENTED_EDGE('261850',*,*,#10807,.F.);
#11011=ORIENTED_EDGE('261851',*,*,#10853,.T.);
#11012=ORIENTED_EDGE('261856',*,*,#10881,.F.);
#11013=ORIENTED_EDGE('261870',*,*,#10998,.T.);
#11014=EDGE_LOOP('261603',(#11010,#11011,#11012,#11013));
#11015=FACE_OUTER_BOUND('261603',#11014,.F.);
#11016=ADVANCED_FACE('261603',(#11015),#11009,.F.);
#11017=CARTESIAN_POINT('',(-2.5E0,-8.238085532088E-2,-1.521007189508E0));
#11018=DIRECTION('',(0.E0,-9.233055025502E-1,-3.840663340628E-1));
#11019=DIRECTION('',(0.E0,3.840663340628E-1,-9.233055025502E-1));
#11020=AXIS2_PLACEMENT_3D('',#11017,#11018,#11019);
#11021=PLANE('261592',#11020);
#11022=ORIENTED_EDGE('263440',*,*,#9082,.T.);
#11023=ORIENTED_EDGE('263443',*,*,#10839,.F.);
#11025=ORIENTED_EDGE('261852',*,*,#11024,.F.);
#11026=ORIENTED_EDGE('263446',*,*,#10892,.F.);
#11027=EDGE_LOOP('261592',(#11022,#11023,#11025,#11026));
#11028=FACE_OUTER_BOUND('261592',#11027,.F.);
#11029=ADVANCED_FACE('261592',(#11028),#11021,.F.);
#11030=CARTESIAN_POINT('',(-2.5E0,-6.181115239011E-1,-5.486247612927E-1));
#11031=DIRECTION('',(0.E0,-7.808198804470E-1,6.247562038898E-1));
#11032=DIRECTION('',(0.E0,6.247562038898E-1,7.808198804470E-1));
#11033=AXIS2_PLACEMENT_3D('',#11030,#11031,#11032);
#11034=PLANE('261593',#11033);
#11035=ORIENTED_EDGE('261842',*,*,#10837,.F.);
#11037=ORIENTED_EDGE('261853',*,*,#11036,.F.);
#11038=ORIENTED_EDGE('261854',*,*,#10894,.F.);
#11039=ORIENTED_EDGE('261852',*,*,#11024,.T.);
#11040=EDGE_LOOP('261593',(#11035,#11037,#11038,#11039));
#11041=FACE_OUTER_BOUND('261593',#11040,.F.);
#11042=ADVANCED_FACE('261593',(#11041),#11034,.T.);
#11043=CARTESIAN_POINT('',(-2.5E0,-2.530173178130E-1,-1.752161209975E0));
#11044=DIRECTION('',(0.E0,-9.245840358476E-1,-3.809781629644E-1));
#11045=DIRECTION('',(0.E0,-3.809781629644E-1,9.245840358476E-1));
#11046=AXIS2_PLACEMENT_3D('',#11043,#11044,#11045);
#11047=PLANE('261594',#11046);
#11048=ORIENTED_EDGE('263441',*,*,#9086,.T.);
#11049=ORIENTED_EDGE('263447',*,*,#10896,.F.);
#11050=ORIENTED_EDGE('261853',*,*,#11036,.T.);
#11051=ORIENTED_EDGE('263444',*,*,#10835,.F.);
#11052=EDGE_LOOP('261594',(#11048,#11049,#11050,#11051));
#11053=FACE_OUTER_BOUND('261594',#11052,.F.);
#11054=ADVANCED_FACE('261594',(#11053),#11047,.T.);
#11055=CARTESIAN_POINT('',(-2.75E-1,-1.874999768061E0,-7.388518745400E-2));
#11056=DIRECTION('',(-1.E0,0.E0,0.E0));
#11057=DIRECTION('',(0.E0,0.E0,-1.E0));
#11058=AXIS2_PLACEMENT_3D('',#11055,#11056,#11057);
#11059=PLANE('261575',#11058);
#11061=ORIENTED_EDGE('263010',*,*,#11060,.F.);
#11063=ORIENTED_EDGE('261821',*,*,#11062,.T.);
#11065=ORIENTED_EDGE('261820',*,*,#11064,.T.);
#11067=ORIENTED_EDGE('261819',*,*,#11066,.F.);
#11069=ORIENTED_EDGE('261818',*,*,#11068,.F.);
#11071=ORIENTED_EDGE('261817',*,*,#11070,.F.);
#11073=ORIENTED_EDGE('261816',*,*,#11072,.T.);
#11075=ORIENTED_EDGE('261815',*,*,#11074,.T.);
#11077=ORIENTED_EDGE('261814',*,*,#11076,.T.);
#11079=ORIENTED_EDGE('263429',*,*,#11078,.F.);
#11080=ORIENTED_EDGE('263420',*,*,#8533,.F.);
#11081=EDGE_LOOP('261575',(#11061,#11063,#11065,#11067,#11069,#11071,#11073,
#11075,#11077,#11079,#11080));
#11082=FACE_OUTER_BOUND('261575',#11081,.F.);
#11083=ADVANCED_FACE('261575',(#11082),#11059,.F.);
#11084=CARTESIAN_POINT('',(-2.75E-1,-1.874999768061E0,-7.388518745400E-2));
#11085=DIRECTION('',(-1.E0,0.E0,0.E0));
#11086=DIRECTION('',(0.E0,0.E0,-1.E0));
#11087=AXIS2_PLACEMENT_3D('',#11084,#11085,#11086);
#11088=PLANE('261575',#11087);
#11089=ORIENTED_EDGE('263423',*,*,#9090,.T.);
#11091=ORIENTED_EDGE('263428',*,*,#11090,.T.);
#11093=ORIENTED_EDGE('261813',*,*,#11092,.T.);
#11095=ORIENTED_EDGE('263427',*,*,#11094,.T.);
#11096=EDGE_LOOP('261575',(#11089,#11091,#11093,#11095));
#11097=FACE_OUTER_BOUND('261575',#11096,.F.);
#11098=ADVANCED_FACE('261575',(#11097),#11088,.F.);
#11099=CARTESIAN_POINT('',(-5.E-1,-7.002929414260E-1,2.449999768061E0));
#11100=DIRECTION('',(0.E0,0.E0,1.E0));
#11101=DIRECTION('',(0.E0,-1.E0,0.E0));
#11102=AXIS2_PLACEMENT_3D('',#11099,#11100,#11101);
#11103=PLANE('261576',#11102);
#11104=ORIENTED_EDGE('263010',*,*,#11060,.T.);
#11105=ORIENTED_EDGE('263419',*,*,#8406,.F.);
#11107=ORIENTED_EDGE('263011',*,*,#11106,.T.);
#11109=ORIENTED_EDGE('261822',*,*,#11108,.F.);
#11110=EDGE_LOOP('261576',(#11104,#11105,#11107,#11109));
#11111=FACE_OUTER_BOUND('261576',#11110,.F.);
#11112=ADVANCED_FACE('261576',(#11111),#11103,.F.);
#11113=CARTESIAN_POINT('',(-7.25E-1,-1.874999768061E0,-7.388518745185E-2));
#11114=DIRECTION('',(-1.E0,0.E0,0.E0));
#11115=DIRECTION('',(0.E0,0.E0,1.E0));
#11116=AXIS2_PLACEMENT_3D('',#11113,#11114,#11115);
#11117=PLANE('261580',#11116);
#11118=ORIENTED_EDGE('263011',*,*,#11106,.F.);
#11119=ORIENTED_EDGE('263421',*,*,#8537,.F.);
#11121=ORIENTED_EDGE('263432',*,*,#11120,.F.);
#11123=ORIENTED_EDGE('261826',*,*,#11122,.T.);
#11125=ORIENTED_EDGE('261833',*,*,#11124,.T.);
#11127=ORIENTED_EDGE('261832',*,*,#11126,.T.);
#11129=ORIENTED_EDGE('261831',*,*,#11128,.F.);
#11131=ORIENTED_EDGE('261830',*,*,#11130,.F.);
#11133=ORIENTED_EDGE('261829',*,*,#11132,.F.);
#11135=ORIENTED_EDGE('261828',*,*,#11134,.T.);
#11137=ORIENTED_EDGE('261827',*,*,#11136,.T.);
#11138=EDGE_LOOP('261580',(#11118,#11119,#11121,#11123,#11125,#11127,#11129,
#11131,#11133,#11135,#11137));
#11139=FACE_OUTER_BOUND('261580',#11138,.F.);
#11140=ADVANCED_FACE('261580',(#11139),#11117,.T.);
#11141=CARTESIAN_POINT('',(-7.25E-1,-1.874999768061E0,-7.388518745185E-2));
#11142=DIRECTION('',(-1.E0,0.E0,0.E0));
#11143=DIRECTION('',(0.E0,0.E0,1.E0));
#11144=AXIS2_PLACEMENT_3D('',#11141,#11142,#11143);
#11145=PLANE('261580',#11144);
#11146=ORIENTED_EDGE('263426',*,*,#9094,.F.);
#11148=ORIENTED_EDGE('263430',*,*,#11147,.T.);
#11150=ORIENTED_EDGE('261825',*,*,#11149,.T.);
#11152=ORIENTED_EDGE('263431',*,*,#11151,.T.);
#11153=EDGE_LOOP('261580',(#11146,#11148,#11150,#11152));
#11154=FACE_OUTER_BOUND('261580',#11153,.F.);
#11155=ADVANCED_FACE('261580',(#11154),#11145,.T.);
#11156=CARTESIAN_POINT('',(-5.E-1,1.199999515309E0,-7.388527693620E-2));
#11157=DIRECTION('',(0.E0,-1.E0,2.583487549362E-7));
#11158=DIRECTION('',(0.E0,-2.583487549362E-7,-1.E0));
#11159=AXIS2_PLACEMENT_3D('',#11156,#11157,#11158);
#11160=PLANE('261589',#11159);
#11161=ORIENTED_EDGE('263422',*,*,#8535,.T.);
#11162=ORIENTED_EDGE('263429',*,*,#11078,.T.);
#11164=ORIENTED_EDGE('261834',*,*,#11163,.T.);
#11165=ORIENTED_EDGE('263432',*,*,#11120,.T.);
#11166=EDGE_LOOP('261589',(#11161,#11162,#11164,#11165));
#11167=FACE_OUTER_BOUND('261589',#11166,.F.);
#11168=ADVANCED_FACE('261589',(#11167),#11160,.F.);
#11169=CARTESIAN_POINT('',(-5.E-1,-5.963692335470E-1,2.7E0));
#11170=DIRECTION('',(0.E0,0.E0,1.E0));
#11171=DIRECTION('',(0.E0,-1.E0,0.E0));
#11172=AXIS2_PLACEMENT_3D('',#11169,#11170,#11171);
#11173=PLANE('261581',#11172);
#11174=ORIENTED_EDGE('261814',*,*,#11076,.F.);
#11176=ORIENTED_EDGE('261835',*,*,#11175,.F.);
#11177=ORIENTED_EDGE('261826',*,*,#11122,.F.);
#11178=ORIENTED_EDGE('261834',*,*,#11163,.F.);
#11179=EDGE_LOOP('261581',(#11174,#11176,#11177,#11178));
#11180=FACE_OUTER_BOUND('261581',#11179,.F.);
#11181=ADVANCED_FACE('261581',(#11180),#11173,.T.);
#11182=CARTESIAN_POINT('',(-5.E-1,-2.815841733547E0,2.553139166989E0));
#11183=DIRECTION('',(0.E0,-3.279125287750E-1,9.447080890267E-1));
#11184=DIRECTION('',(0.E0,9.447080890267E-1,3.279125287750E-1));
#11185=AXIS2_PLACEMENT_3D('',#11182,#11183,#11184);
#11186=PLANE('261582',#11185);
#11187=ORIENTED_EDGE('261815',*,*,#11074,.F.);
#11189=ORIENTED_EDGE('261836',*,*,#11188,.F.);
#11190=ORIENTED_EDGE('261833',*,*,#11124,.F.);
#11191=ORIENTED_EDGE('261835',*,*,#11175,.T.);
#11192=EDGE_LOOP('261582',(#11187,#11189,#11190,#11191));
#11193=FACE_OUTER_BOUND('261582',#11192,.F.);
#11194=ADVANCED_FACE('261582',(#11193),#11186,.T.);
#11195=CARTESIAN_POINT('',(-5.E-1,-3.783008768061E0,2.553139155009E0));
#11196=DIRECTION('',(0.E0,2.606058470267E-1,9.654452819790E-1));
#11197=DIRECTION('',(0.E0,9.654452819790E-1,-2.606058470267E-1));
#11198=AXIS2_PLACEMENT_3D('',#11195,#11196,#11197);
#11199=PLANE('261583',#11198);
#11200=ORIENTED_EDGE('261816',*,*,#11072,.F.);
#11202=ORIENTED_EDGE('261837',*,*,#11201,.F.);
#11203=ORIENTED_EDGE('261832',*,*,#11126,.F.);
#11204=ORIENTED_EDGE('261836',*,*,#11188,.T.);
#11205=EDGE_LOOP('261583',(#11200,#11202,#11203,#11204));
#11206=FACE_OUTER_BOUND('261583',#11205,.F.);
#11207=ADVANCED_FACE('261583',(#11206),#11199,.T.);
#11208=CARTESIAN_POINT('',(-5.E-1,-4.638536268061E0,2.700000155009E0));
#11209=DIRECTION('',(0.E0,0.E0,1.E0));
#11210=DIRECTION('',(0.E0,1.E0,0.E0));
#11211=AXIS2_PLACEMENT_3D('',#11208,#11209,#11210);
#11212=PLANE('261584',#11211);
#11213=ORIENTED_EDGE('261817',*,*,#11070,.T.);
#11215=ORIENTED_EDGE('261838',*,*,#11214,.F.);
#11216=ORIENTED_EDGE('261831',*,*,#11128,.T.);
#11217=ORIENTED_EDGE('261837',*,*,#11201,.T.);
#11218=EDGE_LOOP('261584',(#11213,#11215,#11216,#11217));
#11219=FACE_OUTER_BOUND('261584',#11218,.F.);
#11220=ADVANCED_FACE('261584',(#11219),#11212,.T.);
#11221=CARTESIAN_POINT('',(-5.E-1,-4.949999768061E0,2.575000155009E0));
#11222=DIRECTION('',(0.E0,-1.E0,0.E0));
#11223=DIRECTION('',(0.E0,0.E0,1.E0));
#11224=AXIS2_PLACEMENT_3D('',#11221,#11222,#11223);
#11225=PLANE('261585',#11224);
#11226=ORIENTED_EDGE('261818',*,*,#11068,.T.);
#11228=ORIENTED_EDGE('261839',*,*,#11227,.F.);
#11229=ORIENTED_EDGE('261830',*,*,#11130,.T.);
#11230=ORIENTED_EDGE('261838',*,*,#11214,.T.);
#11231=EDGE_LOOP('261585',(#11226,#11228,#11229,#11230));
#11232=FACE_OUTER_BOUND('261585',#11231,.F.);
#11233=ADVANCED_FACE('261585',(#11232),#11225,.T.);
#11234=CARTESIAN_POINT('',(-5.E-1,-4.655110768061E0,2.450000155009E0));
#11235=DIRECTION('',(0.E0,0.E0,1.E0));
#11236=DIRECTION('',(0.E0,-1.E0,0.E0));
#11237=AXIS2_PLACEMENT_3D('',#11234,#11235,#11236);
#11238=PLANE('261586',#11237);
#11239=ORIENTED_EDGE('261819',*,*,#11066,.T.);
#11241=ORIENTED_EDGE('261840',*,*,#11240,.F.);
#11242=ORIENTED_EDGE('261829',*,*,#11132,.T.);
#11243=ORIENTED_EDGE('261839',*,*,#11227,.T.);
#11244=EDGE_LOOP('261586',(#11239,#11241,#11242,#11243));
#11245=FACE_OUTER_BOUND('261586',#11244,.F.);
#11246=ADVANCED_FACE('261586',(#11245),#11238,.F.);
#11247=CARTESIAN_POINT('',(-5.E-1,-3.794977768061E0,2.297422155009E0));
#11248=DIRECTION('',(0.E0,2.606055482898E-1,9.654453626180E-1));
#11249=DIRECTION('',(0.E0,-9.654453626180E-1,2.606055482898E-1));
#11250=AXIS2_PLACEMENT_3D('',#11247,#11248,#11249);
#11251=PLANE('261587',#11250);
#11252=ORIENTED_EDGE('261820',*,*,#11064,.F.);
#11254=ORIENTED_EDGE('261841',*,*,#11253,.F.);
#11255=ORIENTED_EDGE('261828',*,*,#11134,.F.);
#11256=ORIENTED_EDGE('261840',*,*,#11240,.T.);
#11257=EDGE_LOOP('261587',(#11252,#11254,#11255,#11256));
#11258=FACE_OUTER_BOUND('261587',#11257,.F.);
#11259=ADVANCED_FACE('261587',(#11258),#11251,.F.);
#11260=CARTESIAN_POINT('',(-5.E-1,-2.790159825456E0,2.297421961535E0));
#11261=DIRECTION('',(0.E0,-3.279118890796E-1,9.447083110676E-1));
#11262=DIRECTION('',(0.E0,-9.447083110676E-1,-3.279118890796E-1));
#11263=AXIS2_PLACEMENT_3D('',#11260,#11261,#11262);
#11264=PLANE('261588',#11263);
#11265=ORIENTED_EDGE('261821',*,*,#11062,.F.);
#11266=ORIENTED_EDGE('261822',*,*,#11108,.T.);
#11267=ORIENTED_EDGE('261827',*,*,#11136,.F.);
#11268=ORIENTED_EDGE('261841',*,*,#11253,.T.);
#11269=EDGE_LOOP('261588',(#11265,#11266,#11267,#11268));
#11270=FACE_OUTER_BOUND('261588',#11269,.F.);
#11271=ADVANCED_FACE('261588',(#11270),#11264,.F.);
#11272=CARTESIAN_POINT('',(-5.E-1,-8.238085532088E-2,-1.521007189508E0));
#11273=DIRECTION('',(0.E0,-9.233055025502E-1,-3.840663340628E-1));
#11274=DIRECTION('',(0.E0,3.840663340628E-1,-9.233055025502E-1));
#11275=AXIS2_PLACEMENT_3D('',#11272,#11273,#11274);
#11276=PLANE('261577',#11275);
#11277=ORIENTED_EDGE('263424',*,*,#9092,.T.);
#11278=ORIENTED_EDGE('263427',*,*,#11094,.F.);
#11280=ORIENTED_EDGE('261823',*,*,#11279,.F.);
#11281=ORIENTED_EDGE('263430',*,*,#11147,.F.);
#11282=EDGE_LOOP('261577',(#11277,#11278,#11280,#11281));
#11283=FACE_OUTER_BOUND('261577',#11282,.F.);
#11284=ADVANCED_FACE('261577',(#11283),#11276,.F.);
#11285=CARTESIAN_POINT('',(-5.E-1,-6.181115239011E-1,-5.486247612927E-1));
#11286=DIRECTION('',(0.E0,-7.808198804470E-1,6.247562038898E-1));
#11287=DIRECTION('',(0.E0,6.247562038898E-1,7.808198804470E-1));
#11288=AXIS2_PLACEMENT_3D('',#11285,#11286,#11287);
#11289=PLANE('261578',#11288);
#11290=ORIENTED_EDGE('261813',*,*,#11092,.F.);
#11292=ORIENTED_EDGE('261824',*,*,#11291,.F.);
#11293=ORIENTED_EDGE('261825',*,*,#11149,.F.);
#11294=ORIENTED_EDGE('261823',*,*,#11279,.T.);
#11295=EDGE_LOOP('261578',(#11290,#11292,#11293,#11294));
#11296=FACE_OUTER_BOUND('261578',#11295,.F.);
#11297=ADVANCED_FACE('261578',(#11296),#11289,.T.);
#11298=CARTESIAN_POINT('',(-5.E-1,-2.530173178130E-1,-1.752161209975E0));
#11299=DIRECTION('',(0.E0,-9.245840358476E-1,-3.809781629644E-1));
#11300=DIRECTION('',(0.E0,-3.809781629644E-1,9.245840358476E-1));
#11301=AXIS2_PLACEMENT_3D('',#11298,#11299,#11300);
#11302=PLANE('261579',#11301);
#11303=ORIENTED_EDGE('263425',*,*,#9096,.T.);
#11304=ORIENTED_EDGE('263431',*,*,#11151,.F.);
#11305=ORIENTED_EDGE('261824',*,*,#11291,.T.);
#11306=ORIENTED_EDGE('263428',*,*,#11090,.F.);
#11307=EDGE_LOOP('261579',(#11303,#11304,#11305,#11306));
#11308=FACE_OUTER_BOUND('261579',#11307,.F.);
#11309=ADVANCED_FACE('261579',(#11308),#11302,.T.);
#11310=CARTESIAN_POINT('',(1.725E0,-1.874999768061E0,-7.388518745400E-2));
#11311=DIRECTION('',(-1.E0,0.E0,0.E0));
#11312=DIRECTION('',(0.E0,0.E0,-1.E0));
#11313=AXIS2_PLACEMENT_3D('',#11310,#11311,#11312);
#11314=PLANE('261560',#11313);
#11316=ORIENTED_EDGE('263008',*,*,#11315,.F.);
#11318=ORIENTED_EDGE('261792',*,*,#11317,.T.);
#11320=ORIENTED_EDGE('261791',*,*,#11319,.T.);
#11322=ORIENTED_EDGE('261790',*,*,#11321,.F.);
#11324=ORIENTED_EDGE('261789',*,*,#11323,.F.);
#11326=ORIENTED_EDGE('261788',*,*,#11325,.F.);
#11328=ORIENTED_EDGE('261787',*,*,#11327,.T.);
#11330=ORIENTED_EDGE('261786',*,*,#11329,.T.);
#11332=ORIENTED_EDGE('261785',*,*,#11331,.T.);
#11334=ORIENTED_EDGE('263413',*,*,#11333,.F.);
#11335=ORIENTED_EDGE('263404',*,*,#8519,.F.);
#11336=EDGE_LOOP('261560',(#11316,#11318,#11320,#11322,#11324,#11326,#11328,
#11330,#11332,#11334,#11335));
#11337=FACE_OUTER_BOUND('261560',#11336,.F.);
#11338=ADVANCED_FACE('261560',(#11337),#11314,.F.);
#11339=CARTESIAN_POINT('',(1.725E0,-1.874999768061E0,-7.388518745400E-2));
#11340=DIRECTION('',(-1.E0,0.E0,0.E0));
#11341=DIRECTION('',(0.E0,0.E0,-1.E0));
#11342=AXIS2_PLACEMENT_3D('',#11339,#11340,#11341);
#11343=PLANE('261560',#11342);
#11344=ORIENTED_EDGE('263407',*,*,#9100,.T.);
#11346=ORIENTED_EDGE('263412',*,*,#11345,.T.);
#11348=ORIENTED_EDGE('261784',*,*,#11347,.T.);
#11350=ORIENTED_EDGE('263411',*,*,#11349,.T.);
#11351=EDGE_LOOP('261560',(#11344,#11346,#11348,#11350));
#11352=FACE_OUTER_BOUND('261560',#11351,.F.);
#11353=ADVANCED_FACE('261560',(#11352),#11343,.F.);
#11354=CARTESIAN_POINT('',(1.5E0,-7.002929414260E-1,2.449999768061E0));
#11355=DIRECTION('',(0.E0,0.E0,1.E0));
#11356=DIRECTION('',(0.E0,-1.E0,0.E0));
#11357=AXIS2_PLACEMENT_3D('',#11354,#11355,#11356);
#11358=PLANE('261561',#11357);
#11359=ORIENTED_EDGE('263008',*,*,#11315,.T.);
#11360=ORIENTED_EDGE('263403',*,*,#8414,.F.);
#11362=ORIENTED_EDGE('263009',*,*,#11361,.T.);
#11364=ORIENTED_EDGE('261793',*,*,#11363,.F.);
#11365=EDGE_LOOP('261561',(#11359,#11360,#11362,#11364));
#11366=FACE_OUTER_BOUND('261561',#11365,.F.);
#11367=ADVANCED_FACE('261561',(#11366),#11358,.F.);
#11368=CARTESIAN_POINT('',(1.275E0,-1.874999768061E0,-7.388518745185E-2));
#11369=DIRECTION('',(-1.E0,0.E0,0.E0));
#11370=DIRECTION('',(0.E0,0.E0,1.E0));
#11371=AXIS2_PLACEMENT_3D('',#11368,#11369,#11370);
#11372=PLANE('261565',#11371);
#11373=ORIENTED_EDGE('263009',*,*,#11361,.F.);
#11374=ORIENTED_EDGE('263405',*,*,#8523,.F.);
#11376=ORIENTED_EDGE('263416',*,*,#11375,.F.);
#11378=ORIENTED_EDGE('261797',*,*,#11377,.T.);
#11380=ORIENTED_EDGE('261804',*,*,#11379,.T.);
#11382=ORIENTED_EDGE('261803',*,*,#11381,.T.);
#11384=ORIENTED_EDGE('261802',*,*,#11383,.F.);
#11386=ORIENTED_EDGE('261801',*,*,#11385,.F.);
#11388=ORIENTED_EDGE('261800',*,*,#11387,.F.);
#11390=ORIENTED_EDGE('261799',*,*,#11389,.T.);
#11392=ORIENTED_EDGE('261798',*,*,#11391,.T.);
#11393=EDGE_LOOP('261565',(#11373,#11374,#11376,#11378,#11380,#11382,#11384,
#11386,#11388,#11390,#11392));
#11394=FACE_OUTER_BOUND('261565',#11393,.F.);
#11395=ADVANCED_FACE('261565',(#11394),#11372,.T.);
#11396=CARTESIAN_POINT('',(1.275E0,-1.874999768061E0,-7.388518745185E-2));
#11397=DIRECTION('',(-1.E0,0.E0,0.E0));
#11398=DIRECTION('',(0.E0,0.E0,1.E0));
#11399=AXIS2_PLACEMENT_3D('',#11396,#11397,#11398);
#11400=PLANE('261565',#11399);
#11401=ORIENTED_EDGE('263410',*,*,#9104,.F.);
#11403=ORIENTED_EDGE('263414',*,*,#11402,.T.);
#11405=ORIENTED_EDGE('261796',*,*,#11404,.T.);
#11407=ORIENTED_EDGE('263415',*,*,#11406,.T.);
#11408=EDGE_LOOP('261565',(#11401,#11403,#11405,#11407));
#11409=FACE_OUTER_BOUND('261565',#11408,.F.);
#11410=ADVANCED_FACE('261565',(#11409),#11400,.T.);
#11411=CARTESIAN_POINT('',(1.5E0,1.199999515309E0,-7.388527693620E-2));
#11412=DIRECTION('',(0.E0,-1.E0,2.583487549362E-7));
#11413=DIRECTION('',(0.E0,-2.583487549362E-7,-1.E0));
#11414=AXIS2_PLACEMENT_3D('',#11411,#11412,#11413);
#11415=PLANE('261574',#11414);
#11416=ORIENTED_EDGE('263406',*,*,#8521,.T.);
#11417=ORIENTED_EDGE('263413',*,*,#11333,.T.);
#11419=ORIENTED_EDGE('261805',*,*,#11418,.T.);
#11420=ORIENTED_EDGE('263416',*,*,#11375,.T.);
#11421=EDGE_LOOP('261574',(#11416,#11417,#11419,#11420));
#11422=FACE_OUTER_BOUND('261574',#11421,.F.);
#11423=ADVANCED_FACE('261574',(#11422),#11415,.F.);
#11424=CARTESIAN_POINT('',(1.5E0,-5.963692335470E-1,2.7E0));
#11425=DIRECTION('',(0.E0,0.E0,1.E0));
#11426=DIRECTION('',(0.E0,-1.E0,0.E0));
#11427=AXIS2_PLACEMENT_3D('',#11424,#11425,#11426);
#11428=PLANE('261566',#11427);
#11429=ORIENTED_EDGE('261785',*,*,#11331,.F.);
#11431=ORIENTED_EDGE('261806',*,*,#11430,.F.);
#11432=ORIENTED_EDGE('261797',*,*,#11377,.F.);
#11433=ORIENTED_EDGE('261805',*,*,#11418,.F.);
#11434=EDGE_LOOP('261566',(#11429,#11431,#11432,#11433));
#11435=FACE_OUTER_BOUND('261566',#11434,.F.);
#11436=ADVANCED_FACE('261566',(#11435),#11428,.T.);
#11437=CARTESIAN_POINT('',(1.5E0,-2.815841733547E0,2.553139166989E0));
#11438=DIRECTION('',(0.E0,-3.279125287750E-1,9.447080890267E-1));
#11439=DIRECTION('',(0.E0,9.447080890267E-1,3.279125287750E-1));
#11440=AXIS2_PLACEMENT_3D('',#11437,#11438,#11439);
#11441=PLANE('261567',#11440);
#11442=ORIENTED_EDGE('261786',*,*,#11329,.F.);
#11444=ORIENTED_EDGE('261807',*,*,#11443,.F.);
#11445=ORIENTED_EDGE('261804',*,*,#11379,.F.);
#11446=ORIENTED_EDGE('261806',*,*,#11430,.T.);
#11447=EDGE_LOOP('261567',(#11442,#11444,#11445,#11446));
#11448=FACE_OUTER_BOUND('261567',#11447,.F.);
#11449=ADVANCED_FACE('261567',(#11448),#11441,.T.);
#11450=CARTESIAN_POINT('',(1.5E0,-3.783008768061E0,2.553139155009E0));
#11451=DIRECTION('',(0.E0,2.606058470267E-1,9.654452819790E-1));
#11452=DIRECTION('',(0.E0,9.654452819790E-1,-2.606058470267E-1));
#11453=AXIS2_PLACEMENT_3D('',#11450,#11451,#11452);
#11454=PLANE('261568',#11453);
#11455=ORIENTED_EDGE('261787',*,*,#11327,.F.);
#11457=ORIENTED_EDGE('261808',*,*,#11456,.F.);
#11458=ORIENTED_EDGE('261803',*,*,#11381,.F.);
#11459=ORIENTED_EDGE('261807',*,*,#11443,.T.);
#11460=EDGE_LOOP('261568',(#11455,#11457,#11458,#11459));
#11461=FACE_OUTER_BOUND('261568',#11460,.F.);
#11462=ADVANCED_FACE('261568',(#11461),#11454,.T.);
#11463=CARTESIAN_POINT('',(1.5E0,-4.638536268061E0,2.700000155009E0));
#11464=DIRECTION('',(0.E0,0.E0,1.E0));
#11465=DIRECTION('',(0.E0,1.E0,0.E0));
#11466=AXIS2_PLACEMENT_3D('',#11463,#11464,#11465);
#11467=PLANE('261569',#11466);
#11468=ORIENTED_EDGE('261788',*,*,#11325,.T.);
#11470=ORIENTED_EDGE('261809',*,*,#11469,.F.);
#11471=ORIENTED_EDGE('261802',*,*,#11383,.T.);
#11472=ORIENTED_EDGE('261808',*,*,#11456,.T.);
#11473=EDGE_LOOP('261569',(#11468,#11470,#11471,#11472));
#11474=FACE_OUTER_BOUND('261569',#11473,.F.);
#11475=ADVANCED_FACE('261569',(#11474),#11467,.T.);
#11476=CARTESIAN_POINT('',(1.5E0,-4.949999768061E0,2.575000155009E0));
#11477=DIRECTION('',(0.E0,-1.E0,0.E0));
#11478=DIRECTION('',(0.E0,0.E0,1.E0));
#11479=AXIS2_PLACEMENT_3D('',#11476,#11477,#11478);
#11480=PLANE('261570',#11479);
#11481=ORIENTED_EDGE('261789',*,*,#11323,.T.);
#11483=ORIENTED_EDGE('261810',*,*,#11482,.F.);
#11484=ORIENTED_EDGE('261801',*,*,#11385,.T.);
#11485=ORIENTED_EDGE('261809',*,*,#11469,.T.);
#11486=EDGE_LOOP('261570',(#11481,#11483,#11484,#11485));
#11487=FACE_OUTER_BOUND('261570',#11486,.F.);
#11488=ADVANCED_FACE('261570',(#11487),#11480,.T.);
#11489=CARTESIAN_POINT('',(1.5E0,-4.655110768061E0,2.450000155009E0));
#11490=DIRECTION('',(0.E0,0.E0,1.E0));
#11491=DIRECTION('',(0.E0,-1.E0,0.E0));
#11492=AXIS2_PLACEMENT_3D('',#11489,#11490,#11491);
#11493=PLANE('261571',#11492);
#11494=ORIENTED_EDGE('261790',*,*,#11321,.T.);
#11496=ORIENTED_EDGE('261811',*,*,#11495,.F.);
#11497=ORIENTED_EDGE('261800',*,*,#11387,.T.);
#11498=ORIENTED_EDGE('261810',*,*,#11482,.T.);
#11499=EDGE_LOOP('261571',(#11494,#11496,#11497,#11498));
#11500=FACE_OUTER_BOUND('261571',#11499,.F.);
#11501=ADVANCED_FACE('261571',(#11500),#11493,.F.);
#11502=CARTESIAN_POINT('',(1.5E0,-3.794977768061E0,2.297422155009E0));
#11503=DIRECTION('',(0.E0,2.606055482898E-1,9.654453626180E-1));
#11504=DIRECTION('',(0.E0,-9.654453626180E-1,2.606055482898E-1));
#11505=AXIS2_PLACEMENT_3D('',#11502,#11503,#11504);
#11506=PLANE('261572',#11505);
#11507=ORIENTED_EDGE('261791',*,*,#11319,.F.);
#11509=ORIENTED_EDGE('261812',*,*,#11508,.F.);
#11510=ORIENTED_EDGE('261799',*,*,#11389,.F.);
#11511=ORIENTED_EDGE('261811',*,*,#11495,.T.);
#11512=EDGE_LOOP('261572',(#11507,#11509,#11510,#11511));
#11513=FACE_OUTER_BOUND('261572',#11512,.F.);
#11514=ADVANCED_FACE('261572',(#11513),#11506,.F.);
#11515=CARTESIAN_POINT('',(1.5E0,-2.790159825456E0,2.297421961535E0));
#11516=DIRECTION('',(0.E0,-3.279118890796E-1,9.447083110676E-1));
#11517=DIRECTION('',(0.E0,-9.447083110676E-1,-3.279118890796E-1));
#11518=AXIS2_PLACEMENT_3D('',#11515,#11516,#11517);
#11519=PLANE('261573',#11518);
#11520=ORIENTED_EDGE('261792',*,*,#11317,.F.);
#11521=ORIENTED_EDGE('261793',*,*,#11363,.T.);
#11522=ORIENTED_EDGE('261798',*,*,#11391,.F.);
#11523=ORIENTED_EDGE('261812',*,*,#11508,.T.);
#11524=EDGE_LOOP('261573',(#11520,#11521,#11522,#11523));
#11525=FACE_OUTER_BOUND('261573',#11524,.F.);
#11526=ADVANCED_FACE('261573',(#11525),#11519,.F.);
#11527=CARTESIAN_POINT('',(1.5E0,-8.238085532088E-2,-1.521007189508E0));
#11528=DIRECTION('',(0.E0,-9.233055025502E-1,-3.840663340628E-1));
#11529=DIRECTION('',(0.E0,3.840663340628E-1,-9.233055025502E-1));
#11530=AXIS2_PLACEMENT_3D('',#11527,#11528,#11529);
#11531=PLANE('261562',#11530);
#11532=ORIENTED_EDGE('263408',*,*,#9102,.T.);
#11533=ORIENTED_EDGE('263411',*,*,#11349,.F.);
#11535=ORIENTED_EDGE('261794',*,*,#11534,.F.);
#11536=ORIENTED_EDGE('263414',*,*,#11402,.F.);
#11537=EDGE_LOOP('261562',(#11532,#11533,#11535,#11536));
#11538=FACE_OUTER_BOUND('261562',#11537,.F.);
#11539=ADVANCED_FACE('261562',(#11538),#11531,.F.);
#11540=CARTESIAN_POINT('',(1.5E0,-6.181115239011E-1,-5.486247612927E-1));
#11541=DIRECTION('',(0.E0,-7.808198804470E-1,6.247562038898E-1));
#11542=DIRECTION('',(0.E0,6.247562038898E-1,7.808198804470E-1));
#11543=AXIS2_PLACEMENT_3D('',#11540,#11541,#11542);
#11544=PLANE('261563',#11543);
#11545=ORIENTED_EDGE('261784',*,*,#11347,.F.);
#11547=ORIENTED_EDGE('261795',*,*,#11546,.F.);
#11548=ORIENTED_EDGE('261796',*,*,#11404,.F.);
#11549=ORIENTED_EDGE('261794',*,*,#11534,.T.);
#11550=EDGE_LOOP('261563',(#11545,#11547,#11548,#11549));
#11551=FACE_OUTER_BOUND('261563',#11550,.F.);
#11552=ADVANCED_FACE('261563',(#11551),#11544,.T.);
#11553=CARTESIAN_POINT('',(1.5E0,-2.530173178130E-1,-1.752161209975E0));
#11554=DIRECTION('',(0.E0,-9.245840358476E-1,-3.809781629644E-1));
#11555=DIRECTION('',(0.E0,-3.809781629644E-1,9.245840358476E-1));
#11556=AXIS2_PLACEMENT_3D('',#11553,#11554,#11555);
#11557=PLANE('261564',#11556);
#11558=ORIENTED_EDGE('263409',*,*,#9106,.T.);
#11559=ORIENTED_EDGE('263415',*,*,#11406,.F.);
#11560=ORIENTED_EDGE('261795',*,*,#11546,.T.);
#11561=ORIENTED_EDGE('263412',*,*,#11345,.F.);
#11562=EDGE_LOOP('261564',(#11558,#11559,#11560,#11561));
#11563=FACE_OUTER_BOUND('261564',#11562,.F.);
#11564=ADVANCED_FACE('261564',(#11563),#11557,.T.);
#11565=CARTESIAN_POINT('',(3.725E0,-1.874999768061E0,-7.388518745400E-2));
#11566=DIRECTION('',(-1.E0,0.E0,0.E0));
#11567=DIRECTION('',(0.E0,0.E0,-1.E0));
#11568=AXIS2_PLACEMENT_3D('',#11565,#11566,#11567);
#11569=PLANE('261545',#11568);
#11571=ORIENTED_EDGE('263006',*,*,#11570,.F.);
#11573=ORIENTED_EDGE('261763',*,*,#11572,.T.);
#11575=ORIENTED_EDGE('261762',*,*,#11574,.T.);
#11577=ORIENTED_EDGE('261761',*,*,#11576,.F.);
#11579=ORIENTED_EDGE('261760',*,*,#11578,.F.);
#11581=ORIENTED_EDGE('261759',*,*,#11580,.F.);
#11583=ORIENTED_EDGE('261758',*,*,#11582,.T.);
#11585=ORIENTED_EDGE('261757',*,*,#11584,.T.);
#11587=ORIENTED_EDGE('261756',*,*,#11586,.T.);
#11589=ORIENTED_EDGE('263397',*,*,#11588,.F.);
#11590=ORIENTED_EDGE('263388',*,*,#8505,.F.);
#11591=EDGE_LOOP('261545',(#11571,#11573,#11575,#11577,#11579,#11581,#11583,
#11585,#11587,#11589,#11590));
#11592=FACE_OUTER_BOUND('261545',#11591,.F.);
#11593=ADVANCED_FACE('261545',(#11592),#11569,.F.);
#11594=CARTESIAN_POINT('',(3.725E0,-1.874999768061E0,-7.388518745400E-2));
#11595=DIRECTION('',(-1.E0,0.E0,0.E0));
#11596=DIRECTION('',(0.E0,0.E0,-1.E0));
#11597=AXIS2_PLACEMENT_3D('',#11594,#11595,#11596);
#11598=PLANE('261545',#11597);
#11599=ORIENTED_EDGE('263391',*,*,#9110,.T.);
#11601=ORIENTED_EDGE('263396',*,*,#11600,.T.);
#11603=ORIENTED_EDGE('261755',*,*,#11602,.T.);
#11605=ORIENTED_EDGE('263395',*,*,#11604,.T.);
#11606=EDGE_LOOP('261545',(#11599,#11601,#11603,#11605));
#11607=FACE_OUTER_BOUND('261545',#11606,.F.);
#11608=ADVANCED_FACE('261545',(#11607),#11598,.F.);
#11609=CARTESIAN_POINT('',(3.5E0,-7.002929414260E-1,2.449999768061E0));
#11610=DIRECTION('',(0.E0,0.E0,1.E0));
#11611=DIRECTION('',(0.E0,-1.E0,0.E0));
#11612=AXIS2_PLACEMENT_3D('',#11609,#11610,#11611);
#11613=PLANE('261546',#11612);
#11614=ORIENTED_EDGE('263006',*,*,#11570,.T.);
#11615=ORIENTED_EDGE('263387',*,*,#8422,.F.);
#11617=ORIENTED_EDGE('263007',*,*,#11616,.T.);
#11619=ORIENTED_EDGE('261764',*,*,#11618,.F.);
#11620=EDGE_LOOP('261546',(#11614,#11615,#11617,#11619));
#11621=FACE_OUTER_BOUND('261546',#11620,.F.);
#11622=ADVANCED_FACE('261546',(#11621),#11613,.F.);
#11623=CARTESIAN_POINT('',(3.275E0,-1.874999768061E0,-7.388518745185E-2));
#11624=DIRECTION('',(-1.E0,0.E0,0.E0));
#11625=DIRECTION('',(0.E0,0.E0,1.E0));
#11626=AXIS2_PLACEMENT_3D('',#11623,#11624,#11625);
#11627=PLANE('261550',#11626);
#11628=ORIENTED_EDGE('263007',*,*,#11616,.F.);
#11629=ORIENTED_EDGE('263389',*,*,#8509,.F.);
#11631=ORIENTED_EDGE('263400',*,*,#11630,.F.);
#11633=ORIENTED_EDGE('261768',*,*,#11632,.T.);
#11635=ORIENTED_EDGE('261775',*,*,#11634,.T.);
#11637=ORIENTED_EDGE('261774',*,*,#11636,.T.);
#11639=ORIENTED_EDGE('261773',*,*,#11638,.F.);
#11641=ORIENTED_EDGE('261772',*,*,#11640,.F.);
#11643=ORIENTED_EDGE('261771',*,*,#11642,.F.);
#11645=ORIENTED_EDGE('261770',*,*,#11644,.T.);
#11647=ORIENTED_EDGE('261769',*,*,#11646,.T.);
#11648=EDGE_LOOP('261550',(#11628,#11629,#11631,#11633,#11635,#11637,#11639,
#11641,#11643,#11645,#11647));
#11649=FACE_OUTER_BOUND('261550',#11648,.F.);
#11650=ADVANCED_FACE('261550',(#11649),#11627,.T.);
#11651=CARTESIAN_POINT('',(3.275E0,-1.874999768061E0,-7.388518745185E-2));
#11652=DIRECTION('',(-1.E0,0.E0,0.E0));
#11653=DIRECTION('',(0.E0,0.E0,1.E0));
#11654=AXIS2_PLACEMENT_3D('',#11651,#11652,#11653);
#11655=PLANE('261550',#11654);
#11656=ORIENTED_EDGE('263394',*,*,#9114,.F.);
#11658=ORIENTED_EDGE('263398',*,*,#11657,.T.);
#11660=ORIENTED_EDGE('261767',*,*,#11659,.T.);
#11662=ORIENTED_EDGE('263399',*,*,#11661,.T.);
#11663=EDGE_LOOP('261550',(#11656,#11658,#11660,#11662));
#11664=FACE_OUTER_BOUND('261550',#11663,.F.);
#11665=ADVANCED_FACE('261550',(#11664),#11655,.T.);
#11666=CARTESIAN_POINT('',(3.5E0,1.199999515309E0,-7.388527693620E-2));
#11667=DIRECTION('',(0.E0,-1.E0,2.583487549362E-7));
#11668=DIRECTION('',(0.E0,-2.583487549362E-7,-1.E0));
#11669=AXIS2_PLACEMENT_3D('',#11666,#11667,#11668);
#11670=PLANE('261559',#11669);
#11671=ORIENTED_EDGE('263390',*,*,#8507,.T.);
#11672=ORIENTED_EDGE('263397',*,*,#11588,.T.);
#11674=ORIENTED_EDGE('261776',*,*,#11673,.T.);
#11675=ORIENTED_EDGE('263400',*,*,#11630,.T.);
#11676=EDGE_LOOP('261559',(#11671,#11672,#11674,#11675));
#11677=FACE_OUTER_BOUND('261559',#11676,.F.);
#11678=ADVANCED_FACE('261559',(#11677),#11670,.F.);
#11679=CARTESIAN_POINT('',(3.5E0,-5.963692335470E-1,2.7E0));
#11680=DIRECTION('',(0.E0,0.E0,1.E0));
#11681=DIRECTION('',(0.E0,-1.E0,0.E0));
#11682=AXIS2_PLACEMENT_3D('',#11679,#11680,#11681);
#11683=PLANE('261551',#11682);
#11684=ORIENTED_EDGE('261756',*,*,#11586,.F.);
#11686=ORIENTED_EDGE('261777',*,*,#11685,.F.);
#11687=ORIENTED_EDGE('261768',*,*,#11632,.F.);
#11688=ORIENTED_EDGE('261776',*,*,#11673,.F.);
#11689=EDGE_LOOP('261551',(#11684,#11686,#11687,#11688));
#11690=FACE_OUTER_BOUND('261551',#11689,.F.);
#11691=ADVANCED_FACE('261551',(#11690),#11683,.T.);
#11692=CARTESIAN_POINT('',(3.5E0,-2.815841733547E0,2.553139166989E0));
#11693=DIRECTION('',(0.E0,-3.279125287750E-1,9.447080890267E-1));
#11694=DIRECTION('',(0.E0,9.447080890267E-1,3.279125287750E-1));
#11695=AXIS2_PLACEMENT_3D('',#11692,#11693,#11694);
#11696=PLANE('261552',#11695);
#11697=ORIENTED_EDGE('261757',*,*,#11584,.F.);
#11699=ORIENTED_EDGE('261778',*,*,#11698,.F.);
#11700=ORIENTED_EDGE('261775',*,*,#11634,.F.);
#11701=ORIENTED_EDGE('261777',*,*,#11685,.T.);
#11702=EDGE_LOOP('261552',(#11697,#11699,#11700,#11701));
#11703=FACE_OUTER_BOUND('261552',#11702,.F.);
#11704=ADVANCED_FACE('261552',(#11703),#11696,.T.);
#11705=CARTESIAN_POINT('',(3.5E0,-3.783008768061E0,2.553139155009E0));
#11706=DIRECTION('',(0.E0,2.606058470267E-1,9.654452819790E-1));
#11707=DIRECTION('',(0.E0,9.654452819790E-1,-2.606058470267E-1));
#11708=AXIS2_PLACEMENT_3D('',#11705,#11706,#11707);
#11709=PLANE('261553',#11708);
#11710=ORIENTED_EDGE('261758',*,*,#11582,.F.);
#11712=ORIENTED_EDGE('261779',*,*,#11711,.F.);
#11713=ORIENTED_EDGE('261774',*,*,#11636,.F.);
#11714=ORIENTED_EDGE('261778',*,*,#11698,.T.);
#11715=EDGE_LOOP('261553',(#11710,#11712,#11713,#11714));
#11716=FACE_OUTER_BOUND('261553',#11715,.F.);
#11717=ADVANCED_FACE('261553',(#11716),#11709,.T.);
#11718=CARTESIAN_POINT('',(3.5E0,-4.638536268061E0,2.700000155009E0));
#11719=DIRECTION('',(0.E0,0.E0,1.E0));
#11720=DIRECTION('',(0.E0,1.E0,0.E0));
#11721=AXIS2_PLACEMENT_3D('',#11718,#11719,#11720);
#11722=PLANE('261554',#11721);
#11723=ORIENTED_EDGE('261759',*,*,#11580,.T.);
#11725=ORIENTED_EDGE('261780',*,*,#11724,.F.);
#11726=ORIENTED_EDGE('261773',*,*,#11638,.T.);
#11727=ORIENTED_EDGE('261779',*,*,#11711,.T.);
#11728=EDGE_LOOP('261554',(#11723,#11725,#11726,#11727));
#11729=FACE_OUTER_BOUND('261554',#11728,.F.);
#11730=ADVANCED_FACE('261554',(#11729),#11722,.T.);
#11731=CARTESIAN_POINT('',(3.5E0,-4.949999768061E0,2.575000155009E0));
#11732=DIRECTION('',(0.E0,-1.E0,0.E0));
#11733=DIRECTION('',(0.E0,0.E0,1.E0));
#11734=AXIS2_PLACEMENT_3D('',#11731,#11732,#11733);
#11735=PLANE('261555',#11734);
#11736=ORIENTED_EDGE('261760',*,*,#11578,.T.);
#11738=ORIENTED_EDGE('261781',*,*,#11737,.F.);
#11739=ORIENTED_EDGE('261772',*,*,#11640,.T.);
#11740=ORIENTED_EDGE('261780',*,*,#11724,.T.);
#11741=EDGE_LOOP('261555',(#11736,#11738,#11739,#11740));
#11742=FACE_OUTER_BOUND('261555',#11741,.F.);
#11743=ADVANCED_FACE('261555',(#11742),#11735,.T.);
#11744=CARTESIAN_POINT('',(3.5E0,-4.655110768061E0,2.450000155009E0));
#11745=DIRECTION('',(0.E0,0.E0,1.E0));
#11746=DIRECTION('',(0.E0,-1.E0,0.E0));
#11747=AXIS2_PLACEMENT_3D('',#11744,#11745,#11746);
#11748=PLANE('261556',#11747);
#11749=ORIENTED_EDGE('261761',*,*,#11576,.T.);
#11751=ORIENTED_EDGE('261782',*,*,#11750,.F.);
#11752=ORIENTED_EDGE('261771',*,*,#11642,.T.);
#11753=ORIENTED_EDGE('261781',*,*,#11737,.T.);
#11754=EDGE_LOOP('261556',(#11749,#11751,#11752,#11753));
#11755=FACE_OUTER_BOUND('261556',#11754,.F.);
#11756=ADVANCED_FACE('261556',(#11755),#11748,.F.);
#11757=CARTESIAN_POINT('',(3.5E0,-3.794977768061E0,2.297422155009E0));
#11758=DIRECTION('',(0.E0,2.606055482898E-1,9.654453626180E-1));
#11759=DIRECTION('',(0.E0,-9.654453626180E-1,2.606055482898E-1));
#11760=AXIS2_PLACEMENT_3D('',#11757,#11758,#11759);
#11761=PLANE('261557',#11760);
#11762=ORIENTED_EDGE('261762',*,*,#11574,.F.);
#11764=ORIENTED_EDGE('261783',*,*,#11763,.F.);
#11765=ORIENTED_EDGE('261770',*,*,#11644,.F.);
#11766=ORIENTED_EDGE('261782',*,*,#11750,.T.);
#11767=EDGE_LOOP('261557',(#11762,#11764,#11765,#11766));
#11768=FACE_OUTER_BOUND('261557',#11767,.F.);
#11769=ADVANCED_FACE('261557',(#11768),#11761,.F.);
#11770=CARTESIAN_POINT('',(3.5E0,-2.790159825456E0,2.297421961535E0));
#11771=DIRECTION('',(0.E0,-3.279118890796E-1,9.447083110676E-1));
#11772=DIRECTION('',(0.E0,-9.447083110676E-1,-3.279118890796E-1));
#11773=AXIS2_PLACEMENT_3D('',#11770,#11771,#11772);
#11774=PLANE('261558',#11773);
#11775=ORIENTED_EDGE('261763',*,*,#11572,.F.);
#11776=ORIENTED_EDGE('261764',*,*,#11618,.T.);
#11777=ORIENTED_EDGE('261769',*,*,#11646,.F.);
#11778=ORIENTED_EDGE('261783',*,*,#11763,.T.);
#11779=EDGE_LOOP('261558',(#11775,#11776,#11777,#11778));
#11780=FACE_OUTER_BOUND('261558',#11779,.F.);
#11781=ADVANCED_FACE('261558',(#11780),#11774,.F.);
#11782=CARTESIAN_POINT('',(3.5E0,-8.238085532088E-2,-1.521007189508E0));
#11783=DIRECTION('',(0.E0,-9.233055025502E-1,-3.840663340628E-1));
#11784=DIRECTION('',(0.E0,3.840663340628E-1,-9.233055025502E-1));
#11785=AXIS2_PLACEMENT_3D('',#11782,#11783,#11784);
#11786=PLANE('261547',#11785);
#11787=ORIENTED_EDGE('263392',*,*,#9112,.T.);
#11788=ORIENTED_EDGE('263395',*,*,#11604,.F.);
#11790=ORIENTED_EDGE('261765',*,*,#11789,.F.);
#11791=ORIENTED_EDGE('263398',*,*,#11657,.F.);
#11792=EDGE_LOOP('261547',(#11787,#11788,#11790,#11791));
#11793=FACE_OUTER_BOUND('261547',#11792,.F.);
#11794=ADVANCED_FACE('261547',(#11793),#11786,.F.);
#11795=CARTESIAN_POINT('',(3.5E0,-6.181115239011E-1,-5.486247612927E-1));
#11796=DIRECTION('',(0.E0,-7.808198804470E-1,6.247562038898E-1));
#11797=DIRECTION('',(0.E0,6.247562038898E-1,7.808198804470E-1));
#11798=AXIS2_PLACEMENT_3D('',#11795,#11796,#11797);
#11799=PLANE('261548',#11798);
#11800=ORIENTED_EDGE('261755',*,*,#11602,.F.);
#11802=ORIENTED_EDGE('261766',*,*,#11801,.F.);
#11803=ORIENTED_EDGE('261767',*,*,#11659,.F.);
#11804=ORIENTED_EDGE('261765',*,*,#11789,.T.);
#11805=EDGE_LOOP('261548',(#11800,#11802,#11803,#11804));
#11806=FACE_OUTER_BOUND('261548',#11805,.F.);
#11807=ADVANCED_FACE('261548',(#11806),#11799,.T.);
#11808=CARTESIAN_POINT('',(3.5E0,-2.530173178130E-1,-1.752161209975E0));
#11809=DIRECTION('',(0.E0,-9.245840358476E-1,-3.809781629644E-1));
#11810=DIRECTION('',(0.E0,-3.809781629644E-1,9.245840358476E-1));
#11811=AXIS2_PLACEMENT_3D('',#11808,#11809,#11810);
#11812=PLANE('261549',#11811);
#11813=ORIENTED_EDGE('263393',*,*,#9116,.T.);
#11814=ORIENTED_EDGE('263399',*,*,#11661,.F.);
#11815=ORIENTED_EDGE('261766',*,*,#11801,.T.);
#11816=ORIENTED_EDGE('263396',*,*,#11600,.F.);
#11817=EDGE_LOOP('261549',(#11813,#11814,#11815,#11816));
#11818=FACE_OUTER_BOUND('261549',#11817,.F.);
#11819=ADVANCED_FACE('261549',(#11818),#11812,.T.);
#11820=CARTESIAN_POINT('',(5.725E0,-1.874999768061E0,-7.388518745400E-2));
#11821=DIRECTION('',(-1.E0,0.E0,0.E0));
#11822=DIRECTION('',(0.E0,0.E0,-1.E0));
#11823=AXIS2_PLACEMENT_3D('',#11820,#11821,#11822);
#11824=PLANE('261530',#11823);
#11826=ORIENTED_EDGE('263004',*,*,#11825,.F.);
#11828=ORIENTED_EDGE('262169',*,*,#11827,.T.);
#11830=ORIENTED_EDGE('262168',*,*,#11829,.T.);
#11832=ORIENTED_EDGE('262167',*,*,#11831,.F.);
#11834=ORIENTED_EDGE('262166',*,*,#11833,.F.);
#11836=ORIENTED_EDGE('262165',*,*,#11835,.F.);
#11838=ORIENTED_EDGE('262164',*,*,#11837,.T.);
#11840=ORIENTED_EDGE('262163',*,*,#11839,.T.);
#11842=ORIENTED_EDGE('262162',*,*,#11841,.T.);
#11844=ORIENTED_EDGE('263381',*,*,#11843,.F.);
#11845=ORIENTED_EDGE('263372',*,*,#8491,.F.);
#11846=EDGE_LOOP('261530',(#11826,#11828,#11830,#11832,#11834,#11836,#11838,
#11840,#11842,#11844,#11845));
#11847=FACE_OUTER_BOUND('261530',#11846,.F.);
#11848=ADVANCED_FACE('261530',(#11847),#11824,.F.);
#11849=CARTESIAN_POINT('',(5.725E0,-1.874999768061E0,-7.388518745400E-2));
#11850=DIRECTION('',(-1.E0,0.E0,0.E0));
#11851=DIRECTION('',(0.E0,0.E0,-1.E0));
#11852=AXIS2_PLACEMENT_3D('',#11849,#11850,#11851);
#11853=PLANE('261530',#11852);
#11854=ORIENTED_EDGE('263375',*,*,#9120,.T.);
#11856=ORIENTED_EDGE('263380',*,*,#11855,.T.);
#11858=ORIENTED_EDGE('262161',*,*,#11857,.T.);
#11860=ORIENTED_EDGE('263379',*,*,#11859,.T.);
#11861=EDGE_LOOP('261530',(#11854,#11856,#11858,#11860));
#11862=FACE_OUTER_BOUND('261530',#11861,.F.);
#11863=ADVANCED_FACE('261530',(#11862),#11853,.F.);
#11864=CARTESIAN_POINT('',(5.5E0,-7.002929414260E-1,2.449999768061E0));
#11865=DIRECTION('',(0.E0,0.E0,1.E0));
#11866=DIRECTION('',(0.E0,-1.E0,0.E0));
#11867=AXIS2_PLACEMENT_3D('',#11864,#11865,#11866);
#11868=PLANE('261531',#11867);
#11869=ORIENTED_EDGE('263004',*,*,#11825,.T.);
#11870=ORIENTED_EDGE('263371',*,*,#8430,.F.);
#11872=ORIENTED_EDGE('263005',*,*,#11871,.T.);
#11874=ORIENTED_EDGE('262170',*,*,#11873,.F.);
#11875=EDGE_LOOP('261531',(#11869,#11870,#11872,#11874));
#11876=FACE_OUTER_BOUND('261531',#11875,.F.);
#11877=ADVANCED_FACE('261531',(#11876),#11868,.F.);
#11878=CARTESIAN_POINT('',(5.275E0,-1.874999768061E0,-7.388518745185E-2));
#11879=DIRECTION('',(-1.E0,0.E0,0.E0));
#11880=DIRECTION('',(0.E0,0.E0,1.E0));
#11881=AXIS2_PLACEMENT_3D('',#11878,#11879,#11880);
#11882=PLANE('261535',#11881);
#11883=ORIENTED_EDGE('263005',*,*,#11871,.F.);
#11884=ORIENTED_EDGE('263373',*,*,#8495,.F.);
#11886=ORIENTED_EDGE('263384',*,*,#11885,.F.);
#11888=ORIENTED_EDGE('262174',*,*,#11887,.T.);
#11890=ORIENTED_EDGE('262181',*,*,#11889,.T.);
#11892=ORIENTED_EDGE('262180',*,*,#11891,.T.);
#11894=ORIENTED_EDGE('262179',*,*,#11893,.F.);
#11896=ORIENTED_EDGE('262178',*,*,#11895,.F.);
#11898=ORIENTED_EDGE('262177',*,*,#11897,.F.);
#11900=ORIENTED_EDGE('262176',*,*,#11899,.T.);
#11902=ORIENTED_EDGE('262175',*,*,#11901,.T.);
#11903=EDGE_LOOP('261535',(#11883,#11884,#11886,#11888,#11890,#11892,#11894,
#11896,#11898,#11900,#11902));
#11904=FACE_OUTER_BOUND('261535',#11903,.F.);
#11905=ADVANCED_FACE('261535',(#11904),#11882,.T.);
#11906=CARTESIAN_POINT('',(5.275E0,-1.874999768061E0,-7.388518745185E-2));
#11907=DIRECTION('',(-1.E0,0.E0,0.E0));
#11908=DIRECTION('',(0.E0,0.E0,1.E0));
#11909=AXIS2_PLACEMENT_3D('',#11906,#11907,#11908);
#11910=PLANE('261535',#11909);
#11911=ORIENTED_EDGE('263378',*,*,#9124,.F.);
#11913=ORIENTED_EDGE('263382',*,*,#11912,.T.);
#11915=ORIENTED_EDGE('262173',*,*,#11914,.T.);
#11917=ORIENTED_EDGE('263383',*,*,#11916,.T.);
#11918=EDGE_LOOP('261535',(#11911,#11913,#11915,#11917));
#11919=FACE_OUTER_BOUND('261535',#11918,.F.);
#11920=ADVANCED_FACE('261535',(#11919),#11910,.T.);
#11921=CARTESIAN_POINT('',(5.5E0,1.199999515309E0,-7.388527693620E-2));
#11922=DIRECTION('',(0.E0,-1.E0,2.583487549362E-7));
#11923=DIRECTION('',(0.E0,-2.583487549362E-7,-1.E0));
#11924=AXIS2_PLACEMENT_3D('',#11921,#11922,#11923);
#11925=PLANE('261544',#11924);
#11926=ORIENTED_EDGE('263374',*,*,#8493,.T.);
#11927=ORIENTED_EDGE('263381',*,*,#11843,.T.);
#11929=ORIENTED_EDGE('262182',*,*,#11928,.T.);
#11930=ORIENTED_EDGE('263384',*,*,#11885,.T.);
#11931=EDGE_LOOP('261544',(#11926,#11927,#11929,#11930));
#11932=FACE_OUTER_BOUND('261544',#11931,.F.);
#11933=ADVANCED_FACE('261544',(#11932),#11925,.F.);
#11934=CARTESIAN_POINT('',(5.5E0,-5.963692335470E-1,2.7E0));
#11935=DIRECTION('',(0.E0,0.E0,1.E0));
#11936=DIRECTION('',(0.E0,-1.E0,0.E0));
#11937=AXIS2_PLACEMENT_3D('',#11934,#11935,#11936);
#11938=PLANE('261536',#11937);
#11939=ORIENTED_EDGE('262162',*,*,#11841,.F.);
#11941=ORIENTED_EDGE('262183',*,*,#11940,.F.);
#11942=ORIENTED_EDGE('262174',*,*,#11887,.F.);
#11943=ORIENTED_EDGE('262182',*,*,#11928,.F.);
#11944=EDGE_LOOP('261536',(#11939,#11941,#11942,#11943));
#11945=FACE_OUTER_BOUND('261536',#11944,.F.);
#11946=ADVANCED_FACE('261536',(#11945),#11938,.T.);
#11947=CARTESIAN_POINT('',(5.5E0,-2.815841733547E0,2.553139166989E0));
#11948=DIRECTION('',(0.E0,-3.279125287750E-1,9.447080890267E-1));
#11949=DIRECTION('',(0.E0,9.447080890267E-1,3.279125287750E-1));
#11950=AXIS2_PLACEMENT_3D('',#11947,#11948,#11949);
#11951=PLANE('261537',#11950);
#11952=ORIENTED_EDGE('262163',*,*,#11839,.F.);
#11954=ORIENTED_EDGE('262184',*,*,#11953,.F.);
#11955=ORIENTED_EDGE('262181',*,*,#11889,.F.);
#11956=ORIENTED_EDGE('262183',*,*,#11940,.T.);
#11957=EDGE_LOOP('261537',(#11952,#11954,#11955,#11956));
#11958=FACE_OUTER_BOUND('261537',#11957,.F.);
#11959=ADVANCED_FACE('261537',(#11958),#11951,.T.);
#11960=CARTESIAN_POINT('',(5.5E0,-3.783008768061E0,2.553139155009E0));
#11961=DIRECTION('',(0.E0,2.606058470267E-1,9.654452819790E-1));
#11962=DIRECTION('',(0.E0,9.654452819790E-1,-2.606058470267E-1));
#11963=AXIS2_PLACEMENT_3D('',#11960,#11961,#11962);
#11964=PLANE('261538',#11963);
#11965=ORIENTED_EDGE('262164',*,*,#11837,.F.);
#11967=ORIENTED_EDGE('262185',*,*,#11966,.F.);
#11968=ORIENTED_EDGE('262180',*,*,#11891,.F.);
#11969=ORIENTED_EDGE('262184',*,*,#11953,.T.);
#11970=EDGE_LOOP('261538',(#11965,#11967,#11968,#11969));
#11971=FACE_OUTER_BOUND('261538',#11970,.F.);
#11972=ADVANCED_FACE('261538',(#11971),#11964,.T.);
#11973=CARTESIAN_POINT('',(5.5E0,-4.638536268061E0,2.700000155009E0));
#11974=DIRECTION('',(0.E0,0.E0,1.E0));
#11975=DIRECTION('',(0.E0,1.E0,0.E0));
#11976=AXIS2_PLACEMENT_3D('',#11973,#11974,#11975);
#11977=PLANE('261539',#11976);
#11978=ORIENTED_EDGE('262165',*,*,#11835,.T.);
#11980=ORIENTED_EDGE('262186',*,*,#11979,.F.);
#11981=ORIENTED_EDGE('262179',*,*,#11893,.T.);
#11982=ORIENTED_EDGE('262185',*,*,#11966,.T.);
#11983=EDGE_LOOP('261539',(#11978,#11980,#11981,#11982));
#11984=FACE_OUTER_BOUND('261539',#11983,.F.);
#11985=ADVANCED_FACE('261539',(#11984),#11977,.T.);
#11986=CARTESIAN_POINT('',(5.5E0,-4.949999768061E0,2.575000155009E0));
#11987=DIRECTION('',(0.E0,-1.E0,0.E0));
#11988=DIRECTION('',(0.E0,0.E0,1.E0));
#11989=AXIS2_PLACEMENT_3D('',#11986,#11987,#11988);
#11990=PLANE('261540',#11989);
#11991=ORIENTED_EDGE('262166',*,*,#11833,.T.);
#11993=ORIENTED_EDGE('262187',*,*,#11992,.F.);
#11994=ORIENTED_EDGE('262178',*,*,#11895,.T.);
#11995=ORIENTED_EDGE('262186',*,*,#11979,.T.);
#11996=EDGE_LOOP('261540',(#11991,#11993,#11994,#11995));
#11997=FACE_OUTER_BOUND('261540',#11996,.F.);
#11998=ADVANCED_FACE('261540',(#11997),#11990,.T.);
#11999=CARTESIAN_POINT('',(5.5E0,-4.655110768061E0,2.450000155009E0));
#12000=DIRECTION('',(0.E0,0.E0,1.E0));
#12001=DIRECTION('',(0.E0,-1.E0,0.E0));
#12002=AXIS2_PLACEMENT_3D('',#11999,#12000,#12001);
#12003=PLANE('261541',#12002);
#12004=ORIENTED_EDGE('262167',*,*,#11831,.T.);
#12006=ORIENTED_EDGE('262188',*,*,#12005,.F.);
#12007=ORIENTED_EDGE('262177',*,*,#11897,.T.);
#12008=ORIENTED_EDGE('262187',*,*,#11992,.T.);
#12009=EDGE_LOOP('261541',(#12004,#12006,#12007,#12008));
#12010=FACE_OUTER_BOUND('261541',#12009,.F.);
#12011=ADVANCED_FACE('261541',(#12010),#12003,.F.);
#12012=CARTESIAN_POINT('',(5.5E0,-3.794977768061E0,2.297422155009E0));
#12013=DIRECTION('',(0.E0,2.606055482898E-1,9.654453626180E-1));
#12014=DIRECTION('',(0.E0,-9.654453626180E-1,2.606055482898E-1));
#12015=AXIS2_PLACEMENT_3D('',#12012,#12013,#12014);
#12016=PLANE('261542',#12015);
#12017=ORIENTED_EDGE('262168',*,*,#11829,.F.);
#12019=ORIENTED_EDGE('262189',*,*,#12018,.F.);
#12020=ORIENTED_EDGE('262176',*,*,#11899,.F.);
#12021=ORIENTED_EDGE('262188',*,*,#12005,.T.);
#12022=EDGE_LOOP('261542',(#12017,#12019,#12020,#12021));
#12023=FACE_OUTER_BOUND('261542',#12022,.F.);
#12024=ADVANCED_FACE('261542',(#12023),#12016,.F.);
#12025=CARTESIAN_POINT('',(5.5E0,-2.790159825456E0,2.297421961535E0));
#12026=DIRECTION('',(0.E0,-3.279118890796E-1,9.447083110676E-1));
#12027=DIRECTION('',(0.E0,-9.447083110676E-1,-3.279118890796E-1));
#12028=AXIS2_PLACEMENT_3D('',#12025,#12026,#12027);
#12029=PLANE('261543',#12028);
#12030=ORIENTED_EDGE('262169',*,*,#11827,.F.);
#12031=ORIENTED_EDGE('262170',*,*,#11873,.T.);
#12032=ORIENTED_EDGE('262175',*,*,#11901,.F.);
#12033=ORIENTED_EDGE('262189',*,*,#12018,.T.);
#12034=EDGE_LOOP('261543',(#12030,#12031,#12032,#12033));
#12035=FACE_OUTER_BOUND('261543',#12034,.F.);
#12036=ADVANCED_FACE('261543',(#12035),#12029,.F.);
#12037=CARTESIAN_POINT('',(5.5E0,-8.238085532088E-2,-1.521007189508E0));
#12038=DIRECTION('',(0.E0,-9.233055025502E-1,-3.840663340628E-1));
#12039=DIRECTION('',(0.E0,3.840663340628E-1,-9.233055025502E-1));
#12040=AXIS2_PLACEMENT_3D('',#12037,#12038,#12039);
#12041=PLANE('261532',#12040);
#12042=ORIENTED_EDGE('263376',*,*,#9122,.T.);
#12043=ORIENTED_EDGE('263379',*,*,#11859,.F.);
#12045=ORIENTED_EDGE('262171',*,*,#12044,.F.);
#12046=ORIENTED_EDGE('263382',*,*,#11912,.F.);
#12047=EDGE_LOOP('261532',(#12042,#12043,#12045,#12046));
#12048=FACE_OUTER_BOUND('261532',#12047,.F.);
#12049=ADVANCED_FACE('261532',(#12048),#12041,.F.);
#12050=CARTESIAN_POINT('',(5.5E0,-6.181115239011E-1,-5.486247612927E-1));
#12051=DIRECTION('',(0.E0,-7.808198804470E-1,6.247562038898E-1));
#12052=DIRECTION('',(0.E0,6.247562038898E-1,7.808198804470E-1));
#12053=AXIS2_PLACEMENT_3D('',#12050,#12051,#12052);
#12054=PLANE('261533',#12053);
#12055=ORIENTED_EDGE('262161',*,*,#11857,.F.);
#12057=ORIENTED_EDGE('262172',*,*,#12056,.F.);
#12058=ORIENTED_EDGE('262173',*,*,#11914,.F.);
#12059=ORIENTED_EDGE('262171',*,*,#12044,.T.);
#12060=EDGE_LOOP('261533',(#12055,#12057,#12058,#12059));
#12061=FACE_OUTER_BOUND('261533',#12060,.F.);
#12062=ADVANCED_FACE('261533',(#12061),#12054,.T.);
#12063=CARTESIAN_POINT('',(5.5E0,-2.530173178130E-1,-1.752161209975E0));
#12064=DIRECTION('',(0.E0,-9.245840358476E-1,-3.809781629644E-1));
#12065=DIRECTION('',(0.E0,-3.809781629644E-1,9.245840358476E-1));
#12066=AXIS2_PLACEMENT_3D('',#12063,#12064,#12065);
#12067=PLANE('261534',#12066);
#12068=ORIENTED_EDGE('263377',*,*,#9126,.T.);
#12069=ORIENTED_EDGE('263383',*,*,#11916,.F.);
#12070=ORIENTED_EDGE('262172',*,*,#12056,.T.);
#12071=ORIENTED_EDGE('263380',*,*,#11855,.F.);
#12072=EDGE_LOOP('261534',(#12068,#12069,#12070,#12071));
#12073=FACE_OUTER_BOUND('261534',#12072,.F.);
#12074=ADVANCED_FACE('261534',(#12073),#12067,.T.);
#12075=CARTESIAN_POINT('',(7.725E0,-1.874999768061E0,-7.388518745400E-2));
#12076=DIRECTION('',(-1.E0,0.E0,0.E0));
#12077=DIRECTION('',(0.E0,0.E0,-1.E0));
#12078=AXIS2_PLACEMENT_3D('',#12075,#12076,#12077);
#12079=PLANE('261515',#12078);
#12081=ORIENTED_EDGE('263002',*,*,#12080,.F.);
#12083=ORIENTED_EDGE('262198',*,*,#12082,.T.);
#12085=ORIENTED_EDGE('262197',*,*,#12084,.T.);
#12087=ORIENTED_EDGE('262196',*,*,#12086,.F.);
#12089=ORIENTED_EDGE('262195',*,*,#12088,.F.);
#12091=ORIENTED_EDGE('262194',*,*,#12090,.F.);
#12093=ORIENTED_EDGE('262193',*,*,#12092,.T.);
#12095=ORIENTED_EDGE('262192',*,*,#12094,.T.);
#12097=ORIENTED_EDGE('262191',*,*,#12096,.T.);
#12099=ORIENTED_EDGE('263365',*,*,#12098,.F.);
#12100=ORIENTED_EDGE('263356',*,*,#8477,.F.);
#12101=EDGE_LOOP('261515',(#12081,#12083,#12085,#12087,#12089,#12091,#12093,
#12095,#12097,#12099,#12100));
#12102=FACE_OUTER_BOUND('261515',#12101,.F.);
#12103=ADVANCED_FACE('261515',(#12102),#12079,.F.);
#12104=CARTESIAN_POINT('',(7.725E0,-1.874999768061E0,-7.388518745400E-2));
#12105=DIRECTION('',(-1.E0,0.E0,0.E0));
#12106=DIRECTION('',(0.E0,0.E0,-1.E0));
#12107=AXIS2_PLACEMENT_3D('',#12104,#12105,#12106);
#12108=PLANE('261515',#12107);
#12109=ORIENTED_EDGE('263359',*,*,#9130,.T.);
#12111=ORIENTED_EDGE('263364',*,*,#12110,.T.);
#12113=ORIENTED_EDGE('262190',*,*,#12112,.T.);
#12115=ORIENTED_EDGE('263363',*,*,#12114,.T.);
#12116=EDGE_LOOP('261515',(#12109,#12111,#12113,#12115));
#12117=FACE_OUTER_BOUND('261515',#12116,.F.);
#12118=ADVANCED_FACE('261515',(#12117),#12108,.F.);
#12119=CARTESIAN_POINT('',(7.5E0,-7.002929414260E-1,2.449999768061E0));
#12120=DIRECTION('',(0.E0,0.E0,1.E0));
#12121=DIRECTION('',(0.E0,-1.E0,0.E0));
#12122=AXIS2_PLACEMENT_3D('',#12119,#12120,#12121);
#12123=PLANE('261516',#12122);
#12124=ORIENTED_EDGE('263002',*,*,#12080,.T.);
#12125=ORIENTED_EDGE('263355',*,*,#8438,.F.);
#12127=ORIENTED_EDGE('263003',*,*,#12126,.T.);
#12129=ORIENTED_EDGE('262199',*,*,#12128,.F.);
#12130=EDGE_LOOP('261516',(#12124,#12125,#12127,#12129));
#12131=FACE_OUTER_BOUND('261516',#12130,.F.);
#12132=ADVANCED_FACE('261516',(#12131),#12123,.F.);
#12133=CARTESIAN_POINT('',(7.275E0,-1.874999768061E0,-7.388518745185E-2));
#12134=DIRECTION('',(-1.E0,0.E0,0.E0));
#12135=DIRECTION('',(0.E0,0.E0,1.E0));
#12136=AXIS2_PLACEMENT_3D('',#12133,#12134,#12135);
#12137=PLANE('261520',#12136);
#12138=ORIENTED_EDGE('263003',*,*,#12126,.F.);
#12139=ORIENTED_EDGE('263357',*,*,#8481,.F.);
#12141=ORIENTED_EDGE('263368',*,*,#12140,.F.);
#12143=ORIENTED_EDGE('262203',*,*,#12142,.T.);
#12145=ORIENTED_EDGE('262210',*,*,#12144,.T.);
#12147=ORIENTED_EDGE('262209',*,*,#12146,.T.);
#12149=ORIENTED_EDGE('262208',*,*,#12148,.F.);
#12151=ORIENTED_EDGE('262207',*,*,#12150,.F.);
#12153=ORIENTED_EDGE('262206',*,*,#12152,.F.);
#12155=ORIENTED_EDGE('262205',*,*,#12154,.T.);
#12157=ORIENTED_EDGE('262204',*,*,#12156,.T.);
#12158=EDGE_LOOP('261520',(#12138,#12139,#12141,#12143,#12145,#12147,#12149,
#12151,#12153,#12155,#12157));
#12159=FACE_OUTER_BOUND('261520',#12158,.F.);
#12160=ADVANCED_FACE('261520',(#12159),#12137,.T.);
#12161=CARTESIAN_POINT('',(7.275E0,-1.874999768061E0,-7.388518745185E-2));
#12162=DIRECTION('',(-1.E0,0.E0,0.E0));
#12163=DIRECTION('',(0.E0,0.E0,1.E0));
#12164=AXIS2_PLACEMENT_3D('',#12161,#12162,#12163);
#12165=PLANE('261520',#12164);
#12166=ORIENTED_EDGE('263362',*,*,#9134,.F.);
#12168=ORIENTED_EDGE('263366',*,*,#12167,.T.);
#12170=ORIENTED_EDGE('262202',*,*,#12169,.T.);
#12172=ORIENTED_EDGE('263367',*,*,#12171,.T.);
#12173=EDGE_LOOP('261520',(#12166,#12168,#12170,#12172));
#12174=FACE_OUTER_BOUND('261520',#12173,.F.);
#12175=ADVANCED_FACE('261520',(#12174),#12165,.T.);
#12176=CARTESIAN_POINT('',(7.5E0,1.199999515309E0,-7.388527693620E-2));
#12177=DIRECTION('',(0.E0,-1.E0,2.583487549362E-7));
#12178=DIRECTION('',(0.E0,-2.583487549362E-7,-1.E0));
#12179=AXIS2_PLACEMENT_3D('',#12176,#12177,#12178);
#12180=PLANE('261529',#12179);
#12181=ORIENTED_EDGE('263358',*,*,#8479,.T.);
#12182=ORIENTED_EDGE('263365',*,*,#12098,.T.);
#12184=ORIENTED_EDGE('262211',*,*,#12183,.T.);
#12185=ORIENTED_EDGE('263368',*,*,#12140,.T.);
#12186=EDGE_LOOP('261529',(#12181,#12182,#12184,#12185));
#12187=FACE_OUTER_BOUND('261529',#12186,.F.);
#12188=ADVANCED_FACE('261529',(#12187),#12180,.F.);
#12189=CARTESIAN_POINT('',(7.5E0,-5.963692335470E-1,2.7E0));
#12190=DIRECTION('',(0.E0,0.E0,1.E0));
#12191=DIRECTION('',(0.E0,-1.E0,0.E0));
#12192=AXIS2_PLACEMENT_3D('',#12189,#12190,#12191);
#12193=PLANE('261521',#12192);
#12194=ORIENTED_EDGE('262191',*,*,#12096,.F.);
#12196=ORIENTED_EDGE('262212',*,*,#12195,.F.);
#12197=ORIENTED_EDGE('262203',*,*,#12142,.F.);
#12198=ORIENTED_EDGE('262211',*,*,#12183,.F.);
#12199=EDGE_LOOP('261521',(#12194,#12196,#12197,#12198));
#12200=FACE_OUTER_BOUND('261521',#12199,.F.);
#12201=ADVANCED_FACE('261521',(#12200),#12193,.T.);
#12202=CARTESIAN_POINT('',(7.5E0,-2.815841733547E0,2.553139166989E0));
#12203=DIRECTION('',(0.E0,-3.279125287750E-1,9.447080890267E-1));
#12204=DIRECTION('',(0.E0,9.447080890267E-1,3.279125287750E-1));
#12205=AXIS2_PLACEMENT_3D('',#12202,#12203,#12204);
#12206=PLANE('261522',#12205);
#12207=ORIENTED_EDGE('262192',*,*,#12094,.F.);
#12209=ORIENTED_EDGE('262213',*,*,#12208,.F.);
#12210=ORIENTED_EDGE('262210',*,*,#12144,.F.);
#12211=ORIENTED_EDGE('262212',*,*,#12195,.T.);
#12212=EDGE_LOOP('261522',(#12207,#12209,#12210,#12211));
#12213=FACE_OUTER_BOUND('261522',#12212,.F.);
#12214=ADVANCED_FACE('261522',(#12213),#12206,.T.);
#12215=CARTESIAN_POINT('',(7.5E0,-3.783008768061E0,2.553139155009E0));
#12216=DIRECTION('',(0.E0,2.606058470267E-1,9.654452819790E-1));
#12217=DIRECTION('',(0.E0,9.654452819790E-1,-2.606058470267E-1));
#12218=AXIS2_PLACEMENT_3D('',#12215,#12216,#12217);
#12219=PLANE('261523',#12218);
#12220=ORIENTED_EDGE('262193',*,*,#12092,.F.);
#12222=ORIENTED_EDGE('262214',*,*,#12221,.F.);
#12223=ORIENTED_EDGE('262209',*,*,#12146,.F.);
#12224=ORIENTED_EDGE('262213',*,*,#12208,.T.);
#12225=EDGE_LOOP('261523',(#12220,#12222,#12223,#12224));
#12226=FACE_OUTER_BOUND('261523',#12225,.F.);
#12227=ADVANCED_FACE('261523',(#12226),#12219,.T.);
#12228=CARTESIAN_POINT('',(7.5E0,-4.638536268061E0,2.700000155009E0));
#12229=DIRECTION('',(0.E0,0.E0,1.E0));
#12230=DIRECTION('',(0.E0,1.E0,0.E0));
#12231=AXIS2_PLACEMENT_3D('',#12228,#12229,#12230);
#12232=PLANE('261524',#12231);
#12233=ORIENTED_EDGE('262194',*,*,#12090,.T.);
#12235=ORIENTED_EDGE('262215',*,*,#12234,.F.);
#12236=ORIENTED_EDGE('262208',*,*,#12148,.T.);
#12237=ORIENTED_EDGE('262214',*,*,#12221,.T.);
#12238=EDGE_LOOP('261524',(#12233,#12235,#12236,#12237));
#12239=FACE_OUTER_BOUND('261524',#12238,.F.);
#12240=ADVANCED_FACE('261524',(#12239),#12232,.T.);
#12241=CARTESIAN_POINT('',(7.5E0,-4.949999768061E0,2.575000155009E0));
#12242=DIRECTION('',(0.E0,-1.E0,0.E0));
#12243=DIRECTION('',(0.E0,0.E0,1.E0));
#12244=AXIS2_PLACEMENT_3D('',#12241,#12242,#12243);
#12245=PLANE('261525',#12244);
#12246=ORIENTED_EDGE('262195',*,*,#12088,.T.);
#12248=ORIENTED_EDGE('262216',*,*,#12247,.F.);
#12249=ORIENTED_EDGE('262207',*,*,#12150,.T.);
#12250=ORIENTED_EDGE('262215',*,*,#12234,.T.);
#12251=EDGE_LOOP('261525',(#12246,#12248,#12249,#12250));
#12252=FACE_OUTER_BOUND('261525',#12251,.F.);
#12253=ADVANCED_FACE('261525',(#12252),#12245,.T.);
#12254=CARTESIAN_POINT('',(7.5E0,-4.655110768061E0,2.450000155009E0));
#12255=DIRECTION('',(0.E0,0.E0,1.E0));
#12256=DIRECTION('',(0.E0,-1.E0,0.E0));
#12257=AXIS2_PLACEMENT_3D('',#12254,#12255,#12256);
#12258=PLANE('261526',#12257);
#12259=ORIENTED_EDGE('262196',*,*,#12086,.T.);
#12261=ORIENTED_EDGE('262217',*,*,#12260,.F.);
#12262=ORIENTED_EDGE('262206',*,*,#12152,.T.);
#12263=ORIENTED_EDGE('262216',*,*,#12247,.T.);
#12264=EDGE_LOOP('261526',(#12259,#12261,#12262,#12263));
#12265=FACE_OUTER_BOUND('261526',#12264,.F.);
#12266=ADVANCED_FACE('261526',(#12265),#12258,.F.);
#12267=CARTESIAN_POINT('',(7.5E0,-3.794977768061E0,2.297422155009E0));
#12268=DIRECTION('',(0.E0,2.606055482898E-1,9.654453626180E-1));
#12269=DIRECTION('',(0.E0,-9.654453626180E-1,2.606055482898E-1));
#12270=AXIS2_PLACEMENT_3D('',#12267,#12268,#12269);
#12271=PLANE('261527',#12270);
#12272=ORIENTED_EDGE('262197',*,*,#12084,.F.);
#12274=ORIENTED_EDGE('262218',*,*,#12273,.F.);
#12275=ORIENTED_EDGE('262205',*,*,#12154,.F.);
#12276=ORIENTED_EDGE('262217',*,*,#12260,.T.);
#12277=EDGE_LOOP('261527',(#12272,#12274,#12275,#12276));
#12278=FACE_OUTER_BOUND('261527',#12277,.F.);
#12279=ADVANCED_FACE('261527',(#12278),#12271,.F.);
#12280=CARTESIAN_POINT('',(7.5E0,-2.790159825456E0,2.297421961535E0));
#12281=DIRECTION('',(0.E0,-3.279118890796E-1,9.447083110676E-1));
#12282=DIRECTION('',(0.E0,-9.447083110676E-1,-3.279118890796E-1));
#12283=AXIS2_PLACEMENT_3D('',#12280,#12281,#12282);
#12284=PLANE('261528',#12283);
#12285=ORIENTED_EDGE('262198',*,*,#12082,.F.);
#12286=ORIENTED_EDGE('262199',*,*,#12128,.T.);
#12287=ORIENTED_EDGE('262204',*,*,#12156,.F.);
#12288=ORIENTED_EDGE('262218',*,*,#12273,.T.);
#12289=EDGE_LOOP('261528',(#12285,#12286,#12287,#12288));
#12290=FACE_OUTER_BOUND('261528',#12289,.F.);
#12291=ADVANCED_FACE('261528',(#12290),#12284,.F.);
#12292=CARTESIAN_POINT('',(7.5E0,-8.238085532088E-2,-1.521007189508E0));
#12293=DIRECTION('',(0.E0,-9.233055025502E-1,-3.840663340628E-1));
#12294=DIRECTION('',(0.E0,3.840663340628E-1,-9.233055025502E-1));
#12295=AXIS2_PLACEMENT_3D('',#12292,#12293,#12294);
#12296=PLANE('261517',#12295);
#12297=ORIENTED_EDGE('263360',*,*,#9132,.T.);
#12298=ORIENTED_EDGE('263363',*,*,#12114,.F.);
#12300=ORIENTED_EDGE('262200',*,*,#12299,.F.);
#12301=ORIENTED_EDGE('263366',*,*,#12167,.F.);
#12302=EDGE_LOOP('261517',(#12297,#12298,#12300,#12301));
#12303=FACE_OUTER_BOUND('261517',#12302,.F.);
#12304=ADVANCED_FACE('261517',(#12303),#12296,.F.);
#12305=CARTESIAN_POINT('',(7.5E0,-6.181115239011E-1,-5.486247612927E-1));
#12306=DIRECTION('',(0.E0,-7.808198804470E-1,6.247562038898E-1));
#12307=DIRECTION('',(0.E0,6.247562038898E-1,7.808198804470E-1));
#12308=AXIS2_PLACEMENT_3D('',#12305,#12306,#12307);
#12309=PLANE('261518',#12308);
#12310=ORIENTED_EDGE('262190',*,*,#12112,.F.);
#12312=ORIENTED_EDGE('262201',*,*,#12311,.F.);
#12313=ORIENTED_EDGE('262202',*,*,#12169,.F.);
#12314=ORIENTED_EDGE('262200',*,*,#12299,.T.);
#12315=EDGE_LOOP('261518',(#12310,#12312,#12313,#12314));
#12316=FACE_OUTER_BOUND('261518',#12315,.F.);
#12317=ADVANCED_FACE('261518',(#12316),#12309,.T.);
#12318=CARTESIAN_POINT('',(7.5E0,-2.530173178130E-1,-1.752161209975E0));
#12319=DIRECTION('',(0.E0,-9.245840358476E-1,-3.809781629644E-1));
#12320=DIRECTION('',(0.E0,-3.809781629644E-1,9.245840358476E-1));
#12321=AXIS2_PLACEMENT_3D('',#12318,#12319,#12320);
#12322=PLANE('261519',#12321);
#12323=ORIENTED_EDGE('263361',*,*,#9136,.T.);
#12324=ORIENTED_EDGE('263367',*,*,#12171,.F.);
#12325=ORIENTED_EDGE('262201',*,*,#12311,.T.);
#12326=ORIENTED_EDGE('263364',*,*,#12110,.F.);
#12327=EDGE_LOOP('261519',(#12323,#12324,#12325,#12326));
#12328=FACE_OUTER_BOUND('261519',#12327,.F.);
#12329=ADVANCED_FACE('261519',(#12328),#12322,.T.);
#12330=CARTESIAN_POINT('',(-1.55E1,-8.238085532088E-2,-1.521007189508E0));
#12331=DIRECTION('',(0.E0,-9.233055025502E-1,-3.840663340628E-1));
#12332=DIRECTION('',(0.E0,3.840663340628E-1,-9.233055025502E-1));
#12333=AXIS2_PLACEMENT_3D('',#12330,#12331,#12332);
#12334=PLANE('261444',#12333);
#12335=ORIENTED_EDGE('263288',*,*,#9141,.T.);
#12336=ORIENTED_EDGE('263291',*,*,#8119,.F.);
#12338=ORIENTED_EDGE('262572',*,*,#12337,.F.);
#12340=ORIENTED_EDGE('263293',*,*,#12339,.F.);
#12341=EDGE_LOOP('261444',(#12335,#12336,#12338,#12340));
#12342=FACE_OUTER_BOUND('261444',#12341,.F.);
#12343=ADVANCED_FACE('261444',(#12342),#12334,.F.);
#12344=CARTESIAN_POINT('',(-1.55E1,-6.181115239011E-1,-5.486247612927E-1));
#12345=DIRECTION('',(0.E0,-7.808198804470E-1,6.247562038898E-1));
#12346=DIRECTION('',(0.E0,6.247562038898E-1,7.808198804470E-1));
#12347=AXIS2_PLACEMENT_3D('',#12344,#12345,#12346);
#12348=PLANE('261445',#12347);
#12349=ORIENTED_EDGE('262561',*,*,#8117,.F.);
#12351=ORIENTED_EDGE('262573',*,*,#12350,.F.);
#12353=ORIENTED_EDGE('262574',*,*,#12352,.F.);
#12354=ORIENTED_EDGE('262572',*,*,#12337,.T.);
#12355=EDGE_LOOP('261445',(#12349,#12351,#12353,#12354));
#12356=FACE_OUTER_BOUND('261445',#12355,.F.);
#12357=ADVANCED_FACE('261445',(#12356),#12348,.T.);
#12358=CARTESIAN_POINT('',(-1.55E1,-2.530173178130E-1,-1.752161209975E0));
#12359=DIRECTION('',(0.E0,-9.245840358476E-1,-3.809781629644E-1));
#12360=DIRECTION('',(0.E0,-3.809781629644E-1,9.245840358476E-1));
#12361=AXIS2_PLACEMENT_3D('',#12358,#12359,#12360);
#12362=PLANE('261446',#12361);
#12363=ORIENTED_EDGE('263289',*,*,#9145,.T.);
#12365=ORIENTED_EDGE('263294',*,*,#12364,.F.);
#12366=ORIENTED_EDGE('262573',*,*,#12350,.T.);
#12367=ORIENTED_EDGE('263292',*,*,#8115,.F.);
#12368=EDGE_LOOP('261446',(#12363,#12365,#12366,#12367));
#12369=FACE_OUTER_BOUND('261446',#12368,.F.);
#12370=ADVANCED_FACE('261446',(#12369),#12362,.T.);
#12371=CARTESIAN_POINT('',(-1.5725E1,-1.874999806526E0,-7.388527693595E-2));
#12372=DIRECTION('',(-1.E0,0.E0,0.E0));
#12373=DIRECTION('',(0.E0,0.E0,1.E0));
#12374=AXIS2_PLACEMENT_3D('',#12371,#12372,#12373);
#12375=PLANE('261447',#12374);
#12376=ORIENTED_EDGE('262955',*,*,#8132,.F.);
#12377=ORIENTED_EDGE('262575',*,*,#8147,.F.);
#12378=ORIENTED_EDGE('262965',*,*,#8161,.F.);
#12379=ORIENTED_EDGE('263281',*,*,#8186,.F.);
#12380=ORIENTED_EDGE('262962',*,*,#8320,.F.);
#12381=ORIENTED_EDGE('262963',*,*,#8334,.F.);
#12382=ORIENTED_EDGE('263286',*,*,#8640,.F.);
#12383=EDGE_LOOP('261447',(#12376,#12377,#12378,#12379,#12380,#12381,#12382));
#12384=FACE_OUTER_BOUND('261447',#12383,.F.);
#12385=ADVANCED_FACE('261447',(#12384),#12375,.T.);
#12386=CARTESIAN_POINT('',(-1.5725E1,-1.874999806526E0,-7.388527693595E-2));
#12387=DIRECTION('',(-1.E0,0.E0,0.E0));
#12388=DIRECTION('',(0.E0,0.E0,1.E0));
#12389=AXIS2_PLACEMENT_3D('',#12386,#12387,#12388);
#12390=PLANE('261447',#12389);
#12392=ORIENTED_EDGE('262961',*,*,#12391,.F.);
#12393=ORIENTED_EDGE('263277',*,*,#7932,.T.);
#12395=ORIENTED_EDGE('262964',*,*,#12394,.F.);
#12397=ORIENTED_EDGE('262582',*,*,#12396,.T.);
#12399=ORIENTED_EDGE('262581',*,*,#12398,.T.);
#12401=ORIENTED_EDGE('262580',*,*,#12400,.F.);
#12403=ORIENTED_EDGE('262579',*,*,#12402,.F.);
#12405=ORIENTED_EDGE('262578',*,*,#12404,.F.);
#12407=ORIENTED_EDGE('262577',*,*,#12406,.T.);
#12409=ORIENTED_EDGE('262576',*,*,#12408,.T.);
#12410=EDGE_LOOP('261447',(#12392,#12393,#12395,#12397,#12399,#12401,#12403,
#12405,#12407,#12409));
#12411=FACE_OUTER_BOUND('261447',#12410,.F.);
#12412=ADVANCED_FACE('261447',(#12411),#12390,.T.);
#12413=CARTESIAN_POINT('',(-1.5725E1,-1.874999806526E0,-7.388527693595E-2));
#12414=DIRECTION('',(-1.E0,0.E0,0.E0));
#12415=DIRECTION('',(0.E0,0.E0,1.E0));
#12416=AXIS2_PLACEMENT_3D('',#12413,#12414,#12415);
#12417=PLANE('261447',#12416);
#12418=ORIENTED_EDGE('263290',*,*,#9143,.F.);
#12419=ORIENTED_EDGE('263293',*,*,#12339,.T.);
#12420=ORIENTED_EDGE('262574',*,*,#12352,.T.);
#12421=ORIENTED_EDGE('263294',*,*,#12364,.T.);
#12422=EDGE_LOOP('261447',(#12418,#12419,#12420,#12421));
#12423=FACE_OUTER_BOUND('261447',#12422,.F.);
#12424=ADVANCED_FACE('261447',(#12423),#12417,.T.);
#12425=CARTESIAN_POINT('',(-1.55E1,-1.871369306526E0,4.5E-1));
#12426=DIRECTION('',(0.E0,0.E0,1.E0));
#12427=DIRECTION('',(0.E0,-1.E0,0.E0));
#12428=AXIS2_PLACEMENT_3D('',#12425,#12426,#12427);
#12429=PLANE('261441',#12428);
#12430=ORIENTED_EDGE('262956',*,*,#8086,.T.);
#12431=ORIENTED_EDGE('263276',*,*,#7934,.F.);
#12432=ORIENTED_EDGE('262961',*,*,#12391,.T.);
#12434=ORIENTED_EDGE('262570',*,*,#12433,.F.);
#12435=EDGE_LOOP('261441',(#12430,#12431,#12432,#12434));
#12436=FACE_OUTER_BOUND('261441',#12435,.F.);
#12437=ADVANCED_FACE('261441',(#12436),#12429,.F.);
#12438=CARTESIAN_POINT('',(-1.55E1,-2.815841613052E0,5.96861E-1));
#12439=DIRECTION('',(0.E0,3.279125287755E-1,9.447080890265E-1));
#12440=DIRECTION('',(0.E0,-9.447080890265E-1,3.279125287755E-1));
#12441=AXIS2_PLACEMENT_3D('',#12438,#12439,#12440);
#12442=PLANE('261457',#12441);
#12443=ORIENTED_EDGE('262569',*,*,#8088,.F.);
#12444=ORIENTED_EDGE('262570',*,*,#12433,.T.);
#12445=ORIENTED_EDGE('262576',*,*,#12408,.F.);
#12447=ORIENTED_EDGE('262590',*,*,#12446,.T.);
#12448=EDGE_LOOP('261457',(#12443,#12444,#12445,#12447));
#12449=FACE_OUTER_BOUND('261457',#12448,.F.);
#12450=ADVANCED_FACE('261457',(#12449),#12442,.F.);
#12451=CARTESIAN_POINT('',(-1.55E1,-3.783008613052E0,5.968609999999E-1));
#12452=DIRECTION('',(0.E0,-2.606058470267E-1,9.654452819790E-1));
#12453=DIRECTION('',(0.E0,-9.654452819790E-1,-2.606058470267E-1));
#12454=AXIS2_PLACEMENT_3D('',#12451,#12452,#12453);
#12455=PLANE('261456',#12454);
#12456=ORIENTED_EDGE('262568',*,*,#8090,.F.);
#12457=ORIENTED_EDGE('262590',*,*,#12446,.F.);
#12458=ORIENTED_EDGE('262577',*,*,#12406,.F.);
#12460=ORIENTED_EDGE('262589',*,*,#12459,.T.);
#12461=EDGE_LOOP('261456',(#12456,#12457,#12458,#12460));
#12462=FACE_OUTER_BOUND('261456',#12461,.F.);
#12463=ADVANCED_FACE('261456',(#12462),#12455,.F.);
#12464=CARTESIAN_POINT('',(-1.55E1,-4.638536113052E0,4.5E-1));
#12465=DIRECTION('',(0.E0,0.E0,1.E0));
#12466=DIRECTION('',(0.E0,-1.E0,0.E0));
#12467=AXIS2_PLACEMENT_3D('',#12464,#12465,#12466);
#12468=PLANE('261455',#12467);
#12469=ORIENTED_EDGE('262567',*,*,#8092,.T.);
#12470=ORIENTED_EDGE('262589',*,*,#12459,.F.);
#12471=ORIENTED_EDGE('262578',*,*,#12404,.T.);
#12473=ORIENTED_EDGE('262588',*,*,#12472,.T.);
#12474=EDGE_LOOP('261455',(#12469,#12470,#12471,#12473));
#12475=FACE_OUTER_BOUND('261455',#12474,.F.);
#12476=ADVANCED_FACE('261455',(#12475),#12468,.F.);
#12477=CARTESIAN_POINT('',(-1.55E1,-4.949999613052E0,5.75E-1));
#12478=DIRECTION('',(0.E0,-1.E0,0.E0));
#12479=DIRECTION('',(0.E0,0.E0,1.E0));
#12480=AXIS2_PLACEMENT_3D('',#12477,#12478,#12479);
#12481=PLANE('261454',#12480);
#12482=ORIENTED_EDGE('262566',*,*,#8094,.T.);
#12483=ORIENTED_EDGE('262588',*,*,#12472,.F.);
#12484=ORIENTED_EDGE('262579',*,*,#12402,.T.);
#12486=ORIENTED_EDGE('262587',*,*,#12485,.T.);
#12487=EDGE_LOOP('261454',(#12482,#12483,#12484,#12486));
#12488=FACE_OUTER_BOUND('261454',#12487,.F.);
#12489=ADVANCED_FACE('261454',(#12488),#12481,.T.);
#12490=CARTESIAN_POINT('',(-1.55E1,-4.655110613052E0,7.E-1));
#12491=DIRECTION('',(0.E0,0.E0,1.E0));
#12492=DIRECTION('',(0.E0,1.E0,0.E0));
#12493=AXIS2_PLACEMENT_3D('',#12490,#12491,#12492);
#12494=PLANE('261453',#12493);
#12495=ORIENTED_EDGE('262565',*,*,#8096,.T.);
#12496=ORIENTED_EDGE('262587',*,*,#12485,.F.);
#12497=ORIENTED_EDGE('262580',*,*,#12400,.T.);
#12499=ORIENTED_EDGE('262586',*,*,#12498,.T.);
#12500=EDGE_LOOP('261453',(#12495,#12496,#12497,#12499));
#12501=FACE_OUTER_BOUND('261453',#12500,.F.);
#12502=ADVANCED_FACE('261453',(#12501),#12494,.T.);
#12503=CARTESIAN_POINT('',(-1.55E1,-3.794977613052E0,8.52578E-1));
#12504=DIRECTION('',(0.E0,-2.606055482898E-1,9.654453626180E-1));
#12505=DIRECTION('',(0.E0,9.654453626180E-1,2.606055482898E-1));
#12506=AXIS2_PLACEMENT_3D('',#12503,#12504,#12505);
#12507=PLANE('261452',#12506);
#12508=ORIENTED_EDGE('262564',*,*,#8098,.F.);
#12509=ORIENTED_EDGE('262586',*,*,#12498,.F.);
#12510=ORIENTED_EDGE('262581',*,*,#12398,.F.);
#12512=ORIENTED_EDGE('262585',*,*,#12511,.T.);
#12513=EDGE_LOOP('261452',(#12508,#12509,#12510,#12512));
#12514=FACE_OUTER_BOUND('261452',#12513,.F.);
#12515=ADVANCED_FACE('261452',(#12514),#12507,.T.);
#12516=CARTESIAN_POINT('',(-1.55E1,-2.790159113052E0,8.52578E-1));
#12517=DIRECTION('',(0.E0,3.279118890793E-1,9.447083110677E-1));
#12518=DIRECTION('',(0.E0,9.447083110677E-1,-3.279118890793E-1));
#12519=AXIS2_PLACEMENT_3D('',#12516,#12517,#12518);
#12520=PLANE('261451',#12519);
#12521=ORIENTED_EDGE('262563',*,*,#8100,.F.);
#12522=ORIENTED_EDGE('262585',*,*,#12511,.F.);
#12523=ORIENTED_EDGE('262582',*,*,#12396,.F.);
#12525=ORIENTED_EDGE('262583',*,*,#12524,.T.);
#12526=EDGE_LOOP('261451',(#12521,#12522,#12523,#12525));
#12527=FACE_OUTER_BOUND('261451',#12526,.F.);
#12528=ADVANCED_FACE('261451',(#12527),#12520,.T.);
#12529=CARTESIAN_POINT('',(-1.55E1,-1.975292306526E0,7.E-1));
#12530=DIRECTION('',(0.E0,0.E0,1.E0));
#12531=DIRECTION('',(0.E0,1.E0,0.E0));
#12532=AXIS2_PLACEMENT_3D('',#12529,#12530,#12531);
#12533=PLANE('261448',#12532);
#12534=ORIENTED_EDGE('262960',*,*,#8102,.T.);
#12535=ORIENTED_EDGE('262583',*,*,#12524,.F.);
#12536=ORIENTED_EDGE('262964',*,*,#12394,.T.);
#12537=ORIENTED_EDGE('263278',*,*,#7930,.F.);
#12538=EDGE_LOOP('261448',(#12534,#12535,#12536,#12537));
#12539=FACE_OUTER_BOUND('261448',#12538,.F.);
#12540=ADVANCED_FACE('261448',(#12539),#12533,.T.);
#12541=CARTESIAN_POINT('',(-1.3275E1,-1.874999806526E0,-7.388527693850E-2));
#12542=DIRECTION('',(-1.E0,0.E0,0.E0));
#12543=DIRECTION('',(0.E0,0.E0,-1.E0));
#12544=AXIS2_PLACEMENT_3D('',#12541,#12542,#12543);
#12545=PLANE('261421',#12544);
#12547=ORIENTED_EDGE('262942',*,*,#12546,.F.);
#12548=ORIENTED_EDGE('263265',*,*,#8624,.F.);
#12550=ORIENTED_EDGE('262946',*,*,#12549,.F.);
#12552=ORIENTED_EDGE('262945',*,*,#12551,.F.);
#12553=ORIENTED_EDGE('263259',*,*,#8191,.T.);
#12555=ORIENTED_EDGE('262947',*,*,#12554,.F.);
#12557=ORIENTED_EDGE('262593',*,*,#12556,.F.);
#12558=EDGE_LOOP('261421',(#12547,#12548,#12550,#12552,#12553,#12555,#12557));
#12559=FACE_OUTER_BOUND('261421',#12558,.F.);
#12560=ADVANCED_FACE('261421',(#12559),#12545,.F.);
#12561=CARTESIAN_POINT('',(-1.3275E1,-1.874999806526E0,-7.388527693850E-2));
#12562=DIRECTION('',(-1.E0,0.E0,0.E0));
#12563=DIRECTION('',(0.E0,0.E0,-1.E0));
#12564=AXIS2_PLACEMENT_3D('',#12561,#12562,#12563);
#12565=PLANE('261421',#12564);
#12567=ORIENTED_EDGE('262944',*,*,#12566,.F.);
#12569=ORIENTED_EDGE('262600',*,*,#12568,.T.);
#12571=ORIENTED_EDGE('262599',*,*,#12570,.T.);
#12573=ORIENTED_EDGE('262598',*,*,#12572,.F.);
#12575=ORIENTED_EDGE('262597',*,*,#12574,.F.);
#12577=ORIENTED_EDGE('262596',*,*,#12576,.F.);
#12579=ORIENTED_EDGE('262595',*,*,#12578,.T.);
#12581=ORIENTED_EDGE('262594',*,*,#12580,.T.);
#12583=ORIENTED_EDGE('262948',*,*,#12582,.F.);
#12584=ORIENTED_EDGE('263255',*,*,#7938,.F.);
#12585=EDGE_LOOP('261421',(#12567,#12569,#12571,#12573,#12575,#12577,#12579,
#12581,#12583,#12584));
#12586=FACE_OUTER_BOUND('261421',#12585,.F.);
#12587=ADVANCED_FACE('261421',(#12586),#12565,.F.);
#12588=CARTESIAN_POINT('',(-1.3275E1,-1.874999806526E0,-7.388527693850E-2));
#12589=DIRECTION('',(-1.E0,0.E0,0.E0));
#12590=DIRECTION('',(0.E0,0.E0,-1.E0));
#12591=AXIS2_PLACEMENT_3D('',#12588,#12589,#12590);
#12592=PLANE('261421',#12591);
#12593=ORIENTED_EDGE('263267',*,*,#9149,.T.);
#12595=ORIENTED_EDGE('263272',*,*,#12594,.T.);
#12597=ORIENTED_EDGE('262592',*,*,#12596,.T.);
#12599=ORIENTED_EDGE('263271',*,*,#12598,.T.);
#12600=EDGE_LOOP('261421',(#12593,#12595,#12597,#12599));
#12601=FACE_OUTER_BOUND('261421',#12600,.F.);
#12602=ADVANCED_FACE('261421',(#12601),#12592,.F.);
#12603=CARTESIAN_POINT('',(-1.35E1,1.2E0,-7.388527693620E-2));
#12604=DIRECTION('',(0.E0,-1.E0,0.E0));
#12605=DIRECTION('',(0.E0,0.E0,-1.E0));
#12606=AXIS2_PLACEMENT_3D('',#12603,#12604,#12605);
#12607=PLANE('261420',#12606);
#12608=ORIENTED_EDGE('262942',*,*,#12546,.T.);
#12610=ORIENTED_EDGE('262591',*,*,#12609,.F.);
#12612=ORIENTED_EDGE('262943',*,*,#12611,.T.);
#12613=ORIENTED_EDGE('263264',*,*,#8626,.T.);
#12614=EDGE_LOOP('261420',(#12608,#12610,#12612,#12613));
#12615=FACE_OUTER_BOUND('261420',#12614,.F.);
#12616=ADVANCED_FACE('261420',(#12615),#12607,.F.);
#12617=CARTESIAN_POINT('',(-1.35E1,-2.E-1,2.7E0));
#12618=DIRECTION('',(0.E0,0.E0,1.E0));
#12619=DIRECTION('',(0.E0,1.E0,0.E0));
#12620=AXIS2_PLACEMENT_3D('',#12617,#12618,#12619);
#12621=PLANE('261431',#12620);
#12622=ORIENTED_EDGE('262593',*,*,#12556,.T.);
#12624=ORIENTED_EDGE('262615',*,*,#12623,.T.);
#12626=ORIENTED_EDGE('262606',*,*,#12625,.T.);
#12627=ORIENTED_EDGE('262591',*,*,#12609,.T.);
#12628=EDGE_LOOP('261431',(#12622,#12624,#12626,#12627));
#12629=FACE_OUTER_BOUND('261431',#12628,.F.);
#12630=ADVANCED_FACE('261431',(#12629),#12621,.T.);
#12631=CARTESIAN_POINT('',(-1.35E1,-1.6E0,1.7E0));
#12632=DIRECTION('',(0.E0,-1.E0,0.E0));
#12633=DIRECTION('',(0.E0,0.E0,1.E0));
#12634=AXIS2_PLACEMENT_3D('',#12631,#12632,#12633);
#12635=PLANE('261430',#12634);
#12636=ORIENTED_EDGE('262947',*,*,#12554,.T.);
#12637=ORIENTED_EDGE('263262',*,*,#8197,.T.);
#12639=ORIENTED_EDGE('262953',*,*,#12638,.T.);
#12640=ORIENTED_EDGE('262615',*,*,#12623,.F.);
#12641=EDGE_LOOP('261430',(#12636,#12637,#12639,#12640));
#12642=FACE_OUTER_BOUND('261430',#12641,.F.);
#12643=ADVANCED_FACE('261430',(#12642),#12635,.T.);
#12644=CARTESIAN_POINT('',(-1.3725E1,-1.874999806526E0,-7.388527693595E-2));
#12645=DIRECTION('',(-1.E0,0.E0,0.E0));
#12646=DIRECTION('',(0.E0,0.E0,1.E0));
#12647=AXIS2_PLACEMENT_3D('',#12644,#12645,#12646);
#12648=PLANE('261428',#12647);
#12649=ORIENTED_EDGE('262943',*,*,#12611,.F.);
#12650=ORIENTED_EDGE('262606',*,*,#12625,.F.);
#12651=ORIENTED_EDGE('262953',*,*,#12638,.F.);
#12652=ORIENTED_EDGE('263261',*,*,#8195,.F.);
#12654=ORIENTED_EDGE('262950',*,*,#12653,.F.);
#12656=ORIENTED_EDGE('262951',*,*,#12655,.F.);
#12657=ORIENTED_EDGE('263266',*,*,#8628,.F.);
#12658=EDGE_LOOP('261428',(#12649,#12650,#12651,#12652,#12654,#12656,#12657));
#12659=FACE_OUTER_BOUND('261428',#12658,.F.);
#12660=ADVANCED_FACE('261428',(#12659),#12648,.T.);
#12661=CARTESIAN_POINT('',(-1.3725E1,-1.874999806526E0,-7.388527693595E-2));
#12662=DIRECTION('',(-1.E0,0.E0,0.E0));
#12663=DIRECTION('',(0.E0,0.E0,1.E0));
#12664=AXIS2_PLACEMENT_3D('',#12661,#12662,#12663);
#12665=PLANE('261428',#12664);
#12667=ORIENTED_EDGE('262949',*,*,#12666,.F.);
#12668=ORIENTED_EDGE('263257',*,*,#7942,.T.);
#12670=ORIENTED_EDGE('262952',*,*,#12669,.F.);
#12672=ORIENTED_EDGE('262613',*,*,#12671,.T.);
#12674=ORIENTED_EDGE('262612',*,*,#12673,.T.);
#12676=ORIENTED_EDGE('262611',*,*,#12675,.F.);
#12678=ORIENTED_EDGE('262610',*,*,#12677,.F.);
#12680=ORIENTED_EDGE('262609',*,*,#12679,.F.);
#12682=ORIENTED_EDGE('262608',*,*,#12681,.T.);
#12684=ORIENTED_EDGE('262607',*,*,#12683,.T.);
#12685=EDGE_LOOP('261428',(#12667,#12668,#12670,#12672,#12674,#12676,#12678,
#12680,#12682,#12684));
#12686=FACE_OUTER_BOUND('261428',#12685,.F.);
#12687=ADVANCED_FACE('261428',(#12686),#12665,.T.);
#12688=CARTESIAN_POINT('',(-1.3725E1,-1.874999806526E0,-7.388527693595E-2));
#12689=DIRECTION('',(-1.E0,0.E0,0.E0));
#12690=DIRECTION('',(0.E0,0.E0,1.E0));
#12691=AXIS2_PLACEMENT_3D('',#12688,#12689,#12690);
#12692=PLANE('261428',#12691);
#12693=ORIENTED_EDGE('263270',*,*,#9153,.F.);
#12695=ORIENTED_EDGE('263273',*,*,#12694,.T.);
#12697=ORIENTED_EDGE('262605',*,*,#12696,.T.);
#12699=ORIENTED_EDGE('263274',*,*,#12698,.T.);
#12700=EDGE_LOOP('261428',(#12693,#12695,#12697,#12699));
#12701=FACE_OUTER_BOUND('261428',#12700,.F.);
#12702=ADVANCED_FACE('261428',(#12701),#12692,.T.);
#12703=CARTESIAN_POINT('',(-1.35E1,-1.35E0,1.45E0));
#12704=DIRECTION('',(0.E0,-1.E0,0.E0));
#12705=DIRECTION('',(0.E0,0.E0,-1.E0));
#12706=AXIS2_PLACEMENT_3D('',#12703,#12704,#12705);
#12707=PLANE('261423',#12706);
#12708=ORIENTED_EDGE('262945',*,*,#12551,.T.);
#12710=ORIENTED_EDGE('262602',*,*,#12709,.F.);
#12711=ORIENTED_EDGE('262950',*,*,#12653,.T.);
#12712=ORIENTED_EDGE('263260',*,*,#8193,.T.);
#12713=EDGE_LOOP('261423',(#12708,#12710,#12711,#12712));
#12714=FACE_OUTER_BOUND('261423',#12713,.F.);
#12715=ADVANCED_FACE('261423',(#12714),#12707,.F.);
#12716=CARTESIAN_POINT('',(-1.35E1,-2.E-1,2.45E0));
#12717=DIRECTION('',(0.E0,0.E0,1.E0));
#12718=DIRECTION('',(0.E0,-1.E0,0.E0));
#12719=AXIS2_PLACEMENT_3D('',#12716,#12717,#12718);
#12720=PLANE('261424',#12719);
#12721=ORIENTED_EDGE('262946',*,*,#12549,.T.);
#12722=ORIENTED_EDGE('263263',*,*,#8354,.F.);
#12723=ORIENTED_EDGE('262951',*,*,#12655,.T.);
#12724=ORIENTED_EDGE('262602',*,*,#12709,.T.);
#12725=EDGE_LOOP('261424',(#12721,#12722,#12723,#12724));
#12726=FACE_OUTER_BOUND('261424',#12725,.F.);
#12727=ADVANCED_FACE('261424',(#12726),#12720,.F.);
#12728=CARTESIAN_POINT('',(-1.35E1,-1.871369306526E0,4.5E-1));
#12729=DIRECTION('',(0.E0,0.E0,1.E0));
#12730=DIRECTION('',(0.E0,-1.E0,0.E0));
#12731=AXIS2_PLACEMENT_3D('',#12728,#12729,#12730);
#12732=PLANE('261422',#12731);
#12733=ORIENTED_EDGE('262944',*,*,#12566,.T.);
#12734=ORIENTED_EDGE('263256',*,*,#7944,.F.);
#12735=ORIENTED_EDGE('262949',*,*,#12666,.T.);
#12737=ORIENTED_EDGE('262601',*,*,#12736,.F.);
#12738=EDGE_LOOP('261422',(#12733,#12734,#12735,#12737));
#12739=FACE_OUTER_BOUND('261422',#12738,.F.);
#12740=ADVANCED_FACE('261422',(#12739),#12732,.F.);
#12741=CARTESIAN_POINT('',(-1.35E1,-2.815841613052E0,5.96861E-1));
#12742=DIRECTION('',(0.E0,3.279125287755E-1,9.447080890265E-1));
#12743=DIRECTION('',(0.E0,-9.447080890265E-1,3.279125287755E-1));
#12744=AXIS2_PLACEMENT_3D('',#12741,#12742,#12743);
#12745=PLANE('261438',#12744);
#12746=ORIENTED_EDGE('262600',*,*,#12568,.F.);
#12747=ORIENTED_EDGE('262601',*,*,#12736,.T.);
#12748=ORIENTED_EDGE('262607',*,*,#12683,.F.);
#12750=ORIENTED_EDGE('262621',*,*,#12749,.T.);
#12751=EDGE_LOOP('261438',(#12746,#12747,#12748,#12750));
#12752=FACE_OUTER_BOUND('261438',#12751,.F.);
#12753=ADVANCED_FACE('261438',(#12752),#12745,.F.);
#12754=CARTESIAN_POINT('',(-1.35E1,-3.783008613052E0,5.968609999999E-1));
#12755=DIRECTION('',(0.E0,-2.606058470267E-1,9.654452819790E-1));
#12756=DIRECTION('',(0.E0,-9.654452819790E-1,-2.606058470267E-1));
#12757=AXIS2_PLACEMENT_3D('',#12754,#12755,#12756);
#12758=PLANE('261437',#12757);
#12759=ORIENTED_EDGE('262599',*,*,#12570,.F.);
#12760=ORIENTED_EDGE('262621',*,*,#12749,.F.);
#12761=ORIENTED_EDGE('262608',*,*,#12681,.F.);
#12763=ORIENTED_EDGE('262620',*,*,#12762,.T.);
#12764=EDGE_LOOP('261437',(#12759,#12760,#12761,#12763));
#12765=FACE_OUTER_BOUND('261437',#12764,.F.);
#12766=ADVANCED_FACE('261437',(#12765),#12758,.F.);
#12767=CARTESIAN_POINT('',(-1.35E1,-4.638536113052E0,4.5E-1));
#12768=DIRECTION('',(0.E0,0.E0,1.E0));
#12769=DIRECTION('',(0.E0,-1.E0,0.E0));
#12770=AXIS2_PLACEMENT_3D('',#12767,#12768,#12769);
#12771=PLANE('261436',#12770);
#12772=ORIENTED_EDGE('262598',*,*,#12572,.T.);
#12773=ORIENTED_EDGE('262620',*,*,#12762,.F.);
#12774=ORIENTED_EDGE('262609',*,*,#12679,.T.);
#12776=ORIENTED_EDGE('262619',*,*,#12775,.T.);
#12777=EDGE_LOOP('261436',(#12772,#12773,#12774,#12776));
#12778=FACE_OUTER_BOUND('261436',#12777,.F.);
#12779=ADVANCED_FACE('261436',(#12778),#12771,.F.);
#12780=CARTESIAN_POINT('',(-1.35E1,-4.949999613052E0,5.75E-1));
#12781=DIRECTION('',(0.E0,-1.E0,0.E0));
#12782=DIRECTION('',(0.E0,0.E0,1.E0));
#12783=AXIS2_PLACEMENT_3D('',#12780,#12781,#12782);
#12784=PLANE('261435',#12783);
#12785=ORIENTED_EDGE('262597',*,*,#12574,.T.);
#12786=ORIENTED_EDGE('262619',*,*,#12775,.F.);
#12787=ORIENTED_EDGE('262610',*,*,#12677,.T.);
#12789=ORIENTED_EDGE('262618',*,*,#12788,.T.);
#12790=EDGE_LOOP('261435',(#12785,#12786,#12787,#12789));
#12791=FACE_OUTER_BOUND('261435',#12790,.F.);
#12792=ADVANCED_FACE('261435',(#12791),#12784,.T.);
#12793=CARTESIAN_POINT('',(-1.35E1,-4.655110613052E0,7.E-1));
#12794=DIRECTION('',(0.E0,0.E0,1.E0));
#12795=DIRECTION('',(0.E0,1.E0,0.E0));
#12796=AXIS2_PLACEMENT_3D('',#12793,#12794,#12795);
#12797=PLANE('261434',#12796);
#12798=ORIENTED_EDGE('262596',*,*,#12576,.T.);
#12799=ORIENTED_EDGE('262618',*,*,#12788,.F.);
#12800=ORIENTED_EDGE('262611',*,*,#12675,.T.);
#12802=ORIENTED_EDGE('262617',*,*,#12801,.T.);
#12803=EDGE_LOOP('261434',(#12798,#12799,#12800,#12802));
#12804=FACE_OUTER_BOUND('261434',#12803,.F.);
#12805=ADVANCED_FACE('261434',(#12804),#12797,.T.);
#12806=CARTESIAN_POINT('',(-1.35E1,-3.794977613052E0,8.52578E-1));
#12807=DIRECTION('',(0.E0,-2.606055482898E-1,9.654453626180E-1));
#12808=DIRECTION('',(0.E0,9.654453626180E-1,2.606055482898E-1));
#12809=AXIS2_PLACEMENT_3D('',#12806,#12807,#12808);
#12810=PLANE('261433',#12809);
#12811=ORIENTED_EDGE('262595',*,*,#12578,.F.);
#12812=ORIENTED_EDGE('262617',*,*,#12801,.F.);
#12813=ORIENTED_EDGE('262612',*,*,#12673,.F.);
#12815=ORIENTED_EDGE('262616',*,*,#12814,.T.);
#12816=EDGE_LOOP('261433',(#12811,#12812,#12813,#12815));
#12817=FACE_OUTER_BOUND('261433',#12816,.F.);
#12818=ADVANCED_FACE('261433',(#12817),#12810,.T.);
#12819=CARTESIAN_POINT('',(-1.35E1,-2.790159113052E0,8.52578E-1));
#12820=DIRECTION('',(0.E0,3.279118890793E-1,9.447083110677E-1));
#12821=DIRECTION('',(0.E0,9.447083110677E-1,-3.279118890793E-1));
#12822=AXIS2_PLACEMENT_3D('',#12819,#12820,#12821);
#12823=PLANE('261432',#12822);
#12824=ORIENTED_EDGE('262594',*,*,#12580,.F.);
#12825=ORIENTED_EDGE('262616',*,*,#12814,.F.);
#12826=ORIENTED_EDGE('262613',*,*,#12671,.F.);
#12828=ORIENTED_EDGE('262614',*,*,#12827,.T.);
#12829=EDGE_LOOP('261432',(#12824,#12825,#12826,#12828));
#12830=FACE_OUTER_BOUND('261432',#12829,.F.);
#12831=ADVANCED_FACE('261432',(#12830),#12823,.T.);
#12832=CARTESIAN_POINT('',(-1.35E1,-1.975292306526E0,7.E-1));
#12833=DIRECTION('',(0.E0,0.E0,1.E0));
#12834=DIRECTION('',(0.E0,1.E0,0.E0));
#12835=AXIS2_PLACEMENT_3D('',#12832,#12833,#12834);
#12836=PLANE('261429',#12835);
#12837=ORIENTED_EDGE('262948',*,*,#12582,.T.);
#12838=ORIENTED_EDGE('262614',*,*,#12827,.F.);
#12839=ORIENTED_EDGE('262952',*,*,#12669,.T.);
#12840=ORIENTED_EDGE('263258',*,*,#7940,.F.);
#12841=EDGE_LOOP('261429',(#12837,#12838,#12839,#12840));
#12842=FACE_OUTER_BOUND('261429',#12841,.F.);
#12843=ADVANCED_FACE('261429',(#12842),#12836,.T.);
#12844=CARTESIAN_POINT('',(-1.35E1,-8.238085532088E-2,-1.521007189508E0));
#12845=DIRECTION('',(0.E0,-9.233055025502E-1,-3.840663340628E-1));
#12846=DIRECTION('',(0.E0,3.840663340628E-1,-9.233055025502E-1));
#12847=AXIS2_PLACEMENT_3D('',#12844,#12845,#12846);
#12848=PLANE('261425',#12847);
#12849=ORIENTED_EDGE('263268',*,*,#9151,.T.);
#12850=ORIENTED_EDGE('263271',*,*,#12598,.F.);
#12852=ORIENTED_EDGE('262603',*,*,#12851,.F.);
#12853=ORIENTED_EDGE('263273',*,*,#12694,.F.);
#12854=EDGE_LOOP('261425',(#12849,#12850,#12852,#12853));
#12855=FACE_OUTER_BOUND('261425',#12854,.F.);
#12856=ADVANCED_FACE('261425',(#12855),#12848,.F.);
#12857=CARTESIAN_POINT('',(-1.35E1,-6.181115239011E-1,-5.486247612927E-1));
#12858=DIRECTION('',(0.E0,-7.808198804470E-1,6.247562038898E-1));
#12859=DIRECTION('',(0.E0,6.247562038898E-1,7.808198804470E-1));
#12860=AXIS2_PLACEMENT_3D('',#12857,#12858,#12859);
#12861=PLANE('261426',#12860);
#12862=ORIENTED_EDGE('262592',*,*,#12596,.F.);
#12864=ORIENTED_EDGE('262604',*,*,#12863,.F.);
#12865=ORIENTED_EDGE('262605',*,*,#12696,.F.);
#12866=ORIENTED_EDGE('262603',*,*,#12851,.T.);
#12867=EDGE_LOOP('261426',(#12862,#12864,#12865,#12866));
#12868=FACE_OUTER_BOUND('261426',#12867,.F.);
#12869=ADVANCED_FACE('261426',(#12868),#12861,.T.);
#12870=CARTESIAN_POINT('',(-1.35E1,-2.530173178130E-1,-1.752161209975E0));
#12871=DIRECTION('',(0.E0,-9.245840358476E-1,-3.809781629644E-1));
#12872=DIRECTION('',(0.E0,-3.809781629644E-1,9.245840358476E-1));
#12873=AXIS2_PLACEMENT_3D('',#12870,#12871,#12872);
#12874=PLANE('261427',#12873);
#12875=ORIENTED_EDGE('263269',*,*,#9155,.T.);
#12876=ORIENTED_EDGE('263274',*,*,#12698,.F.);
#12877=ORIENTED_EDGE('262604',*,*,#12863,.T.);
#12878=ORIENTED_EDGE('263272',*,*,#12594,.F.);
#12879=EDGE_LOOP('261427',(#12875,#12876,#12877,#12878));
#12880=FACE_OUTER_BOUND('261427',#12879,.F.);
#12881=ADVANCED_FACE('261427',(#12880),#12874,.T.);
#12882=CARTESIAN_POINT('',(-1.1275E1,-1.874999806526E0,-7.388527693850E-2));
#12883=DIRECTION('',(-1.E0,0.E0,0.E0));
#12884=DIRECTION('',(0.E0,0.E0,-1.E0));
#12885=AXIS2_PLACEMENT_3D('',#12882,#12883,#12884);
#12886=PLANE('261402',#12885);
#12888=ORIENTED_EDGE('262930',*,*,#12887,.F.);
#12889=ORIENTED_EDGE('263245',*,*,#8610,.F.);
#12891=ORIENTED_EDGE('262934',*,*,#12890,.F.);
#12893=ORIENTED_EDGE('262933',*,*,#12892,.F.);
#12894=ORIENTED_EDGE('263239',*,*,#8201,.T.);
#12896=ORIENTED_EDGE('262935',*,*,#12895,.F.);
#12898=ORIENTED_EDGE('262624',*,*,#12897,.F.);
#12899=EDGE_LOOP('261402',(#12888,#12889,#12891,#12893,#12894,#12896,#12898));
#12900=FACE_OUTER_BOUND('261402',#12899,.F.);
#12901=ADVANCED_FACE('261402',(#12900),#12886,.F.);
#12902=CARTESIAN_POINT('',(-1.1275E1,-1.874999806526E0,-7.388527693850E-2));
#12903=DIRECTION('',(-1.E0,0.E0,0.E0));
#12904=DIRECTION('',(0.E0,0.E0,-1.E0));
#12905=AXIS2_PLACEMENT_3D('',#12902,#12903,#12904);
#12906=PLANE('261402',#12905);
#12908=ORIENTED_EDGE('262932',*,*,#12907,.F.);
#12910=ORIENTED_EDGE('262631',*,*,#12909,.T.);
#12912=ORIENTED_EDGE('262630',*,*,#12911,.T.);
#12914=ORIENTED_EDGE('262629',*,*,#12913,.F.);
#12916=ORIENTED_EDGE('262628',*,*,#12915,.F.);
#12918=ORIENTED_EDGE('262627',*,*,#12917,.F.);
#12920=ORIENTED_EDGE('262626',*,*,#12919,.T.);
#12922=ORIENTED_EDGE('262625',*,*,#12921,.T.);
#12924=ORIENTED_EDGE('262936',*,*,#12923,.F.);
#12925=ORIENTED_EDGE('263235',*,*,#7948,.F.);
#12926=EDGE_LOOP('261402',(#12908,#12910,#12912,#12914,#12916,#12918,#12920,
#12922,#12924,#12925));
#12927=FACE_OUTER_BOUND('261402',#12926,.F.);
#12928=ADVANCED_FACE('261402',(#12927),#12906,.F.);
#12929=CARTESIAN_POINT('',(-1.1275E1,-1.874999806526E0,-7.388527693850E-2));
#12930=DIRECTION('',(-1.E0,0.E0,0.E0));
#12931=DIRECTION('',(0.E0,0.E0,-1.E0));
#12932=AXIS2_PLACEMENT_3D('',#12929,#12930,#12931);
#12933=PLANE('261402',#12932);
#12934=ORIENTED_EDGE('263247',*,*,#9159,.T.);
#12936=ORIENTED_EDGE('263252',*,*,#12935,.T.);
#12938=ORIENTED_EDGE('262623',*,*,#12937,.T.);
#12940=ORIENTED_EDGE('263251',*,*,#12939,.T.);
#12941=EDGE_LOOP('261402',(#12934,#12936,#12938,#12940));
#12942=FACE_OUTER_BOUND('261402',#12941,.F.);
#12943=ADVANCED_FACE('261402',(#12942),#12933,.F.);
#12944=CARTESIAN_POINT('',(-1.15E1,1.2E0,-7.388527693620E-2));
#12945=DIRECTION('',(0.E0,-1.E0,0.E0));
#12946=DIRECTION('',(0.E0,0.E0,-1.E0));
#12947=AXIS2_PLACEMENT_3D('',#12944,#12945,#12946);
#12948=PLANE('261401',#12947);
#12949=ORIENTED_EDGE('262930',*,*,#12887,.T.);
#12951=ORIENTED_EDGE('262622',*,*,#12950,.F.);
#12953=ORIENTED_EDGE('262931',*,*,#12952,.T.);
#12954=ORIENTED_EDGE('263244',*,*,#8612,.T.);
#12955=EDGE_LOOP('261401',(#12949,#12951,#12953,#12954));
#12956=FACE_OUTER_BOUND('261401',#12955,.F.);
#12957=ADVANCED_FACE('261401',(#12956),#12948,.F.);
#12958=CARTESIAN_POINT('',(-1.15E1,-2.E-1,2.7E0));
#12959=DIRECTION('',(0.E0,0.E0,1.E0));
#12960=DIRECTION('',(0.E0,1.E0,0.E0));
#12961=AXIS2_PLACEMENT_3D('',#12958,#12959,#12960);
#12962=PLANE('261412',#12961);
#12963=ORIENTED_EDGE('262624',*,*,#12897,.T.);
#12965=ORIENTED_EDGE('262646',*,*,#12964,.T.);
#12967=ORIENTED_EDGE('262637',*,*,#12966,.T.);
#12968=ORIENTED_EDGE('262622',*,*,#12950,.T.);
#12969=EDGE_LOOP('261412',(#12963,#12965,#12967,#12968));
#12970=FACE_OUTER_BOUND('261412',#12969,.F.);
#12971=ADVANCED_FACE('261412',(#12970),#12962,.T.);
#12972=CARTESIAN_POINT('',(-1.15E1,-1.6E0,1.7E0));
#12973=DIRECTION('',(0.E0,-1.E0,0.E0));
#12974=DIRECTION('',(0.E0,0.E0,1.E0));
#12975=AXIS2_PLACEMENT_3D('',#12972,#12973,#12974);
#12976=PLANE('261411',#12975);
#12977=ORIENTED_EDGE('262935',*,*,#12895,.T.);
#12978=ORIENTED_EDGE('263242',*,*,#8207,.T.);
#12980=ORIENTED_EDGE('262941',*,*,#12979,.T.);
#12981=ORIENTED_EDGE('262646',*,*,#12964,.F.);
#12982=EDGE_LOOP('261411',(#12977,#12978,#12980,#12981));
#12983=FACE_OUTER_BOUND('261411',#12982,.F.);
#12984=ADVANCED_FACE('261411',(#12983),#12976,.T.);
#12985=CARTESIAN_POINT('',(-1.1725E1,-1.874999806526E0,-7.388527693595E-2));
#12986=DIRECTION('',(-1.E0,0.E0,0.E0));
#12987=DIRECTION('',(0.E0,0.E0,1.E0));
#12988=AXIS2_PLACEMENT_3D('',#12985,#12986,#12987);
#12989=PLANE('261409',#12988);
#12990=ORIENTED_EDGE('262931',*,*,#12952,.F.);
#12991=ORIENTED_EDGE('262637',*,*,#12966,.F.);
#12992=ORIENTED_EDGE('262941',*,*,#12979,.F.);
#12993=ORIENTED_EDGE('263241',*,*,#8205,.F.);
#12995=ORIENTED_EDGE('262938',*,*,#12994,.F.);
#12997=ORIENTED_EDGE('262939',*,*,#12996,.F.);
#12998=ORIENTED_EDGE('263246',*,*,#8614,.F.);
#12999=EDGE_LOOP('261409',(#12990,#12991,#12992,#12993,#12995,#12997,#12998));
#13000=FACE_OUTER_BOUND('261409',#12999,.F.);
#13001=ADVANCED_FACE('261409',(#13000),#12989,.T.);
#13002=CARTESIAN_POINT('',(-1.1725E1,-1.874999806526E0,-7.388527693595E-2));
#13003=DIRECTION('',(-1.E0,0.E0,0.E0));
#13004=DIRECTION('',(0.E0,0.E0,1.E0));
#13005=AXIS2_PLACEMENT_3D('',#13002,#13003,#13004);
#13006=PLANE('261409',#13005);
#13008=ORIENTED_EDGE('262937',*,*,#13007,.F.);
#13009=ORIENTED_EDGE('263237',*,*,#7952,.T.);
#13011=ORIENTED_EDGE('262940',*,*,#13010,.F.);
#13013=ORIENTED_EDGE('262644',*,*,#13012,.T.);
#13015=ORIENTED_EDGE('262643',*,*,#13014,.T.);
#13017=ORIENTED_EDGE('262642',*,*,#13016,.F.);
#13019=ORIENTED_EDGE('262641',*,*,#13018,.F.);
#13021=ORIENTED_EDGE('262640',*,*,#13020,.F.);
#13023=ORIENTED_EDGE('262639',*,*,#13022,.T.);
#13025=ORIENTED_EDGE('262638',*,*,#13024,.T.);
#13026=EDGE_LOOP('261409',(#13008,#13009,#13011,#13013,#13015,#13017,#13019,
#13021,#13023,#13025));
#13027=FACE_OUTER_BOUND('261409',#13026,.F.);
#13028=ADVANCED_FACE('261409',(#13027),#13006,.T.);
#13029=CARTESIAN_POINT('',(-1.1725E1,-1.874999806526E0,-7.388527693595E-2));
#13030=DIRECTION('',(-1.E0,0.E0,0.E0));
#13031=DIRECTION('',(0.E0,0.E0,1.E0));
#13032=AXIS2_PLACEMENT_3D('',#13029,#13030,#13031);
#13033=PLANE('261409',#13032);
#13034=ORIENTED_EDGE('263250',*,*,#9163,.F.);
#13036=ORIENTED_EDGE('263253',*,*,#13035,.T.);
#13038=ORIENTED_EDGE('262636',*,*,#13037,.T.);
#13040=ORIENTED_EDGE('263254',*,*,#13039,.T.);
#13041=EDGE_LOOP('261409',(#13034,#13036,#13038,#13040));
#13042=FACE_OUTER_BOUND('261409',#13041,.F.);
#13043=ADVANCED_FACE('261409',(#13042),#13033,.T.);
#13044=CARTESIAN_POINT('',(-1.15E1,-1.35E0,1.45E0));
#13045=DIRECTION('',(0.E0,-1.E0,0.E0));
#13046=DIRECTION('',(0.E0,0.E0,-1.E0));
#13047=AXIS2_PLACEMENT_3D('',#13044,#13045,#13046);
#13048=PLANE('261404',#13047);
#13049=ORIENTED_EDGE('262933',*,*,#12892,.T.);
#13051=ORIENTED_EDGE('262633',*,*,#13050,.F.);
#13052=ORIENTED_EDGE('262938',*,*,#12994,.T.);
#13053=ORIENTED_EDGE('263240',*,*,#8203,.T.);
#13054=EDGE_LOOP('261404',(#13049,#13051,#13052,#13053));
#13055=FACE_OUTER_BOUND('261404',#13054,.F.);
#13056=ADVANCED_FACE('261404',(#13055),#13048,.F.);
#13057=CARTESIAN_POINT('',(-1.15E1,-2.E-1,2.45E0));
#13058=DIRECTION('',(0.E0,0.E0,1.E0));
#13059=DIRECTION('',(0.E0,-1.E0,0.E0));
#13060=AXIS2_PLACEMENT_3D('',#13057,#13058,#13059);
#13061=PLANE('261405',#13060);
#13062=ORIENTED_EDGE('262934',*,*,#12890,.T.);
#13063=ORIENTED_EDGE('263243',*,*,#8362,.F.);
#13064=ORIENTED_EDGE('262939',*,*,#12996,.T.);
#13065=ORIENTED_EDGE('262633',*,*,#13050,.T.);
#13066=EDGE_LOOP('261405',(#13062,#13063,#13064,#13065));
#13067=FACE_OUTER_BOUND('261405',#13066,.F.);
#13068=ADVANCED_FACE('261405',(#13067),#13061,.F.);
#13069=CARTESIAN_POINT('',(-1.15E1,-1.871369306526E0,4.5E-1));
#13070=DIRECTION('',(0.E0,0.E0,1.E0));
#13071=DIRECTION('',(0.E0,-1.E0,0.E0));
#13072=AXIS2_PLACEMENT_3D('',#13069,#13070,#13071);
#13073=PLANE('261403',#13072);
#13074=ORIENTED_EDGE('262932',*,*,#12907,.T.);
#13075=ORIENTED_EDGE('263236',*,*,#7954,.F.);
#13076=ORIENTED_EDGE('262937',*,*,#13007,.T.);
#13078=ORIENTED_EDGE('262632',*,*,#13077,.F.);
#13079=EDGE_LOOP('261403',(#13074,#13075,#13076,#13078));
#13080=FACE_OUTER_BOUND('261403',#13079,.F.);
#13081=ADVANCED_FACE('261403',(#13080),#13073,.F.);
#13082=CARTESIAN_POINT('',(-1.15E1,-2.815841613052E0,5.96861E-1));
#13083=DIRECTION('',(0.E0,3.279125287755E-1,9.447080890265E-1));
#13084=DIRECTION('',(0.E0,-9.447080890265E-1,3.279125287755E-1));
#13085=AXIS2_PLACEMENT_3D('',#13082,#13083,#13084);
#13086=PLANE('261419',#13085);
#13087=ORIENTED_EDGE('262631',*,*,#12909,.F.);
#13088=ORIENTED_EDGE('262632',*,*,#13077,.T.);
#13089=ORIENTED_EDGE('262638',*,*,#13024,.F.);
#13091=ORIENTED_EDGE('262652',*,*,#13090,.T.);
#13092=EDGE_LOOP('261419',(#13087,#13088,#13089,#13091));
#13093=FACE_OUTER_BOUND('261419',#13092,.F.);
#13094=ADVANCED_FACE('261419',(#13093),#13086,.F.);
#13095=CARTESIAN_POINT('',(-1.15E1,-3.783008613052E0,5.968609999999E-1));
#13096=DIRECTION('',(0.E0,-2.606058470267E-1,9.654452819790E-1));
#13097=DIRECTION('',(0.E0,-9.654452819790E-1,-2.606058470267E-1));
#13098=AXIS2_PLACEMENT_3D('',#13095,#13096,#13097);
#13099=PLANE('261418',#13098);
#13100=ORIENTED_EDGE('262630',*,*,#12911,.F.);
#13101=ORIENTED_EDGE('262652',*,*,#13090,.F.);
#13102=ORIENTED_EDGE('262639',*,*,#13022,.F.);
#13104=ORIENTED_EDGE('262651',*,*,#13103,.T.);
#13105=EDGE_LOOP('261418',(#13100,#13101,#13102,#13104));
#13106=FACE_OUTER_BOUND('261418',#13105,.F.);
#13107=ADVANCED_FACE('261418',(#13106),#13099,.F.);
#13108=CARTESIAN_POINT('',(-1.15E1,-4.638536113052E0,4.5E-1));
#13109=DIRECTION('',(0.E0,0.E0,1.E0));
#13110=DIRECTION('',(0.E0,-1.E0,0.E0));
#13111=AXIS2_PLACEMENT_3D('',#13108,#13109,#13110);
#13112=PLANE('261417',#13111);
#13113=ORIENTED_EDGE('262629',*,*,#12913,.T.);
#13114=ORIENTED_EDGE('262651',*,*,#13103,.F.);
#13115=ORIENTED_EDGE('262640',*,*,#13020,.T.);
#13117=ORIENTED_EDGE('262650',*,*,#13116,.T.);
#13118=EDGE_LOOP('261417',(#13113,#13114,#13115,#13117));
#13119=FACE_OUTER_BOUND('261417',#13118,.F.);
#13120=ADVANCED_FACE('261417',(#13119),#13112,.F.);
#13121=CARTESIAN_POINT('',(-1.15E1,-4.949999613052E0,5.75E-1));
#13122=DIRECTION('',(0.E0,-1.E0,0.E0));
#13123=DIRECTION('',(0.E0,0.E0,1.E0));
#13124=AXIS2_PLACEMENT_3D('',#13121,#13122,#13123);
#13125=PLANE('261416',#13124);
#13126=ORIENTED_EDGE('262628',*,*,#12915,.T.);
#13127=ORIENTED_EDGE('262650',*,*,#13116,.F.);
#13128=ORIENTED_EDGE('262641',*,*,#13018,.T.);
#13130=ORIENTED_EDGE('262649',*,*,#13129,.T.);
#13131=EDGE_LOOP('261416',(#13126,#13127,#13128,#13130));
#13132=FACE_OUTER_BOUND('261416',#13131,.F.);
#13133=ADVANCED_FACE('261416',(#13132),#13125,.T.);
#13134=CARTESIAN_POINT('',(-1.15E1,-4.655110613052E0,7.E-1));
#13135=DIRECTION('',(0.E0,0.E0,1.E0));
#13136=DIRECTION('',(0.E0,1.E0,0.E0));
#13137=AXIS2_PLACEMENT_3D('',#13134,#13135,#13136);
#13138=PLANE('261415',#13137);
#13139=ORIENTED_EDGE('262627',*,*,#12917,.T.);
#13140=ORIENTED_EDGE('262649',*,*,#13129,.F.);
#13141=ORIENTED_EDGE('262642',*,*,#13016,.T.);
#13143=ORIENTED_EDGE('262648',*,*,#13142,.T.);
#13144=EDGE_LOOP('261415',(#13139,#13140,#13141,#13143));
#13145=FACE_OUTER_BOUND('261415',#13144,.F.);
#13146=ADVANCED_FACE('261415',(#13145),#13138,.T.);
#13147=CARTESIAN_POINT('',(-1.15E1,-3.794977613052E0,8.52578E-1));
#13148=DIRECTION('',(0.E0,-2.606055482898E-1,9.654453626180E-1));
#13149=DIRECTION('',(0.E0,9.654453626180E-1,2.606055482898E-1));
#13150=AXIS2_PLACEMENT_3D('',#13147,#13148,#13149);
#13151=PLANE('261414',#13150);
#13152=ORIENTED_EDGE('262626',*,*,#12919,.F.);
#13153=ORIENTED_EDGE('262648',*,*,#13142,.F.);
#13154=ORIENTED_EDGE('262643',*,*,#13014,.F.);
#13156=ORIENTED_EDGE('262647',*,*,#13155,.T.);
#13157=EDGE_LOOP('261414',(#13152,#13153,#13154,#13156));
#13158=FACE_OUTER_BOUND('261414',#13157,.F.);
#13159=ADVANCED_FACE('261414',(#13158),#13151,.T.);
#13160=CARTESIAN_POINT('',(-1.15E1,-2.790159113052E0,8.52578E-1));
#13161=DIRECTION('',(0.E0,3.279118890793E-1,9.447083110677E-1));
#13162=DIRECTION('',(0.E0,9.447083110677E-1,-3.279118890793E-1));
#13163=AXIS2_PLACEMENT_3D('',#13160,#13161,#13162);
#13164=PLANE('261413',#13163);
#13165=ORIENTED_EDGE('262625',*,*,#12921,.F.);
#13166=ORIENTED_EDGE('262647',*,*,#13155,.F.);
#13167=ORIENTED_EDGE('262644',*,*,#13012,.F.);
#13169=ORIENTED_EDGE('262645',*,*,#13168,.T.);
#13170=EDGE_LOOP('261413',(#13165,#13166,#13167,#13169));
#13171=FACE_OUTER_BOUND('261413',#13170,.F.);
#13172=ADVANCED_FACE('261413',(#13171),#13164,.T.);
#13173=CARTESIAN_POINT('',(-1.15E1,-1.975292306526E0,7.E-1));
#13174=DIRECTION('',(0.E0,0.E0,1.E0));
#13175=DIRECTION('',(0.E0,1.E0,0.E0));
#13176=AXIS2_PLACEMENT_3D('',#13173,#13174,#13175);
#13177=PLANE('261410',#13176);
#13178=ORIENTED_EDGE('262936',*,*,#12923,.T.);
#13179=ORIENTED_EDGE('262645',*,*,#13168,.F.);
#13180=ORIENTED_EDGE('262940',*,*,#13010,.T.);
#13181=ORIENTED_EDGE('263238',*,*,#7950,.F.);
#13182=EDGE_LOOP('261410',(#13178,#13179,#13180,#13181));
#13183=FACE_OUTER_BOUND('261410',#13182,.F.);
#13184=ADVANCED_FACE('261410',(#13183),#13177,.T.);
#13185=CARTESIAN_POINT('',(-1.15E1,-8.238085532088E-2,-1.521007189508E0));
#13186=DIRECTION('',(0.E0,-9.233055025502E-1,-3.840663340628E-1));
#13187=DIRECTION('',(0.E0,3.840663340628E-1,-9.233055025502E-1));
#13188=AXIS2_PLACEMENT_3D('',#13185,#13186,#13187);
#13189=PLANE('261406',#13188);
#13190=ORIENTED_EDGE('263248',*,*,#9161,.T.);
#13191=ORIENTED_EDGE('263251',*,*,#12939,.F.);
#13193=ORIENTED_EDGE('262634',*,*,#13192,.F.);
#13194=ORIENTED_EDGE('263253',*,*,#13035,.F.);
#13195=EDGE_LOOP('261406',(#13190,#13191,#13193,#13194));
#13196=FACE_OUTER_BOUND('261406',#13195,.F.);
#13197=ADVANCED_FACE('261406',(#13196),#13189,.F.);
#13198=CARTESIAN_POINT('',(-1.15E1,-6.181115239011E-1,-5.486247612927E-1));
#13199=DIRECTION('',(0.E0,-7.808198804470E-1,6.247562038898E-1));
#13200=DIRECTION('',(0.E0,6.247562038898E-1,7.808198804470E-1));
#13201=AXIS2_PLACEMENT_3D('',#13198,#13199,#13200);
#13202=PLANE('261407',#13201);
#13203=ORIENTED_EDGE('262623',*,*,#12937,.F.);
#13205=ORIENTED_EDGE('262635',*,*,#13204,.F.);
#13206=ORIENTED_EDGE('262636',*,*,#13037,.F.);
#13207=ORIENTED_EDGE('262634',*,*,#13192,.T.);
#13208=EDGE_LOOP('261407',(#13203,#13205,#13206,#13207));
#13209=FACE_OUTER_BOUND('261407',#13208,.F.);
#13210=ADVANCED_FACE('261407',(#13209),#13202,.T.);
#13211=CARTESIAN_POINT('',(-1.15E1,-2.530173178130E-1,-1.752161209975E0));
#13212=DIRECTION('',(0.E0,-9.245840358476E-1,-3.809781629644E-1));
#13213=DIRECTION('',(0.E0,-3.809781629644E-1,9.245840358476E-1));
#13214=AXIS2_PLACEMENT_3D('',#13211,#13212,#13213);
#13215=PLANE('261408',#13214);
#13216=ORIENTED_EDGE('263249',*,*,#9165,.T.);
#13217=ORIENTED_EDGE('263254',*,*,#13039,.F.);
#13218=ORIENTED_EDGE('262635',*,*,#13204,.T.);
#13219=ORIENTED_EDGE('263252',*,*,#12935,.F.);
#13220=EDGE_LOOP('261408',(#13216,#13217,#13218,#13219));
#13221=FACE_OUTER_BOUND('261408',#13220,.F.);
#13222=ADVANCED_FACE('261408',(#13221),#13215,.T.);
#13223=CARTESIAN_POINT('',(-9.275E0,-1.874999806526E0,-7.388527693850E-2));
#13224=DIRECTION('',(-1.E0,0.E0,0.E0));
#13225=DIRECTION('',(0.E0,0.E0,-1.E0));
#13226=AXIS2_PLACEMENT_3D('',#13223,#13224,#13225);
#13227=PLANE('261383',#13226);
#13229=ORIENTED_EDGE('262918',*,*,#13228,.F.);
#13230=ORIENTED_EDGE('263225',*,*,#8596,.F.);
#13232=ORIENTED_EDGE('262922',*,*,#13231,.F.);
#13234=ORIENTED_EDGE('262921',*,*,#13233,.F.);
#13235=ORIENTED_EDGE('263219',*,*,#8211,.T.);
#13237=ORIENTED_EDGE('262923',*,*,#13236,.F.);
#13239=ORIENTED_EDGE('262438',*,*,#13238,.F.);
#13240=EDGE_LOOP('261383',(#13229,#13230,#13232,#13234,#13235,#13237,#13239));
#13241=FACE_OUTER_BOUND('261383',#13240,.F.);
#13242=ADVANCED_FACE('261383',(#13241),#13227,.F.);
#13243=CARTESIAN_POINT('',(-9.275E0,-1.874999806526E0,-7.388527693850E-2));
#13244=DIRECTION('',(-1.E0,0.E0,0.E0));
#13245=DIRECTION('',(0.E0,0.E0,-1.E0));
#13246=AXIS2_PLACEMENT_3D('',#13243,#13244,#13245);
#13247=PLANE('261383',#13246);
#13249=ORIENTED_EDGE('262920',*,*,#13248,.F.);
#13251=ORIENTED_EDGE('262445',*,*,#13250,.T.);
#13253=ORIENTED_EDGE('262444',*,*,#13252,.T.);
#13255=ORIENTED_EDGE('262443',*,*,#13254,.F.);
#13257=ORIENTED_EDGE('262442',*,*,#13256,.F.);
#13259=ORIENTED_EDGE('262441',*,*,#13258,.F.);
#13261=ORIENTED_EDGE('262440',*,*,#13260,.T.);
#13263=ORIENTED_EDGE('262439',*,*,#13262,.T.);
#13265=ORIENTED_EDGE('262924',*,*,#13264,.F.);
#13266=ORIENTED_EDGE('263215',*,*,#7958,.F.);
#13267=EDGE_LOOP('261383',(#13249,#13251,#13253,#13255,#13257,#13259,#13261,
#13263,#13265,#13266));
#13268=FACE_OUTER_BOUND('261383',#13267,.F.);
#13269=ADVANCED_FACE('261383',(#13268),#13247,.F.);
#13270=CARTESIAN_POINT('',(-9.275E0,-1.874999806526E0,-7.388527693850E-2));
#13271=DIRECTION('',(-1.E0,0.E0,0.E0));
#13272=DIRECTION('',(0.E0,0.E0,-1.E0));
#13273=AXIS2_PLACEMENT_3D('',#13270,#13271,#13272);
#13274=PLANE('261383',#13273);
#13275=ORIENTED_EDGE('263227',*,*,#9169,.T.);
#13277=ORIENTED_EDGE('263232',*,*,#13276,.T.);
#13279=ORIENTED_EDGE('262437',*,*,#13278,.T.);
#13281=ORIENTED_EDGE('263231',*,*,#13280,.T.);
#13282=EDGE_LOOP('261383',(#13275,#13277,#13279,#13281));
#13283=FACE_OUTER_BOUND('261383',#13282,.F.);
#13284=ADVANCED_FACE('261383',(#13283),#13274,.F.);
#13285=CARTESIAN_POINT('',(-9.5E0,1.2E0,-7.388527693620E-2));
#13286=DIRECTION('',(0.E0,-1.E0,0.E0));
#13287=DIRECTION('',(0.E0,0.E0,-1.E0));
#13288=AXIS2_PLACEMENT_3D('',#13285,#13286,#13287);
#13289=PLANE('261382',#13288);
#13290=ORIENTED_EDGE('262918',*,*,#13228,.T.);
#13292=ORIENTED_EDGE('262436',*,*,#13291,.F.);
#13294=ORIENTED_EDGE('262919',*,*,#13293,.T.);
#13295=ORIENTED_EDGE('263224',*,*,#8598,.T.);
#13296=EDGE_LOOP('261382',(#13290,#13292,#13294,#13295));
#13297=FACE_OUTER_BOUND('261382',#13296,.F.);
#13298=ADVANCED_FACE('261382',(#13297),#13289,.F.);
#13299=CARTESIAN_POINT('',(-9.5E0,-2.E-1,2.7E0));
#13300=DIRECTION('',(0.E0,0.E0,1.E0));
#13301=DIRECTION('',(0.E0,1.E0,0.E0));
#13302=AXIS2_PLACEMENT_3D('',#13299,#13300,#13301);
#13303=PLANE('261393',#13302);
#13304=ORIENTED_EDGE('262438',*,*,#13238,.T.);
#13306=ORIENTED_EDGE('262460',*,*,#13305,.T.);
#13308=ORIENTED_EDGE('262451',*,*,#13307,.T.);
#13309=ORIENTED_EDGE('262436',*,*,#13291,.T.);
#13310=EDGE_LOOP('261393',(#13304,#13306,#13308,#13309));
#13311=FACE_OUTER_BOUND('261393',#13310,.F.);
#13312=ADVANCED_FACE('261393',(#13311),#13303,.T.);
#13313=CARTESIAN_POINT('',(-9.5E0,-1.6E0,1.7E0));
#13314=DIRECTION('',(0.E0,-1.E0,0.E0));
#13315=DIRECTION('',(0.E0,0.E0,1.E0));
#13316=AXIS2_PLACEMENT_3D('',#13313,#13314,#13315);
#13317=PLANE('261392',#13316);
#13318=ORIENTED_EDGE('262923',*,*,#13236,.T.);
#13319=ORIENTED_EDGE('263222',*,*,#8217,.T.);
#13321=ORIENTED_EDGE('262929',*,*,#13320,.T.);
#13322=ORIENTED_EDGE('262460',*,*,#13305,.F.);
#13323=EDGE_LOOP('261392',(#13318,#13319,#13321,#13322));
#13324=FACE_OUTER_BOUND('261392',#13323,.F.);
#13325=ADVANCED_FACE('261392',(#13324),#13317,.T.);
#13326=CARTESIAN_POINT('',(-9.725E0,-1.874999806526E0,-7.388527693595E-2));
#13327=DIRECTION('',(-1.E0,0.E0,0.E0));
#13328=DIRECTION('',(0.E0,0.E0,1.E0));
#13329=AXIS2_PLACEMENT_3D('',#13326,#13327,#13328);
#13330=PLANE('261390',#13329);
#13331=ORIENTED_EDGE('262919',*,*,#13293,.F.);
#13332=ORIENTED_EDGE('262451',*,*,#13307,.F.);
#13333=ORIENTED_EDGE('262929',*,*,#13320,.F.);
#13334=ORIENTED_EDGE('263221',*,*,#8215,.F.);
#13336=ORIENTED_EDGE('262926',*,*,#13335,.F.);
#13338=ORIENTED_EDGE('262927',*,*,#13337,.F.);
#13339=ORIENTED_EDGE('263226',*,*,#8600,.F.);
#13340=EDGE_LOOP('261390',(#13331,#13332,#13333,#13334,#13336,#13338,#13339));
#13341=FACE_OUTER_BOUND('261390',#13340,.F.);
#13342=ADVANCED_FACE('261390',(#13341),#13330,.T.);
#13343=CARTESIAN_POINT('',(-9.725E0,-1.874999806526E0,-7.388527693595E-2));
#13344=DIRECTION('',(-1.E0,0.E0,0.E0));
#13345=DIRECTION('',(0.E0,0.E0,1.E0));
#13346=AXIS2_PLACEMENT_3D('',#13343,#13344,#13345);
#13347=PLANE('261390',#13346);
#13349=ORIENTED_EDGE('262925',*,*,#13348,.F.);
#13350=ORIENTED_EDGE('263217',*,*,#7962,.T.);
#13352=ORIENTED_EDGE('262928',*,*,#13351,.F.);
#13354=ORIENTED_EDGE('262458',*,*,#13353,.T.);
#13356=ORIENTED_EDGE('262457',*,*,#13355,.T.);
#13358=ORIENTED_EDGE('262456',*,*,#13357,.F.);
#13360=ORIENTED_EDGE('262455',*,*,#13359,.F.);
#13362=ORIENTED_EDGE('262454',*,*,#13361,.F.);
#13364=ORIENTED_EDGE('262453',*,*,#13363,.T.);
#13366=ORIENTED_EDGE('262452',*,*,#13365,.T.);
#13367=EDGE_LOOP('261390',(#13349,#13350,#13352,#13354,#13356,#13358,#13360,
#13362,#13364,#13366));
#13368=FACE_OUTER_BOUND('261390',#13367,.F.);
#13369=ADVANCED_FACE('261390',(#13368),#13347,.T.);
#13370=CARTESIAN_POINT('',(-9.725E0,-1.874999806526E0,-7.388527693595E-2));
#13371=DIRECTION('',(-1.E0,0.E0,0.E0));
#13372=DIRECTION('',(0.E0,0.E0,1.E0));
#13373=AXIS2_PLACEMENT_3D('',#13370,#13371,#13372);
#13374=PLANE('261390',#13373);
#13375=ORIENTED_EDGE('263230',*,*,#9173,.F.);
#13377=ORIENTED_EDGE('263233',*,*,#13376,.T.);
#13379=ORIENTED_EDGE('262450',*,*,#13378,.T.);
#13381=ORIENTED_EDGE('263234',*,*,#13380,.T.);
#13382=EDGE_LOOP('261390',(#13375,#13377,#13379,#13381));
#13383=FACE_OUTER_BOUND('261390',#13382,.F.);
#13384=ADVANCED_FACE('261390',(#13383),#13374,.T.);
#13385=CARTESIAN_POINT('',(-9.5E0,-1.35E0,1.45E0));
#13386=DIRECTION('',(0.E0,-1.E0,0.E0));
#13387=DIRECTION('',(0.E0,0.E0,-1.E0));
#13388=AXIS2_PLACEMENT_3D('',#13385,#13386,#13387);
#13389=PLANE('261385',#13388);
#13390=ORIENTED_EDGE('262921',*,*,#13233,.T.);
#13392=ORIENTED_EDGE('262447',*,*,#13391,.F.);
#13393=ORIENTED_EDGE('262926',*,*,#13335,.T.);
#13394=ORIENTED_EDGE('263220',*,*,#8213,.T.);
#13395=EDGE_LOOP('261385',(#13390,#13392,#13393,#13394));
#13396=FACE_OUTER_BOUND('261385',#13395,.F.);
#13397=ADVANCED_FACE('261385',(#13396),#13389,.F.);
#13398=CARTESIAN_POINT('',(-9.5E0,-2.E-1,2.45E0));
#13399=DIRECTION('',(0.E0,0.E0,1.E0));
#13400=DIRECTION('',(0.E0,-1.E0,0.E0));
#13401=AXIS2_PLACEMENT_3D('',#13398,#13399,#13400);
#13402=PLANE('261386',#13401);
#13403=ORIENTED_EDGE('262922',*,*,#13231,.T.);
#13404=ORIENTED_EDGE('263223',*,*,#8370,.F.);
#13405=ORIENTED_EDGE('262927',*,*,#13337,.T.);
#13406=ORIENTED_EDGE('262447',*,*,#13391,.T.);
#13407=EDGE_LOOP('261386',(#13403,#13404,#13405,#13406));
#13408=FACE_OUTER_BOUND('261386',#13407,.F.);
#13409=ADVANCED_FACE('261386',(#13408),#13402,.F.);
#13410=CARTESIAN_POINT('',(-9.5E0,-1.871369306526E0,4.5E-1));
#13411=DIRECTION('',(0.E0,0.E0,1.E0));
#13412=DIRECTION('',(0.E0,-1.E0,0.E0));
#13413=AXIS2_PLACEMENT_3D('',#13410,#13411,#13412);
#13414=PLANE('261384',#13413);
#13415=ORIENTED_EDGE('262920',*,*,#13248,.T.);
#13416=ORIENTED_EDGE('263216',*,*,#7964,.F.);
#13417=ORIENTED_EDGE('262925',*,*,#13348,.T.);
#13419=ORIENTED_EDGE('262446',*,*,#13418,.F.);
#13420=EDGE_LOOP('261384',(#13415,#13416,#13417,#13419));
#13421=FACE_OUTER_BOUND('261384',#13420,.F.);
#13422=ADVANCED_FACE('261384',(#13421),#13414,.F.);
#13423=CARTESIAN_POINT('',(-9.5E0,-2.815841613052E0,5.96861E-1));
#13424=DIRECTION('',(0.E0,3.279125287755E-1,9.447080890265E-1));
#13425=DIRECTION('',(0.E0,-9.447080890265E-1,3.279125287755E-1));
#13426=AXIS2_PLACEMENT_3D('',#13423,#13424,#13425);
#13427=PLANE('261400',#13426);
#13428=ORIENTED_EDGE('262445',*,*,#13250,.F.);
#13429=ORIENTED_EDGE('262446',*,*,#13418,.T.);
#13430=ORIENTED_EDGE('262452',*,*,#13365,.F.);
#13432=ORIENTED_EDGE('262466',*,*,#13431,.T.);
#13433=EDGE_LOOP('261400',(#13428,#13429,#13430,#13432));
#13434=FACE_OUTER_BOUND('261400',#13433,.F.);
#13435=ADVANCED_FACE('261400',(#13434),#13427,.F.);
#13436=CARTESIAN_POINT('',(-9.5E0,-3.783008613052E0,5.968609999999E-1));
#13437=DIRECTION('',(0.E0,-2.606058470267E-1,9.654452819790E-1));
#13438=DIRECTION('',(0.E0,-9.654452819790E-1,-2.606058470267E-1));
#13439=AXIS2_PLACEMENT_3D('',#13436,#13437,#13438);
#13440=PLANE('261399',#13439);
#13441=ORIENTED_EDGE('262444',*,*,#13252,.F.);
#13442=ORIENTED_EDGE('262466',*,*,#13431,.F.);
#13443=ORIENTED_EDGE('262453',*,*,#13363,.F.);
#13445=ORIENTED_EDGE('262465',*,*,#13444,.T.);
#13446=EDGE_LOOP('261399',(#13441,#13442,#13443,#13445));
#13447=FACE_OUTER_BOUND('261399',#13446,.F.);
#13448=ADVANCED_FACE('261399',(#13447),#13440,.F.);
#13449=CARTESIAN_POINT('',(-9.5E0,-4.638536113052E0,4.5E-1));
#13450=DIRECTION('',(0.E0,0.E0,1.E0));
#13451=DIRECTION('',(0.E0,-1.E0,0.E0));
#13452=AXIS2_PLACEMENT_3D('',#13449,#13450,#13451);
#13453=PLANE('261398',#13452);
#13454=ORIENTED_EDGE('262443',*,*,#13254,.T.);
#13455=ORIENTED_EDGE('262465',*,*,#13444,.F.);
#13456=ORIENTED_EDGE('262454',*,*,#13361,.T.);
#13458=ORIENTED_EDGE('262464',*,*,#13457,.T.);
#13459=EDGE_LOOP('261398',(#13454,#13455,#13456,#13458));
#13460=FACE_OUTER_BOUND('261398',#13459,.F.);
#13461=ADVANCED_FACE('261398',(#13460),#13453,.F.);
#13462=CARTESIAN_POINT('',(-9.5E0,-4.949999613052E0,5.75E-1));
#13463=DIRECTION('',(0.E0,-1.E0,0.E0));
#13464=DIRECTION('',(0.E0,0.E0,1.E0));
#13465=AXIS2_PLACEMENT_3D('',#13462,#13463,#13464);
#13466=PLANE('261397',#13465);
#13467=ORIENTED_EDGE('262442',*,*,#13256,.T.);
#13468=ORIENTED_EDGE('262464',*,*,#13457,.F.);
#13469=ORIENTED_EDGE('262455',*,*,#13359,.T.);
#13471=ORIENTED_EDGE('262463',*,*,#13470,.T.);
#13472=EDGE_LOOP('261397',(#13467,#13468,#13469,#13471));
#13473=FACE_OUTER_BOUND('261397',#13472,.F.);
#13474=ADVANCED_FACE('261397',(#13473),#13466,.T.);
#13475=CARTESIAN_POINT('',(-9.5E0,-4.655110613052E0,7.E-1));
#13476=DIRECTION('',(0.E0,0.E0,1.E0));
#13477=DIRECTION('',(0.E0,1.E0,0.E0));
#13478=AXIS2_PLACEMENT_3D('',#13475,#13476,#13477);
#13479=PLANE('261396',#13478);
#13480=ORIENTED_EDGE('262441',*,*,#13258,.T.);
#13481=ORIENTED_EDGE('262463',*,*,#13470,.F.);
#13482=ORIENTED_EDGE('262456',*,*,#13357,.T.);
#13484=ORIENTED_EDGE('262462',*,*,#13483,.T.);
#13485=EDGE_LOOP('261396',(#13480,#13481,#13482,#13484));
#13486=FACE_OUTER_BOUND('261396',#13485,.F.);
#13487=ADVANCED_FACE('261396',(#13486),#13479,.T.);
#13488=CARTESIAN_POINT('',(-9.5E0,-3.794977613052E0,8.52578E-1));
#13489=DIRECTION('',(0.E0,-2.606055482898E-1,9.654453626180E-1));
#13490=DIRECTION('',(0.E0,9.654453626180E-1,2.606055482898E-1));
#13491=AXIS2_PLACEMENT_3D('',#13488,#13489,#13490);
#13492=PLANE('261395',#13491);
#13493=ORIENTED_EDGE('262440',*,*,#13260,.F.);
#13494=ORIENTED_EDGE('262462',*,*,#13483,.F.);
#13495=ORIENTED_EDGE('262457',*,*,#13355,.F.);
#13497=ORIENTED_EDGE('262461',*,*,#13496,.T.);
#13498=EDGE_LOOP('261395',(#13493,#13494,#13495,#13497));
#13499=FACE_OUTER_BOUND('261395',#13498,.F.);
#13500=ADVANCED_FACE('261395',(#13499),#13492,.T.);
#13501=CARTESIAN_POINT('',(-9.5E0,-2.790159113052E0,8.52578E-1));
#13502=DIRECTION('',(0.E0,3.279118890793E-1,9.447083110677E-1));
#13503=DIRECTION('',(0.E0,9.447083110677E-1,-3.279118890793E-1));
#13504=AXIS2_PLACEMENT_3D('',#13501,#13502,#13503);
#13505=PLANE('261394',#13504);
#13506=ORIENTED_EDGE('262439',*,*,#13262,.F.);
#13507=ORIENTED_EDGE('262461',*,*,#13496,.F.);
#13508=ORIENTED_EDGE('262458',*,*,#13353,.F.);
#13510=ORIENTED_EDGE('262459',*,*,#13509,.T.);
#13511=EDGE_LOOP('261394',(#13506,#13507,#13508,#13510));
#13512=FACE_OUTER_BOUND('261394',#13511,.F.);
#13513=ADVANCED_FACE('261394',(#13512),#13505,.T.);
#13514=CARTESIAN_POINT('',(-9.5E0,-1.975292306526E0,7.E-1));
#13515=DIRECTION('',(0.E0,0.E0,1.E0));
#13516=DIRECTION('',(0.E0,1.E0,0.E0));
#13517=AXIS2_PLACEMENT_3D('',#13514,#13515,#13516);
#13518=PLANE('261391',#13517);
#13519=ORIENTED_EDGE('262924',*,*,#13264,.T.);
#13520=ORIENTED_EDGE('262459',*,*,#13509,.F.);
#13521=ORIENTED_EDGE('262928',*,*,#13351,.T.);
#13522=ORIENTED_EDGE('263218',*,*,#7960,.F.);
#13523=EDGE_LOOP('261391',(#13519,#13520,#13521,#13522));
#13524=FACE_OUTER_BOUND('261391',#13523,.F.);
#13525=ADVANCED_FACE('261391',(#13524),#13518,.T.);
#13526=CARTESIAN_POINT('',(-9.5E0,-8.238085532088E-2,-1.521007189508E0));
#13527=DIRECTION('',(0.E0,-9.233055025502E-1,-3.840663340628E-1));
#13528=DIRECTION('',(0.E0,3.840663340628E-1,-9.233055025502E-1));
#13529=AXIS2_PLACEMENT_3D('',#13526,#13527,#13528);
#13530=PLANE('261387',#13529);
#13531=ORIENTED_EDGE('263228',*,*,#9171,.T.);
#13532=ORIENTED_EDGE('263231',*,*,#13280,.F.);
#13534=ORIENTED_EDGE('262448',*,*,#13533,.F.);
#13535=ORIENTED_EDGE('263233',*,*,#13376,.F.);
#13536=EDGE_LOOP('261387',(#13531,#13532,#13534,#13535));
#13537=FACE_OUTER_BOUND('261387',#13536,.F.);
#13538=ADVANCED_FACE('261387',(#13537),#13530,.F.);
#13539=CARTESIAN_POINT('',(-9.5E0,-6.181115239011E-1,-5.486247612927E-1));
#13540=DIRECTION('',(0.E0,-7.808198804470E-1,6.247562038898E-1));
#13541=DIRECTION('',(0.E0,6.247562038898E-1,7.808198804470E-1));
#13542=AXIS2_PLACEMENT_3D('',#13539,#13540,#13541);
#13543=PLANE('261388',#13542);
#13544=ORIENTED_EDGE('262437',*,*,#13278,.F.);
#13546=ORIENTED_EDGE('262449',*,*,#13545,.F.);
#13547=ORIENTED_EDGE('262450',*,*,#13378,.F.);
#13548=ORIENTED_EDGE('262448',*,*,#13533,.T.);
#13549=EDGE_LOOP('261388',(#13544,#13546,#13547,#13548));
#13550=FACE_OUTER_BOUND('261388',#13549,.F.);
#13551=ADVANCED_FACE('261388',(#13550),#13543,.T.);
#13552=CARTESIAN_POINT('',(-9.5E0,-2.530173178130E-1,-1.752161209975E0));
#13553=DIRECTION('',(0.E0,-9.245840358476E-1,-3.809781629644E-1));
#13554=DIRECTION('',(0.E0,-3.809781629644E-1,9.245840358476E-1));
#13555=AXIS2_PLACEMENT_3D('',#13552,#13553,#13554);
#13556=PLANE('261389',#13555);
#13557=ORIENTED_EDGE('263229',*,*,#9175,.T.);
#13558=ORIENTED_EDGE('263234',*,*,#13380,.F.);
#13559=ORIENTED_EDGE('262449',*,*,#13545,.T.);
#13560=ORIENTED_EDGE('263232',*,*,#13276,.F.);
#13561=EDGE_LOOP('261389',(#13557,#13558,#13559,#13560));
#13562=FACE_OUTER_BOUND('261389',#13561,.F.);
#13563=ADVANCED_FACE('261389',(#13562),#13556,.T.);
#13564=CARTESIAN_POINT('',(-7.275E0,-1.874999806526E0,-7.388527693850E-2));
#13565=DIRECTION('',(-1.E0,0.E0,0.E0));
#13566=DIRECTION('',(0.E0,0.E0,-1.E0));
#13567=AXIS2_PLACEMENT_3D('',#13564,#13565,#13566);
#13568=PLANE('261364',#13567);
#13570=ORIENTED_EDGE('262906',*,*,#13569,.F.);
#13571=ORIENTED_EDGE('263205',*,*,#8582,.F.);
#13573=ORIENTED_EDGE('262910',*,*,#13572,.F.);
#13575=ORIENTED_EDGE('262909',*,*,#13574,.F.);
#13576=ORIENTED_EDGE('263199',*,*,#8221,.T.);
#13578=ORIENTED_EDGE('262911',*,*,#13577,.F.);
#13580=ORIENTED_EDGE('262407',*,*,#13579,.F.);
#13581=EDGE_LOOP('261364',(#13570,#13571,#13573,#13575,#13576,#13578,#13580));
#13582=FACE_OUTER_BOUND('261364',#13581,.F.);
#13583=ADVANCED_FACE('261364',(#13582),#13568,.F.);
#13584=CARTESIAN_POINT('',(-7.275E0,-1.874999806526E0,-7.388527693850E-2));
#13585=DIRECTION('',(-1.E0,0.E0,0.E0));
#13586=DIRECTION('',(0.E0,0.E0,-1.E0));
#13587=AXIS2_PLACEMENT_3D('',#13584,#13585,#13586);
#13588=PLANE('261364',#13587);
#13590=ORIENTED_EDGE('262908',*,*,#13589,.F.);
#13592=ORIENTED_EDGE('262414',*,*,#13591,.T.);
#13594=ORIENTED_EDGE('262413',*,*,#13593,.T.);
#13596=ORIENTED_EDGE('262412',*,*,#13595,.F.);
#13598=ORIENTED_EDGE('262411',*,*,#13597,.F.);
#13600=ORIENTED_EDGE('262410',*,*,#13599,.F.);
#13602=ORIENTED_EDGE('262409',*,*,#13601,.T.);
#13604=ORIENTED_EDGE('262408',*,*,#13603,.T.);
#13606=ORIENTED_EDGE('262912',*,*,#13605,.F.);
#13607=ORIENTED_EDGE('263195',*,*,#7968,.F.);
#13608=EDGE_LOOP('261364',(#13590,#13592,#13594,#13596,#13598,#13600,#13602,
#13604,#13606,#13607));
#13609=FACE_OUTER_BOUND('261364',#13608,.F.);
#13610=ADVANCED_FACE('261364',(#13609),#13588,.F.);
#13611=CARTESIAN_POINT('',(-7.275E0,-1.874999806526E0,-7.388527693850E-2));
#13612=DIRECTION('',(-1.E0,0.E0,0.E0));
#13613=DIRECTION('',(0.E0,0.E0,-1.E0));
#13614=AXIS2_PLACEMENT_3D('',#13611,#13612,#13613);
#13615=PLANE('261364',#13614);
#13616=ORIENTED_EDGE('263207',*,*,#9179,.T.);
#13618=ORIENTED_EDGE('263212',*,*,#13617,.T.);
#13620=ORIENTED_EDGE('262406',*,*,#13619,.T.);
#13622=ORIENTED_EDGE('263211',*,*,#13621,.T.);
#13623=EDGE_LOOP('261364',(#13616,#13618,#13620,#13622));
#13624=FACE_OUTER_BOUND('261364',#13623,.F.);
#13625=ADVANCED_FACE('261364',(#13624),#13615,.F.);
#13626=CARTESIAN_POINT('',(-7.5E0,1.2E0,-7.388527693620E-2));
#13627=DIRECTION('',(0.E0,-1.E0,0.E0));
#13628=DIRECTION('',(0.E0,0.E0,-1.E0));
#13629=AXIS2_PLACEMENT_3D('',#13626,#13627,#13628);
#13630=PLANE('261363',#13629);
#13631=ORIENTED_EDGE('262906',*,*,#13569,.T.);
#13633=ORIENTED_EDGE('262405',*,*,#13632,.F.);
#13635=ORIENTED_EDGE('262907',*,*,#13634,.T.);
#13636=ORIENTED_EDGE('263204',*,*,#8584,.T.);
#13637=EDGE_LOOP('261363',(#13631,#13633,#13635,#13636));
#13638=FACE_OUTER_BOUND('261363',#13637,.F.);
#13639=ADVANCED_FACE('261363',(#13638),#13630,.F.);
#13640=CARTESIAN_POINT('',(-7.5E0,-2.E-1,2.7E0));
#13641=DIRECTION('',(0.E0,0.E0,1.E0));
#13642=DIRECTION('',(0.E0,1.E0,0.E0));
#13643=AXIS2_PLACEMENT_3D('',#13640,#13641,#13642);
#13644=PLANE('261374',#13643);
#13645=ORIENTED_EDGE('262407',*,*,#13579,.T.);
#13647=ORIENTED_EDGE('262429',*,*,#13646,.T.);
#13649=ORIENTED_EDGE('262420',*,*,#13648,.T.);
#13650=ORIENTED_EDGE('262405',*,*,#13632,.T.);
#13651=EDGE_LOOP('261374',(#13645,#13647,#13649,#13650));
#13652=FACE_OUTER_BOUND('261374',#13651,.F.);
#13653=ADVANCED_FACE('261374',(#13652),#13644,.T.);
#13654=CARTESIAN_POINT('',(-7.5E0,-1.6E0,1.7E0));
#13655=DIRECTION('',(0.E0,-1.E0,0.E0));
#13656=DIRECTION('',(0.E0,0.E0,1.E0));
#13657=AXIS2_PLACEMENT_3D('',#13654,#13655,#13656);
#13658=PLANE('261373',#13657);
#13659=ORIENTED_EDGE('262911',*,*,#13577,.T.);
#13660=ORIENTED_EDGE('263202',*,*,#8227,.T.);
#13662=ORIENTED_EDGE('262917',*,*,#13661,.T.);
#13663=ORIENTED_EDGE('262429',*,*,#13646,.F.);
#13664=EDGE_LOOP('261373',(#13659,#13660,#13662,#13663));
#13665=FACE_OUTER_BOUND('261373',#13664,.F.);
#13666=ADVANCED_FACE('261373',(#13665),#13658,.T.);
#13667=CARTESIAN_POINT('',(-7.725E0,-1.874999806526E0,-7.388527693595E-2));
#13668=DIRECTION('',(-1.E0,0.E0,0.E0));
#13669=DIRECTION('',(0.E0,0.E0,1.E0));
#13670=AXIS2_PLACEMENT_3D('',#13667,#13668,#13669);
#13671=PLANE('261371',#13670);
#13672=ORIENTED_EDGE('262907',*,*,#13634,.F.);
#13673=ORIENTED_EDGE('262420',*,*,#13648,.F.);
#13674=ORIENTED_EDGE('262917',*,*,#13661,.F.);
#13675=ORIENTED_EDGE('263201',*,*,#8225,.F.);
#13677=ORIENTED_EDGE('262914',*,*,#13676,.F.);
#13679=ORIENTED_EDGE('262915',*,*,#13678,.F.);
#13680=ORIENTED_EDGE('263206',*,*,#8586,.F.);
#13681=EDGE_LOOP('261371',(#13672,#13673,#13674,#13675,#13677,#13679,#13680));
#13682=FACE_OUTER_BOUND('261371',#13681,.F.);
#13683=ADVANCED_FACE('261371',(#13682),#13671,.T.);
#13684=CARTESIAN_POINT('',(-7.725E0,-1.874999806526E0,-7.388527693595E-2));
#13685=DIRECTION('',(-1.E0,0.E0,0.E0));
#13686=DIRECTION('',(0.E0,0.E0,1.E0));
#13687=AXIS2_PLACEMENT_3D('',#13684,#13685,#13686);
#13688=PLANE('261371',#13687);
#13690=ORIENTED_EDGE('262913',*,*,#13689,.F.);
#13691=ORIENTED_EDGE('263197',*,*,#7972,.T.);
#13693=ORIENTED_EDGE('262916',*,*,#13692,.F.);
#13695=ORIENTED_EDGE('262427',*,*,#13694,.T.);
#13697=ORIENTED_EDGE('262426',*,*,#13696,.T.);
#13699=ORIENTED_EDGE('262425',*,*,#13698,.F.);
#13701=ORIENTED_EDGE('262424',*,*,#13700,.F.);
#13703=ORIENTED_EDGE('262423',*,*,#13702,.F.);
#13705=ORIENTED_EDGE('262422',*,*,#13704,.T.);
#13707=ORIENTED_EDGE('262421',*,*,#13706,.T.);
#13708=EDGE_LOOP('261371',(#13690,#13691,#13693,#13695,#13697,#13699,#13701,
#13703,#13705,#13707));
#13709=FACE_OUTER_BOUND('261371',#13708,.F.);
#13710=ADVANCED_FACE('261371',(#13709),#13688,.T.);
#13711=CARTESIAN_POINT('',(-7.725E0,-1.874999806526E0,-7.388527693595E-2));
#13712=DIRECTION('',(-1.E0,0.E0,0.E0));
#13713=DIRECTION('',(0.E0,0.E0,1.E0));
#13714=AXIS2_PLACEMENT_3D('',#13711,#13712,#13713);
#13715=PLANE('261371',#13714);
#13716=ORIENTED_EDGE('263210',*,*,#9183,.F.);
#13718=ORIENTED_EDGE('263213',*,*,#13717,.T.);
#13720=ORIENTED_EDGE('262419',*,*,#13719,.T.);
#13722=ORIENTED_EDGE('263214',*,*,#13721,.T.);
#13723=EDGE_LOOP('261371',(#13716,#13718,#13720,#13722));
#13724=FACE_OUTER_BOUND('261371',#13723,.F.);
#13725=ADVANCED_FACE('261371',(#13724),#13715,.T.);
#13726=CARTESIAN_POINT('',(-7.5E0,-1.35E0,1.45E0));
#13727=DIRECTION('',(0.E0,-1.E0,0.E0));
#13728=DIRECTION('',(0.E0,0.E0,-1.E0));
#13729=AXIS2_PLACEMENT_3D('',#13726,#13727,#13728);
#13730=PLANE('261366',#13729);
#13731=ORIENTED_EDGE('262909',*,*,#13574,.T.);
#13733=ORIENTED_EDGE('262416',*,*,#13732,.F.);
#13734=ORIENTED_EDGE('262914',*,*,#13676,.T.);
#13735=ORIENTED_EDGE('263200',*,*,#8223,.T.);
#13736=EDGE_LOOP('261366',(#13731,#13733,#13734,#13735));
#13737=FACE_OUTER_BOUND('261366',#13736,.F.);
#13738=ADVANCED_FACE('261366',(#13737),#13730,.F.);
#13739=CARTESIAN_POINT('',(-7.5E0,-2.E-1,2.45E0));
#13740=DIRECTION('',(0.E0,0.E0,1.E0));
#13741=DIRECTION('',(0.E0,-1.E0,0.E0));
#13742=AXIS2_PLACEMENT_3D('',#13739,#13740,#13741);
#13743=PLANE('261367',#13742);
#13744=ORIENTED_EDGE('262910',*,*,#13572,.T.);
#13745=ORIENTED_EDGE('263203',*,*,#8378,.F.);
#13746=ORIENTED_EDGE('262915',*,*,#13678,.T.);
#13747=ORIENTED_EDGE('262416',*,*,#13732,.T.);
#13748=EDGE_LOOP('261367',(#13744,#13745,#13746,#13747));
#13749=FACE_OUTER_BOUND('261367',#13748,.F.);
#13750=ADVANCED_FACE('261367',(#13749),#13743,.F.);
#13751=CARTESIAN_POINT('',(-7.5E0,-1.871369306526E0,4.5E-1));
#13752=DIRECTION('',(0.E0,0.E0,1.E0));
#13753=DIRECTION('',(0.E0,-1.E0,0.E0));
#13754=AXIS2_PLACEMENT_3D('',#13751,#13752,#13753);
#13755=PLANE('261365',#13754);
#13756=ORIENTED_EDGE('262908',*,*,#13589,.T.);
#13757=ORIENTED_EDGE('263196',*,*,#7974,.F.);
#13758=ORIENTED_EDGE('262913',*,*,#13689,.T.);
#13760=ORIENTED_EDGE('262415',*,*,#13759,.F.);
#13761=EDGE_LOOP('261365',(#13756,#13757,#13758,#13760));
#13762=FACE_OUTER_BOUND('261365',#13761,.F.);
#13763=ADVANCED_FACE('261365',(#13762),#13755,.F.);
#13764=CARTESIAN_POINT('',(-7.5E0,-2.815841613052E0,5.96861E-1));
#13765=DIRECTION('',(0.E0,3.279125287755E-1,9.447080890265E-1));
#13766=DIRECTION('',(0.E0,-9.447080890265E-1,3.279125287755E-1));
#13767=AXIS2_PLACEMENT_3D('',#13764,#13765,#13766);
#13768=PLANE('261381',#13767);
#13769=ORIENTED_EDGE('262414',*,*,#13591,.F.);
#13770=ORIENTED_EDGE('262415',*,*,#13759,.T.);
#13771=ORIENTED_EDGE('262421',*,*,#13706,.F.);
#13773=ORIENTED_EDGE('262435',*,*,#13772,.T.);
#13774=EDGE_LOOP('261381',(#13769,#13770,#13771,#13773));
#13775=FACE_OUTER_BOUND('261381',#13774,.F.);
#13776=ADVANCED_FACE('261381',(#13775),#13768,.F.);
#13777=CARTESIAN_POINT('',(-7.5E0,-3.783008613052E0,5.968609999999E-1));
#13778=DIRECTION('',(0.E0,-2.606058470267E-1,9.654452819790E-1));
#13779=DIRECTION('',(0.E0,-9.654452819790E-1,-2.606058470267E-1));
#13780=AXIS2_PLACEMENT_3D('',#13777,#13778,#13779);
#13781=PLANE('261380',#13780);
#13782=ORIENTED_EDGE('262413',*,*,#13593,.F.);
#13783=ORIENTED_EDGE('262435',*,*,#13772,.F.);
#13784=ORIENTED_EDGE('262422',*,*,#13704,.F.);
#13786=ORIENTED_EDGE('262434',*,*,#13785,.T.);
#13787=EDGE_LOOP('261380',(#13782,#13783,#13784,#13786));
#13788=FACE_OUTER_BOUND('261380',#13787,.F.);
#13789=ADVANCED_FACE('261380',(#13788),#13781,.F.);
#13790=CARTESIAN_POINT('',(-7.5E0,-4.638536113052E0,4.5E-1));
#13791=DIRECTION('',(0.E0,0.E0,1.E0));
#13792=DIRECTION('',(0.E0,-1.E0,0.E0));
#13793=AXIS2_PLACEMENT_3D('',#13790,#13791,#13792);
#13794=PLANE('261379',#13793);
#13795=ORIENTED_EDGE('262412',*,*,#13595,.T.);
#13796=ORIENTED_EDGE('262434',*,*,#13785,.F.);
#13797=ORIENTED_EDGE('262423',*,*,#13702,.T.);
#13799=ORIENTED_EDGE('262433',*,*,#13798,.T.);
#13800=EDGE_LOOP('261379',(#13795,#13796,#13797,#13799));
#13801=FACE_OUTER_BOUND('261379',#13800,.F.);
#13802=ADVANCED_FACE('261379',(#13801),#13794,.F.);
#13803=CARTESIAN_POINT('',(-7.5E0,-4.949999613052E0,5.75E-1));
#13804=DIRECTION('',(0.E0,-1.E0,0.E0));
#13805=DIRECTION('',(0.E0,0.E0,1.E0));
#13806=AXIS2_PLACEMENT_3D('',#13803,#13804,#13805);
#13807=PLANE('261378',#13806);
#13808=ORIENTED_EDGE('262411',*,*,#13597,.T.);
#13809=ORIENTED_EDGE('262433',*,*,#13798,.F.);
#13810=ORIENTED_EDGE('262424',*,*,#13700,.T.);
#13812=ORIENTED_EDGE('262432',*,*,#13811,.T.);
#13813=EDGE_LOOP('261378',(#13808,#13809,#13810,#13812));
#13814=FACE_OUTER_BOUND('261378',#13813,.F.);
#13815=ADVANCED_FACE('261378',(#13814),#13807,.T.);
#13816=CARTESIAN_POINT('',(-7.5E0,-4.655110613052E0,7.E-1));
#13817=DIRECTION('',(0.E0,0.E0,1.E0));
#13818=DIRECTION('',(0.E0,1.E0,0.E0));
#13819=AXIS2_PLACEMENT_3D('',#13816,#13817,#13818);
#13820=PLANE('261377',#13819);
#13821=ORIENTED_EDGE('262410',*,*,#13599,.T.);
#13822=ORIENTED_EDGE('262432',*,*,#13811,.F.);
#13823=ORIENTED_EDGE('262425',*,*,#13698,.T.);
#13825=ORIENTED_EDGE('262431',*,*,#13824,.T.);
#13826=EDGE_LOOP('261377',(#13821,#13822,#13823,#13825));
#13827=FACE_OUTER_BOUND('261377',#13826,.F.);
#13828=ADVANCED_FACE('261377',(#13827),#13820,.T.);
#13829=CARTESIAN_POINT('',(-7.5E0,-3.794977613052E0,8.52578E-1));
#13830=DIRECTION('',(0.E0,-2.606055482898E-1,9.654453626180E-1));
#13831=DIRECTION('',(0.E0,9.654453626180E-1,2.606055482898E-1));
#13832=AXIS2_PLACEMENT_3D('',#13829,#13830,#13831);
#13833=PLANE('261376',#13832);
#13834=ORIENTED_EDGE('262409',*,*,#13601,.F.);
#13835=ORIENTED_EDGE('262431',*,*,#13824,.F.);
#13836=ORIENTED_EDGE('262426',*,*,#13696,.F.);
#13838=ORIENTED_EDGE('262430',*,*,#13837,.T.);
#13839=EDGE_LOOP('261376',(#13834,#13835,#13836,#13838));
#13840=FACE_OUTER_BOUND('261376',#13839,.F.);
#13841=ADVANCED_FACE('261376',(#13840),#13833,.T.);
#13842=CARTESIAN_POINT('',(-7.5E0,-2.790159113052E0,8.52578E-1));
#13843=DIRECTION('',(0.E0,3.279118890793E-1,9.447083110677E-1));
#13844=DIRECTION('',(0.E0,9.447083110677E-1,-3.279118890793E-1));
#13845=AXIS2_PLACEMENT_3D('',#13842,#13843,#13844);
#13846=PLANE('261375',#13845);
#13847=ORIENTED_EDGE('262408',*,*,#13603,.F.);
#13848=ORIENTED_EDGE('262430',*,*,#13837,.F.);
#13849=ORIENTED_EDGE('262427',*,*,#13694,.F.);
#13851=ORIENTED_EDGE('262428',*,*,#13850,.T.);
#13852=EDGE_LOOP('261375',(#13847,#13848,#13849,#13851));
#13853=FACE_OUTER_BOUND('261375',#13852,.F.);
#13854=ADVANCED_FACE('261375',(#13853),#13846,.T.);
#13855=CARTESIAN_POINT('',(-7.5E0,-1.975292306526E0,7.E-1));
#13856=DIRECTION('',(0.E0,0.E0,1.E0));
#13857=DIRECTION('',(0.E0,1.E0,0.E0));
#13858=AXIS2_PLACEMENT_3D('',#13855,#13856,#13857);
#13859=PLANE('261372',#13858);
#13860=ORIENTED_EDGE('262912',*,*,#13605,.T.);
#13861=ORIENTED_EDGE('262428',*,*,#13850,.F.);
#13862=ORIENTED_EDGE('262916',*,*,#13692,.T.);
#13863=ORIENTED_EDGE('263198',*,*,#7970,.F.);
#13864=EDGE_LOOP('261372',(#13860,#13861,#13862,#13863));
#13865=FACE_OUTER_BOUND('261372',#13864,.F.);
#13866=ADVANCED_FACE('261372',(#13865),#13859,.T.);
#13867=CARTESIAN_POINT('',(-7.5E0,-8.238085532088E-2,-1.521007189508E0));
#13868=DIRECTION('',(0.E0,-9.233055025502E-1,-3.840663340628E-1));
#13869=DIRECTION('',(0.E0,3.840663340628E-1,-9.233055025502E-1));
#13870=AXIS2_PLACEMENT_3D('',#13867,#13868,#13869);
#13871=PLANE('261368',#13870);
#13872=ORIENTED_EDGE('263208',*,*,#9181,.T.);
#13873=ORIENTED_EDGE('263211',*,*,#13621,.F.);
#13875=ORIENTED_EDGE('262417',*,*,#13874,.F.);
#13876=ORIENTED_EDGE('263213',*,*,#13717,.F.);
#13877=EDGE_LOOP('261368',(#13872,#13873,#13875,#13876));
#13878=FACE_OUTER_BOUND('261368',#13877,.F.);
#13879=ADVANCED_FACE('261368',(#13878),#13871,.F.);
#13880=CARTESIAN_POINT('',(-7.5E0,-6.181115239011E-1,-5.486247612927E-1));
#13881=DIRECTION('',(0.E0,-7.808198804470E-1,6.247562038898E-1));
#13882=DIRECTION('',(0.E0,6.247562038898E-1,7.808198804470E-1));
#13883=AXIS2_PLACEMENT_3D('',#13880,#13881,#13882);
#13884=PLANE('261369',#13883);
#13885=ORIENTED_EDGE('262406',*,*,#13619,.F.);
#13887=ORIENTED_EDGE('262418',*,*,#13886,.F.);
#13888=ORIENTED_EDGE('262419',*,*,#13719,.F.);
#13889=ORIENTED_EDGE('262417',*,*,#13874,.T.);
#13890=EDGE_LOOP('261369',(#13885,#13887,#13888,#13889));
#13891=FACE_OUTER_BOUND('261369',#13890,.F.);
#13892=ADVANCED_FACE('261369',(#13891),#13884,.T.);
#13893=CARTESIAN_POINT('',(-7.5E0,-2.530173178130E-1,-1.752161209975E0));
#13894=DIRECTION('',(0.E0,-9.245840358476E-1,-3.809781629644E-1));
#13895=DIRECTION('',(0.E0,-3.809781629644E-1,9.245840358476E-1));
#13896=AXIS2_PLACEMENT_3D('',#13893,#13894,#13895);
#13897=PLANE('261370',#13896);
#13898=ORIENTED_EDGE('263209',*,*,#9185,.T.);
#13899=ORIENTED_EDGE('263214',*,*,#13721,.F.);
#13900=ORIENTED_EDGE('262418',*,*,#13886,.T.);
#13901=ORIENTED_EDGE('263212',*,*,#13617,.F.);
#13902=EDGE_LOOP('261370',(#13898,#13899,#13900,#13901));
#13903=FACE_OUTER_BOUND('261370',#13902,.F.);
#13904=ADVANCED_FACE('261370',(#13903),#13897,.T.);
#13905=CARTESIAN_POINT('',(-5.275E0,-1.874999806526E0,-7.388527693850E-2));
#13906=DIRECTION('',(-1.E0,0.E0,0.E0));
#13907=DIRECTION('',(0.E0,0.E0,-1.E0));
#13908=AXIS2_PLACEMENT_3D('',#13905,#13906,#13907);
#13909=PLANE('261345',#13908);
#13911=ORIENTED_EDGE('262894',*,*,#13910,.F.);
#13912=ORIENTED_EDGE('263185',*,*,#8568,.F.);
#13914=ORIENTED_EDGE('262898',*,*,#13913,.F.);
#13916=ORIENTED_EDGE('262897',*,*,#13915,.F.);
#13917=ORIENTED_EDGE('263179',*,*,#8231,.T.);
#13919=ORIENTED_EDGE('262899',*,*,#13918,.F.);
#13921=ORIENTED_EDGE('262376',*,*,#13920,.F.);
#13922=EDGE_LOOP('261345',(#13911,#13912,#13914,#13916,#13917,#13919,#13921));
#13923=FACE_OUTER_BOUND('261345',#13922,.F.);
#13924=ADVANCED_FACE('261345',(#13923),#13909,.F.);
#13925=CARTESIAN_POINT('',(-5.275E0,-1.874999806526E0,-7.388527693850E-2));
#13926=DIRECTION('',(-1.E0,0.E0,0.E0));
#13927=DIRECTION('',(0.E0,0.E0,-1.E0));
#13928=AXIS2_PLACEMENT_3D('',#13925,#13926,#13927);
#13929=PLANE('261345',#13928);
#13931=ORIENTED_EDGE('262896',*,*,#13930,.F.);
#13933=ORIENTED_EDGE('262383',*,*,#13932,.T.);
#13935=ORIENTED_EDGE('262382',*,*,#13934,.T.);
#13937=ORIENTED_EDGE('262381',*,*,#13936,.F.);
#13939=ORIENTED_EDGE('262380',*,*,#13938,.F.);
#13941=ORIENTED_EDGE('262379',*,*,#13940,.F.);
#13943=ORIENTED_EDGE('262378',*,*,#13942,.T.);
#13945=ORIENTED_EDGE('262377',*,*,#13944,.T.);
#13947=ORIENTED_EDGE('262900',*,*,#13946,.F.);
#13948=ORIENTED_EDGE('263175',*,*,#7978,.F.);
#13949=EDGE_LOOP('261345',(#13931,#13933,#13935,#13937,#13939,#13941,#13943,
#13945,#13947,#13948));
#13950=FACE_OUTER_BOUND('261345',#13949,.F.);
#13951=ADVANCED_FACE('261345',(#13950),#13929,.F.);
#13952=CARTESIAN_POINT('',(-5.275E0,-1.874999806526E0,-7.388527693850E-2));
#13953=DIRECTION('',(-1.E0,0.E0,0.E0));
#13954=DIRECTION('',(0.E0,0.E0,-1.E0));
#13955=AXIS2_PLACEMENT_3D('',#13952,#13953,#13954);
#13956=PLANE('261345',#13955);
#13957=ORIENTED_EDGE('263187',*,*,#9189,.T.);
#13959=ORIENTED_EDGE('263192',*,*,#13958,.T.);
#13961=ORIENTED_EDGE('262375',*,*,#13960,.T.);
#13963=ORIENTED_EDGE('263191',*,*,#13962,.T.);
#13964=EDGE_LOOP('261345',(#13957,#13959,#13961,#13963));
#13965=FACE_OUTER_BOUND('261345',#13964,.F.);
#13966=ADVANCED_FACE('261345',(#13965),#13956,.F.);
#13967=CARTESIAN_POINT('',(-5.5E0,1.2E0,-7.388527693620E-2));
#13968=DIRECTION('',(0.E0,-1.E0,0.E0));
#13969=DIRECTION('',(0.E0,0.E0,-1.E0));
#13970=AXIS2_PLACEMENT_3D('',#13967,#13968,#13969);
#13971=PLANE('261344',#13970);
#13972=ORIENTED_EDGE('262894',*,*,#13910,.T.);
#13974=ORIENTED_EDGE('262374',*,*,#13973,.F.);
#13976=ORIENTED_EDGE('262895',*,*,#13975,.T.);
#13977=ORIENTED_EDGE('263184',*,*,#8570,.T.);
#13978=EDGE_LOOP('261344',(#13972,#13974,#13976,#13977));
#13979=FACE_OUTER_BOUND('261344',#13978,.F.);
#13980=ADVANCED_FACE('261344',(#13979),#13971,.F.);
#13981=CARTESIAN_POINT('',(-5.5E0,-2.E-1,2.7E0));
#13982=DIRECTION('',(0.E0,0.E0,1.E0));
#13983=DIRECTION('',(0.E0,1.E0,0.E0));
#13984=AXIS2_PLACEMENT_3D('',#13981,#13982,#13983);
#13985=PLANE('261355',#13984);
#13986=ORIENTED_EDGE('262376',*,*,#13920,.T.);
#13988=ORIENTED_EDGE('262398',*,*,#13987,.T.);
#13990=ORIENTED_EDGE('262389',*,*,#13989,.T.);
#13991=ORIENTED_EDGE('262374',*,*,#13973,.T.);
#13992=EDGE_LOOP('261355',(#13986,#13988,#13990,#13991));
#13993=FACE_OUTER_BOUND('261355',#13992,.F.);
#13994=ADVANCED_FACE('261355',(#13993),#13985,.T.);
#13995=CARTESIAN_POINT('',(-5.5E0,-1.6E0,1.7E0));
#13996=DIRECTION('',(0.E0,-1.E0,0.E0));
#13997=DIRECTION('',(0.E0,0.E0,1.E0));
#13998=AXIS2_PLACEMENT_3D('',#13995,#13996,#13997);
#13999=PLANE('261354',#13998);
#14000=ORIENTED_EDGE('262899',*,*,#13918,.T.);
#14001=ORIENTED_EDGE('263182',*,*,#8237,.T.);
#14003=ORIENTED_EDGE('262905',*,*,#14002,.T.);
#14004=ORIENTED_EDGE('262398',*,*,#13987,.F.);
#14005=EDGE_LOOP('261354',(#14000,#14001,#14003,#14004));
#14006=FACE_OUTER_BOUND('261354',#14005,.F.);
#14007=ADVANCED_FACE('261354',(#14006),#13999,.T.);
#14008=CARTESIAN_POINT('',(-5.725E0,-1.874999806526E0,-7.388527693595E-2));
#14009=DIRECTION('',(-1.E0,0.E0,0.E0));
#14010=DIRECTION('',(0.E0,0.E0,1.E0));
#14011=AXIS2_PLACEMENT_3D('',#14008,#14009,#14010);
#14012=PLANE('261352',#14011);
#14013=ORIENTED_EDGE('262895',*,*,#13975,.F.);
#14014=ORIENTED_EDGE('262389',*,*,#13989,.F.);
#14015=ORIENTED_EDGE('262905',*,*,#14002,.F.);
#14016=ORIENTED_EDGE('263181',*,*,#8235,.F.);
#14018=ORIENTED_EDGE('262902',*,*,#14017,.F.);
#14020=ORIENTED_EDGE('262903',*,*,#14019,.F.);
#14021=ORIENTED_EDGE('263186',*,*,#8572,.F.);
#14022=EDGE_LOOP('261352',(#14013,#14014,#14015,#14016,#14018,#14020,#14021));
#14023=FACE_OUTER_BOUND('261352',#14022,.F.);
#14024=ADVANCED_FACE('261352',(#14023),#14012,.T.);
#14025=CARTESIAN_POINT('',(-5.725E0,-1.874999806526E0,-7.388527693595E-2));
#14026=DIRECTION('',(-1.E0,0.E0,0.E0));
#14027=DIRECTION('',(0.E0,0.E0,1.E0));
#14028=AXIS2_PLACEMENT_3D('',#14025,#14026,#14027);
#14029=PLANE('261352',#14028);
#14031=ORIENTED_EDGE('262901',*,*,#14030,.F.);
#14032=ORIENTED_EDGE('263177',*,*,#7982,.T.);
#14034=ORIENTED_EDGE('262904',*,*,#14033,.F.);
#14036=ORIENTED_EDGE('262396',*,*,#14035,.T.);
#14038=ORIENTED_EDGE('262395',*,*,#14037,.T.);
#14040=ORIENTED_EDGE('262394',*,*,#14039,.F.);
#14042=ORIENTED_EDGE('262393',*,*,#14041,.F.);
#14044=ORIENTED_EDGE('262392',*,*,#14043,.F.);
#14046=ORIENTED_EDGE('262391',*,*,#14045,.T.);
#14048=ORIENTED_EDGE('262390',*,*,#14047,.T.);
#14049=EDGE_LOOP('261352',(#14031,#14032,#14034,#14036,#14038,#14040,#14042,
#14044,#14046,#14048));
#14050=FACE_OUTER_BOUND('261352',#14049,.F.);
#14051=ADVANCED_FACE('261352',(#14050),#14029,.T.);
#14052=CARTESIAN_POINT('',(-5.725E0,-1.874999806526E0,-7.388527693595E-2));
#14053=DIRECTION('',(-1.E0,0.E0,0.E0));
#14054=DIRECTION('',(0.E0,0.E0,1.E0));
#14055=AXIS2_PLACEMENT_3D('',#14052,#14053,#14054);
#14056=PLANE('261352',#14055);
#14057=ORIENTED_EDGE('263190',*,*,#9193,.F.);
#14059=ORIENTED_EDGE('263193',*,*,#14058,.T.);
#14061=ORIENTED_EDGE('262388',*,*,#14060,.T.);
#14063=ORIENTED_EDGE('263194',*,*,#14062,.T.);
#14064=EDGE_LOOP('261352',(#14057,#14059,#14061,#14063));
#14065=FACE_OUTER_BOUND('261352',#14064,.F.);
#14066=ADVANCED_FACE('261352',(#14065),#14056,.T.);
#14067=CARTESIAN_POINT('',(-5.5E0,-1.35E0,1.45E0));
#14068=DIRECTION('',(0.E0,-1.E0,0.E0));
#14069=DIRECTION('',(0.E0,0.E0,-1.E0));
#14070=AXIS2_PLACEMENT_3D('',#14067,#14068,#14069);
#14071=PLANE('261347',#14070);
#14072=ORIENTED_EDGE('262897',*,*,#13915,.T.);
#14074=ORIENTED_EDGE('262385',*,*,#14073,.F.);
#14075=ORIENTED_EDGE('262902',*,*,#14017,.T.);
#14076=ORIENTED_EDGE('263180',*,*,#8233,.T.);
#14077=EDGE_LOOP('261347',(#14072,#14074,#14075,#14076));
#14078=FACE_OUTER_BOUND('261347',#14077,.F.);
#14079=ADVANCED_FACE('261347',(#14078),#14071,.F.);
#14080=CARTESIAN_POINT('',(-5.5E0,-2.E-1,2.45E0));
#14081=DIRECTION('',(0.E0,0.E0,1.E0));
#14082=DIRECTION('',(0.E0,-1.E0,0.E0));
#14083=AXIS2_PLACEMENT_3D('',#14080,#14081,#14082);
#14084=PLANE('261348',#14083);
#14085=ORIENTED_EDGE('262898',*,*,#13913,.T.);
#14086=ORIENTED_EDGE('263183',*,*,#8386,.F.);
#14087=ORIENTED_EDGE('262903',*,*,#14019,.T.);
#14088=ORIENTED_EDGE('262385',*,*,#14073,.T.);
#14089=EDGE_LOOP('261348',(#14085,#14086,#14087,#14088));
#14090=FACE_OUTER_BOUND('261348',#14089,.F.);
#14091=ADVANCED_FACE('261348',(#14090),#14084,.F.);
#14092=CARTESIAN_POINT('',(-5.5E0,-1.871369306526E0,4.5E-1));
#14093=DIRECTION('',(0.E0,0.E0,1.E0));
#14094=DIRECTION('',(0.E0,-1.E0,0.E0));
#14095=AXIS2_PLACEMENT_3D('',#14092,#14093,#14094);
#14096=PLANE('261346',#14095);
#14097=ORIENTED_EDGE('262896',*,*,#13930,.T.);
#14098=ORIENTED_EDGE('263176',*,*,#7984,.F.);
#14099=ORIENTED_EDGE('262901',*,*,#14030,.T.);
#14101=ORIENTED_EDGE('262384',*,*,#14100,.F.);
#14102=EDGE_LOOP('261346',(#14097,#14098,#14099,#14101));
#14103=FACE_OUTER_BOUND('261346',#14102,.F.);
#14104=ADVANCED_FACE('261346',(#14103),#14096,.F.);
#14105=CARTESIAN_POINT('',(-5.5E0,-2.815841613052E0,5.96861E-1));
#14106=DIRECTION('',(0.E0,3.279125287755E-1,9.447080890265E-1));
#14107=DIRECTION('',(0.E0,-9.447080890265E-1,3.279125287755E-1));
#14108=AXIS2_PLACEMENT_3D('',#14105,#14106,#14107);
#14109=PLANE('261362',#14108);
#14110=ORIENTED_EDGE('262383',*,*,#13932,.F.);
#14111=ORIENTED_EDGE('262384',*,*,#14100,.T.);
#14112=ORIENTED_EDGE('262390',*,*,#14047,.F.);
#14114=ORIENTED_EDGE('262404',*,*,#14113,.T.);
#14115=EDGE_LOOP('261362',(#14110,#14111,#14112,#14114));
#14116=FACE_OUTER_BOUND('261362',#14115,.F.);
#14117=ADVANCED_FACE('261362',(#14116),#14109,.F.);
#14118=CARTESIAN_POINT('',(-5.5E0,-3.783008613052E0,5.968609999999E-1));
#14119=DIRECTION('',(0.E0,-2.606058470267E-1,9.654452819790E-1));
#14120=DIRECTION('',(0.E0,-9.654452819790E-1,-2.606058470267E-1));
#14121=AXIS2_PLACEMENT_3D('',#14118,#14119,#14120);
#14122=PLANE('261361',#14121);
#14123=ORIENTED_EDGE('262382',*,*,#13934,.F.);
#14124=ORIENTED_EDGE('262404',*,*,#14113,.F.);
#14125=ORIENTED_EDGE('262391',*,*,#14045,.F.);
#14127=ORIENTED_EDGE('262403',*,*,#14126,.T.);
#14128=EDGE_LOOP('261361',(#14123,#14124,#14125,#14127));
#14129=FACE_OUTER_BOUND('261361',#14128,.F.);
#14130=ADVANCED_FACE('261361',(#14129),#14122,.F.);
#14131=CARTESIAN_POINT('',(-5.5E0,-4.638536113052E0,4.5E-1));
#14132=DIRECTION('',(0.E0,0.E0,1.E0));
#14133=DIRECTION('',(0.E0,-1.E0,0.E0));
#14134=AXIS2_PLACEMENT_3D('',#14131,#14132,#14133);
#14135=PLANE('261360',#14134);
#14136=ORIENTED_EDGE('262381',*,*,#13936,.T.);
#14137=ORIENTED_EDGE('262403',*,*,#14126,.F.);
#14138=ORIENTED_EDGE('262392',*,*,#14043,.T.);
#14140=ORIENTED_EDGE('262402',*,*,#14139,.T.);
#14141=EDGE_LOOP('261360',(#14136,#14137,#14138,#14140));
#14142=FACE_OUTER_BOUND('261360',#14141,.F.);
#14143=ADVANCED_FACE('261360',(#14142),#14135,.F.);
#14144=CARTESIAN_POINT('',(-5.5E0,-4.949999613052E0,5.75E-1));
#14145=DIRECTION('',(0.E0,-1.E0,0.E0));
#14146=DIRECTION('',(0.E0,0.E0,1.E0));
#14147=AXIS2_PLACEMENT_3D('',#14144,#14145,#14146);
#14148=PLANE('261359',#14147);
#14149=ORIENTED_EDGE('262380',*,*,#13938,.T.);
#14150=ORIENTED_EDGE('262402',*,*,#14139,.F.);
#14151=ORIENTED_EDGE('262393',*,*,#14041,.T.);
#14153=ORIENTED_EDGE('262401',*,*,#14152,.T.);
#14154=EDGE_LOOP('261359',(#14149,#14150,#14151,#14153));
#14155=FACE_OUTER_BOUND('261359',#14154,.F.);
#14156=ADVANCED_FACE('261359',(#14155),#14148,.T.);
#14157=CARTESIAN_POINT('',(-5.5E0,-4.655110613052E0,7.E-1));
#14158=DIRECTION('',(0.E0,0.E0,1.E0));
#14159=DIRECTION('',(0.E0,1.E0,0.E0));
#14160=AXIS2_PLACEMENT_3D('',#14157,#14158,#14159);
#14161=PLANE('261358',#14160);
#14162=ORIENTED_EDGE('262379',*,*,#13940,.T.);
#14163=ORIENTED_EDGE('262401',*,*,#14152,.F.);
#14164=ORIENTED_EDGE('262394',*,*,#14039,.T.);
#14166=ORIENTED_EDGE('262400',*,*,#14165,.T.);
#14167=EDGE_LOOP('261358',(#14162,#14163,#14164,#14166));
#14168=FACE_OUTER_BOUND('261358',#14167,.F.);
#14169=ADVANCED_FACE('261358',(#14168),#14161,.T.);
#14170=CARTESIAN_POINT('',(-5.5E0,-3.794977613052E0,8.52578E-1));
#14171=DIRECTION('',(0.E0,-2.606055482898E-1,9.654453626180E-1));
#14172=DIRECTION('',(0.E0,9.654453626180E-1,2.606055482898E-1));
#14173=AXIS2_PLACEMENT_3D('',#14170,#14171,#14172);
#14174=PLANE('261357',#14173);
#14175=ORIENTED_EDGE('262378',*,*,#13942,.F.);
#14176=ORIENTED_EDGE('262400',*,*,#14165,.F.);
#14177=ORIENTED_EDGE('262395',*,*,#14037,.F.);
#14179=ORIENTED_EDGE('262399',*,*,#14178,.T.);
#14180=EDGE_LOOP('261357',(#14175,#14176,#14177,#14179));
#14181=FACE_OUTER_BOUND('261357',#14180,.F.);
#14182=ADVANCED_FACE('261357',(#14181),#14174,.T.);
#14183=CARTESIAN_POINT('',(-5.5E0,-2.790159113052E0,8.52578E-1));
#14184=DIRECTION('',(0.E0,3.279118890793E-1,9.447083110677E-1));
#14185=DIRECTION('',(0.E0,9.447083110677E-1,-3.279118890793E-1));
#14186=AXIS2_PLACEMENT_3D('',#14183,#14184,#14185);
#14187=PLANE('261356',#14186);
#14188=ORIENTED_EDGE('262377',*,*,#13944,.F.);
#14189=ORIENTED_EDGE('262399',*,*,#14178,.F.);
#14190=ORIENTED_EDGE('262396',*,*,#14035,.F.);
#14192=ORIENTED_EDGE('262397',*,*,#14191,.T.);
#14193=EDGE_LOOP('261356',(#14188,#14189,#14190,#14192));
#14194=FACE_OUTER_BOUND('261356',#14193,.F.);
#14195=ADVANCED_FACE('261356',(#14194),#14187,.T.);
#14196=CARTESIAN_POINT('',(-5.5E0,-1.975292306526E0,7.E-1));
#14197=DIRECTION('',(0.E0,0.E0,1.E0));
#14198=DIRECTION('',(0.E0,1.E0,0.E0));
#14199=AXIS2_PLACEMENT_3D('',#14196,#14197,#14198);
#14200=PLANE('261353',#14199);
#14201=ORIENTED_EDGE('262900',*,*,#13946,.T.);
#14202=ORIENTED_EDGE('262397',*,*,#14191,.F.);
#14203=ORIENTED_EDGE('262904',*,*,#14033,.T.);
#14204=ORIENTED_EDGE('263178',*,*,#7980,.F.);
#14205=EDGE_LOOP('261353',(#14201,#14202,#14203,#14204));
#14206=FACE_OUTER_BOUND('261353',#14205,.F.);
#14207=ADVANCED_FACE('261353',(#14206),#14200,.T.);
#14208=CARTESIAN_POINT('',(-5.5E0,-8.238085532088E-2,-1.521007189508E0));
#14209=DIRECTION('',(0.E0,-9.233055025502E-1,-3.840663340628E-1));
#14210=DIRECTION('',(0.E0,3.840663340628E-1,-9.233055025502E-1));
#14211=AXIS2_PLACEMENT_3D('',#14208,#14209,#14210);
#14212=PLANE('261349',#14211);
#14213=ORIENTED_EDGE('263188',*,*,#9191,.T.);
#14214=ORIENTED_EDGE('263191',*,*,#13962,.F.);
#14216=ORIENTED_EDGE('262386',*,*,#14215,.F.);
#14217=ORIENTED_EDGE('263193',*,*,#14058,.F.);
#14218=EDGE_LOOP('261349',(#14213,#14214,#14216,#14217));
#14219=FACE_OUTER_BOUND('261349',#14218,.F.);
#14220=ADVANCED_FACE('261349',(#14219),#14212,.F.);
#14221=CARTESIAN_POINT('',(-5.5E0,-6.181115239011E-1,-5.486247612927E-1));
#14222=DIRECTION('',(0.E0,-7.808198804470E-1,6.247562038898E-1));
#14223=DIRECTION('',(0.E0,6.247562038898E-1,7.808198804470E-1));
#14224=AXIS2_PLACEMENT_3D('',#14221,#14222,#14223);
#14225=PLANE('261350',#14224);
#14226=ORIENTED_EDGE('262375',*,*,#13960,.F.);
#14228=ORIENTED_EDGE('262387',*,*,#14227,.F.);
#14229=ORIENTED_EDGE('262388',*,*,#14060,.F.);
#14230=ORIENTED_EDGE('262386',*,*,#14215,.T.);
#14231=EDGE_LOOP('261350',(#14226,#14228,#14229,#14230));
#14232=FACE_OUTER_BOUND('261350',#14231,.F.);
#14233=ADVANCED_FACE('261350',(#14232),#14225,.T.);
#14234=CARTESIAN_POINT('',(-5.5E0,-2.530173178130E-1,-1.752161209975E0));
#14235=DIRECTION('',(0.E0,-9.245840358476E-1,-3.809781629644E-1));
#14236=DIRECTION('',(0.E0,-3.809781629644E-1,9.245840358476E-1));
#14237=AXIS2_PLACEMENT_3D('',#14234,#14235,#14236);
#14238=PLANE('261351',#14237);
#14239=ORIENTED_EDGE('263189',*,*,#9195,.T.);
#14240=ORIENTED_EDGE('263194',*,*,#14062,.F.);
#14241=ORIENTED_EDGE('262387',*,*,#14227,.T.);
#14242=ORIENTED_EDGE('263192',*,*,#13958,.F.);
#14243=EDGE_LOOP('261351',(#14239,#14240,#14241,#14242));
#14244=FACE_OUTER_BOUND('261351',#14243,.F.);
#14245=ADVANCED_FACE('261351',(#14244),#14238,.T.);
#14246=CARTESIAN_POINT('',(-3.275E0,-1.874999806526E0,-7.388527693850E-2));
#14247=DIRECTION('',(-1.E0,0.E0,0.E0));
#14248=DIRECTION('',(0.E0,0.E0,-1.E0));
#14249=AXIS2_PLACEMENT_3D('',#14246,#14247,#14248);
#14250=PLANE('261326',#14249);
#14252=ORIENTED_EDGE('262882',*,*,#14251,.F.);
#14253=ORIENTED_EDGE('263165',*,*,#8554,.F.);
#14255=ORIENTED_EDGE('262886',*,*,#14254,.F.);
#14257=ORIENTED_EDGE('262885',*,*,#14256,.F.);
#14258=ORIENTED_EDGE('263159',*,*,#8241,.T.);
#14260=ORIENTED_EDGE('262887',*,*,#14259,.F.);
#14262=ORIENTED_EDGE('262345',*,*,#14261,.F.);
#14263=EDGE_LOOP('261326',(#14252,#14253,#14255,#14257,#14258,#14260,#14262));
#14264=FACE_OUTER_BOUND('261326',#14263,.F.);
#14265=ADVANCED_FACE('261326',(#14264),#14250,.F.);
#14266=CARTESIAN_POINT('',(-3.275E0,-1.874999806526E0,-7.388527693850E-2));
#14267=DIRECTION('',(-1.E0,0.E0,0.E0));
#14268=DIRECTION('',(0.E0,0.E0,-1.E0));
#14269=AXIS2_PLACEMENT_3D('',#14266,#14267,#14268);
#14270=PLANE('261326',#14269);
#14272=ORIENTED_EDGE('262884',*,*,#14271,.F.);
#14274=ORIENTED_EDGE('262352',*,*,#14273,.T.);
#14276=ORIENTED_EDGE('262351',*,*,#14275,.T.);
#14278=ORIENTED_EDGE('262350',*,*,#14277,.F.);
#14280=ORIENTED_EDGE('262349',*,*,#14279,.F.);
#14282=ORIENTED_EDGE('262348',*,*,#14281,.F.);
#14284=ORIENTED_EDGE('262347',*,*,#14283,.T.);
#14286=ORIENTED_EDGE('262346',*,*,#14285,.T.);
#14288=ORIENTED_EDGE('262888',*,*,#14287,.F.);
#14289=ORIENTED_EDGE('263155',*,*,#7988,.F.);
#14290=EDGE_LOOP('261326',(#14272,#14274,#14276,#14278,#14280,#14282,#14284,
#14286,#14288,#14289));
#14291=FACE_OUTER_BOUND('261326',#14290,.F.);
#14292=ADVANCED_FACE('261326',(#14291),#14270,.F.);
#14293=CARTESIAN_POINT('',(-3.275E0,-1.874999806526E0,-7.388527693850E-2));
#14294=DIRECTION('',(-1.E0,0.E0,0.E0));
#14295=DIRECTION('',(0.E0,0.E0,-1.E0));
#14296=AXIS2_PLACEMENT_3D('',#14293,#14294,#14295);
#14297=PLANE('261326',#14296);
#14298=ORIENTED_EDGE('263167',*,*,#9199,.T.);
#14300=ORIENTED_EDGE('263172',*,*,#14299,.T.);
#14302=ORIENTED_EDGE('262344',*,*,#14301,.T.);
#14304=ORIENTED_EDGE('263171',*,*,#14303,.T.);
#14305=EDGE_LOOP('261326',(#14298,#14300,#14302,#14304));
#14306=FACE_OUTER_BOUND('261326',#14305,.F.);
#14307=ADVANCED_FACE('261326',(#14306),#14297,.F.);
#14308=CARTESIAN_POINT('',(-3.5E0,1.2E0,-7.388527693620E-2));
#14309=DIRECTION('',(0.E0,-1.E0,0.E0));
#14310=DIRECTION('',(0.E0,0.E0,-1.E0));
#14311=AXIS2_PLACEMENT_3D('',#14308,#14309,#14310);
#14312=PLANE('261325',#14311);
#14313=ORIENTED_EDGE('262882',*,*,#14251,.T.);
#14315=ORIENTED_EDGE('262343',*,*,#14314,.F.);
#14317=ORIENTED_EDGE('262883',*,*,#14316,.T.);
#14318=ORIENTED_EDGE('263164',*,*,#8556,.T.);
#14319=EDGE_LOOP('261325',(#14313,#14315,#14317,#14318));
#14320=FACE_OUTER_BOUND('261325',#14319,.F.);
#14321=ADVANCED_FACE('261325',(#14320),#14312,.F.);
#14322=CARTESIAN_POINT('',(-3.5E0,-2.E-1,2.7E0));
#14323=DIRECTION('',(0.E0,0.E0,1.E0));
#14324=DIRECTION('',(0.E0,1.E0,0.E0));
#14325=AXIS2_PLACEMENT_3D('',#14322,#14323,#14324);
#14326=PLANE('261336',#14325);
#14327=ORIENTED_EDGE('262345',*,*,#14261,.T.);
#14329=ORIENTED_EDGE('262367',*,*,#14328,.T.);
#14331=ORIENTED_EDGE('262358',*,*,#14330,.T.);
#14332=ORIENTED_EDGE('262343',*,*,#14314,.T.);
#14333=EDGE_LOOP('261336',(#14327,#14329,#14331,#14332));
#14334=FACE_OUTER_BOUND('261336',#14333,.F.);
#14335=ADVANCED_FACE('261336',(#14334),#14326,.T.);
#14336=CARTESIAN_POINT('',(-3.5E0,-1.6E0,1.7E0));
#14337=DIRECTION('',(0.E0,-1.E0,0.E0));
#14338=DIRECTION('',(0.E0,0.E0,1.E0));
#14339=AXIS2_PLACEMENT_3D('',#14336,#14337,#14338);
#14340=PLANE('261335',#14339);
#14341=ORIENTED_EDGE('262887',*,*,#14259,.T.);
#14342=ORIENTED_EDGE('263162',*,*,#8247,.T.);
#14344=ORIENTED_EDGE('262893',*,*,#14343,.T.);
#14345=ORIENTED_EDGE('262367',*,*,#14328,.F.);
#14346=EDGE_LOOP('261335',(#14341,#14342,#14344,#14345));
#14347=FACE_OUTER_BOUND('261335',#14346,.F.);
#14348=ADVANCED_FACE('261335',(#14347),#14340,.T.);
#14349=CARTESIAN_POINT('',(-3.725E0,-1.874999806526E0,-7.388527693595E-2));
#14350=DIRECTION('',(-1.E0,0.E0,0.E0));
#14351=DIRECTION('',(0.E0,0.E0,1.E0));
#14352=AXIS2_PLACEMENT_3D('',#14349,#14350,#14351);
#14353=PLANE('261333',#14352);
#14354=ORIENTED_EDGE('262883',*,*,#14316,.F.);
#14355=ORIENTED_EDGE('262358',*,*,#14330,.F.);
#14356=ORIENTED_EDGE('262893',*,*,#14343,.F.);
#14357=ORIENTED_EDGE('263161',*,*,#8245,.F.);
#14359=ORIENTED_EDGE('262890',*,*,#14358,.F.);
#14361=ORIENTED_EDGE('262891',*,*,#14360,.F.);
#14362=ORIENTED_EDGE('263166',*,*,#8558,.F.);
#14363=EDGE_LOOP('261333',(#14354,#14355,#14356,#14357,#14359,#14361,#14362));
#14364=FACE_OUTER_BOUND('261333',#14363,.F.);
#14365=ADVANCED_FACE('261333',(#14364),#14353,.T.);
#14366=CARTESIAN_POINT('',(-3.725E0,-1.874999806526E0,-7.388527693595E-2));
#14367=DIRECTION('',(-1.E0,0.E0,0.E0));
#14368=DIRECTION('',(0.E0,0.E0,1.E0));
#14369=AXIS2_PLACEMENT_3D('',#14366,#14367,#14368);
#14370=PLANE('261333',#14369);
#14372=ORIENTED_EDGE('262889',*,*,#14371,.F.);
#14373=ORIENTED_EDGE('263157',*,*,#7992,.T.);
#14375=ORIENTED_EDGE('262892',*,*,#14374,.F.);
#14377=ORIENTED_EDGE('262365',*,*,#14376,.T.);
#14379=ORIENTED_EDGE('262364',*,*,#14378,.T.);
#14381=ORIENTED_EDGE('262363',*,*,#14380,.F.);
#14383=ORIENTED_EDGE('262362',*,*,#14382,.F.);
#14385=ORIENTED_EDGE('262361',*,*,#14384,.F.);
#14387=ORIENTED_EDGE('262360',*,*,#14386,.T.);
#14389=ORIENTED_EDGE('262359',*,*,#14388,.T.);
#14390=EDGE_LOOP('261333',(#14372,#14373,#14375,#14377,#14379,#14381,#14383,
#14385,#14387,#14389));
#14391=FACE_OUTER_BOUND('261333',#14390,.F.);
#14392=ADVANCED_FACE('261333',(#14391),#14370,.T.);
#14393=CARTESIAN_POINT('',(-3.725E0,-1.874999806526E0,-7.388527693595E-2));
#14394=DIRECTION('',(-1.E0,0.E0,0.E0));
#14395=DIRECTION('',(0.E0,0.E0,1.E0));
#14396=AXIS2_PLACEMENT_3D('',#14393,#14394,#14395);
#14397=PLANE('261333',#14396);
#14398=ORIENTED_EDGE('263170',*,*,#9203,.F.);
#14400=ORIENTED_EDGE('263173',*,*,#14399,.T.);
#14402=ORIENTED_EDGE('262357',*,*,#14401,.T.);
#14404=ORIENTED_EDGE('263174',*,*,#14403,.T.);
#14405=EDGE_LOOP('261333',(#14398,#14400,#14402,#14404));
#14406=FACE_OUTER_BOUND('261333',#14405,.F.);
#14407=ADVANCED_FACE('261333',(#14406),#14397,.T.);
#14408=CARTESIAN_POINT('',(-3.5E0,-1.35E0,1.45E0));
#14409=DIRECTION('',(0.E0,-1.E0,0.E0));
#14410=DIRECTION('',(0.E0,0.E0,-1.E0));
#14411=AXIS2_PLACEMENT_3D('',#14408,#14409,#14410);
#14412=PLANE('261328',#14411);
#14413=ORIENTED_EDGE('262885',*,*,#14256,.T.);
#14415=ORIENTED_EDGE('262354',*,*,#14414,.F.);
#14416=ORIENTED_EDGE('262890',*,*,#14358,.T.);
#14417=ORIENTED_EDGE('263160',*,*,#8243,.T.);
#14418=EDGE_LOOP('261328',(#14413,#14415,#14416,#14417));
#14419=FACE_OUTER_BOUND('261328',#14418,.F.);
#14420=ADVANCED_FACE('261328',(#14419),#14412,.F.);
#14421=CARTESIAN_POINT('',(-3.5E0,-2.E-1,2.45E0));
#14422=DIRECTION('',(0.E0,0.E0,1.E0));
#14423=DIRECTION('',(0.E0,-1.E0,0.E0));
#14424=AXIS2_PLACEMENT_3D('',#14421,#14422,#14423);
#14425=PLANE('261329',#14424);
#14426=ORIENTED_EDGE('262886',*,*,#14254,.T.);
#14427=ORIENTED_EDGE('263163',*,*,#8394,.F.);
#14428=ORIENTED_EDGE('262891',*,*,#14360,.T.);
#14429=ORIENTED_EDGE('262354',*,*,#14414,.T.);
#14430=EDGE_LOOP('261329',(#14426,#14427,#14428,#14429));
#14431=FACE_OUTER_BOUND('261329',#14430,.F.);
#14432=ADVANCED_FACE('261329',(#14431),#14425,.F.);
#14433=CARTESIAN_POINT('',(-3.5E0,-1.871369306526E0,4.5E-1));
#14434=DIRECTION('',(0.E0,0.E0,1.E0));
#14435=DIRECTION('',(0.E0,-1.E0,0.E0));
#14436=AXIS2_PLACEMENT_3D('',#14433,#14434,#14435);
#14437=PLANE('261327',#14436);
#14438=ORIENTED_EDGE('262884',*,*,#14271,.T.);
#14439=ORIENTED_EDGE('263156',*,*,#7994,.F.);
#14440=ORIENTED_EDGE('262889',*,*,#14371,.T.);
#14442=ORIENTED_EDGE('262353',*,*,#14441,.F.);
#14443=EDGE_LOOP('261327',(#14438,#14439,#14440,#14442));
#14444=FACE_OUTER_BOUND('261327',#14443,.F.);
#14445=ADVANCED_FACE('261327',(#14444),#14437,.F.);
#14446=CARTESIAN_POINT('',(-3.5E0,-2.815841613052E0,5.96861E-1));
#14447=DIRECTION('',(0.E0,3.279125287755E-1,9.447080890265E-1));
#14448=DIRECTION('',(0.E0,-9.447080890265E-1,3.279125287755E-1));
#14449=AXIS2_PLACEMENT_3D('',#14446,#14447,#14448);
#14450=PLANE('261343',#14449);
#14451=ORIENTED_EDGE('262352',*,*,#14273,.F.);
#14452=ORIENTED_EDGE('262353',*,*,#14441,.T.);
#14453=ORIENTED_EDGE('262359',*,*,#14388,.F.);
#14455=ORIENTED_EDGE('262373',*,*,#14454,.T.);
#14456=EDGE_LOOP('261343',(#14451,#14452,#14453,#14455));
#14457=FACE_OUTER_BOUND('261343',#14456,.F.);
#14458=ADVANCED_FACE('261343',(#14457),#14450,.F.);
#14459=CARTESIAN_POINT('',(-3.5E0,-3.783008613052E0,5.968609999999E-1));
#14460=DIRECTION('',(0.E0,-2.606058470267E-1,9.654452819790E-1));
#14461=DIRECTION('',(0.E0,-9.654452819790E-1,-2.606058470267E-1));
#14462=AXIS2_PLACEMENT_3D('',#14459,#14460,#14461);
#14463=PLANE('261342',#14462);
#14464=ORIENTED_EDGE('262351',*,*,#14275,.F.);
#14465=ORIENTED_EDGE('262373',*,*,#14454,.F.);
#14466=ORIENTED_EDGE('262360',*,*,#14386,.F.);
#14468=ORIENTED_EDGE('262372',*,*,#14467,.T.);
#14469=EDGE_LOOP('261342',(#14464,#14465,#14466,#14468));
#14470=FACE_OUTER_BOUND('261342',#14469,.F.);
#14471=ADVANCED_FACE('261342',(#14470),#14463,.F.);
#14472=CARTESIAN_POINT('',(-3.5E0,-4.638536113052E0,4.5E-1));
#14473=DIRECTION('',(0.E0,0.E0,1.E0));
#14474=DIRECTION('',(0.E0,-1.E0,0.E0));
#14475=AXIS2_PLACEMENT_3D('',#14472,#14473,#14474);
#14476=PLANE('261341',#14475);
#14477=ORIENTED_EDGE('262350',*,*,#14277,.T.);
#14478=ORIENTED_EDGE('262372',*,*,#14467,.F.);
#14479=ORIENTED_EDGE('262361',*,*,#14384,.T.);
#14481=ORIENTED_EDGE('262371',*,*,#14480,.T.);
#14482=EDGE_LOOP('261341',(#14477,#14478,#14479,#14481));
#14483=FACE_OUTER_BOUND('261341',#14482,.F.);
#14484=ADVANCED_FACE('261341',(#14483),#14476,.F.);
#14485=CARTESIAN_POINT('',(-3.5E0,-4.949999613052E0,5.75E-1));
#14486=DIRECTION('',(0.E0,-1.E0,0.E0));
#14487=DIRECTION('',(0.E0,0.E0,1.E0));
#14488=AXIS2_PLACEMENT_3D('',#14485,#14486,#14487);
#14489=PLANE('261340',#14488);
#14490=ORIENTED_EDGE('262349',*,*,#14279,.T.);
#14491=ORIENTED_EDGE('262371',*,*,#14480,.F.);
#14492=ORIENTED_EDGE('262362',*,*,#14382,.T.);
#14494=ORIENTED_EDGE('262370',*,*,#14493,.T.);
#14495=EDGE_LOOP('261340',(#14490,#14491,#14492,#14494));
#14496=FACE_OUTER_BOUND('261340',#14495,.F.);
#14497=ADVANCED_FACE('261340',(#14496),#14489,.T.);
#14498=CARTESIAN_POINT('',(-3.5E0,-4.655110613052E0,7.E-1));
#14499=DIRECTION('',(0.E0,0.E0,1.E0));
#14500=DIRECTION('',(0.E0,1.E0,0.E0));
#14501=AXIS2_PLACEMENT_3D('',#14498,#14499,#14500);
#14502=PLANE('261339',#14501);
#14503=ORIENTED_EDGE('262348',*,*,#14281,.T.);
#14504=ORIENTED_EDGE('262370',*,*,#14493,.F.);
#14505=ORIENTED_EDGE('262363',*,*,#14380,.T.);
#14507=ORIENTED_EDGE('262369',*,*,#14506,.T.);
#14508=EDGE_LOOP('261339',(#14503,#14504,#14505,#14507));
#14509=FACE_OUTER_BOUND('261339',#14508,.F.);
#14510=ADVANCED_FACE('261339',(#14509),#14502,.T.);
#14511=CARTESIAN_POINT('',(-3.5E0,-3.794977613052E0,8.52578E-1));
#14512=DIRECTION('',(0.E0,-2.606055482898E-1,9.654453626180E-1));
#14513=DIRECTION('',(0.E0,9.654453626180E-1,2.606055482898E-1));
#14514=AXIS2_PLACEMENT_3D('',#14511,#14512,#14513);
#14515=PLANE('261338',#14514);
#14516=ORIENTED_EDGE('262347',*,*,#14283,.F.);
#14517=ORIENTED_EDGE('262369',*,*,#14506,.F.);
#14518=ORIENTED_EDGE('262364',*,*,#14378,.F.);
#14520=ORIENTED_EDGE('262368',*,*,#14519,.T.);
#14521=EDGE_LOOP('261338',(#14516,#14517,#14518,#14520));
#14522=FACE_OUTER_BOUND('261338',#14521,.F.);
#14523=ADVANCED_FACE('261338',(#14522),#14515,.T.);
#14524=CARTESIAN_POINT('',(-3.5E0,-2.790159113052E0,8.52578E-1));
#14525=DIRECTION('',(0.E0,3.279118890793E-1,9.447083110677E-1));
#14526=DIRECTION('',(0.E0,9.447083110677E-1,-3.279118890793E-1));
#14527=AXIS2_PLACEMENT_3D('',#14524,#14525,#14526);
#14528=PLANE('261337',#14527);
#14529=ORIENTED_EDGE('262346',*,*,#14285,.F.);
#14530=ORIENTED_EDGE('262368',*,*,#14519,.F.);
#14531=ORIENTED_EDGE('262365',*,*,#14376,.F.);
#14533=ORIENTED_EDGE('262366',*,*,#14532,.T.);
#14534=EDGE_LOOP('261337',(#14529,#14530,#14531,#14533));
#14535=FACE_OUTER_BOUND('261337',#14534,.F.);
#14536=ADVANCED_FACE('261337',(#14535),#14528,.T.);
#14537=CARTESIAN_POINT('',(-3.5E0,-1.975292306526E0,7.E-1));
#14538=DIRECTION('',(0.E0,0.E0,1.E0));
#14539=DIRECTION('',(0.E0,1.E0,0.E0));
#14540=AXIS2_PLACEMENT_3D('',#14537,#14538,#14539);
#14541=PLANE('261334',#14540);
#14542=ORIENTED_EDGE('262888',*,*,#14287,.T.);
#14543=ORIENTED_EDGE('262366',*,*,#14532,.F.);
#14544=ORIENTED_EDGE('262892',*,*,#14374,.T.);
#14545=ORIENTED_EDGE('263158',*,*,#7990,.F.);
#14546=EDGE_LOOP('261334',(#14542,#14543,#14544,#14545));
#14547=FACE_OUTER_BOUND('261334',#14546,.F.);
#14548=ADVANCED_FACE('261334',(#14547),#14541,.T.);
#14549=CARTESIAN_POINT('',(-3.5E0,-8.238085532088E-2,-1.521007189508E0));
#14550=DIRECTION('',(0.E0,-9.233055025502E-1,-3.840663340628E-1));
#14551=DIRECTION('',(0.E0,3.840663340628E-1,-9.233055025502E-1));
#14552=AXIS2_PLACEMENT_3D('',#14549,#14550,#14551);
#14553=PLANE('261330',#14552);
#14554=ORIENTED_EDGE('263168',*,*,#9201,.T.);
#14555=ORIENTED_EDGE('263171',*,*,#14303,.F.);
#14557=ORIENTED_EDGE('262355',*,*,#14556,.F.);
#14558=ORIENTED_EDGE('263173',*,*,#14399,.F.);
#14559=EDGE_LOOP('261330',(#14554,#14555,#14557,#14558));
#14560=FACE_OUTER_BOUND('261330',#14559,.F.);
#14561=ADVANCED_FACE('261330',(#14560),#14553,.F.);
#14562=CARTESIAN_POINT('',(-3.5E0,-6.181115239011E-1,-5.486247612927E-1));
#14563=DIRECTION('',(0.E0,-7.808198804470E-1,6.247562038898E-1));
#14564=DIRECTION('',(0.E0,6.247562038898E-1,7.808198804470E-1));
#14565=AXIS2_PLACEMENT_3D('',#14562,#14563,#14564);
#14566=PLANE('261331',#14565);
#14567=ORIENTED_EDGE('262344',*,*,#14301,.F.);
#14569=ORIENTED_EDGE('262356',*,*,#14568,.F.);
#14570=ORIENTED_EDGE('262357',*,*,#14401,.F.);
#14571=ORIENTED_EDGE('262355',*,*,#14556,.T.);
#14572=EDGE_LOOP('261331',(#14567,#14569,#14570,#14571));
#14573=FACE_OUTER_BOUND('261331',#14572,.F.);
#14574=ADVANCED_FACE('261331',(#14573),#14566,.T.);
#14575=CARTESIAN_POINT('',(-3.5E0,-2.530173178130E-1,-1.752161209975E0));
#14576=DIRECTION('',(0.E0,-9.245840358476E-1,-3.809781629644E-1));
#14577=DIRECTION('',(0.E0,-3.809781629644E-1,9.245840358476E-1));
#14578=AXIS2_PLACEMENT_3D('',#14575,#14576,#14577);
#14579=PLANE('261332',#14578);
#14580=ORIENTED_EDGE('263169',*,*,#9205,.T.);
#14581=ORIENTED_EDGE('263174',*,*,#14403,.F.);
#14582=ORIENTED_EDGE('262356',*,*,#14568,.T.);
#14583=ORIENTED_EDGE('263172',*,*,#14299,.F.);
#14584=EDGE_LOOP('261332',(#14580,#14581,#14582,#14583));
#14585=FACE_OUTER_BOUND('261332',#14584,.F.);
#14586=ADVANCED_FACE('261332',(#14585),#14579,.T.);
#14587=CARTESIAN_POINT('',(-1.275E0,-1.874999806526E0,-7.388527693850E-2));
#14588=DIRECTION('',(-1.E0,0.E0,0.E0));
#14589=DIRECTION('',(0.E0,0.E0,-1.E0));
#14590=AXIS2_PLACEMENT_3D('',#14587,#14588,#14589);
#14591=PLANE('261307',#14590);
#14593=ORIENTED_EDGE('262870',*,*,#14592,.F.);
#14594=ORIENTED_EDGE('263145',*,*,#8540,.F.);
#14596=ORIENTED_EDGE('262874',*,*,#14595,.F.);
#14598=ORIENTED_EDGE('262873',*,*,#14597,.F.);
#14599=ORIENTED_EDGE('263139',*,*,#8251,.T.);
#14601=ORIENTED_EDGE('262875',*,*,#14600,.F.);
#14603=ORIENTED_EDGE('262314',*,*,#14602,.F.);
#14604=EDGE_LOOP('261307',(#14593,#14594,#14596,#14598,#14599,#14601,#14603));
#14605=FACE_OUTER_BOUND('261307',#14604,.F.);
#14606=ADVANCED_FACE('261307',(#14605),#14591,.F.);
#14607=CARTESIAN_POINT('',(-1.275E0,-1.874999806526E0,-7.388527693850E-2));
#14608=DIRECTION('',(-1.E0,0.E0,0.E0));
#14609=DIRECTION('',(0.E0,0.E0,-1.E0));
#14610=AXIS2_PLACEMENT_3D('',#14607,#14608,#14609);
#14611=PLANE('261307',#14610);
#14613=ORIENTED_EDGE('262872',*,*,#14612,.F.);
#14615=ORIENTED_EDGE('262321',*,*,#14614,.T.);
#14617=ORIENTED_EDGE('262320',*,*,#14616,.T.);
#14619=ORIENTED_EDGE('262319',*,*,#14618,.F.);
#14621=ORIENTED_EDGE('262318',*,*,#14620,.F.);
#14623=ORIENTED_EDGE('262317',*,*,#14622,.F.);
#14625=ORIENTED_EDGE('262316',*,*,#14624,.T.);
#14627=ORIENTED_EDGE('262315',*,*,#14626,.T.);
#14629=ORIENTED_EDGE('262876',*,*,#14628,.F.);
#14630=ORIENTED_EDGE('263135',*,*,#7998,.F.);
#14631=EDGE_LOOP('261307',(#14613,#14615,#14617,#14619,#14621,#14623,#14625,
#14627,#14629,#14630));
#14632=FACE_OUTER_BOUND('261307',#14631,.F.);
#14633=ADVANCED_FACE('261307',(#14632),#14611,.F.);
#14634=CARTESIAN_POINT('',(-1.275E0,-1.874999806526E0,-7.388527693850E-2));
#14635=DIRECTION('',(-1.E0,0.E0,0.E0));
#14636=DIRECTION('',(0.E0,0.E0,-1.E0));
#14637=AXIS2_PLACEMENT_3D('',#14634,#14635,#14636);
#14638=PLANE('261307',#14637);
#14639=ORIENTED_EDGE('263147',*,*,#9209,.T.);
#14641=ORIENTED_EDGE('263152',*,*,#14640,.T.);
#14643=ORIENTED_EDGE('262313',*,*,#14642,.T.);
#14645=ORIENTED_EDGE('263151',*,*,#14644,.T.);
#14646=EDGE_LOOP('261307',(#14639,#14641,#14643,#14645));
#14647=FACE_OUTER_BOUND('261307',#14646,.F.);
#14648=ADVANCED_FACE('261307',(#14647),#14638,.F.);
#14649=CARTESIAN_POINT('',(-1.5E0,1.2E0,-7.388527693620E-2));
#14650=DIRECTION('',(0.E0,-1.E0,0.E0));
#14651=DIRECTION('',(0.E0,0.E0,-1.E0));
#14652=AXIS2_PLACEMENT_3D('',#14649,#14650,#14651);
#14653=PLANE('261306',#14652);
#14654=ORIENTED_EDGE('262870',*,*,#14592,.T.);
#14656=ORIENTED_EDGE('262312',*,*,#14655,.F.);
#14658=ORIENTED_EDGE('262871',*,*,#14657,.T.);
#14659=ORIENTED_EDGE('263144',*,*,#8542,.T.);
#14660=EDGE_LOOP('261306',(#14654,#14656,#14658,#14659));
#14661=FACE_OUTER_BOUND('261306',#14660,.F.);
#14662=ADVANCED_FACE('261306',(#14661),#14653,.F.);
#14663=CARTESIAN_POINT('',(-1.5E0,-2.E-1,2.7E0));
#14664=DIRECTION('',(0.E0,0.E0,1.E0));
#14665=DIRECTION('',(0.E0,1.E0,0.E0));
#14666=AXIS2_PLACEMENT_3D('',#14663,#14664,#14665);
#14667=PLANE('261317',#14666);
#14668=ORIENTED_EDGE('262314',*,*,#14602,.T.);
#14670=ORIENTED_EDGE('262336',*,*,#14669,.T.);
#14672=ORIENTED_EDGE('262327',*,*,#14671,.T.);
#14673=ORIENTED_EDGE('262312',*,*,#14655,.T.);
#14674=EDGE_LOOP('261317',(#14668,#14670,#14672,#14673));
#14675=FACE_OUTER_BOUND('261317',#14674,.F.);
#14676=ADVANCED_FACE('261317',(#14675),#14667,.T.);
#14677=CARTESIAN_POINT('',(-1.5E0,-1.6E0,1.7E0));
#14678=DIRECTION('',(0.E0,-1.E0,0.E0));
#14679=DIRECTION('',(0.E0,0.E0,1.E0));
#14680=AXIS2_PLACEMENT_3D('',#14677,#14678,#14679);
#14681=PLANE('261316',#14680);
#14682=ORIENTED_EDGE('262875',*,*,#14600,.T.);
#14683=ORIENTED_EDGE('263142',*,*,#8257,.T.);
#14685=ORIENTED_EDGE('262881',*,*,#14684,.T.);
#14686=ORIENTED_EDGE('262336',*,*,#14669,.F.);
#14687=EDGE_LOOP('261316',(#14682,#14683,#14685,#14686));
#14688=FACE_OUTER_BOUND('261316',#14687,.F.);
#14689=ADVANCED_FACE('261316',(#14688),#14681,.T.);
#14690=CARTESIAN_POINT('',(-1.725E0,-1.874999806526E0,-7.388527693595E-2));
#14691=DIRECTION('',(-1.E0,0.E0,0.E0));
#14692=DIRECTION('',(0.E0,0.E0,1.E0));
#14693=AXIS2_PLACEMENT_3D('',#14690,#14691,#14692);
#14694=PLANE('261314',#14693);
#14695=ORIENTED_EDGE('262871',*,*,#14657,.F.);
#14696=ORIENTED_EDGE('262327',*,*,#14671,.F.);
#14697=ORIENTED_EDGE('262881',*,*,#14684,.F.);
#14698=ORIENTED_EDGE('263141',*,*,#8255,.F.);
#14700=ORIENTED_EDGE('262878',*,*,#14699,.F.);
#14702=ORIENTED_EDGE('262879',*,*,#14701,.F.);
#14703=ORIENTED_EDGE('263146',*,*,#8544,.F.);
#14704=EDGE_LOOP('261314',(#14695,#14696,#14697,#14698,#14700,#14702,#14703));
#14705=FACE_OUTER_BOUND('261314',#14704,.F.);
#14706=ADVANCED_FACE('261314',(#14705),#14694,.T.);
#14707=CARTESIAN_POINT('',(-1.725E0,-1.874999806526E0,-7.388527693595E-2));
#14708=DIRECTION('',(-1.E0,0.E0,0.E0));
#14709=DIRECTION('',(0.E0,0.E0,1.E0));
#14710=AXIS2_PLACEMENT_3D('',#14707,#14708,#14709);
#14711=PLANE('261314',#14710);
#14713=ORIENTED_EDGE('262877',*,*,#14712,.F.);
#14714=ORIENTED_EDGE('263137',*,*,#8002,.T.);
#14716=ORIENTED_EDGE('262880',*,*,#14715,.F.);
#14718=ORIENTED_EDGE('262334',*,*,#14717,.T.);
#14720=ORIENTED_EDGE('262333',*,*,#14719,.T.);
#14722=ORIENTED_EDGE('262332',*,*,#14721,.F.);
#14724=ORIENTED_EDGE('262331',*,*,#14723,.F.);
#14726=ORIENTED_EDGE('262330',*,*,#14725,.F.);
#14728=ORIENTED_EDGE('262329',*,*,#14727,.T.);
#14730=ORIENTED_EDGE('262328',*,*,#14729,.T.);
#14731=EDGE_LOOP('261314',(#14713,#14714,#14716,#14718,#14720,#14722,#14724,
#14726,#14728,#14730));
#14732=FACE_OUTER_BOUND('261314',#14731,.F.);
#14733=ADVANCED_FACE('261314',(#14732),#14711,.T.);
#14734=CARTESIAN_POINT('',(-1.725E0,-1.874999806526E0,-7.388527693595E-2));
#14735=DIRECTION('',(-1.E0,0.E0,0.E0));
#14736=DIRECTION('',(0.E0,0.E0,1.E0));
#14737=AXIS2_PLACEMENT_3D('',#14734,#14735,#14736);
#14738=PLANE('261314',#14737);
#14739=ORIENTED_EDGE('263150',*,*,#9213,.F.);
#14741=ORIENTED_EDGE('263153',*,*,#14740,.T.);
#14743=ORIENTED_EDGE('262326',*,*,#14742,.T.);
#14745=ORIENTED_EDGE('263154',*,*,#14744,.T.);
#14746=EDGE_LOOP('261314',(#14739,#14741,#14743,#14745));
#14747=FACE_OUTER_BOUND('261314',#14746,.F.);
#14748=ADVANCED_FACE('261314',(#14747),#14738,.T.);
#14749=CARTESIAN_POINT('',(-1.5E0,-1.35E0,1.45E0));
#14750=DIRECTION('',(0.E0,-1.E0,0.E0));
#14751=DIRECTION('',(0.E0,0.E0,-1.E0));
#14752=AXIS2_PLACEMENT_3D('',#14749,#14750,#14751);
#14753=PLANE('261309',#14752);
#14754=ORIENTED_EDGE('262873',*,*,#14597,.T.);
#14756=ORIENTED_EDGE('262323',*,*,#14755,.F.);
#14757=ORIENTED_EDGE('262878',*,*,#14699,.T.);
#14758=ORIENTED_EDGE('263140',*,*,#8253,.T.);
#14759=EDGE_LOOP('261309',(#14754,#14756,#14757,#14758));
#14760=FACE_OUTER_BOUND('261309',#14759,.F.);
#14761=ADVANCED_FACE('261309',(#14760),#14753,.F.);
#14762=CARTESIAN_POINT('',(-1.5E0,-2.E-1,2.45E0));
#14763=DIRECTION('',(0.E0,0.E0,1.E0));
#14764=DIRECTION('',(0.E0,-1.E0,0.E0));
#14765=AXIS2_PLACEMENT_3D('',#14762,#14763,#14764);
#14766=PLANE('261310',#14765);
#14767=ORIENTED_EDGE('262874',*,*,#14595,.T.);
#14768=ORIENTED_EDGE('263143',*,*,#8402,.F.);
#14769=ORIENTED_EDGE('262879',*,*,#14701,.T.);
#14770=ORIENTED_EDGE('262323',*,*,#14755,.T.);
#14771=EDGE_LOOP('261310',(#14767,#14768,#14769,#14770));
#14772=FACE_OUTER_BOUND('261310',#14771,.F.);
#14773=ADVANCED_FACE('261310',(#14772),#14766,.F.);
#14774=CARTESIAN_POINT('',(-1.5E0,-1.871369306526E0,4.5E-1));
#14775=DIRECTION('',(0.E0,0.E0,1.E0));
#14776=DIRECTION('',(0.E0,-1.E0,0.E0));
#14777=AXIS2_PLACEMENT_3D('',#14774,#14775,#14776);
#14778=PLANE('261308',#14777);
#14779=ORIENTED_EDGE('262872',*,*,#14612,.T.);
#14780=ORIENTED_EDGE('263136',*,*,#8004,.F.);
#14781=ORIENTED_EDGE('262877',*,*,#14712,.T.);
#14783=ORIENTED_EDGE('262322',*,*,#14782,.F.);
#14784=EDGE_LOOP('261308',(#14779,#14780,#14781,#14783));
#14785=FACE_OUTER_BOUND('261308',#14784,.F.);
#14786=ADVANCED_FACE('261308',(#14785),#14778,.F.);
#14787=CARTESIAN_POINT('',(-1.5E0,-2.815841613052E0,5.96861E-1));
#14788=DIRECTION('',(0.E0,3.279125287755E-1,9.447080890265E-1));
#14789=DIRECTION('',(0.E0,-9.447080890265E-1,3.279125287755E-1));
#14790=AXIS2_PLACEMENT_3D('',#14787,#14788,#14789);
#14791=PLANE('261324',#14790);
#14792=ORIENTED_EDGE('262321',*,*,#14614,.F.);
#14793=ORIENTED_EDGE('262322',*,*,#14782,.T.);
#14794=ORIENTED_EDGE('262328',*,*,#14729,.F.);
#14796=ORIENTED_EDGE('262342',*,*,#14795,.T.);
#14797=EDGE_LOOP('261324',(#14792,#14793,#14794,#14796));
#14798=FACE_OUTER_BOUND('261324',#14797,.F.);
#14799=ADVANCED_FACE('261324',(#14798),#14791,.F.);
#14800=CARTESIAN_POINT('',(-1.5E0,-3.783008613052E0,5.968609999999E-1));
#14801=DIRECTION('',(0.E0,-2.606058470267E-1,9.654452819790E-1));
#14802=DIRECTION('',(0.E0,-9.654452819790E-1,-2.606058470267E-1));
#14803=AXIS2_PLACEMENT_3D('',#14800,#14801,#14802);
#14804=PLANE('261323',#14803);
#14805=ORIENTED_EDGE('262320',*,*,#14616,.F.);
#14806=ORIENTED_EDGE('262342',*,*,#14795,.F.);
#14807=ORIENTED_EDGE('262329',*,*,#14727,.F.);
#14809=ORIENTED_EDGE('262341',*,*,#14808,.T.);
#14810=EDGE_LOOP('261323',(#14805,#14806,#14807,#14809));
#14811=FACE_OUTER_BOUND('261323',#14810,.F.);
#14812=ADVANCED_FACE('261323',(#14811),#14804,.F.);
#14813=CARTESIAN_POINT('',(-1.5E0,-4.638536113052E0,4.5E-1));
#14814=DIRECTION('',(0.E0,0.E0,1.E0));
#14815=DIRECTION('',(0.E0,-1.E0,0.E0));
#14816=AXIS2_PLACEMENT_3D('',#14813,#14814,#14815);
#14817=PLANE('261322',#14816);
#14818=ORIENTED_EDGE('262319',*,*,#14618,.T.);
#14819=ORIENTED_EDGE('262341',*,*,#14808,.F.);
#14820=ORIENTED_EDGE('262330',*,*,#14725,.T.);
#14822=ORIENTED_EDGE('262340',*,*,#14821,.T.);
#14823=EDGE_LOOP('261322',(#14818,#14819,#14820,#14822));
#14824=FACE_OUTER_BOUND('261322',#14823,.F.);
#14825=ADVANCED_FACE('261322',(#14824),#14817,.F.);
#14826=CARTESIAN_POINT('',(-1.5E0,-4.949999613052E0,5.75E-1));
#14827=DIRECTION('',(0.E0,-1.E0,0.E0));
#14828=DIRECTION('',(0.E0,0.E0,1.E0));
#14829=AXIS2_PLACEMENT_3D('',#14826,#14827,#14828);
#14830=PLANE('261321',#14829);
#14831=ORIENTED_EDGE('262318',*,*,#14620,.T.);
#14832=ORIENTED_EDGE('262340',*,*,#14821,.F.);
#14833=ORIENTED_EDGE('262331',*,*,#14723,.T.);
#14835=ORIENTED_EDGE('262339',*,*,#14834,.T.);
#14836=EDGE_LOOP('261321',(#14831,#14832,#14833,#14835));
#14837=FACE_OUTER_BOUND('261321',#14836,.F.);
#14838=ADVANCED_FACE('261321',(#14837),#14830,.T.);
#14839=CARTESIAN_POINT('',(-1.5E0,-4.655110613052E0,7.E-1));
#14840=DIRECTION('',(0.E0,0.E0,1.E0));
#14841=DIRECTION('',(0.E0,1.E0,0.E0));
#14842=AXIS2_PLACEMENT_3D('',#14839,#14840,#14841);
#14843=PLANE('261320',#14842);
#14844=ORIENTED_EDGE('262317',*,*,#14622,.T.);
#14845=ORIENTED_EDGE('262339',*,*,#14834,.F.);
#14846=ORIENTED_EDGE('262332',*,*,#14721,.T.);
#14848=ORIENTED_EDGE('262338',*,*,#14847,.T.);
#14849=EDGE_LOOP('261320',(#14844,#14845,#14846,#14848));
#14850=FACE_OUTER_BOUND('261320',#14849,.F.);
#14851=ADVANCED_FACE('261320',(#14850),#14843,.T.);
#14852=CARTESIAN_POINT('',(-1.5E0,-3.794977613052E0,8.52578E-1));
#14853=DIRECTION('',(0.E0,-2.606055482898E-1,9.654453626180E-1));
#14854=DIRECTION('',(0.E0,9.654453626180E-1,2.606055482898E-1));
#14855=AXIS2_PLACEMENT_3D('',#14852,#14853,#14854);
#14856=PLANE('261319',#14855);
#14857=ORIENTED_EDGE('262316',*,*,#14624,.F.);
#14858=ORIENTED_EDGE('262338',*,*,#14847,.F.);
#14859=ORIENTED_EDGE('262333',*,*,#14719,.F.);
#14861=ORIENTED_EDGE('262337',*,*,#14860,.T.);
#14862=EDGE_LOOP('261319',(#14857,#14858,#14859,#14861));
#14863=FACE_OUTER_BOUND('261319',#14862,.F.);
#14864=ADVANCED_FACE('261319',(#14863),#14856,.T.);
#14865=CARTESIAN_POINT('',(-1.5E0,-2.790159113052E0,8.52578E-1));
#14866=DIRECTION('',(0.E0,3.279118890793E-1,9.447083110677E-1));
#14867=DIRECTION('',(0.E0,9.447083110677E-1,-3.279118890793E-1));
#14868=AXIS2_PLACEMENT_3D('',#14865,#14866,#14867);
#14869=PLANE('261318',#14868);
#14870=ORIENTED_EDGE('262315',*,*,#14626,.F.);
#14871=ORIENTED_EDGE('262337',*,*,#14860,.F.);
#14872=ORIENTED_EDGE('262334',*,*,#14717,.F.);
#14874=ORIENTED_EDGE('262335',*,*,#14873,.T.);
#14875=EDGE_LOOP('261318',(#14870,#14871,#14872,#14874));
#14876=FACE_OUTER_BOUND('261318',#14875,.F.);
#14877=ADVANCED_FACE('261318',(#14876),#14869,.T.);
#14878=CARTESIAN_POINT('',(-1.5E0,-1.975292306526E0,7.E-1));
#14879=DIRECTION('',(0.E0,0.E0,1.E0));
#14880=DIRECTION('',(0.E0,1.E0,0.E0));
#14881=AXIS2_PLACEMENT_3D('',#14878,#14879,#14880);
#14882=PLANE('261315',#14881);
#14883=ORIENTED_EDGE('262876',*,*,#14628,.T.);
#14884=ORIENTED_EDGE('262335',*,*,#14873,.F.);
#14885=ORIENTED_EDGE('262880',*,*,#14715,.T.);
#14886=ORIENTED_EDGE('263138',*,*,#8000,.F.);
#14887=EDGE_LOOP('261315',(#14883,#14884,#14885,#14886));
#14888=FACE_OUTER_BOUND('261315',#14887,.F.);
#14889=ADVANCED_FACE('261315',(#14888),#14882,.T.);
#14890=CARTESIAN_POINT('',(-1.5E0,-8.238085532088E-2,-1.521007189508E0));
#14891=DIRECTION('',(0.E0,-9.233055025502E-1,-3.840663340628E-1));
#14892=DIRECTION('',(0.E0,3.840663340628E-1,-9.233055025502E-1));
#14893=AXIS2_PLACEMENT_3D('',#14890,#14891,#14892);
#14894=PLANE('261311',#14893);
#14895=ORIENTED_EDGE('263148',*,*,#9211,.T.);
#14896=ORIENTED_EDGE('263151',*,*,#14644,.F.);
#14898=ORIENTED_EDGE('262324',*,*,#14897,.F.);
#14899=ORIENTED_EDGE('263153',*,*,#14740,.F.);
#14900=EDGE_LOOP('261311',(#14895,#14896,#14898,#14899));
#14901=FACE_OUTER_BOUND('261311',#14900,.F.);
#14902=ADVANCED_FACE('261311',(#14901),#14894,.F.);
#14903=CARTESIAN_POINT('',(-1.5E0,-6.181115239011E-1,-5.486247612927E-1));
#14904=DIRECTION('',(0.E0,-7.808198804470E-1,6.247562038898E-1));
#14905=DIRECTION('',(0.E0,6.247562038898E-1,7.808198804470E-1));
#14906=AXIS2_PLACEMENT_3D('',#14903,#14904,#14905);
#14907=PLANE('261312',#14906);
#14908=ORIENTED_EDGE('262313',*,*,#14642,.F.);
#14910=ORIENTED_EDGE('262325',*,*,#14909,.F.);
#14911=ORIENTED_EDGE('262326',*,*,#14742,.F.);
#14912=ORIENTED_EDGE('262324',*,*,#14897,.T.);
#14913=EDGE_LOOP('261312',(#14908,#14910,#14911,#14912));
#14914=FACE_OUTER_BOUND('261312',#14913,.F.);
#14915=ADVANCED_FACE('261312',(#14914),#14907,.T.);
#14916=CARTESIAN_POINT('',(-1.5E0,-2.530173178130E-1,-1.752161209975E0));
#14917=DIRECTION('',(0.E0,-9.245840358476E-1,-3.809781629644E-1));
#14918=DIRECTION('',(0.E0,-3.809781629644E-1,9.245840358476E-1));
#14919=AXIS2_PLACEMENT_3D('',#14916,#14917,#14918);
#14920=PLANE('261313',#14919);
#14921=ORIENTED_EDGE('263149',*,*,#9215,.T.);
#14922=ORIENTED_EDGE('263154',*,*,#14744,.F.);
#14923=ORIENTED_EDGE('262325',*,*,#14909,.T.);
#14924=ORIENTED_EDGE('263152',*,*,#14640,.F.);
#14925=EDGE_LOOP('261313',(#14921,#14922,#14923,#14924));
#14926=FACE_OUTER_BOUND('261313',#14925,.F.);
#14927=ADVANCED_FACE('261313',(#14926),#14920,.T.);
#14928=CARTESIAN_POINT('',(7.25E-1,-1.874999806526E0,-7.388527693850E-2));
#14929=DIRECTION('',(-1.E0,0.E0,0.E0));
#14930=DIRECTION('',(0.E0,0.E0,-1.E0));
#14931=AXIS2_PLACEMENT_3D('',#14928,#14929,#14930);
#14932=PLANE('261288',#14931);
#14934=ORIENTED_EDGE('262858',*,*,#14933,.F.);
#14935=ORIENTED_EDGE('263125',*,*,#8526,.F.);
#14937=ORIENTED_EDGE('262862',*,*,#14936,.F.);
#14939=ORIENTED_EDGE('262861',*,*,#14938,.F.);
#14940=ORIENTED_EDGE('263119',*,*,#8261,.T.);
#14942=ORIENTED_EDGE('262863',*,*,#14941,.F.);
#14944=ORIENTED_EDGE('262283',*,*,#14943,.F.);
#14945=EDGE_LOOP('261288',(#14934,#14935,#14937,#14939,#14940,#14942,#14944));
#14946=FACE_OUTER_BOUND('261288',#14945,.F.);
#14947=ADVANCED_FACE('261288',(#14946),#14932,.F.);
#14948=CARTESIAN_POINT('',(7.25E-1,-1.874999806526E0,-7.388527693850E-2));
#14949=DIRECTION('',(-1.E0,0.E0,0.E0));
#14950=DIRECTION('',(0.E0,0.E0,-1.E0));
#14951=AXIS2_PLACEMENT_3D('',#14948,#14949,#14950);
#14952=PLANE('261288',#14951);
#14954=ORIENTED_EDGE('262860',*,*,#14953,.F.);
#14956=ORIENTED_EDGE('262290',*,*,#14955,.T.);
#14958=ORIENTED_EDGE('262289',*,*,#14957,.T.);
#14960=ORIENTED_EDGE('262288',*,*,#14959,.F.);
#14962=ORIENTED_EDGE('262287',*,*,#14961,.F.);
#14964=ORIENTED_EDGE('262286',*,*,#14963,.F.);
#14966=ORIENTED_EDGE('262285',*,*,#14965,.T.);
#14968=ORIENTED_EDGE('262284',*,*,#14967,.T.);
#14970=ORIENTED_EDGE('262864',*,*,#14969,.F.);
#14971=ORIENTED_EDGE('263115',*,*,#8008,.F.);
#14972=EDGE_LOOP('261288',(#14954,#14956,#14958,#14960,#14962,#14964,#14966,
#14968,#14970,#14971));
#14973=FACE_OUTER_BOUND('261288',#14972,.F.);
#14974=ADVANCED_FACE('261288',(#14973),#14952,.F.);
#14975=CARTESIAN_POINT('',(7.25E-1,-1.874999806526E0,-7.388527693850E-2));
#14976=DIRECTION('',(-1.E0,0.E0,0.E0));
#14977=DIRECTION('',(0.E0,0.E0,-1.E0));
#14978=AXIS2_PLACEMENT_3D('',#14975,#14976,#14977);
#14979=PLANE('261288',#14978);
#14980=ORIENTED_EDGE('263127',*,*,#9219,.T.);
#14982=ORIENTED_EDGE('263132',*,*,#14981,.T.);
#14984=ORIENTED_EDGE('262282',*,*,#14983,.T.);
#14986=ORIENTED_EDGE('263131',*,*,#14985,.T.);
#14987=EDGE_LOOP('261288',(#14980,#14982,#14984,#14986));
#14988=FACE_OUTER_BOUND('261288',#14987,.F.);
#14989=ADVANCED_FACE('261288',(#14988),#14979,.F.);
#14990=CARTESIAN_POINT('',(5.E-1,1.2E0,-7.388527693620E-2));
#14991=DIRECTION('',(0.E0,-1.E0,0.E0));
#14992=DIRECTION('',(0.E0,0.E0,-1.E0));
#14993=AXIS2_PLACEMENT_3D('',#14990,#14991,#14992);
#14994=PLANE('261287',#14993);
#14995=ORIENTED_EDGE('262858',*,*,#14933,.T.);
#14997=ORIENTED_EDGE('262281',*,*,#14996,.F.);
#14999=ORIENTED_EDGE('262859',*,*,#14998,.T.);
#15000=ORIENTED_EDGE('263124',*,*,#8528,.T.);
#15001=EDGE_LOOP('261287',(#14995,#14997,#14999,#15000));
#15002=FACE_OUTER_BOUND('261287',#15001,.F.);
#15003=ADVANCED_FACE('261287',(#15002),#14994,.F.);
#15004=CARTESIAN_POINT('',(5.E-1,-2.E-1,2.7E0));
#15005=DIRECTION('',(0.E0,0.E0,1.E0));
#15006=DIRECTION('',(0.E0,1.E0,0.E0));
#15007=AXIS2_PLACEMENT_3D('',#15004,#15005,#15006);
#15008=PLANE('261298',#15007);
#15009=ORIENTED_EDGE('262283',*,*,#14943,.T.);
#15011=ORIENTED_EDGE('262305',*,*,#15010,.T.);
#15013=ORIENTED_EDGE('262296',*,*,#15012,.T.);
#15014=ORIENTED_EDGE('262281',*,*,#14996,.T.);
#15015=EDGE_LOOP('261298',(#15009,#15011,#15013,#15014));
#15016=FACE_OUTER_BOUND('261298',#15015,.F.);
#15017=ADVANCED_FACE('261298',(#15016),#15008,.T.);
#15018=CARTESIAN_POINT('',(5.E-1,-1.6E0,1.7E0));
#15019=DIRECTION('',(0.E0,-1.E0,0.E0));
#15020=DIRECTION('',(0.E0,0.E0,1.E0));
#15021=AXIS2_PLACEMENT_3D('',#15018,#15019,#15020);
#15022=PLANE('261297',#15021);
#15023=ORIENTED_EDGE('262863',*,*,#14941,.T.);
#15024=ORIENTED_EDGE('263122',*,*,#8267,.T.);
#15026=ORIENTED_EDGE('262869',*,*,#15025,.T.);
#15027=ORIENTED_EDGE('262305',*,*,#15010,.F.);
#15028=EDGE_LOOP('261297',(#15023,#15024,#15026,#15027));
#15029=FACE_OUTER_BOUND('261297',#15028,.F.);
#15030=ADVANCED_FACE('261297',(#15029),#15022,.T.);
#15031=CARTESIAN_POINT('',(2.75E-1,-1.874999806526E0,-7.388527693595E-2));
#15032=DIRECTION('',(-1.E0,0.E0,0.E0));
#15033=DIRECTION('',(0.E0,0.E0,1.E0));
#15034=AXIS2_PLACEMENT_3D('',#15031,#15032,#15033);
#15035=PLANE('261295',#15034);
#15036=ORIENTED_EDGE('262859',*,*,#14998,.F.);
#15037=ORIENTED_EDGE('262296',*,*,#15012,.F.);
#15038=ORIENTED_EDGE('262869',*,*,#15025,.F.);
#15039=ORIENTED_EDGE('263121',*,*,#8265,.F.);
#15041=ORIENTED_EDGE('262866',*,*,#15040,.F.);
#15043=ORIENTED_EDGE('262867',*,*,#15042,.F.);
#15044=ORIENTED_EDGE('263126',*,*,#8530,.F.);
#15045=EDGE_LOOP('261295',(#15036,#15037,#15038,#15039,#15041,#15043,#15044));
#15046=FACE_OUTER_BOUND('261295',#15045,.F.);
#15047=ADVANCED_FACE('261295',(#15046),#15035,.T.);
#15048=CARTESIAN_POINT('',(2.75E-1,-1.874999806526E0,-7.388527693595E-2));
#15049=DIRECTION('',(-1.E0,0.E0,0.E0));
#15050=DIRECTION('',(0.E0,0.E0,1.E0));
#15051=AXIS2_PLACEMENT_3D('',#15048,#15049,#15050);
#15052=PLANE('261295',#15051);
#15054=ORIENTED_EDGE('262865',*,*,#15053,.F.);
#15055=ORIENTED_EDGE('263117',*,*,#8012,.T.);
#15057=ORIENTED_EDGE('262868',*,*,#15056,.F.);
#15059=ORIENTED_EDGE('262303',*,*,#15058,.T.);
#15061=ORIENTED_EDGE('262302',*,*,#15060,.T.);
#15063=ORIENTED_EDGE('262301',*,*,#15062,.F.);
#15065=ORIENTED_EDGE('262300',*,*,#15064,.F.);
#15067=ORIENTED_EDGE('262299',*,*,#15066,.F.);
#15069=ORIENTED_EDGE('262298',*,*,#15068,.T.);
#15071=ORIENTED_EDGE('262297',*,*,#15070,.T.);
#15072=EDGE_LOOP('261295',(#15054,#15055,#15057,#15059,#15061,#15063,#15065,
#15067,#15069,#15071));
#15073=FACE_OUTER_BOUND('261295',#15072,.F.);
#15074=ADVANCED_FACE('261295',(#15073),#15052,.T.);
#15075=CARTESIAN_POINT('',(2.75E-1,-1.874999806526E0,-7.388527693595E-2));
#15076=DIRECTION('',(-1.E0,0.E0,0.E0));
#15077=DIRECTION('',(0.E0,0.E0,1.E0));
#15078=AXIS2_PLACEMENT_3D('',#15075,#15076,#15077);
#15079=PLANE('261295',#15078);
#15080=ORIENTED_EDGE('263130',*,*,#9223,.F.);
#15082=ORIENTED_EDGE('263133',*,*,#15081,.T.);
#15084=ORIENTED_EDGE('262295',*,*,#15083,.T.);
#15086=ORIENTED_EDGE('263134',*,*,#15085,.T.);
#15087=EDGE_LOOP('261295',(#15080,#15082,#15084,#15086));
#15088=FACE_OUTER_BOUND('261295',#15087,.F.);
#15089=ADVANCED_FACE('261295',(#15088),#15079,.T.);
#15090=CARTESIAN_POINT('',(5.E-1,-1.35E0,1.45E0));
#15091=DIRECTION('',(0.E0,-1.E0,0.E0));
#15092=DIRECTION('',(0.E0,0.E0,-1.E0));
#15093=AXIS2_PLACEMENT_3D('',#15090,#15091,#15092);
#15094=PLANE('261290',#15093);
#15095=ORIENTED_EDGE('262861',*,*,#14938,.T.);
#15097=ORIENTED_EDGE('262292',*,*,#15096,.F.);
#15098=ORIENTED_EDGE('262866',*,*,#15040,.T.);
#15099=ORIENTED_EDGE('263120',*,*,#8263,.T.);
#15100=EDGE_LOOP('261290',(#15095,#15097,#15098,#15099));
#15101=FACE_OUTER_BOUND('261290',#15100,.F.);
#15102=ADVANCED_FACE('261290',(#15101),#15094,.F.);
#15103=CARTESIAN_POINT('',(5.E-1,-2.E-1,2.45E0));
#15104=DIRECTION('',(0.E0,0.E0,1.E0));
#15105=DIRECTION('',(0.E0,-1.E0,0.E0));
#15106=AXIS2_PLACEMENT_3D('',#15103,#15104,#15105);
#15107=PLANE('261291',#15106);
#15108=ORIENTED_EDGE('262862',*,*,#14936,.T.);
#15109=ORIENTED_EDGE('263123',*,*,#8410,.F.);
#15110=ORIENTED_EDGE('262867',*,*,#15042,.T.);
#15111=ORIENTED_EDGE('262292',*,*,#15096,.T.);
#15112=EDGE_LOOP('261291',(#15108,#15109,#15110,#15111));
#15113=FACE_OUTER_BOUND('261291',#15112,.F.);
#15114=ADVANCED_FACE('261291',(#15113),#15107,.F.);
#15115=CARTESIAN_POINT('',(5.E-1,-1.871369306526E0,4.5E-1));
#15116=DIRECTION('',(0.E0,0.E0,1.E0));
#15117=DIRECTION('',(0.E0,-1.E0,0.E0));
#15118=AXIS2_PLACEMENT_3D('',#15115,#15116,#15117);
#15119=PLANE('261289',#15118);
#15120=ORIENTED_EDGE('262860',*,*,#14953,.T.);
#15121=ORIENTED_EDGE('263116',*,*,#8014,.F.);
#15122=ORIENTED_EDGE('262865',*,*,#15053,.T.);
#15124=ORIENTED_EDGE('262291',*,*,#15123,.F.);
#15125=EDGE_LOOP('261289',(#15120,#15121,#15122,#15124));
#15126=FACE_OUTER_BOUND('261289',#15125,.F.);
#15127=ADVANCED_FACE('261289',(#15126),#15119,.F.);
#15128=CARTESIAN_POINT('',(5.E-1,-2.815841613052E0,5.96861E-1));
#15129=DIRECTION('',(0.E0,3.279125287755E-1,9.447080890265E-1));
#15130=DIRECTION('',(0.E0,-9.447080890265E-1,3.279125287755E-1));
#15131=AXIS2_PLACEMENT_3D('',#15128,#15129,#15130);
#15132=PLANE('261305',#15131);
#15133=ORIENTED_EDGE('262290',*,*,#14955,.F.);
#15134=ORIENTED_EDGE('262291',*,*,#15123,.T.);
#15135=ORIENTED_EDGE('262297',*,*,#15070,.F.);
#15137=ORIENTED_EDGE('262311',*,*,#15136,.T.);
#15138=EDGE_LOOP('261305',(#15133,#15134,#15135,#15137));
#15139=FACE_OUTER_BOUND('261305',#15138,.F.);
#15140=ADVANCED_FACE('261305',(#15139),#15132,.F.);
#15141=CARTESIAN_POINT('',(5.E-1,-3.783008613052E0,5.968609999999E-1));
#15142=DIRECTION('',(0.E0,-2.606058470267E-1,9.654452819790E-1));
#15143=DIRECTION('',(0.E0,-9.654452819790E-1,-2.606058470267E-1));
#15144=AXIS2_PLACEMENT_3D('',#15141,#15142,#15143);
#15145=PLANE('261304',#15144);
#15146=ORIENTED_EDGE('262289',*,*,#14957,.F.);
#15147=ORIENTED_EDGE('262311',*,*,#15136,.F.);
#15148=ORIENTED_EDGE('262298',*,*,#15068,.F.);
#15150=ORIENTED_EDGE('262310',*,*,#15149,.T.);
#15151=EDGE_LOOP('261304',(#15146,#15147,#15148,#15150));
#15152=FACE_OUTER_BOUND('261304',#15151,.F.);
#15153=ADVANCED_FACE('261304',(#15152),#15145,.F.);
#15154=CARTESIAN_POINT('',(5.E-1,-4.638536113052E0,4.5E-1));
#15155=DIRECTION('',(0.E0,0.E0,1.E0));
#15156=DIRECTION('',(0.E0,-1.E0,0.E0));
#15157=AXIS2_PLACEMENT_3D('',#15154,#15155,#15156);
#15158=PLANE('261303',#15157);
#15159=ORIENTED_EDGE('262288',*,*,#14959,.T.);
#15160=ORIENTED_EDGE('262310',*,*,#15149,.F.);
#15161=ORIENTED_EDGE('262299',*,*,#15066,.T.);
#15163=ORIENTED_EDGE('262309',*,*,#15162,.T.);
#15164=EDGE_LOOP('261303',(#15159,#15160,#15161,#15163));
#15165=FACE_OUTER_BOUND('261303',#15164,.F.);
#15166=ADVANCED_FACE('261303',(#15165),#15158,.F.);
#15167=CARTESIAN_POINT('',(5.E-1,-4.949999613052E0,5.75E-1));
#15168=DIRECTION('',(0.E0,-1.E0,0.E0));
#15169=DIRECTION('',(0.E0,0.E0,1.E0));
#15170=AXIS2_PLACEMENT_3D('',#15167,#15168,#15169);
#15171=PLANE('261302',#15170);
#15172=ORIENTED_EDGE('262287',*,*,#14961,.T.);
#15173=ORIENTED_EDGE('262309',*,*,#15162,.F.);
#15174=ORIENTED_EDGE('262300',*,*,#15064,.T.);
#15176=ORIENTED_EDGE('262308',*,*,#15175,.T.);
#15177=EDGE_LOOP('261302',(#15172,#15173,#15174,#15176));
#15178=FACE_OUTER_BOUND('261302',#15177,.F.);
#15179=ADVANCED_FACE('261302',(#15178),#15171,.T.);
#15180=CARTESIAN_POINT('',(5.E-1,-4.655110613052E0,7.E-1));
#15181=DIRECTION('',(0.E0,0.E0,1.E0));
#15182=DIRECTION('',(0.E0,1.E0,0.E0));
#15183=AXIS2_PLACEMENT_3D('',#15180,#15181,#15182);
#15184=PLANE('261301',#15183);
#15185=ORIENTED_EDGE('262286',*,*,#14963,.T.);
#15186=ORIENTED_EDGE('262308',*,*,#15175,.F.);
#15187=ORIENTED_EDGE('262301',*,*,#15062,.T.);
#15189=ORIENTED_EDGE('262307',*,*,#15188,.T.);
#15190=EDGE_LOOP('261301',(#15185,#15186,#15187,#15189));
#15191=FACE_OUTER_BOUND('261301',#15190,.F.);
#15192=ADVANCED_FACE('261301',(#15191),#15184,.T.);
#15193=CARTESIAN_POINT('',(5.E-1,-3.794977613052E0,8.52578E-1));
#15194=DIRECTION('',(0.E0,-2.606055482898E-1,9.654453626180E-1));
#15195=DIRECTION('',(0.E0,9.654453626180E-1,2.606055482898E-1));
#15196=AXIS2_PLACEMENT_3D('',#15193,#15194,#15195);
#15197=PLANE('261300',#15196);
#15198=ORIENTED_EDGE('262285',*,*,#14965,.F.);
#15199=ORIENTED_EDGE('262307',*,*,#15188,.F.);
#15200=ORIENTED_EDGE('262302',*,*,#15060,.F.);
#15202=ORIENTED_EDGE('262306',*,*,#15201,.T.);
#15203=EDGE_LOOP('261300',(#15198,#15199,#15200,#15202));
#15204=FACE_OUTER_BOUND('261300',#15203,.F.);
#15205=ADVANCED_FACE('261300',(#15204),#15197,.T.);
#15206=CARTESIAN_POINT('',(5.E-1,-2.790159113052E0,8.52578E-1));
#15207=DIRECTION('',(0.E0,3.279118890793E-1,9.447083110677E-1));
#15208=DIRECTION('',(0.E0,9.447083110677E-1,-3.279118890793E-1));
#15209=AXIS2_PLACEMENT_3D('',#15206,#15207,#15208);
#15210=PLANE('261299',#15209);
#15211=ORIENTED_EDGE('262284',*,*,#14967,.F.);
#15212=ORIENTED_EDGE('262306',*,*,#15201,.F.);
#15213=ORIENTED_EDGE('262303',*,*,#15058,.F.);
#15215=ORIENTED_EDGE('262304',*,*,#15214,.T.);
#15216=EDGE_LOOP('261299',(#15211,#15212,#15213,#15215));
#15217=FACE_OUTER_BOUND('261299',#15216,.F.);
#15218=ADVANCED_FACE('261299',(#15217),#15210,.T.);
#15219=CARTESIAN_POINT('',(5.E-1,-1.975292306526E0,7.E-1));
#15220=DIRECTION('',(0.E0,0.E0,1.E0));
#15221=DIRECTION('',(0.E0,1.E0,0.E0));
#15222=AXIS2_PLACEMENT_3D('',#15219,#15220,#15221);
#15223=PLANE('261296',#15222);
#15224=ORIENTED_EDGE('262864',*,*,#14969,.T.);
#15225=ORIENTED_EDGE('262304',*,*,#15214,.F.);
#15226=ORIENTED_EDGE('262868',*,*,#15056,.T.);
#15227=ORIENTED_EDGE('263118',*,*,#8010,.F.);
#15228=EDGE_LOOP('261296',(#15224,#15225,#15226,#15227));
#15229=FACE_OUTER_BOUND('261296',#15228,.F.);
#15230=ADVANCED_FACE('261296',(#15229),#15223,.T.);
#15231=CARTESIAN_POINT('',(5.E-1,-8.238085532088E-2,-1.521007189508E0));
#15232=DIRECTION('',(0.E0,-9.233055025502E-1,-3.840663340628E-1));
#15233=DIRECTION('',(0.E0,3.840663340628E-1,-9.233055025502E-1));
#15234=AXIS2_PLACEMENT_3D('',#15231,#15232,#15233);
#15235=PLANE('261292',#15234);
#15236=ORIENTED_EDGE('263128',*,*,#9221,.T.);
#15237=ORIENTED_EDGE('263131',*,*,#14985,.F.);
#15239=ORIENTED_EDGE('262293',*,*,#15238,.F.);
#15240=ORIENTED_EDGE('263133',*,*,#15081,.F.);
#15241=EDGE_LOOP('261292',(#15236,#15237,#15239,#15240));
#15242=FACE_OUTER_BOUND('261292',#15241,.F.);
#15243=ADVANCED_FACE('261292',(#15242),#15235,.F.);
#15244=CARTESIAN_POINT('',(5.E-1,-6.181115239011E-1,-5.486247612927E-1));
#15245=DIRECTION('',(0.E0,-7.808198804470E-1,6.247562038898E-1));
#15246=DIRECTION('',(0.E0,6.247562038898E-1,7.808198804470E-1));
#15247=AXIS2_PLACEMENT_3D('',#15244,#15245,#15246);
#15248=PLANE('261293',#15247);
#15249=ORIENTED_EDGE('262282',*,*,#14983,.F.);
#15251=ORIENTED_EDGE('262294',*,*,#15250,.F.);
#15252=ORIENTED_EDGE('262295',*,*,#15083,.F.);
#15253=ORIENTED_EDGE('262293',*,*,#15238,.T.);
#15254=EDGE_LOOP('261293',(#15249,#15251,#15252,#15253));
#15255=FACE_OUTER_BOUND('261293',#15254,.F.);
#15256=ADVANCED_FACE('261293',(#15255),#15248,.T.);
#15257=CARTESIAN_POINT('',(5.E-1,-2.530173178130E-1,-1.752161209975E0));
#15258=DIRECTION('',(0.E0,-9.245840358476E-1,-3.809781629644E-1));
#15259=DIRECTION('',(0.E0,-3.809781629644E-1,9.245840358476E-1));
#15260=AXIS2_PLACEMENT_3D('',#15257,#15258,#15259);
#15261=PLANE('261294',#15260);
#15262=ORIENTED_EDGE('263129',*,*,#9225,.T.);
#15263=ORIENTED_EDGE('263134',*,*,#15085,.F.);
#15264=ORIENTED_EDGE('262294',*,*,#15250,.T.);
#15265=ORIENTED_EDGE('263132',*,*,#14981,.F.);
#15266=EDGE_LOOP('261294',(#15262,#15263,#15264,#15265));
#15267=FACE_OUTER_BOUND('261294',#15266,.F.);
#15268=ADVANCED_FACE('261294',(#15267),#15261,.T.);
#15269=CARTESIAN_POINT('',(2.725E0,-1.874999806526E0,-7.388527693850E-2));
#15270=DIRECTION('',(-1.E0,0.E0,0.E0));
#15271=DIRECTION('',(0.E0,0.E0,-1.E0));
#15272=AXIS2_PLACEMENT_3D('',#15269,#15270,#15271);
#15273=PLANE('261269',#15272);
#15275=ORIENTED_EDGE('262846',*,*,#15274,.F.);
#15276=ORIENTED_EDGE('263105',*,*,#8512,.F.);
#15278=ORIENTED_EDGE('262850',*,*,#15277,.F.);
#15280=ORIENTED_EDGE('262849',*,*,#15279,.F.);
#15281=ORIENTED_EDGE('263099',*,*,#8271,.T.);
#15283=ORIENTED_EDGE('262851',*,*,#15282,.F.);
#15285=ORIENTED_EDGE('262252',*,*,#15284,.F.);
#15286=EDGE_LOOP('261269',(#15275,#15276,#15278,#15280,#15281,#15283,#15285));
#15287=FACE_OUTER_BOUND('261269',#15286,.F.);
#15288=ADVANCED_FACE('261269',(#15287),#15273,.F.);
#15289=CARTESIAN_POINT('',(2.725E0,-1.874999806526E0,-7.388527693850E-2));
#15290=DIRECTION('',(-1.E0,0.E0,0.E0));
#15291=DIRECTION('',(0.E0,0.E0,-1.E0));
#15292=AXIS2_PLACEMENT_3D('',#15289,#15290,#15291);
#15293=PLANE('261269',#15292);
#15295=ORIENTED_EDGE('262848',*,*,#15294,.F.);
#15297=ORIENTED_EDGE('262259',*,*,#15296,.T.);
#15299=ORIENTED_EDGE('262258',*,*,#15298,.T.);
#15301=ORIENTED_EDGE('262257',*,*,#15300,.F.);
#15303=ORIENTED_EDGE('262256',*,*,#15302,.F.);
#15305=ORIENTED_EDGE('262255',*,*,#15304,.F.);
#15307=ORIENTED_EDGE('262254',*,*,#15306,.T.);
#15309=ORIENTED_EDGE('262253',*,*,#15308,.T.);
#15311=ORIENTED_EDGE('262852',*,*,#15310,.F.);
#15312=ORIENTED_EDGE('263095',*,*,#8018,.F.);
#15313=EDGE_LOOP('261269',(#15295,#15297,#15299,#15301,#15303,#15305,#15307,
#15309,#15311,#15312));
#15314=FACE_OUTER_BOUND('261269',#15313,.F.);
#15315=ADVANCED_FACE('261269',(#15314),#15293,.F.);
#15316=CARTESIAN_POINT('',(2.725E0,-1.874999806526E0,-7.388527693850E-2));
#15317=DIRECTION('',(-1.E0,0.E0,0.E0));
#15318=DIRECTION('',(0.E0,0.E0,-1.E0));
#15319=AXIS2_PLACEMENT_3D('',#15316,#15317,#15318);
#15320=PLANE('261269',#15319);
#15321=ORIENTED_EDGE('263107',*,*,#9229,.T.);
#15323=ORIENTED_EDGE('263112',*,*,#15322,.T.);
#15325=ORIENTED_EDGE('262251',*,*,#15324,.T.);
#15327=ORIENTED_EDGE('263111',*,*,#15326,.T.);
#15328=EDGE_LOOP('261269',(#15321,#15323,#15325,#15327));
#15329=FACE_OUTER_BOUND('261269',#15328,.F.);
#15330=ADVANCED_FACE('261269',(#15329),#15320,.F.);
#15331=CARTESIAN_POINT('',(2.5E0,1.2E0,-7.388527693620E-2));
#15332=DIRECTION('',(0.E0,-1.E0,0.E0));
#15333=DIRECTION('',(0.E0,0.E0,-1.E0));
#15334=AXIS2_PLACEMENT_3D('',#15331,#15332,#15333);
#15335=PLANE('261268',#15334);
#15336=ORIENTED_EDGE('262846',*,*,#15274,.T.);
#15338=ORIENTED_EDGE('262250',*,*,#15337,.F.);
#15340=ORIENTED_EDGE('262847',*,*,#15339,.T.);
#15341=ORIENTED_EDGE('263104',*,*,#8514,.T.);
#15342=EDGE_LOOP('261268',(#15336,#15338,#15340,#15341));
#15343=FACE_OUTER_BOUND('261268',#15342,.F.);
#15344=ADVANCED_FACE('261268',(#15343),#15335,.F.);
#15345=CARTESIAN_POINT('',(2.5E0,-2.E-1,2.7E0));
#15346=DIRECTION('',(0.E0,0.E0,1.E0));
#15347=DIRECTION('',(0.E0,1.E0,0.E0));
#15348=AXIS2_PLACEMENT_3D('',#15345,#15346,#15347);
#15349=PLANE('261279',#15348);
#15350=ORIENTED_EDGE('262252',*,*,#15284,.T.);
#15352=ORIENTED_EDGE('262274',*,*,#15351,.T.);
#15354=ORIENTED_EDGE('262265',*,*,#15353,.T.);
#15355=ORIENTED_EDGE('262250',*,*,#15337,.T.);
#15356=EDGE_LOOP('261279',(#15350,#15352,#15354,#15355));
#15357=FACE_OUTER_BOUND('261279',#15356,.F.);
#15358=ADVANCED_FACE('261279',(#15357),#15349,.T.);
#15359=CARTESIAN_POINT('',(2.5E0,-1.6E0,1.7E0));
#15360=DIRECTION('',(0.E0,-1.E0,0.E0));
#15361=DIRECTION('',(0.E0,0.E0,1.E0));
#15362=AXIS2_PLACEMENT_3D('',#15359,#15360,#15361);
#15363=PLANE('261278',#15362);
#15364=ORIENTED_EDGE('262851',*,*,#15282,.T.);
#15365=ORIENTED_EDGE('263102',*,*,#8277,.T.);
#15367=ORIENTED_EDGE('262857',*,*,#15366,.T.);
#15368=ORIENTED_EDGE('262274',*,*,#15351,.F.);
#15369=EDGE_LOOP('261278',(#15364,#15365,#15367,#15368));
#15370=FACE_OUTER_BOUND('261278',#15369,.F.);
#15371=ADVANCED_FACE('261278',(#15370),#15363,.T.);
#15372=CARTESIAN_POINT('',(2.275E0,-1.874999806526E0,-7.388527693595E-2));
#15373=DIRECTION('',(-1.E0,0.E0,0.E0));
#15374=DIRECTION('',(0.E0,0.E0,1.E0));
#15375=AXIS2_PLACEMENT_3D('',#15372,#15373,#15374);
#15376=PLANE('261276',#15375);
#15377=ORIENTED_EDGE('262847',*,*,#15339,.F.);
#15378=ORIENTED_EDGE('262265',*,*,#15353,.F.);
#15379=ORIENTED_EDGE('262857',*,*,#15366,.F.);
#15380=ORIENTED_EDGE('263101',*,*,#8275,.F.);
#15382=ORIENTED_EDGE('262854',*,*,#15381,.F.);
#15384=ORIENTED_EDGE('262855',*,*,#15383,.F.);
#15385=ORIENTED_EDGE('263106',*,*,#8516,.F.);
#15386=EDGE_LOOP('261276',(#15377,#15378,#15379,#15380,#15382,#15384,#15385));
#15387=FACE_OUTER_BOUND('261276',#15386,.F.);
#15388=ADVANCED_FACE('261276',(#15387),#15376,.T.);
#15389=CARTESIAN_POINT('',(2.275E0,-1.874999806526E0,-7.388527693595E-2));
#15390=DIRECTION('',(-1.E0,0.E0,0.E0));
#15391=DIRECTION('',(0.E0,0.E0,1.E0));
#15392=AXIS2_PLACEMENT_3D('',#15389,#15390,#15391);
#15393=PLANE('261276',#15392);
#15395=ORIENTED_EDGE('262853',*,*,#15394,.F.);
#15396=ORIENTED_EDGE('263097',*,*,#8022,.T.);
#15398=ORIENTED_EDGE('262856',*,*,#15397,.F.);
#15400=ORIENTED_EDGE('262272',*,*,#15399,.T.);
#15402=ORIENTED_EDGE('262271',*,*,#15401,.T.);
#15404=ORIENTED_EDGE('262270',*,*,#15403,.F.);
#15406=ORIENTED_EDGE('262269',*,*,#15405,.F.);
#15408=ORIENTED_EDGE('262268',*,*,#15407,.F.);
#15410=ORIENTED_EDGE('262267',*,*,#15409,.T.);
#15412=ORIENTED_EDGE('262266',*,*,#15411,.T.);
#15413=EDGE_LOOP('261276',(#15395,#15396,#15398,#15400,#15402,#15404,#15406,
#15408,#15410,#15412));
#15414=FACE_OUTER_BOUND('261276',#15413,.F.);
#15415=ADVANCED_FACE('261276',(#15414),#15393,.T.);
#15416=CARTESIAN_POINT('',(2.275E0,-1.874999806526E0,-7.388527693595E-2));
#15417=DIRECTION('',(-1.E0,0.E0,0.E0));
#15418=DIRECTION('',(0.E0,0.E0,1.E0));
#15419=AXIS2_PLACEMENT_3D('',#15416,#15417,#15418);
#15420=PLANE('261276',#15419);
#15421=ORIENTED_EDGE('263110',*,*,#9233,.F.);
#15423=ORIENTED_EDGE('263113',*,*,#15422,.T.);
#15425=ORIENTED_EDGE('262264',*,*,#15424,.T.);
#15427=ORIENTED_EDGE('263114',*,*,#15426,.T.);
#15428=EDGE_LOOP('261276',(#15421,#15423,#15425,#15427));
#15429=FACE_OUTER_BOUND('261276',#15428,.F.);
#15430=ADVANCED_FACE('261276',(#15429),#15420,.T.);
#15431=CARTESIAN_POINT('',(2.5E0,-1.35E0,1.45E0));
#15432=DIRECTION('',(0.E0,-1.E0,0.E0));
#15433=DIRECTION('',(0.E0,0.E0,-1.E0));
#15434=AXIS2_PLACEMENT_3D('',#15431,#15432,#15433);
#15435=PLANE('261271',#15434);
#15436=ORIENTED_EDGE('262849',*,*,#15279,.T.);
#15438=ORIENTED_EDGE('262261',*,*,#15437,.F.);
#15439=ORIENTED_EDGE('262854',*,*,#15381,.T.);
#15440=ORIENTED_EDGE('263100',*,*,#8273,.T.);
#15441=EDGE_LOOP('261271',(#15436,#15438,#15439,#15440));
#15442=FACE_OUTER_BOUND('261271',#15441,.F.);
#15443=ADVANCED_FACE('261271',(#15442),#15435,.F.);
#15444=CARTESIAN_POINT('',(2.5E0,-2.E-1,2.45E0));
#15445=DIRECTION('',(0.E0,0.E0,1.E0));
#15446=DIRECTION('',(0.E0,-1.E0,0.E0));
#15447=AXIS2_PLACEMENT_3D('',#15444,#15445,#15446);
#15448=PLANE('261272',#15447);
#15449=ORIENTED_EDGE('262850',*,*,#15277,.T.);
#15450=ORIENTED_EDGE('263103',*,*,#8418,.F.);
#15451=ORIENTED_EDGE('262855',*,*,#15383,.T.);
#15452=ORIENTED_EDGE('262261',*,*,#15437,.T.);
#15453=EDGE_LOOP('261272',(#15449,#15450,#15451,#15452));
#15454=FACE_OUTER_BOUND('261272',#15453,.F.);
#15455=ADVANCED_FACE('261272',(#15454),#15448,.F.);
#15456=CARTESIAN_POINT('',(2.5E0,-1.871369306526E0,4.5E-1));
#15457=DIRECTION('',(0.E0,0.E0,1.E0));
#15458=DIRECTION('',(0.E0,-1.E0,0.E0));
#15459=AXIS2_PLACEMENT_3D('',#15456,#15457,#15458);
#15460=PLANE('261270',#15459);
#15461=ORIENTED_EDGE('262848',*,*,#15294,.T.);
#15462=ORIENTED_EDGE('263096',*,*,#8024,.F.);
#15463=ORIENTED_EDGE('262853',*,*,#15394,.T.);
#15465=ORIENTED_EDGE('262260',*,*,#15464,.F.);
#15466=EDGE_LOOP('261270',(#15461,#15462,#15463,#15465));
#15467=FACE_OUTER_BOUND('261270',#15466,.F.);
#15468=ADVANCED_FACE('261270',(#15467),#15460,.F.);
#15469=CARTESIAN_POINT('',(2.5E0,-2.815841613052E0,5.96861E-1));
#15470=DIRECTION('',(0.E0,3.279125287755E-1,9.447080890265E-1));
#15471=DIRECTION('',(0.E0,-9.447080890265E-1,3.279125287755E-1));
#15472=AXIS2_PLACEMENT_3D('',#15469,#15470,#15471);
#15473=PLANE('261286',#15472);
#15474=ORIENTED_EDGE('262259',*,*,#15296,.F.);
#15475=ORIENTED_EDGE('262260',*,*,#15464,.T.);
#15476=ORIENTED_EDGE('262266',*,*,#15411,.F.);
#15478=ORIENTED_EDGE('262280',*,*,#15477,.T.);
#15479=EDGE_LOOP('261286',(#15474,#15475,#15476,#15478));
#15480=FACE_OUTER_BOUND('261286',#15479,.F.);
#15481=ADVANCED_FACE('261286',(#15480),#15473,.F.);
#15482=CARTESIAN_POINT('',(2.5E0,-3.783008613052E0,5.968609999999E-1));
#15483=DIRECTION('',(0.E0,-2.606058470267E-1,9.654452819790E-1));
#15484=DIRECTION('',(0.E0,-9.654452819790E-1,-2.606058470267E-1));
#15485=AXIS2_PLACEMENT_3D('',#15482,#15483,#15484);
#15486=PLANE('261285',#15485);
#15487=ORIENTED_EDGE('262258',*,*,#15298,.F.);
#15488=ORIENTED_EDGE('262280',*,*,#15477,.F.);
#15489=ORIENTED_EDGE('262267',*,*,#15409,.F.);
#15491=ORIENTED_EDGE('262279',*,*,#15490,.T.);
#15492=EDGE_LOOP('261285',(#15487,#15488,#15489,#15491));
#15493=FACE_OUTER_BOUND('261285',#15492,.F.);
#15494=ADVANCED_FACE('261285',(#15493),#15486,.F.);
#15495=CARTESIAN_POINT('',(2.5E0,-4.638536113052E0,4.5E-1));
#15496=DIRECTION('',(0.E0,0.E0,1.E0));
#15497=DIRECTION('',(0.E0,-1.E0,0.E0));
#15498=AXIS2_PLACEMENT_3D('',#15495,#15496,#15497);
#15499=PLANE('261284',#15498);
#15500=ORIENTED_EDGE('262257',*,*,#15300,.T.);
#15501=ORIENTED_EDGE('262279',*,*,#15490,.F.);
#15502=ORIENTED_EDGE('262268',*,*,#15407,.T.);
#15504=ORIENTED_EDGE('262278',*,*,#15503,.T.);
#15505=EDGE_LOOP('261284',(#15500,#15501,#15502,#15504));
#15506=FACE_OUTER_BOUND('261284',#15505,.F.);
#15507=ADVANCED_FACE('261284',(#15506),#15499,.F.);
#15508=CARTESIAN_POINT('',(2.5E0,-4.949999613052E0,5.75E-1));
#15509=DIRECTION('',(0.E0,-1.E0,0.E0));
#15510=DIRECTION('',(0.E0,0.E0,1.E0));
#15511=AXIS2_PLACEMENT_3D('',#15508,#15509,#15510);
#15512=PLANE('261283',#15511);
#15513=ORIENTED_EDGE('262256',*,*,#15302,.T.);
#15514=ORIENTED_EDGE('262278',*,*,#15503,.F.);
#15515=ORIENTED_EDGE('262269',*,*,#15405,.T.);
#15517=ORIENTED_EDGE('262277',*,*,#15516,.T.);
#15518=EDGE_LOOP('261283',(#15513,#15514,#15515,#15517));
#15519=FACE_OUTER_BOUND('261283',#15518,.F.);
#15520=ADVANCED_FACE('261283',(#15519),#15512,.T.);
#15521=CARTESIAN_POINT('',(2.5E0,-4.655110613052E0,7.E-1));
#15522=DIRECTION('',(0.E0,0.E0,1.E0));
#15523=DIRECTION('',(0.E0,1.E0,0.E0));
#15524=AXIS2_PLACEMENT_3D('',#15521,#15522,#15523);
#15525=PLANE('261282',#15524);
#15526=ORIENTED_EDGE('262255',*,*,#15304,.T.);
#15527=ORIENTED_EDGE('262277',*,*,#15516,.F.);
#15528=ORIENTED_EDGE('262270',*,*,#15403,.T.);
#15530=ORIENTED_EDGE('262276',*,*,#15529,.T.);
#15531=EDGE_LOOP('261282',(#15526,#15527,#15528,#15530));
#15532=FACE_OUTER_BOUND('261282',#15531,.F.);
#15533=ADVANCED_FACE('261282',(#15532),#15525,.T.);
#15534=CARTESIAN_POINT('',(2.5E0,-3.794977613052E0,8.52578E-1));
#15535=DIRECTION('',(0.E0,-2.606055482898E-1,9.654453626180E-1));
#15536=DIRECTION('',(0.E0,9.654453626180E-1,2.606055482898E-1));
#15537=AXIS2_PLACEMENT_3D('',#15534,#15535,#15536);
#15538=PLANE('261281',#15537);
#15539=ORIENTED_EDGE('262254',*,*,#15306,.F.);
#15540=ORIENTED_EDGE('262276',*,*,#15529,.F.);
#15541=ORIENTED_EDGE('262271',*,*,#15401,.F.);
#15543=ORIENTED_EDGE('262275',*,*,#15542,.T.);
#15544=EDGE_LOOP('261281',(#15539,#15540,#15541,#15543));
#15545=FACE_OUTER_BOUND('261281',#15544,.F.);
#15546=ADVANCED_FACE('261281',(#15545),#15538,.T.);
#15547=CARTESIAN_POINT('',(2.5E0,-2.790159113052E0,8.52578E-1));
#15548=DIRECTION('',(0.E0,3.279118890793E-1,9.447083110677E-1));
#15549=DIRECTION('',(0.E0,9.447083110677E-1,-3.279118890793E-1));
#15550=AXIS2_PLACEMENT_3D('',#15547,#15548,#15549);
#15551=PLANE('261280',#15550);
#15552=ORIENTED_EDGE('262253',*,*,#15308,.F.);
#15553=ORIENTED_EDGE('262275',*,*,#15542,.F.);
#15554=ORIENTED_EDGE('262272',*,*,#15399,.F.);
#15556=ORIENTED_EDGE('262273',*,*,#15555,.T.);
#15557=EDGE_LOOP('261280',(#15552,#15553,#15554,#15556));
#15558=FACE_OUTER_BOUND('261280',#15557,.F.);
#15559=ADVANCED_FACE('261280',(#15558),#15551,.T.);
#15560=CARTESIAN_POINT('',(2.5E0,-1.975292306526E0,7.E-1));
#15561=DIRECTION('',(0.E0,0.E0,1.E0));
#15562=DIRECTION('',(0.E0,1.E0,0.E0));
#15563=AXIS2_PLACEMENT_3D('',#15560,#15561,#15562);
#15564=PLANE('261277',#15563);
#15565=ORIENTED_EDGE('262852',*,*,#15310,.T.);
#15566=ORIENTED_EDGE('262273',*,*,#15555,.F.);
#15567=ORIENTED_EDGE('262856',*,*,#15397,.T.);
#15568=ORIENTED_EDGE('263098',*,*,#8020,.F.);
#15569=EDGE_LOOP('261277',(#15565,#15566,#15567,#15568));
#15570=FACE_OUTER_BOUND('261277',#15569,.F.);
#15571=ADVANCED_FACE('261277',(#15570),#15564,.T.);
#15572=CARTESIAN_POINT('',(2.5E0,-8.238085532088E-2,-1.521007189508E0));
#15573=DIRECTION('',(0.E0,-9.233055025502E-1,-3.840663340628E-1));
#15574=DIRECTION('',(0.E0,3.840663340628E-1,-9.233055025502E-1));
#15575=AXIS2_PLACEMENT_3D('',#15572,#15573,#15574);
#15576=PLANE('261273',#15575);
#15577=ORIENTED_EDGE('263108',*,*,#9231,.T.);
#15578=ORIENTED_EDGE('263111',*,*,#15326,.F.);
#15580=ORIENTED_EDGE('262262',*,*,#15579,.F.);
#15581=ORIENTED_EDGE('263113',*,*,#15422,.F.);
#15582=EDGE_LOOP('261273',(#15577,#15578,#15580,#15581));
#15583=FACE_OUTER_BOUND('261273',#15582,.F.);
#15584=ADVANCED_FACE('261273',(#15583),#15576,.F.);
#15585=CARTESIAN_POINT('',(2.5E0,-6.181115239011E-1,-5.486247612927E-1));
#15586=DIRECTION('',(0.E0,-7.808198804470E-1,6.247562038898E-1));
#15587=DIRECTION('',(0.E0,6.247562038898E-1,7.808198804470E-1));
#15588=AXIS2_PLACEMENT_3D('',#15585,#15586,#15587);
#15589=PLANE('261274',#15588);
#15590=ORIENTED_EDGE('262251',*,*,#15324,.F.);
#15592=ORIENTED_EDGE('262263',*,*,#15591,.F.);
#15593=ORIENTED_EDGE('262264',*,*,#15424,.F.);
#15594=ORIENTED_EDGE('262262',*,*,#15579,.T.);
#15595=EDGE_LOOP('261274',(#15590,#15592,#15593,#15594));
#15596=FACE_OUTER_BOUND('261274',#15595,.F.);
#15597=ADVANCED_FACE('261274',(#15596),#15589,.T.);
#15598=CARTESIAN_POINT('',(2.5E0,-2.530173178130E-1,-1.752161209975E0));
#15599=DIRECTION('',(0.E0,-9.245840358476E-1,-3.809781629644E-1));
#15600=DIRECTION('',(0.E0,-3.809781629644E-1,9.245840358476E-1));
#15601=AXIS2_PLACEMENT_3D('',#15598,#15599,#15600);
#15602=PLANE('261275',#15601);
#15603=ORIENTED_EDGE('263109',*,*,#9235,.T.);
#15604=ORIENTED_EDGE('263114',*,*,#15426,.F.);
#15605=ORIENTED_EDGE('262263',*,*,#15591,.T.);
#15606=ORIENTED_EDGE('263112',*,*,#15322,.F.);
#15607=EDGE_LOOP('261275',(#15603,#15604,#15605,#15606));
#15608=FACE_OUTER_BOUND('261275',#15607,.F.);
#15609=ADVANCED_FACE('261275',(#15608),#15602,.T.);
#15610=CARTESIAN_POINT('',(4.725E0,-1.874999806526E0,-7.388527693850E-2));
#15611=DIRECTION('',(-1.E0,0.E0,0.E0));
#15612=DIRECTION('',(0.E0,0.E0,-1.E0));
#15613=AXIS2_PLACEMENT_3D('',#15610,#15611,#15612);
#15614=PLANE('261250',#15613);
#15616=ORIENTED_EDGE('262834',*,*,#15615,.F.);
#15617=ORIENTED_EDGE('263085',*,*,#8498,.F.);
#15619=ORIENTED_EDGE('262838',*,*,#15618,.F.);
#15621=ORIENTED_EDGE('262837',*,*,#15620,.F.);
#15622=ORIENTED_EDGE('263079',*,*,#8281,.T.);
#15624=ORIENTED_EDGE('262839',*,*,#15623,.F.);
#15626=ORIENTED_EDGE('262221',*,*,#15625,.F.);
#15627=EDGE_LOOP('261250',(#15616,#15617,#15619,#15621,#15622,#15624,#15626));
#15628=FACE_OUTER_BOUND('261250',#15627,.F.);
#15629=ADVANCED_FACE('261250',(#15628),#15614,.F.);
#15630=CARTESIAN_POINT('',(4.725E0,-1.874999806526E0,-7.388527693850E-2));
#15631=DIRECTION('',(-1.E0,0.E0,0.E0));
#15632=DIRECTION('',(0.E0,0.E0,-1.E0));
#15633=AXIS2_PLACEMENT_3D('',#15630,#15631,#15632);
#15634=PLANE('261250',#15633);
#15636=ORIENTED_EDGE('262836',*,*,#15635,.F.);
#15638=ORIENTED_EDGE('262228',*,*,#15637,.T.);
#15640=ORIENTED_EDGE('262227',*,*,#15639,.T.);
#15642=ORIENTED_EDGE('262226',*,*,#15641,.F.);
#15644=ORIENTED_EDGE('262225',*,*,#15643,.F.);
#15646=ORIENTED_EDGE('262224',*,*,#15645,.F.);
#15648=ORIENTED_EDGE('262223',*,*,#15647,.T.);
#15650=ORIENTED_EDGE('262222',*,*,#15649,.T.);
#15652=ORIENTED_EDGE('262840',*,*,#15651,.F.);
#15653=ORIENTED_EDGE('263075',*,*,#8028,.F.);
#15654=EDGE_LOOP('261250',(#15636,#15638,#15640,#15642,#15644,#15646,#15648,
#15650,#15652,#15653));
#15655=FACE_OUTER_BOUND('261250',#15654,.F.);
#15656=ADVANCED_FACE('261250',(#15655),#15634,.F.);
#15657=CARTESIAN_POINT('',(4.725E0,-1.874999806526E0,-7.388527693850E-2));
#15658=DIRECTION('',(-1.E0,0.E0,0.E0));
#15659=DIRECTION('',(0.E0,0.E0,-1.E0));
#15660=AXIS2_PLACEMENT_3D('',#15657,#15658,#15659);
#15661=PLANE('261250',#15660);
#15662=ORIENTED_EDGE('263087',*,*,#9239,.T.);
#15664=ORIENTED_EDGE('263092',*,*,#15663,.T.);
#15666=ORIENTED_EDGE('262220',*,*,#15665,.T.);
#15668=ORIENTED_EDGE('263091',*,*,#15667,.T.);
#15669=EDGE_LOOP('261250',(#15662,#15664,#15666,#15668));
#15670=FACE_OUTER_BOUND('261250',#15669,.F.);
#15671=ADVANCED_FACE('261250',(#15670),#15661,.F.);
#15672=CARTESIAN_POINT('',(4.5E0,1.2E0,-7.388527693620E-2));
#15673=DIRECTION('',(0.E0,-1.E0,0.E0));
#15674=DIRECTION('',(0.E0,0.E0,-1.E0));
#15675=AXIS2_PLACEMENT_3D('',#15672,#15673,#15674);
#15676=PLANE('261249',#15675);
#15677=ORIENTED_EDGE('262834',*,*,#15615,.T.);
#15679=ORIENTED_EDGE('262219',*,*,#15678,.F.);
#15681=ORIENTED_EDGE('262835',*,*,#15680,.T.);
#15682=ORIENTED_EDGE('263084',*,*,#8500,.T.);
#15683=EDGE_LOOP('261249',(#15677,#15679,#15681,#15682));
#15684=FACE_OUTER_BOUND('261249',#15683,.F.);
#15685=ADVANCED_FACE('261249',(#15684),#15676,.F.);
#15686=CARTESIAN_POINT('',(4.5E0,-2.E-1,2.7E0));
#15687=DIRECTION('',(0.E0,0.E0,1.E0));
#15688=DIRECTION('',(0.E0,1.E0,0.E0));
#15689=AXIS2_PLACEMENT_3D('',#15686,#15687,#15688);
#15690=PLANE('261260',#15689);
#15691=ORIENTED_EDGE('262221',*,*,#15625,.T.);
#15693=ORIENTED_EDGE('262243',*,*,#15692,.T.);
#15695=ORIENTED_EDGE('262234',*,*,#15694,.T.);
#15696=ORIENTED_EDGE('262219',*,*,#15678,.T.);
#15697=EDGE_LOOP('261260',(#15691,#15693,#15695,#15696));
#15698=FACE_OUTER_BOUND('261260',#15697,.F.);
#15699=ADVANCED_FACE('261260',(#15698),#15690,.T.);
#15700=CARTESIAN_POINT('',(4.5E0,-1.6E0,1.7E0));
#15701=DIRECTION('',(0.E0,-1.E0,0.E0));
#15702=DIRECTION('',(0.E0,0.E0,1.E0));
#15703=AXIS2_PLACEMENT_3D('',#15700,#15701,#15702);
#15704=PLANE('261259',#15703);
#15705=ORIENTED_EDGE('262839',*,*,#15623,.T.);
#15706=ORIENTED_EDGE('263082',*,*,#8287,.T.);
#15708=ORIENTED_EDGE('262845',*,*,#15707,.T.);
#15709=ORIENTED_EDGE('262243',*,*,#15692,.F.);
#15710=EDGE_LOOP('261259',(#15705,#15706,#15708,#15709));
#15711=FACE_OUTER_BOUND('261259',#15710,.F.);
#15712=ADVANCED_FACE('261259',(#15711),#15704,.T.);
#15713=CARTESIAN_POINT('',(4.275E0,-1.874999806526E0,-7.388527693595E-2));
#15714=DIRECTION('',(-1.E0,0.E0,0.E0));
#15715=DIRECTION('',(0.E0,0.E0,1.E0));
#15716=AXIS2_PLACEMENT_3D('',#15713,#15714,#15715);
#15717=PLANE('261257',#15716);
#15718=ORIENTED_EDGE('262835',*,*,#15680,.F.);
#15719=ORIENTED_EDGE('262234',*,*,#15694,.F.);
#15720=ORIENTED_EDGE('262845',*,*,#15707,.F.);
#15721=ORIENTED_EDGE('263081',*,*,#8285,.F.);
#15723=ORIENTED_EDGE('262842',*,*,#15722,.F.);
#15725=ORIENTED_EDGE('262843',*,*,#15724,.F.);
#15726=ORIENTED_EDGE('263086',*,*,#8502,.F.);
#15727=EDGE_LOOP('261257',(#15718,#15719,#15720,#15721,#15723,#15725,#15726));
#15728=FACE_OUTER_BOUND('261257',#15727,.F.);
#15729=ADVANCED_FACE('261257',(#15728),#15717,.T.);
#15730=CARTESIAN_POINT('',(4.275E0,-1.874999806526E0,-7.388527693595E-2));
#15731=DIRECTION('',(-1.E0,0.E0,0.E0));
#15732=DIRECTION('',(0.E0,0.E0,1.E0));
#15733=AXIS2_PLACEMENT_3D('',#15730,#15731,#15732);
#15734=PLANE('261257',#15733);
#15736=ORIENTED_EDGE('262841',*,*,#15735,.F.);
#15737=ORIENTED_EDGE('263077',*,*,#8032,.T.);
#15739=ORIENTED_EDGE('262844',*,*,#15738,.F.);
#15741=ORIENTED_EDGE('262241',*,*,#15740,.T.);
#15743=ORIENTED_EDGE('262240',*,*,#15742,.T.);
#15745=ORIENTED_EDGE('262239',*,*,#15744,.F.);
#15747=ORIENTED_EDGE('262238',*,*,#15746,.F.);
#15749=ORIENTED_EDGE('262237',*,*,#15748,.F.);
#15751=ORIENTED_EDGE('262236',*,*,#15750,.T.);
#15753=ORIENTED_EDGE('262235',*,*,#15752,.T.);
#15754=EDGE_LOOP('261257',(#15736,#15737,#15739,#15741,#15743,#15745,#15747,
#15749,#15751,#15753));
#15755=FACE_OUTER_BOUND('261257',#15754,.F.);
#15756=ADVANCED_FACE('261257',(#15755),#15734,.T.);
#15757=CARTESIAN_POINT('',(4.275E0,-1.874999806526E0,-7.388527693595E-2));
#15758=DIRECTION('',(-1.E0,0.E0,0.E0));
#15759=DIRECTION('',(0.E0,0.E0,1.E0));
#15760=AXIS2_PLACEMENT_3D('',#15757,#15758,#15759);
#15761=PLANE('261257',#15760);
#15762=ORIENTED_EDGE('263090',*,*,#9243,.F.);
#15764=ORIENTED_EDGE('263093',*,*,#15763,.T.);
#15766=ORIENTED_EDGE('262233',*,*,#15765,.T.);
#15768=ORIENTED_EDGE('263094',*,*,#15767,.T.);
#15769=EDGE_LOOP('261257',(#15762,#15764,#15766,#15768));
#15770=FACE_OUTER_BOUND('261257',#15769,.F.);
#15771=ADVANCED_FACE('261257',(#15770),#15761,.T.);
#15772=CARTESIAN_POINT('',(4.5E0,-1.35E0,1.45E0));
#15773=DIRECTION('',(0.E0,-1.E0,0.E0));
#15774=DIRECTION('',(0.E0,0.E0,-1.E0));
#15775=AXIS2_PLACEMENT_3D('',#15772,#15773,#15774);
#15776=PLANE('261252',#15775);
#15777=ORIENTED_EDGE('262837',*,*,#15620,.T.);
#15779=ORIENTED_EDGE('262230',*,*,#15778,.F.);
#15780=ORIENTED_EDGE('262842',*,*,#15722,.T.);
#15781=ORIENTED_EDGE('263080',*,*,#8283,.T.);
#15782=EDGE_LOOP('261252',(#15777,#15779,#15780,#15781));
#15783=FACE_OUTER_BOUND('261252',#15782,.F.);
#15784=ADVANCED_FACE('261252',(#15783),#15776,.F.);
#15785=CARTESIAN_POINT('',(4.5E0,-2.E-1,2.45E0));
#15786=DIRECTION('',(0.E0,0.E0,1.E0));
#15787=DIRECTION('',(0.E0,-1.E0,0.E0));
#15788=AXIS2_PLACEMENT_3D('',#15785,#15786,#15787);
#15789=PLANE('261253',#15788);
#15790=ORIENTED_EDGE('262838',*,*,#15618,.T.);
#15791=ORIENTED_EDGE('263083',*,*,#8426,.F.);
#15792=ORIENTED_EDGE('262843',*,*,#15724,.T.);
#15793=ORIENTED_EDGE('262230',*,*,#15778,.T.);
#15794=EDGE_LOOP('261253',(#15790,#15791,#15792,#15793));
#15795=FACE_OUTER_BOUND('261253',#15794,.F.);
#15796=ADVANCED_FACE('261253',(#15795),#15789,.F.);
#15797=CARTESIAN_POINT('',(4.5E0,-1.871369306526E0,4.5E-1));
#15798=DIRECTION('',(0.E0,0.E0,1.E0));
#15799=DIRECTION('',(0.E0,-1.E0,0.E0));
#15800=AXIS2_PLACEMENT_3D('',#15797,#15798,#15799);
#15801=PLANE('261251',#15800);
#15802=ORIENTED_EDGE('262836',*,*,#15635,.T.);
#15803=ORIENTED_EDGE('263076',*,*,#8034,.F.);
#15804=ORIENTED_EDGE('262841',*,*,#15735,.T.);
#15806=ORIENTED_EDGE('262229',*,*,#15805,.F.);
#15807=EDGE_LOOP('261251',(#15802,#15803,#15804,#15806));
#15808=FACE_OUTER_BOUND('261251',#15807,.F.);
#15809=ADVANCED_FACE('261251',(#15808),#15801,.F.);
#15810=CARTESIAN_POINT('',(4.5E0,-2.815841613052E0,5.96861E-1));
#15811=DIRECTION('',(0.E0,3.279125287755E-1,9.447080890265E-1));
#15812=DIRECTION('',(0.E0,-9.447080890265E-1,3.279125287755E-1));
#15813=AXIS2_PLACEMENT_3D('',#15810,#15811,#15812);
#15814=PLANE('261267',#15813);
#15815=ORIENTED_EDGE('262228',*,*,#15637,.F.);
#15816=ORIENTED_EDGE('262229',*,*,#15805,.T.);
#15817=ORIENTED_EDGE('262235',*,*,#15752,.F.);
#15819=ORIENTED_EDGE('262249',*,*,#15818,.T.);
#15820=EDGE_LOOP('261267',(#15815,#15816,#15817,#15819));
#15821=FACE_OUTER_BOUND('261267',#15820,.F.);
#15822=ADVANCED_FACE('261267',(#15821),#15814,.F.);
#15823=CARTESIAN_POINT('',(4.5E0,-3.783008613052E0,5.968609999999E-1));
#15824=DIRECTION('',(0.E0,-2.606058470267E-1,9.654452819790E-1));
#15825=DIRECTION('',(0.E0,-9.654452819790E-1,-2.606058470267E-1));
#15826=AXIS2_PLACEMENT_3D('',#15823,#15824,#15825);
#15827=PLANE('261266',#15826);
#15828=ORIENTED_EDGE('262227',*,*,#15639,.F.);
#15829=ORIENTED_EDGE('262249',*,*,#15818,.F.);
#15830=ORIENTED_EDGE('262236',*,*,#15750,.F.);
#15832=ORIENTED_EDGE('262248',*,*,#15831,.T.);
#15833=EDGE_LOOP('261266',(#15828,#15829,#15830,#15832));
#15834=FACE_OUTER_BOUND('261266',#15833,.F.);
#15835=ADVANCED_FACE('261266',(#15834),#15827,.F.);
#15836=CARTESIAN_POINT('',(4.5E0,-4.638536113052E0,4.5E-1));
#15837=DIRECTION('',(0.E0,0.E0,1.E0));
#15838=DIRECTION('',(0.E0,-1.E0,0.E0));
#15839=AXIS2_PLACEMENT_3D('',#15836,#15837,#15838);
#15840=PLANE('261265',#15839);
#15841=ORIENTED_EDGE('262226',*,*,#15641,.T.);
#15842=ORIENTED_EDGE('262248',*,*,#15831,.F.);
#15843=ORIENTED_EDGE('262237',*,*,#15748,.T.);
#15845=ORIENTED_EDGE('262247',*,*,#15844,.T.);
#15846=EDGE_LOOP('261265',(#15841,#15842,#15843,#15845));
#15847=FACE_OUTER_BOUND('261265',#15846,.F.);
#15848=ADVANCED_FACE('261265',(#15847),#15840,.F.);
#15849=CARTESIAN_POINT('',(4.5E0,-4.949999613052E0,5.75E-1));
#15850=DIRECTION('',(0.E0,-1.E0,0.E0));
#15851=DIRECTION('',(0.E0,0.E0,1.E0));
#15852=AXIS2_PLACEMENT_3D('',#15849,#15850,#15851);
#15853=PLANE('261264',#15852);
#15854=ORIENTED_EDGE('262225',*,*,#15643,.T.);
#15855=ORIENTED_EDGE('262247',*,*,#15844,.F.);
#15856=ORIENTED_EDGE('262238',*,*,#15746,.T.);
#15858=ORIENTED_EDGE('262246',*,*,#15857,.T.);
#15859=EDGE_LOOP('261264',(#15854,#15855,#15856,#15858));
#15860=FACE_OUTER_BOUND('261264',#15859,.F.);
#15861=ADVANCED_FACE('261264',(#15860),#15853,.T.);
#15862=CARTESIAN_POINT('',(4.5E0,-4.655110613052E0,7.E-1));
#15863=DIRECTION('',(0.E0,0.E0,1.E0));
#15864=DIRECTION('',(0.E0,1.E0,0.E0));
#15865=AXIS2_PLACEMENT_3D('',#15862,#15863,#15864);
#15866=PLANE('261263',#15865);
#15867=ORIENTED_EDGE('262224',*,*,#15645,.T.);
#15868=ORIENTED_EDGE('262246',*,*,#15857,.F.);
#15869=ORIENTED_EDGE('262239',*,*,#15744,.T.);
#15871=ORIENTED_EDGE('262245',*,*,#15870,.T.);
#15872=EDGE_LOOP('261263',(#15867,#15868,#15869,#15871));
#15873=FACE_OUTER_BOUND('261263',#15872,.F.);
#15874=ADVANCED_FACE('261263',(#15873),#15866,.T.);
#15875=CARTESIAN_POINT('',(4.5E0,-3.794977613052E0,8.52578E-1));
#15876=DIRECTION('',(0.E0,-2.606055482898E-1,9.654453626180E-1));
#15877=DIRECTION('',(0.E0,9.654453626180E-1,2.606055482898E-1));
#15878=AXIS2_PLACEMENT_3D('',#15875,#15876,#15877);
#15879=PLANE('261262',#15878);
#15880=ORIENTED_EDGE('262223',*,*,#15647,.F.);
#15881=ORIENTED_EDGE('262245',*,*,#15870,.F.);
#15882=ORIENTED_EDGE('262240',*,*,#15742,.F.);
#15884=ORIENTED_EDGE('262244',*,*,#15883,.T.);
#15885=EDGE_LOOP('261262',(#15880,#15881,#15882,#15884));
#15886=FACE_OUTER_BOUND('261262',#15885,.F.);
#15887=ADVANCED_FACE('261262',(#15886),#15879,.T.);
#15888=CARTESIAN_POINT('',(4.5E0,-2.790159113052E0,8.52578E-1));
#15889=DIRECTION('',(0.E0,3.279118890793E-1,9.447083110677E-1));
#15890=DIRECTION('',(0.E0,9.447083110677E-1,-3.279118890793E-1));
#15891=AXIS2_PLACEMENT_3D('',#15888,#15889,#15890);
#15892=PLANE('261261',#15891);
#15893=ORIENTED_EDGE('262222',*,*,#15649,.F.);
#15894=ORIENTED_EDGE('262244',*,*,#15883,.F.);
#15895=ORIENTED_EDGE('262241',*,*,#15740,.F.);
#15897=ORIENTED_EDGE('262242',*,*,#15896,.T.);
#15898=EDGE_LOOP('261261',(#15893,#15894,#15895,#15897));
#15899=FACE_OUTER_BOUND('261261',#15898,.F.);
#15900=ADVANCED_FACE('261261',(#15899),#15892,.T.);
#15901=CARTESIAN_POINT('',(4.5E0,-1.975292306526E0,7.E-1));
#15902=DIRECTION('',(0.E0,0.E0,1.E0));
#15903=DIRECTION('',(0.E0,1.E0,0.E0));
#15904=AXIS2_PLACEMENT_3D('',#15901,#15902,#15903);
#15905=PLANE('261258',#15904);
#15906=ORIENTED_EDGE('262840',*,*,#15651,.T.);
#15907=ORIENTED_EDGE('262242',*,*,#15896,.F.);
#15908=ORIENTED_EDGE('262844',*,*,#15738,.T.);
#15909=ORIENTED_EDGE('263078',*,*,#8030,.F.);
#15910=EDGE_LOOP('261258',(#15906,#15907,#15908,#15909));
#15911=FACE_OUTER_BOUND('261258',#15910,.F.);
#15912=ADVANCED_FACE('261258',(#15911),#15905,.T.);
#15913=CARTESIAN_POINT('',(4.5E0,-8.238085532088E-2,-1.521007189508E0));
#15914=DIRECTION('',(0.E0,-9.233055025502E-1,-3.840663340628E-1));
#15915=DIRECTION('',(0.E0,3.840663340628E-1,-9.233055025502E-1));
#15916=AXIS2_PLACEMENT_3D('',#15913,#15914,#15915);
#15917=PLANE('261254',#15916);
#15918=ORIENTED_EDGE('263088',*,*,#9241,.T.);
#15919=ORIENTED_EDGE('263091',*,*,#15667,.F.);
#15921=ORIENTED_EDGE('262231',*,*,#15920,.F.);
#15922=ORIENTED_EDGE('263093',*,*,#15763,.F.);
#15923=EDGE_LOOP('261254',(#15918,#15919,#15921,#15922));
#15924=FACE_OUTER_BOUND('261254',#15923,.F.);
#15925=ADVANCED_FACE('261254',(#15924),#15917,.F.);
#15926=CARTESIAN_POINT('',(4.5E0,-6.181115239011E-1,-5.486247612927E-1));
#15927=DIRECTION('',(0.E0,-7.808198804470E-1,6.247562038898E-1));
#15928=DIRECTION('',(0.E0,6.247562038898E-1,7.808198804470E-1));
#15929=AXIS2_PLACEMENT_3D('',#15926,#15927,#15928);
#15930=PLANE('261255',#15929);
#15931=ORIENTED_EDGE('262220',*,*,#15665,.F.);
#15933=ORIENTED_EDGE('262232',*,*,#15932,.F.);
#15934=ORIENTED_EDGE('262233',*,*,#15765,.F.);
#15935=ORIENTED_EDGE('262231',*,*,#15920,.T.);
#15936=EDGE_LOOP('261255',(#15931,#15933,#15934,#15935));
#15937=FACE_OUTER_BOUND('261255',#15936,.F.);
#15938=ADVANCED_FACE('261255',(#15937),#15930,.T.);
#15939=CARTESIAN_POINT('',(4.5E0,-2.530173178130E-1,-1.752161209975E0));
#15940=DIRECTION('',(0.E0,-9.245840358476E-1,-3.809781629644E-1));
#15941=DIRECTION('',(0.E0,-3.809781629644E-1,9.245840358476E-1));
#15942=AXIS2_PLACEMENT_3D('',#15939,#15940,#15941);
#15943=PLANE('261256',#15942);
#15944=ORIENTED_EDGE('263089',*,*,#9245,.T.);
#15945=ORIENTED_EDGE('263094',*,*,#15767,.F.);
#15946=ORIENTED_EDGE('262232',*,*,#15932,.T.);
#15947=ORIENTED_EDGE('263092',*,*,#15663,.F.);
#15948=EDGE_LOOP('261256',(#15944,#15945,#15946,#15947));
#15949=FACE_OUTER_BOUND('261256',#15948,.F.);
#15950=ADVANCED_FACE('261256',(#15949),#15943,.T.);
#15951=CARTESIAN_POINT('',(6.725E0,-1.874999806526E0,-7.388527693850E-2));
#15952=DIRECTION('',(-1.E0,0.E0,0.E0));
#15953=DIRECTION('',(0.E0,0.E0,-1.E0));
#15954=AXIS2_PLACEMENT_3D('',#15951,#15952,#15953);
#15955=PLANE('261231',#15954);
#15957=ORIENTED_EDGE('262822',*,*,#15956,.F.);
#15958=ORIENTED_EDGE('263065',*,*,#8484,.F.);
#15960=ORIENTED_EDGE('262826',*,*,#15959,.F.);
#15962=ORIENTED_EDGE('262825',*,*,#15961,.F.);
#15963=ORIENTED_EDGE('263059',*,*,#8291,.T.);
#15965=ORIENTED_EDGE('262827',*,*,#15964,.F.);
#15967=ORIENTED_EDGE('262655',*,*,#15966,.F.);
#15968=EDGE_LOOP('261231',(#15957,#15958,#15960,#15962,#15963,#15965,#15967));
#15969=FACE_OUTER_BOUND('261231',#15968,.F.);
#15970=ADVANCED_FACE('261231',(#15969),#15955,.F.);
#15971=CARTESIAN_POINT('',(6.725E0,-1.874999806526E0,-7.388527693850E-2));
#15972=DIRECTION('',(-1.E0,0.E0,0.E0));
#15973=DIRECTION('',(0.E0,0.E0,-1.E0));
#15974=AXIS2_PLACEMENT_3D('',#15971,#15972,#15973);
#15975=PLANE('261231',#15974);
#15977=ORIENTED_EDGE('262824',*,*,#15976,.F.);
#15979=ORIENTED_EDGE('262662',*,*,#15978,.T.);
#15981=ORIENTED_EDGE('262661',*,*,#15980,.T.);
#15983=ORIENTED_EDGE('262660',*,*,#15982,.F.);
#15985=ORIENTED_EDGE('262659',*,*,#15984,.F.);
#15987=ORIENTED_EDGE('262658',*,*,#15986,.F.);
#15989=ORIENTED_EDGE('262657',*,*,#15988,.T.);
#15991=ORIENTED_EDGE('262656',*,*,#15990,.T.);
#15993=ORIENTED_EDGE('262828',*,*,#15992,.F.);
#15994=ORIENTED_EDGE('263055',*,*,#8038,.F.);
#15995=EDGE_LOOP('261231',(#15977,#15979,#15981,#15983,#15985,#15987,#15989,
#15991,#15993,#15994));
#15996=FACE_OUTER_BOUND('261231',#15995,.F.);
#15997=ADVANCED_FACE('261231',(#15996),#15975,.F.);
#15998=CARTESIAN_POINT('',(6.725E0,-1.874999806526E0,-7.388527693850E-2));
#15999=DIRECTION('',(-1.E0,0.E0,0.E0));
#16000=DIRECTION('',(0.E0,0.E0,-1.E0));
#16001=AXIS2_PLACEMENT_3D('',#15998,#15999,#16000);
#16002=PLANE('261231',#16001);
#16003=ORIENTED_EDGE('263067',*,*,#9249,.T.);
#16005=ORIENTED_EDGE('263072',*,*,#16004,.T.);
#16007=ORIENTED_EDGE('262654',*,*,#16006,.T.);
#16009=ORIENTED_EDGE('263071',*,*,#16008,.T.);
#16010=EDGE_LOOP('261231',(#16003,#16005,#16007,#16009));
#16011=FACE_OUTER_BOUND('261231',#16010,.F.);
#16012=ADVANCED_FACE('261231',(#16011),#16002,.F.);
#16013=CARTESIAN_POINT('',(6.5E0,1.2E0,-7.388527693620E-2));
#16014=DIRECTION('',(0.E0,-1.E0,0.E0));
#16015=DIRECTION('',(0.E0,0.E0,-1.E0));
#16016=AXIS2_PLACEMENT_3D('',#16013,#16014,#16015);
#16017=PLANE('261230',#16016);
#16018=ORIENTED_EDGE('262822',*,*,#15956,.T.);
#16020=ORIENTED_EDGE('262653',*,*,#16019,.F.);
#16022=ORIENTED_EDGE('262823',*,*,#16021,.T.);
#16023=ORIENTED_EDGE('263064',*,*,#8486,.T.);
#16024=EDGE_LOOP('261230',(#16018,#16020,#16022,#16023));
#16025=FACE_OUTER_BOUND('261230',#16024,.F.);
#16026=ADVANCED_FACE('261230',(#16025),#16017,.F.);
#16027=CARTESIAN_POINT('',(6.5E0,-2.E-1,2.7E0));
#16028=DIRECTION('',(0.E0,0.E0,1.E0));
#16029=DIRECTION('',(0.E0,1.E0,0.E0));
#16030=AXIS2_PLACEMENT_3D('',#16027,#16028,#16029);
#16031=PLANE('261241',#16030);
#16032=ORIENTED_EDGE('262655',*,*,#15966,.T.);
#16034=ORIENTED_EDGE('262677',*,*,#16033,.T.);
#16036=ORIENTED_EDGE('262668',*,*,#16035,.T.);
#16037=ORIENTED_EDGE('262653',*,*,#16019,.T.);
#16038=EDGE_LOOP('261241',(#16032,#16034,#16036,#16037));
#16039=FACE_OUTER_BOUND('261241',#16038,.F.);
#16040=ADVANCED_FACE('261241',(#16039),#16031,.T.);
#16041=CARTESIAN_POINT('',(6.5E0,-1.6E0,1.7E0));
#16042=DIRECTION('',(0.E0,-1.E0,0.E0));
#16043=DIRECTION('',(0.E0,0.E0,1.E0));
#16044=AXIS2_PLACEMENT_3D('',#16041,#16042,#16043);
#16045=PLANE('261240',#16044);
#16046=ORIENTED_EDGE('262827',*,*,#15964,.T.);
#16047=ORIENTED_EDGE('263062',*,*,#8297,.T.);
#16049=ORIENTED_EDGE('262833',*,*,#16048,.T.);
#16050=ORIENTED_EDGE('262677',*,*,#16033,.F.);
#16051=EDGE_LOOP('261240',(#16046,#16047,#16049,#16050));
#16052=FACE_OUTER_BOUND('261240',#16051,.F.);
#16053=ADVANCED_FACE('261240',(#16052),#16045,.T.);
#16054=CARTESIAN_POINT('',(6.275E0,-1.874999806526E0,-7.388527693595E-2));
#16055=DIRECTION('',(-1.E0,0.E0,0.E0));
#16056=DIRECTION('',(0.E0,0.E0,1.E0));
#16057=AXIS2_PLACEMENT_3D('',#16054,#16055,#16056);
#16058=PLANE('261238',#16057);
#16059=ORIENTED_EDGE('262823',*,*,#16021,.F.);
#16060=ORIENTED_EDGE('262668',*,*,#16035,.F.);
#16061=ORIENTED_EDGE('262833',*,*,#16048,.F.);
#16062=ORIENTED_EDGE('263061',*,*,#8295,.F.);
#16064=ORIENTED_EDGE('262830',*,*,#16063,.F.);
#16066=ORIENTED_EDGE('262831',*,*,#16065,.F.);
#16067=ORIENTED_EDGE('263066',*,*,#8488,.F.);
#16068=EDGE_LOOP('261238',(#16059,#16060,#16061,#16062,#16064,#16066,#16067));
#16069=FACE_OUTER_BOUND('261238',#16068,.F.);
#16070=ADVANCED_FACE('261238',(#16069),#16058,.T.);
#16071=CARTESIAN_POINT('',(6.275E0,-1.874999806526E0,-7.388527693595E-2));
#16072=DIRECTION('',(-1.E0,0.E0,0.E0));
#16073=DIRECTION('',(0.E0,0.E0,1.E0));
#16074=AXIS2_PLACEMENT_3D('',#16071,#16072,#16073);
#16075=PLANE('261238',#16074);
#16077=ORIENTED_EDGE('262829',*,*,#16076,.F.);
#16078=ORIENTED_EDGE('263057',*,*,#8042,.T.);
#16080=ORIENTED_EDGE('262832',*,*,#16079,.F.);
#16082=ORIENTED_EDGE('262675',*,*,#16081,.T.);
#16084=ORIENTED_EDGE('262674',*,*,#16083,.T.);
#16086=ORIENTED_EDGE('262673',*,*,#16085,.F.);
#16088=ORIENTED_EDGE('262672',*,*,#16087,.F.);
#16090=ORIENTED_EDGE('262671',*,*,#16089,.F.);
#16092=ORIENTED_EDGE('262670',*,*,#16091,.T.);
#16094=ORIENTED_EDGE('262669',*,*,#16093,.T.);
#16095=EDGE_LOOP('261238',(#16077,#16078,#16080,#16082,#16084,#16086,#16088,
#16090,#16092,#16094));
#16096=FACE_OUTER_BOUND('261238',#16095,.F.);
#16097=ADVANCED_FACE('261238',(#16096),#16075,.T.);
#16098=CARTESIAN_POINT('',(6.275E0,-1.874999806526E0,-7.388527693595E-2));
#16099=DIRECTION('',(-1.E0,0.E0,0.E0));
#16100=DIRECTION('',(0.E0,0.E0,1.E0));
#16101=AXIS2_PLACEMENT_3D('',#16098,#16099,#16100);
#16102=PLANE('261238',#16101);
#16103=ORIENTED_EDGE('263070',*,*,#9253,.F.);
#16105=ORIENTED_EDGE('263073',*,*,#16104,.T.);
#16107=ORIENTED_EDGE('262667',*,*,#16106,.T.);
#16109=ORIENTED_EDGE('263074',*,*,#16108,.T.);
#16110=EDGE_LOOP('261238',(#16103,#16105,#16107,#16109));
#16111=FACE_OUTER_BOUND('261238',#16110,.F.);
#16112=ADVANCED_FACE('261238',(#16111),#16102,.T.);
#16113=CARTESIAN_POINT('',(6.5E0,-1.35E0,1.45E0));
#16114=DIRECTION('',(0.E0,-1.E0,0.E0));
#16115=DIRECTION('',(0.E0,0.E0,-1.E0));
#16116=AXIS2_PLACEMENT_3D('',#16113,#16114,#16115);
#16117=PLANE('261233',#16116);
#16118=ORIENTED_EDGE('262825',*,*,#15961,.T.);
#16120=ORIENTED_EDGE('262664',*,*,#16119,.F.);
#16121=ORIENTED_EDGE('262830',*,*,#16063,.T.);
#16122=ORIENTED_EDGE('263060',*,*,#8293,.T.);
#16123=EDGE_LOOP('261233',(#16118,#16120,#16121,#16122));
#16124=FACE_OUTER_BOUND('261233',#16123,.F.);
#16125=ADVANCED_FACE('261233',(#16124),#16117,.F.);
#16126=CARTESIAN_POINT('',(6.5E0,-2.E-1,2.45E0));
#16127=DIRECTION('',(0.E0,0.E0,1.E0));
#16128=DIRECTION('',(0.E0,-1.E0,0.E0));
#16129=AXIS2_PLACEMENT_3D('',#16126,#16127,#16128);
#16130=PLANE('261234',#16129);
#16131=ORIENTED_EDGE('262826',*,*,#15959,.T.);
#16132=ORIENTED_EDGE('263063',*,*,#8434,.F.);
#16133=ORIENTED_EDGE('262831',*,*,#16065,.T.);
#16134=ORIENTED_EDGE('262664',*,*,#16119,.T.);
#16135=EDGE_LOOP('261234',(#16131,#16132,#16133,#16134));
#16136=FACE_OUTER_BOUND('261234',#16135,.F.);
#16137=ADVANCED_FACE('261234',(#16136),#16130,.F.);
#16138=CARTESIAN_POINT('',(6.5E0,-1.871369306526E0,4.5E-1));
#16139=DIRECTION('',(0.E0,0.E0,1.E0));
#16140=DIRECTION('',(0.E0,-1.E0,0.E0));
#16141=AXIS2_PLACEMENT_3D('',#16138,#16139,#16140);
#16142=PLANE('261232',#16141);
#16143=ORIENTED_EDGE('262824',*,*,#15976,.T.);
#16144=ORIENTED_EDGE('263056',*,*,#8044,.F.);
#16145=ORIENTED_EDGE('262829',*,*,#16076,.T.);
#16147=ORIENTED_EDGE('262663',*,*,#16146,.F.);
#16148=EDGE_LOOP('261232',(#16143,#16144,#16145,#16147));
#16149=FACE_OUTER_BOUND('261232',#16148,.F.);
#16150=ADVANCED_FACE('261232',(#16149),#16142,.F.);
#16151=CARTESIAN_POINT('',(6.5E0,-2.815841613052E0,5.96861E-1));
#16152=DIRECTION('',(0.E0,3.279125287755E-1,9.447080890265E-1));
#16153=DIRECTION('',(0.E0,-9.447080890265E-1,3.279125287755E-1));
#16154=AXIS2_PLACEMENT_3D('',#16151,#16152,#16153);
#16155=PLANE('261248',#16154);
#16156=ORIENTED_EDGE('262662',*,*,#15978,.F.);
#16157=ORIENTED_EDGE('262663',*,*,#16146,.T.);
#16158=ORIENTED_EDGE('262669',*,*,#16093,.F.);
#16160=ORIENTED_EDGE('262683',*,*,#16159,.T.);
#16161=EDGE_LOOP('261248',(#16156,#16157,#16158,#16160));
#16162=FACE_OUTER_BOUND('261248',#16161,.F.);
#16163=ADVANCED_FACE('261248',(#16162),#16155,.F.);
#16164=CARTESIAN_POINT('',(6.5E0,-3.783008613052E0,5.968609999999E-1));
#16165=DIRECTION('',(0.E0,-2.606058470267E-1,9.654452819790E-1));
#16166=DIRECTION('',(0.E0,-9.654452819790E-1,-2.606058470267E-1));
#16167=AXIS2_PLACEMENT_3D('',#16164,#16165,#16166);
#16168=PLANE('261247',#16167);
#16169=ORIENTED_EDGE('262661',*,*,#15980,.F.);
#16170=ORIENTED_EDGE('262683',*,*,#16159,.F.);
#16171=ORIENTED_EDGE('262670',*,*,#16091,.F.);
#16173=ORIENTED_EDGE('262682',*,*,#16172,.T.);
#16174=EDGE_LOOP('261247',(#16169,#16170,#16171,#16173));
#16175=FACE_OUTER_BOUND('261247',#16174,.F.);
#16176=ADVANCED_FACE('261247',(#16175),#16168,.F.);
#16177=CARTESIAN_POINT('',(6.5E0,-4.638536113052E0,4.5E-1));
#16178=DIRECTION('',(0.E0,0.E0,1.E0));
#16179=DIRECTION('',(0.E0,-1.E0,0.E0));
#16180=AXIS2_PLACEMENT_3D('',#16177,#16178,#16179);
#16181=PLANE('261246',#16180);
#16182=ORIENTED_EDGE('262660',*,*,#15982,.T.);
#16183=ORIENTED_EDGE('262682',*,*,#16172,.F.);
#16184=ORIENTED_EDGE('262671',*,*,#16089,.T.);
#16186=ORIENTED_EDGE('262681',*,*,#16185,.T.);
#16187=EDGE_LOOP('261246',(#16182,#16183,#16184,#16186));
#16188=FACE_OUTER_BOUND('261246',#16187,.F.);
#16189=ADVANCED_FACE('261246',(#16188),#16181,.F.);
#16190=CARTESIAN_POINT('',(6.5E0,-4.949999613052E0,5.75E-1));
#16191=DIRECTION('',(0.E0,-1.E0,0.E0));
#16192=DIRECTION('',(0.E0,0.E0,1.E0));
#16193=AXIS2_PLACEMENT_3D('',#16190,#16191,#16192);
#16194=PLANE('261245',#16193);
#16195=ORIENTED_EDGE('262659',*,*,#15984,.T.);
#16196=ORIENTED_EDGE('262681',*,*,#16185,.F.);
#16197=ORIENTED_EDGE('262672',*,*,#16087,.T.);
#16199=ORIENTED_EDGE('262680',*,*,#16198,.T.);
#16200=EDGE_LOOP('261245',(#16195,#16196,#16197,#16199));
#16201=FACE_OUTER_BOUND('261245',#16200,.F.);
#16202=ADVANCED_FACE('261245',(#16201),#16194,.T.);
#16203=CARTESIAN_POINT('',(6.5E0,-4.655110613052E0,7.E-1));
#16204=DIRECTION('',(0.E0,0.E0,1.E0));
#16205=DIRECTION('',(0.E0,1.E0,0.E0));
#16206=AXIS2_PLACEMENT_3D('',#16203,#16204,#16205);
#16207=PLANE('261244',#16206);
#16208=ORIENTED_EDGE('262658',*,*,#15986,.T.);
#16209=ORIENTED_EDGE('262680',*,*,#16198,.F.);
#16210=ORIENTED_EDGE('262673',*,*,#16085,.T.);
#16212=ORIENTED_EDGE('262679',*,*,#16211,.T.);
#16213=EDGE_LOOP('261244',(#16208,#16209,#16210,#16212));
#16214=FACE_OUTER_BOUND('261244',#16213,.F.);
#16215=ADVANCED_FACE('261244',(#16214),#16207,.T.);
#16216=CARTESIAN_POINT('',(6.5E0,-3.794977613052E0,8.52578E-1));
#16217=DIRECTION('',(0.E0,-2.606055482898E-1,9.654453626180E-1));
#16218=DIRECTION('',(0.E0,9.654453626180E-1,2.606055482898E-1));
#16219=AXIS2_PLACEMENT_3D('',#16216,#16217,#16218);
#16220=PLANE('261243',#16219);
#16221=ORIENTED_EDGE('262657',*,*,#15988,.F.);
#16222=ORIENTED_EDGE('262679',*,*,#16211,.F.);
#16223=ORIENTED_EDGE('262674',*,*,#16083,.F.);
#16225=ORIENTED_EDGE('262678',*,*,#16224,.T.);
#16226=EDGE_LOOP('261243',(#16221,#16222,#16223,#16225));
#16227=FACE_OUTER_BOUND('261243',#16226,.F.);
#16228=ADVANCED_FACE('261243',(#16227),#16220,.T.);
#16229=CARTESIAN_POINT('',(6.5E0,-2.790159113052E0,8.52578E-1));
#16230=DIRECTION('',(0.E0,3.279118890793E-1,9.447083110677E-1));
#16231=DIRECTION('',(0.E0,9.447083110677E-1,-3.279118890793E-1));
#16232=AXIS2_PLACEMENT_3D('',#16229,#16230,#16231);
#16233=PLANE('261242',#16232);
#16234=ORIENTED_EDGE('262656',*,*,#15990,.F.);
#16235=ORIENTED_EDGE('262678',*,*,#16224,.F.);
#16236=ORIENTED_EDGE('262675',*,*,#16081,.F.);
#16238=ORIENTED_EDGE('262676',*,*,#16237,.T.);
#16239=EDGE_LOOP('261242',(#16234,#16235,#16236,#16238));
#16240=FACE_OUTER_BOUND('261242',#16239,.F.);
#16241=ADVANCED_FACE('261242',(#16240),#16233,.T.);
#16242=CARTESIAN_POINT('',(6.5E0,-1.975292306526E0,7.E-1));
#16243=DIRECTION('',(0.E0,0.E0,1.E0));
#16244=DIRECTION('',(0.E0,1.E0,0.E0));
#16245=AXIS2_PLACEMENT_3D('',#16242,#16243,#16244);
#16246=PLANE('261239',#16245);
#16247=ORIENTED_EDGE('262828',*,*,#15992,.T.);
#16248=ORIENTED_EDGE('262676',*,*,#16237,.F.);
#16249=ORIENTED_EDGE('262832',*,*,#16079,.T.);
#16250=ORIENTED_EDGE('263058',*,*,#8040,.F.);
#16251=EDGE_LOOP('261239',(#16247,#16248,#16249,#16250));
#16252=FACE_OUTER_BOUND('261239',#16251,.F.);
#16253=ADVANCED_FACE('261239',(#16252),#16246,.T.);
#16254=CARTESIAN_POINT('',(6.5E0,-8.238085532088E-2,-1.521007189508E0));
#16255=DIRECTION('',(0.E0,-9.233055025502E-1,-3.840663340628E-1));
#16256=DIRECTION('',(0.E0,3.840663340628E-1,-9.233055025502E-1));
#16257=AXIS2_PLACEMENT_3D('',#16254,#16255,#16256);
#16258=PLANE('261235',#16257);
#16259=ORIENTED_EDGE('263068',*,*,#9251,.T.);
#16260=ORIENTED_EDGE('263071',*,*,#16008,.F.);
#16262=ORIENTED_EDGE('262665',*,*,#16261,.F.);
#16263=ORIENTED_EDGE('263073',*,*,#16104,.F.);
#16264=EDGE_LOOP('261235',(#16259,#16260,#16262,#16263));
#16265=FACE_OUTER_BOUND('261235',#16264,.F.);
#16266=ADVANCED_FACE('261235',(#16265),#16258,.F.);
#16267=CARTESIAN_POINT('',(6.5E0,-6.181115239011E-1,-5.486247612927E-1));
#16268=DIRECTION('',(0.E0,-7.808198804470E-1,6.247562038898E-1));
#16269=DIRECTION('',(0.E0,6.247562038898E-1,7.808198804470E-1));
#16270=AXIS2_PLACEMENT_3D('',#16267,#16268,#16269);
#16271=PLANE('261236',#16270);
#16272=ORIENTED_EDGE('262654',*,*,#16006,.F.);
#16274=ORIENTED_EDGE('262666',*,*,#16273,.F.);
#16275=ORIENTED_EDGE('262667',*,*,#16106,.F.);
#16276=ORIENTED_EDGE('262665',*,*,#16261,.T.);
#16277=EDGE_LOOP('261236',(#16272,#16274,#16275,#16276));
#16278=FACE_OUTER_BOUND('261236',#16277,.F.);
#16279=ADVANCED_FACE('261236',(#16278),#16271,.T.);
#16280=CARTESIAN_POINT('',(6.5E0,-2.530173178130E-1,-1.752161209975E0));
#16281=DIRECTION('',(0.E0,-9.245840358476E-1,-3.809781629644E-1));
#16282=DIRECTION('',(0.E0,-3.809781629644E-1,9.245840358476E-1));
#16283=AXIS2_PLACEMENT_3D('',#16280,#16281,#16282);
#16284=PLANE('261237',#16283);
#16285=ORIENTED_EDGE('263069',*,*,#9255,.T.);
#16286=ORIENTED_EDGE('263074',*,*,#16108,.F.);
#16287=ORIENTED_EDGE('262666',*,*,#16273,.T.);
#16288=ORIENTED_EDGE('263072',*,*,#16004,.F.);
#16289=EDGE_LOOP('261237',(#16285,#16286,#16287,#16288));
#16290=FACE_OUTER_BOUND('261237',#16289,.F.);
#16291=ADVANCED_FACE('261237',(#16290),#16284,.T.);
#16292=CARTESIAN_POINT('',(8.725E0,-1.874999806526E0,-7.388527693850E-2));
#16293=DIRECTION('',(-1.E0,0.E0,0.E0));
#16294=DIRECTION('',(0.E0,0.E0,-1.E0));
#16295=AXIS2_PLACEMENT_3D('',#16292,#16293,#16294);
#16296=PLANE('261212',#16295);
#16298=ORIENTED_EDGE('262810',*,*,#16297,.F.);
#16299=ORIENTED_EDGE('263044',*,*,#8470,.F.);
#16301=ORIENTED_EDGE('262814',*,*,#16300,.F.);
#16303=ORIENTED_EDGE('262813',*,*,#16302,.F.);
#16304=ORIENTED_EDGE('263038',*,*,#8301,.T.);
#16306=ORIENTED_EDGE('262815',*,*,#16305,.F.);
#16308=ORIENTED_EDGE('262686',*,*,#16307,.F.);
#16309=EDGE_LOOP('261212',(#16298,#16299,#16301,#16303,#16304,#16306,#16308));
#16310=FACE_OUTER_BOUND('261212',#16309,.F.);
#16311=ADVANCED_FACE('261212',(#16310),#16296,.F.);
#16312=CARTESIAN_POINT('',(8.725E0,-1.874999806526E0,-7.388527693850E-2));
#16313=DIRECTION('',(-1.E0,0.E0,0.E0));
#16314=DIRECTION('',(0.E0,0.E0,-1.E0));
#16315=AXIS2_PLACEMENT_3D('',#16312,#16313,#16314);
#16316=PLANE('261212',#16315);
#16318=ORIENTED_EDGE('262812',*,*,#16317,.F.);
#16320=ORIENTED_EDGE('262693',*,*,#16319,.T.);
#16322=ORIENTED_EDGE('262692',*,*,#16321,.T.);
#16324=ORIENTED_EDGE('262691',*,*,#16323,.F.);
#16326=ORIENTED_EDGE('262690',*,*,#16325,.F.);
#16328=ORIENTED_EDGE('262689',*,*,#16327,.F.);
#16330=ORIENTED_EDGE('262688',*,*,#16329,.T.);
#16332=ORIENTED_EDGE('262687',*,*,#16331,.T.);
#16334=ORIENTED_EDGE('262816',*,*,#16333,.F.);
#16335=ORIENTED_EDGE('263034',*,*,#8048,.F.);
#16336=EDGE_LOOP('261212',(#16318,#16320,#16322,#16324,#16326,#16328,#16330,
#16332,#16334,#16335));
#16337=FACE_OUTER_BOUND('261212',#16336,.F.);
#16338=ADVANCED_FACE('261212',(#16337),#16316,.F.);
#16339=CARTESIAN_POINT('',(8.725E0,-1.874999806526E0,-7.388527693850E-2));
#16340=DIRECTION('',(-1.E0,0.E0,0.E0));
#16341=DIRECTION('',(0.E0,0.E0,-1.E0));
#16342=AXIS2_PLACEMENT_3D('',#16339,#16340,#16341);
#16343=PLANE('261212',#16342);
#16344=ORIENTED_EDGE('263046',*,*,#9259,.T.);
#16346=ORIENTED_EDGE('263051',*,*,#16345,.T.);
#16348=ORIENTED_EDGE('262685',*,*,#16347,.T.);
#16350=ORIENTED_EDGE('263050',*,*,#16349,.T.);
#16351=EDGE_LOOP('261212',(#16344,#16346,#16348,#16350));
#16352=FACE_OUTER_BOUND('261212',#16351,.F.);
#16353=ADVANCED_FACE('261212',(#16352),#16343,.F.);
#16354=CARTESIAN_POINT('',(8.5E0,1.2E0,-7.388527693620E-2));
#16355=DIRECTION('',(0.E0,-1.E0,0.E0));
#16356=DIRECTION('',(0.E0,0.E0,-1.E0));
#16357=AXIS2_PLACEMENT_3D('',#16354,#16355,#16356);
#16358=PLANE('261211',#16357);
#16359=ORIENTED_EDGE('262810',*,*,#16297,.T.);
#16361=ORIENTED_EDGE('262684',*,*,#16360,.F.);
#16363=ORIENTED_EDGE('262811',*,*,#16362,.T.);
#16364=ORIENTED_EDGE('263043',*,*,#8472,.T.);
#16365=EDGE_LOOP('261211',(#16359,#16361,#16363,#16364));
#16366=FACE_OUTER_BOUND('261211',#16365,.F.);
#16367=ADVANCED_FACE('261211',(#16366),#16358,.F.);
#16368=CARTESIAN_POINT('',(8.5E0,-2.E-1,2.7E0));
#16369=DIRECTION('',(0.E0,0.E0,1.E0));
#16370=DIRECTION('',(0.E0,1.E0,0.E0));
#16371=AXIS2_PLACEMENT_3D('',#16368,#16369,#16370);
#16372=PLANE('261222',#16371);
#16373=ORIENTED_EDGE('262686',*,*,#16307,.T.);
#16375=ORIENTED_EDGE('262708',*,*,#16374,.T.);
#16377=ORIENTED_EDGE('262699',*,*,#16376,.T.);
#16378=ORIENTED_EDGE('262684',*,*,#16360,.T.);
#16379=EDGE_LOOP('261222',(#16373,#16375,#16377,#16378));
#16380=FACE_OUTER_BOUND('261222',#16379,.F.);
#16381=ADVANCED_FACE('261222',(#16380),#16372,.T.);
#16382=CARTESIAN_POINT('',(8.5E0,-1.6E0,1.7E0));
#16383=DIRECTION('',(0.E0,-1.E0,0.E0));
#16384=DIRECTION('',(0.E0,0.E0,1.E0));
#16385=AXIS2_PLACEMENT_3D('',#16382,#16383,#16384);
#16386=PLANE('261221',#16385);
#16387=ORIENTED_EDGE('262815',*,*,#16305,.T.);
#16388=ORIENTED_EDGE('263041',*,*,#8307,.T.);
#16390=ORIENTED_EDGE('262821',*,*,#16389,.T.);
#16391=ORIENTED_EDGE('262708',*,*,#16374,.F.);
#16392=EDGE_LOOP('261221',(#16387,#16388,#16390,#16391));
#16393=FACE_OUTER_BOUND('261221',#16392,.F.);
#16394=ADVANCED_FACE('261221',(#16393),#16386,.T.);
#16395=CARTESIAN_POINT('',(8.275E0,-1.874999806526E0,-7.388527693595E-2));
#16396=DIRECTION('',(-1.E0,0.E0,0.E0));
#16397=DIRECTION('',(0.E0,0.E0,1.E0));
#16398=AXIS2_PLACEMENT_3D('',#16395,#16396,#16397);
#16399=PLANE('261219',#16398);
#16400=ORIENTED_EDGE('262811',*,*,#16362,.F.);
#16401=ORIENTED_EDGE('262699',*,*,#16376,.F.);
#16402=ORIENTED_EDGE('262821',*,*,#16389,.F.);
#16403=ORIENTED_EDGE('263040',*,*,#8305,.F.);
#16405=ORIENTED_EDGE('262818',*,*,#16404,.F.);
#16407=ORIENTED_EDGE('262819',*,*,#16406,.F.);
#16408=ORIENTED_EDGE('263045',*,*,#8474,.F.);
#16409=EDGE_LOOP('261219',(#16400,#16401,#16402,#16403,#16405,#16407,#16408));
#16410=FACE_OUTER_BOUND('261219',#16409,.F.);
#16411=ADVANCED_FACE('261219',(#16410),#16399,.T.);
#16412=CARTESIAN_POINT('',(8.275E0,-1.874999806526E0,-7.388527693595E-2));
#16413=DIRECTION('',(-1.E0,0.E0,0.E0));
#16414=DIRECTION('',(0.E0,0.E0,1.E0));
#16415=AXIS2_PLACEMENT_3D('',#16412,#16413,#16414);
#16416=PLANE('261219',#16415);
#16418=ORIENTED_EDGE('262817',*,*,#16417,.F.);
#16419=ORIENTED_EDGE('263036',*,*,#8052,.T.);
#16421=ORIENTED_EDGE('262820',*,*,#16420,.F.);
#16423=ORIENTED_EDGE('262706',*,*,#16422,.T.);
#16425=ORIENTED_EDGE('262705',*,*,#16424,.T.);
#16427=ORIENTED_EDGE('262704',*,*,#16426,.F.);
#16429=ORIENTED_EDGE('262703',*,*,#16428,.F.);
#16431=ORIENTED_EDGE('262702',*,*,#16430,.F.);
#16433=ORIENTED_EDGE('262701',*,*,#16432,.T.);
#16435=ORIENTED_EDGE('262700',*,*,#16434,.T.);
#16436=EDGE_LOOP('261219',(#16418,#16419,#16421,#16423,#16425,#16427,#16429,
#16431,#16433,#16435));
#16437=FACE_OUTER_BOUND('261219',#16436,.F.);
#16438=ADVANCED_FACE('261219',(#16437),#16416,.T.);
#16439=CARTESIAN_POINT('',(8.275E0,-1.874999806526E0,-7.388527693595E-2));
#16440=DIRECTION('',(-1.E0,0.E0,0.E0));
#16441=DIRECTION('',(0.E0,0.E0,1.E0));
#16442=AXIS2_PLACEMENT_3D('',#16439,#16440,#16441);
#16443=PLANE('261219',#16442);
#16444=ORIENTED_EDGE('263049',*,*,#9263,.F.);
#16446=ORIENTED_EDGE('263052',*,*,#16445,.T.);
#16448=ORIENTED_EDGE('262698',*,*,#16447,.T.);
#16450=ORIENTED_EDGE('263053',*,*,#16449,.T.);
#16451=EDGE_LOOP('261219',(#16444,#16446,#16448,#16450));
#16452=FACE_OUTER_BOUND('261219',#16451,.F.);
#16453=ADVANCED_FACE('261219',(#16452),#16443,.T.);
#16454=CARTESIAN_POINT('',(8.5E0,-1.35E0,1.45E0));
#16455=DIRECTION('',(0.E0,-1.E0,0.E0));
#16456=DIRECTION('',(0.E0,0.E0,-1.E0));
#16457=AXIS2_PLACEMENT_3D('',#16454,#16455,#16456);
#16458=PLANE('261214',#16457);
#16459=ORIENTED_EDGE('262813',*,*,#16302,.T.);
#16461=ORIENTED_EDGE('262695',*,*,#16460,.F.);
#16462=ORIENTED_EDGE('262818',*,*,#16404,.T.);
#16463=ORIENTED_EDGE('263039',*,*,#8303,.T.);
#16464=EDGE_LOOP('261214',(#16459,#16461,#16462,#16463));
#16465=FACE_OUTER_BOUND('261214',#16464,.F.);
#16466=ADVANCED_FACE('261214',(#16465),#16458,.F.);
#16467=CARTESIAN_POINT('',(8.5E0,-2.E-1,2.45E0));
#16468=DIRECTION('',(0.E0,0.E0,1.E0));
#16469=DIRECTION('',(0.E0,-1.E0,0.E0));
#16470=AXIS2_PLACEMENT_3D('',#16467,#16468,#16469);
#16471=PLANE('261215',#16470);
#16472=ORIENTED_EDGE('262814',*,*,#16300,.T.);
#16473=ORIENTED_EDGE('263042',*,*,#8442,.F.);
#16474=ORIENTED_EDGE('262819',*,*,#16406,.T.);
#16475=ORIENTED_EDGE('262695',*,*,#16460,.T.);
#16476=EDGE_LOOP('261215',(#16472,#16473,#16474,#16475));
#16477=FACE_OUTER_BOUND('261215',#16476,.F.);
#16478=ADVANCED_FACE('261215',(#16477),#16471,.F.);
#16479=CARTESIAN_POINT('',(8.5E0,-1.871369306526E0,4.5E-1));
#16480=DIRECTION('',(0.E0,0.E0,1.E0));
#16481=DIRECTION('',(0.E0,-1.E0,0.E0));
#16482=AXIS2_PLACEMENT_3D('',#16479,#16480,#16481);
#16483=PLANE('261213',#16482);
#16484=ORIENTED_EDGE('262812',*,*,#16317,.T.);
#16485=ORIENTED_EDGE('263035',*,*,#8054,.F.);
#16486=ORIENTED_EDGE('262817',*,*,#16417,.T.);
#16488=ORIENTED_EDGE('262694',*,*,#16487,.F.);
#16489=EDGE_LOOP('261213',(#16484,#16485,#16486,#16488));
#16490=FACE_OUTER_BOUND('261213',#16489,.F.);
#16491=ADVANCED_FACE('261213',(#16490),#16483,.F.);
#16492=CARTESIAN_POINT('',(8.5E0,-2.815841613052E0,5.96861E-1));
#16493=DIRECTION('',(0.E0,3.279125287755E-1,9.447080890265E-1));
#16494=DIRECTION('',(0.E0,-9.447080890265E-1,3.279125287755E-1));
#16495=AXIS2_PLACEMENT_3D('',#16492,#16493,#16494);
#16496=PLANE('261229',#16495);
#16497=ORIENTED_EDGE('262693',*,*,#16319,.F.);
#16498=ORIENTED_EDGE('262694',*,*,#16487,.T.);
#16499=ORIENTED_EDGE('262700',*,*,#16434,.F.);
#16501=ORIENTED_EDGE('262714',*,*,#16500,.T.);
#16502=EDGE_LOOP('261229',(#16497,#16498,#16499,#16501));
#16503=FACE_OUTER_BOUND('261229',#16502,.F.);
#16504=ADVANCED_FACE('261229',(#16503),#16496,.F.);
#16505=CARTESIAN_POINT('',(8.5E0,-3.783008613052E0,5.968609999999E-1));
#16506=DIRECTION('',(0.E0,-2.606058470267E-1,9.654452819790E-1));
#16507=DIRECTION('',(0.E0,-9.654452819790E-1,-2.606058470267E-1));
#16508=AXIS2_PLACEMENT_3D('',#16505,#16506,#16507);
#16509=PLANE('261228',#16508);
#16510=ORIENTED_EDGE('262692',*,*,#16321,.F.);
#16511=ORIENTED_EDGE('262714',*,*,#16500,.F.);
#16512=ORIENTED_EDGE('262701',*,*,#16432,.F.);
#16514=ORIENTED_EDGE('262713',*,*,#16513,.T.);
#16515=EDGE_LOOP('261228',(#16510,#16511,#16512,#16514));
#16516=FACE_OUTER_BOUND('261228',#16515,.F.);
#16517=ADVANCED_FACE('261228',(#16516),#16509,.F.);
#16518=CARTESIAN_POINT('',(8.5E0,-4.638536113052E0,4.5E-1));
#16519=DIRECTION('',(0.E0,0.E0,1.E0));
#16520=DIRECTION('',(0.E0,-1.E0,0.E0));
#16521=AXIS2_PLACEMENT_3D('',#16518,#16519,#16520);
#16522=PLANE('261227',#16521);
#16523=ORIENTED_EDGE('262691',*,*,#16323,.T.);
#16524=ORIENTED_EDGE('262713',*,*,#16513,.F.);
#16525=ORIENTED_EDGE('262702',*,*,#16430,.T.);
#16527=ORIENTED_EDGE('262712',*,*,#16526,.T.);
#16528=EDGE_LOOP('261227',(#16523,#16524,#16525,#16527));
#16529=FACE_OUTER_BOUND('261227',#16528,.F.);
#16530=ADVANCED_FACE('261227',(#16529),#16522,.F.);
#16531=CARTESIAN_POINT('',(8.5E0,-4.949999613052E0,5.75E-1));
#16532=DIRECTION('',(0.E0,-1.E0,0.E0));
#16533=DIRECTION('',(0.E0,0.E0,1.E0));
#16534=AXIS2_PLACEMENT_3D('',#16531,#16532,#16533);
#16535=PLANE('261226',#16534);
#16536=ORIENTED_EDGE('262690',*,*,#16325,.T.);
#16537=ORIENTED_EDGE('262712',*,*,#16526,.F.);
#16538=ORIENTED_EDGE('262703',*,*,#16428,.T.);
#16540=ORIENTED_EDGE('262711',*,*,#16539,.T.);
#16541=EDGE_LOOP('261226',(#16536,#16537,#16538,#16540));
#16542=FACE_OUTER_BOUND('261226',#16541,.F.);
#16543=ADVANCED_FACE('261226',(#16542),#16535,.T.);
#16544=CARTESIAN_POINT('',(8.5E0,-4.655110613052E0,7.E-1));
#16545=DIRECTION('',(0.E0,0.E0,1.E0));
#16546=DIRECTION('',(0.E0,1.E0,0.E0));
#16547=AXIS2_PLACEMENT_3D('',#16544,#16545,#16546);
#16548=PLANE('261225',#16547);
#16549=ORIENTED_EDGE('262689',*,*,#16327,.T.);
#16550=ORIENTED_EDGE('262711',*,*,#16539,.F.);
#16551=ORIENTED_EDGE('262704',*,*,#16426,.T.);
#16553=ORIENTED_EDGE('262710',*,*,#16552,.T.);
#16554=EDGE_LOOP('261225',(#16549,#16550,#16551,#16553));
#16555=FACE_OUTER_BOUND('261225',#16554,.F.);
#16556=ADVANCED_FACE('261225',(#16555),#16548,.T.);
#16557=CARTESIAN_POINT('',(8.5E0,-3.794977613052E0,8.52578E-1));
#16558=DIRECTION('',(0.E0,-2.606055482898E-1,9.654453626180E-1));
#16559=DIRECTION('',(0.E0,9.654453626180E-1,2.606055482898E-1));
#16560=AXIS2_PLACEMENT_3D('',#16557,#16558,#16559);
#16561=PLANE('261224',#16560);
#16562=ORIENTED_EDGE('262688',*,*,#16329,.F.);
#16563=ORIENTED_EDGE('262710',*,*,#16552,.F.);
#16564=ORIENTED_EDGE('262705',*,*,#16424,.F.);
#16566=ORIENTED_EDGE('262709',*,*,#16565,.T.);
#16567=EDGE_LOOP('261224',(#16562,#16563,#16564,#16566));
#16568=FACE_OUTER_BOUND('261224',#16567,.F.);
#16569=ADVANCED_FACE('261224',(#16568),#16561,.T.);
#16570=CARTESIAN_POINT('',(8.5E0,-2.790159113052E0,8.52578E-1));
#16571=DIRECTION('',(0.E0,3.279118890793E-1,9.447083110677E-1));
#16572=DIRECTION('',(0.E0,9.447083110677E-1,-3.279118890793E-1));
#16573=AXIS2_PLACEMENT_3D('',#16570,#16571,#16572);
#16574=PLANE('261223',#16573);
#16575=ORIENTED_EDGE('262687',*,*,#16331,.F.);
#16576=ORIENTED_EDGE('262709',*,*,#16565,.F.);
#16577=ORIENTED_EDGE('262706',*,*,#16422,.F.);
#16579=ORIENTED_EDGE('262707',*,*,#16578,.T.);
#16580=EDGE_LOOP('261223',(#16575,#16576,#16577,#16579));
#16581=FACE_OUTER_BOUND('261223',#16580,.F.);
#16582=ADVANCED_FACE('261223',(#16581),#16574,.T.);
#16583=CARTESIAN_POINT('',(8.5E0,-1.975292306526E0,7.E-1));
#16584=DIRECTION('',(0.E0,0.E0,1.E0));
#16585=DIRECTION('',(0.E0,1.E0,0.E0));
#16586=AXIS2_PLACEMENT_3D('',#16583,#16584,#16585);
#16587=PLANE('261220',#16586);
#16588=ORIENTED_EDGE('262816',*,*,#16333,.T.);
#16589=ORIENTED_EDGE('262707',*,*,#16578,.F.);
#16590=ORIENTED_EDGE('262820',*,*,#16420,.T.);
#16591=ORIENTED_EDGE('263037',*,*,#8050,.F.);
#16592=EDGE_LOOP('261220',(#16588,#16589,#16590,#16591));
#16593=FACE_OUTER_BOUND('261220',#16592,.F.);
#16594=ADVANCED_FACE('261220',(#16593),#16587,.T.);
#16595=CARTESIAN_POINT('',(8.5E0,-8.238085532088E-2,-1.521007189508E0));
#16596=DIRECTION('',(0.E0,-9.233055025502E-1,-3.840663340628E-1));
#16597=DIRECTION('',(0.E0,3.840663340628E-1,-9.233055025502E-1));
#16598=AXIS2_PLACEMENT_3D('',#16595,#16596,#16597);
#16599=PLANE('261216',#16598);
#16600=ORIENTED_EDGE('263047',*,*,#9261,.T.);
#16601=ORIENTED_EDGE('263050',*,*,#16349,.F.);
#16603=ORIENTED_EDGE('262696',*,*,#16602,.F.);
#16604=ORIENTED_EDGE('263052',*,*,#16445,.F.);
#16605=EDGE_LOOP('261216',(#16600,#16601,#16603,#16604));
#16606=FACE_OUTER_BOUND('261216',#16605,.F.);
#16607=ADVANCED_FACE('261216',(#16606),#16599,.F.);
#16608=CARTESIAN_POINT('',(8.5E0,-6.181115239011E-1,-5.486247612927E-1));
#16609=DIRECTION('',(0.E0,-7.808198804470E-1,6.247562038898E-1));
#16610=DIRECTION('',(0.E0,6.247562038898E-1,7.808198804470E-1));
#16611=AXIS2_PLACEMENT_3D('',#16608,#16609,#16610);
#16612=PLANE('261217',#16611);
#16613=ORIENTED_EDGE('262685',*,*,#16347,.F.);
#16615=ORIENTED_EDGE('262697',*,*,#16614,.F.);
#16616=ORIENTED_EDGE('262698',*,*,#16447,.F.);
#16617=ORIENTED_EDGE('262696',*,*,#16602,.T.);
#16618=EDGE_LOOP('261217',(#16613,#16615,#16616,#16617));
#16619=FACE_OUTER_BOUND('261217',#16618,.F.);
#16620=ADVANCED_FACE('261217',(#16619),#16612,.T.);
#16621=CARTESIAN_POINT('',(8.5E0,-2.530173178130E-1,-1.752161209975E0));
#16622=DIRECTION('',(0.E0,-9.245840358476E-1,-3.809781629644E-1));
#16623=DIRECTION('',(0.E0,-3.809781629644E-1,9.245840358476E-1));
#16624=AXIS2_PLACEMENT_3D('',#16621,#16622,#16623);
#16625=PLANE('261218',#16624);
#16626=ORIENTED_EDGE('263048',*,*,#9265,.T.);
#16627=ORIENTED_EDGE('263053',*,*,#16449,.F.);
#16628=ORIENTED_EDGE('262697',*,*,#16614,.T.);
#16629=ORIENTED_EDGE('263051',*,*,#16345,.F.);
#16630=EDGE_LOOP('261218',(#16626,#16627,#16628,#16629));
#16631=FACE_OUTER_BOUND('261218',#16630,.F.);
#16632=ADVANCED_FACE('261218',(#16631),#16625,.T.);
#16633=CARTESIAN_POINT('',(-1.72224E1,-4.E-1,8.E-1));
#16634=DIRECTION('',(1.E0,0.E0,0.E0));
#16635=DIRECTION('',(0.E0,1.E0,0.E0));
#16636=AXIS2_PLACEMENT_3D('',#16633,#16634,#16635);
#16637=CYLINDRICAL_SURFACE('263640',#16636,1.5E-1);
#16639=ORIENTED_EDGE('266139',*,*,#16638,.F.);
#16641=ORIENTED_EDGE('266155',*,*,#16640,.F.);
#16643=ORIENTED_EDGE('262802',*,*,#16642,.T.);
#16644=ORIENTED_EDGE('266154',*,*,#9010,.F.);
#16645=ORIENTED_EDGE('266138',*,*,#9008,.F.);
#16647=ORIENTED_EDGE('265232',*,*,#16646,.F.);
#16648=EDGE_LOOP('263640',(#16639,#16641,#16643,#16644,#16645,#16647));
#16649=FACE_OUTER_BOUND('263640',#16648,.F.);
#16650=ADVANCED_FACE('263640',(#16649),#16637,.F.);
#16651=CARTESIAN_POINT('',(0.E0,-5.25E-1,9.5E-1));
#16652=DIRECTION('',(0.E0,0.E0,1.E0));
#16653=DIRECTION('',(0.E0,1.E0,0.E0));
#16654=AXIS2_PLACEMENT_3D('',#16651,#16652,#16653);
#16655=PLANE('263641',#16654);
#16657=ORIENTED_EDGE('266140',*,*,#16656,.T.);
#16659=ORIENTED_EDGE('266156',*,*,#16658,.T.);
#16661=ORIENTED_EDGE('262804',*,*,#16660,.T.);
#16662=ORIENTED_EDGE('266155',*,*,#16640,.T.);
#16663=ORIENTED_EDGE('266139',*,*,#16638,.T.);
#16665=ORIENTED_EDGE('265233',*,*,#16664,.T.);
#16666=EDGE_LOOP('263641',(#16657,#16659,#16661,#16662,#16663,#16665));
#16667=FACE_OUTER_BOUND('263641',#16666,.F.);
#16668=ADVANCED_FACE('263641',(#16667),#16655,.F.);
#16669=CARTESIAN_POINT('',(-1.72224E1,-6.5E-1,8.5E-1));
#16670=DIRECTION('',(1.E0,0.E0,0.E0));
#16671=DIRECTION('',(0.E0,0.E0,1.E0));
#16672=AXIS2_PLACEMENT_3D('',#16669,#16670,#16671);
#16673=CYLINDRICAL_SURFACE('263642',#16672,1.E-1);
#16675=ORIENTED_EDGE('266141',*,*,#16674,.F.);
#16677=ORIENTED_EDGE('266157',*,*,#16676,.F.);
#16679=ORIENTED_EDGE('262806',*,*,#16678,.T.);
#16680=ORIENTED_EDGE('266156',*,*,#16658,.F.);
#16681=ORIENTED_EDGE('266140',*,*,#16656,.F.);
#16683=ORIENTED_EDGE('265234',*,*,#16682,.F.);
#16684=EDGE_LOOP('263642',(#16675,#16677,#16679,#16680,#16681,#16683));
#16685=FACE_OUTER_BOUND('263642',#16684,.F.);
#16686=ADVANCED_FACE('263642',(#16685),#16673,.F.);
#16687=CARTESIAN_POINT('',(0.E0,-7.5E-1,-7.E-1));
#16688=DIRECTION('',(0.E0,-1.E0,0.E0));
#16689=DIRECTION('',(0.E0,0.E0,1.E0));
#16690=AXIS2_PLACEMENT_3D('',#16687,#16688,#16689);
#16691=PLANE('263644',#16690);
#16693=ORIENTED_EDGE('266168',*,*,#16692,.T.);
#16695=ORIENTED_EDGE('262808',*,*,#16694,.T.);
#16696=ORIENTED_EDGE('266157',*,*,#16676,.T.);
#16697=ORIENTED_EDGE('266141',*,*,#16674,.T.);
#16699=ORIENTED_EDGE('265235',*,*,#16698,.T.);
#16700=EDGE_LOOP('263644',(#16693,#16695,#16696,#16697,#16699));
#16701=FACE_OUTER_BOUND('263644',#16700,.F.);
#16702=ADVANCED_FACE('263644',(#16701),#16691,.F.);
#16703=CARTESIAN_POINT('',(0.E0,-8.5E-1,-2.6E0));
#16704=DIRECTION('',(0.E0,-9.615239476408E-1,2.747211278974E-1));
#16705=DIRECTION('',(1.E0,0.E0,0.E0));
#16706=AXIS2_PLACEMENT_3D('',#16703,#16704,#16705);
#16707=PLANE('263637',#16706);
#16708=ORIENTED_EDGE('266167',*,*,#8697,.T.);
#16710=ORIENTED_EDGE('262792',*,*,#16709,.F.);
#16712=ORIENTED_EDGE('262793',*,*,#16711,.T.);
#16713=ORIENTED_EDGE('266168',*,*,#16692,.F.);
#16715=ORIENTED_EDGE('265227',*,*,#16714,.F.);
#16717=ORIENTED_EDGE('265225',*,*,#16716,.T.);
#16718=EDGE_LOOP('263637',(#16708,#16710,#16712,#16713,#16715,#16717));
#16719=FACE_OUTER_BOUND('263637',#16718,.F.);
#16720=ADVANCED_FACE('263637',(#16719),#16707,.F.);
#16721=CARTESIAN_POINT('',(9.71E0,-3.5E-1,-2.8E0));
#16722=DIRECTION('',(7.071067811843E-1,0.E0,7.071067811888E-1));
#16723=DIRECTION('',(0.E0,1.E0,0.E0));
#16724=AXIS2_PLACEMENT_3D('',#16721,#16722,#16723);
#16725=PLANE('261209',#16724);
#16726=ORIENTED_EDGE('262780',*,*,#8695,.T.);
#16727=ORIENTED_EDGE('262788',*,*,#8992,.F.);
#16729=ORIENTED_EDGE('262809',*,*,#16728,.T.);
#16730=ORIENTED_EDGE('262792',*,*,#16709,.T.);
#16731=EDGE_LOOP('261209',(#16726,#16727,#16729,#16730));
#16732=FACE_OUTER_BOUND('261209',#16731,.F.);
#16733=ADVANCED_FACE('261209',(#16732),#16725,.F.);
#16734=CARTESIAN_POINT('',(9.56E0,-5.362716418907E-1,-8.5E-1));
#16735=DIRECTION('',(-1.E0,0.E0,0.E0));
#16736=DIRECTION('',(0.E0,1.E0,0.E0));
#16737=AXIS2_PLACEMENT_3D('',#16734,#16735,#16736);
#16738=PLANE('261207',#16737);
#16739=ORIENTED_EDGE('262802',*,*,#16642,.F.);
#16740=ORIENTED_EDGE('262804',*,*,#16660,.F.);
#16741=ORIENTED_EDGE('262806',*,*,#16678,.F.);
#16742=ORIENTED_EDGE('262808',*,*,#16694,.F.);
#16743=ORIENTED_EDGE('262793',*,*,#16711,.F.);
#16744=ORIENTED_EDGE('262809',*,*,#16728,.F.);
#16745=ORIENTED_EDGE('262787',*,*,#8990,.F.);
#16746=ORIENTED_EDGE('262800',*,*,#9012,.F.);
#16747=EDGE_LOOP('261207',(#16739,#16740,#16741,#16742,#16743,#16744,#16745,
#16746));
#16748=FACE_OUTER_BOUND('261207',#16747,.F.);
#16749=ADVANCED_FACE('261207',(#16748),#16738,.T.);
#16750=CARTESIAN_POINT('',(-1.656E1,-5.362716418906E-1,-8.5E-1));
#16751=DIRECTION('',(-1.E0,0.E0,0.E0));
#16752=DIRECTION('',(0.E0,1.E0,0.E0));
#16753=AXIS2_PLACEMENT_3D('',#16750,#16751,#16752);
#16754=PLANE('263638',#16753);
#16755=ORIENTED_EDGE('265231',*,*,#9016,.F.);
#16756=ORIENTED_EDGE('265221',*,*,#8998,.T.);
#16758=ORIENTED_EDGE('265226',*,*,#16757,.F.);
#16759=ORIENTED_EDGE('265227',*,*,#16714,.T.);
#16760=ORIENTED_EDGE('265235',*,*,#16698,.F.);
#16761=ORIENTED_EDGE('265234',*,*,#16682,.T.);
#16762=ORIENTED_EDGE('265233',*,*,#16664,.F.);
#16763=ORIENTED_EDGE('265232',*,*,#16646,.T.);
#16764=EDGE_LOOP('263638',(#16755,#16756,#16758,#16759,#16760,#16761,#16762,
#16763));
#16765=FACE_OUTER_BOUND('263638',#16764,.F.);
#16766=ADVANCED_FACE('263638',(#16765),#16754,.F.);
#16767=CARTESIAN_POINT('',(-1.671E1,-3.5E-1,-2.8E0));
#16768=DIRECTION('',(-7.071067811843E-1,0.E0,7.071067811888E-1));
#16769=DIRECTION('',(0.E0,1.E0,0.E0));
#16770=AXIS2_PLACEMENT_3D('',#16767,#16768,#16769);
#16771=PLANE('263636',#16770);
#16772=ORIENTED_EDGE('265218',*,*,#8699,.T.);
#16773=ORIENTED_EDGE('265225',*,*,#16716,.F.);
#16774=ORIENTED_EDGE('265226',*,*,#16757,.T.);
#16775=ORIENTED_EDGE('265220',*,*,#8996,.F.);
#16776=EDGE_LOOP('263636',(#16772,#16773,#16774,#16775));
#16777=FACE_OUTER_BOUND('263636',#16776,.F.);
#16778=ADVANCED_FACE('263636',(#16777),#16771,.F.);
#16779=CLOSED_SHELL('',(#8058,#8080,#8107,#8123,#8138,#8152,#8166,#8311,#8325,
#8339,#8453,#8653,#8676,#8703,#8718,#8732,#8754,#8768,#8782,#8794,#8808,#8821,
#8833,#8859,#8874,#8887,#8901,#8916,#8929,#8941,#8955,#8968,#8980,#9002,#9269,
#9298,#9313,#9327,#9355,#9370,#9383,#9396,#9409,#9422,#9435,#9448,#9461,#9474,
#9486,#9499,#9512,#9524,#9553,#9568,#9582,#9610,#9625,#9638,#9651,#9664,#9677,
#9690,#9703,#9716,#9729,#9741,#9754,#9767,#9779,#9808,#9823,#9837,#9865,#9880,
#9893,#9906,#9919,#9932,#9945,#9958,#9971,#9984,#9996,#10009,#10022,#10034,
#10063,#10078,#10092,#10120,#10135,#10148,#10161,#10174,#10187,#10200,#10213,
#10226,#10239,#10251,#10264,#10277,#10289,#10318,#10333,#10347,#10375,#10390,
#10403,#10416,#10429,#10442,#10455,#10468,#10481,#10494,#10506,#10519,#10532,
#10544,#10573,#10588,#10602,#10630,#10645,#10658,#10671,#10684,#10697,#10710,
#10723,#10736,#10749,#10761,#10774,#10787,#10799,#10828,#10843,#10857,#10885,
#10900,#10913,#10926,#10939,#10952,#10965,#10978,#10991,#11004,#11016,#11029,
#11042,#11054,#11083,#11098,#11112,#11140,#11155,#11168,#11181,#11194,#11207,
#11220,#11233,#11246,#11259,#11271,#11284,#11297,#11309,#11338,#11353,#11367,
#11395,#11410,#11423,#11436,#11449,#11462,#11475,#11488,#11501,#11514,#11526,
#11539,#11552,#11564,#11593,#11608,#11622,#11650,#11665,#11678,#11691,#11704,
#11717,#11730,#11743,#11756,#11769,#11781,#11794,#11807,#11819,#11848,#11863,
#11877,#11905,#11920,#11933,#11946,#11959,#11972,#11985,#11998,#12011,#12024,
#12036,#12049,#12062,#12074,#12103,#12118,#12132,#12160,#12175,#12188,#12201,
#12214,#12227,#12240,#12253,#12266,#12279,#12291,#12304,#12317,#12329,#12343,
#12357,#12370,#12385,#12412,#12424,#12437,#12450,#12463,#12476,#12489,#12502,
#12515,#12528,#12540,#12560,#12587,#12602,#12616,#12630,#12643,#12660,#12687,
#12702,#12715,#12727,#12740,#12753,#12766,#12779,#12792,#12805,#12818,#12831,
#12843,#12856,#12869,#12881,#12901,#12928,#12943,#12957,#12971,#12984,#13001,
#13028,#13043,#13056,#13068,#13081,#13094,#13107,#13120,#13133,#13146,#13159,
#13172,#13184,#13197,#13210,#13222,#13242,#13269,#13284,#13298,#13312,#13325,
#13342,#13369,#13384,#13397,#13409,#13422,#13435,#13448,#13461,#13474,#13487,
#13500,#13513,#13525,#13538,#13551,#13563,#13583,#13610,#13625,#13639,#13653,
#13666,#13683,#13710,#13725,#13738,#13750,#13763,#13776,#13789,#13802,#13815,
#13828,#13841,#13854,#13866,#13879,#13892,#13904,#13924,#13951,#13966,#13980,
#13994,#14007,#14024,#14051,#14066,#14079,#14091,#14104,#14117,#14130,#14143,
#14156,#14169,#14182,#14195,#14207,#14220,#14233,#14245,#14265,#14292,#14307,
#14321,#14335,#14348,#14365,#14392,#14407,#14420,#14432,#14445,#14458,#14471,
#14484,#14497,#14510,#14523,#14536,#14548,#14561,#14574,#14586,#14606,#14633,
#14648,#14662,#14676,#14689,#14706,#14733,#14748,#14761,#14773,#14786,#14799,
#14812,#14825,#14838,#14851,#14864,#14877,#14889,#14902,#14915,#14927,#14947,
#14974,#14989,#15003,#15017,#15030,#15047,#15074,#15089,#15102,#15114,#15127,
#15140,#15153,#15166,#15179,#15192,#15205,#15218,#15230,#15243,#15256,#15268,
#15288,#15315,#15330,#15344,#15358,#15371,#15388,#15415,#15430,#15443,#15455,
#15468,#15481,#15494,#15507,#15520,#15533,#15546,#15559,#15571,#15584,#15597,
#15609,#15629,#15656,#15671,#15685,#15699,#15712,#15729,#15756,#15771,#15784,
#15796,#15809,#15822,#15835,#15848,#15861,#15874,#15887,#15900,#15912,#15925,
#15938,#15950,#15970,#15997,#16012,#16026,#16040,#16053,#16070,#16097,#16112,
#16125,#16137,#16150,#16163,#16176,#16189,#16202,#16215,#16228,#16241,#16253,
#16266,#16279,#16291,#16311,#16338,#16353,#16367,#16381,#16394,#16411,#16438,
#16453,#16466,#16478,#16491,#16504,#16517,#16530,#16543,#16556,#16569,#16582,
#16594,#16607,#16620,#16632,#16650,#16668,#16686,#16702,#16720,#16733,#16749,
#16766,#16778));
#16780=MANIFOLD_SOLID_BREP('',#16779);
#16781=(LENGTH_UNIT()NAMED_UNIT(*)SI_UNIT(.MILLI.,.METRE.));
#16782=DIMENSIONAL_EXPONENTS(0.E0,0.E0,0.E0,0.E0,0.E0,0.E0,0.E0);
#16783=(NAMED_UNIT(*)PLANE_ANGLE_UNIT()SI_UNIT($,.RADIAN.));
#16784=PLANE_ANGLE_MEASURE_WITH_UNIT(PLANE_ANGLE_MEASURE(1.745329251994E-2),
#16783);
#16785=(CONVERSION_BASED_UNIT('DEGREE',#16784)NAMED_UNIT(#16782)PLANE_ANGLE_UNIT());
#16786=(NAMED_UNIT(*)SI_UNIT($,.STERADIAN.)SOLID_ANGLE_UNIT());
#16787=UNCERTAINTY_MEASURE_WITH_UNIT(LENGTH_MEASURE(1.308256383704E-2),#16781,
'closure',
'Maximum model space distance between geometric entities at asserted connectivities');
#16788=(GEOMETRIC_REPRESENTATION_CONTEXT(3)GLOBAL_UNCERTAINTY_ASSIGNED_CONTEXT((
#16787))GLOBAL_UNIT_ASSIGNED_CONTEXT((#16781,#16785,#16786))REPRESENTATION_CONTEXT('ID1','3'));
#16790=APPLICATION_CONTEXT(
'CONFIGURATION CONTROLLED 3D DESIGNS OF MECHANICAL PARTS AND ASSEMBLIES');
#16791=APPLICATION_PROTOCOL_DEFINITION('international standard',
'config_control_design',1994,#16790);
#16792=DESIGN_CONTEXT('',#16790,'design');
#16793=MECHANICAL_CONTEXT('',#16790,'mechanical');
#16794=PRODUCT('HLW_R-2C7_LF','HLW_R-2C7_LF','NOT SPECIFIED',(#16793));
#16795=PRODUCT_DEFINITION_FORMATION_WITH_SPECIFIED_SOURCE('','LAST_VERSION',
#16794,.MADE.);
#16799=PRODUCT_CATEGORY('part','');
#16800=PRODUCT_RELATED_PRODUCT_CATEGORY('detail','',(#16794));
#16801=PRODUCT_CATEGORY_RELATIONSHIP('','',#16799,#16800);
#16802=SECURITY_CLASSIFICATION_LEVEL('unclassified');
#16803=SECURITY_CLASSIFICATION('','',#16802);
#16804=CC_DESIGN_SECURITY_CLASSIFICATION(#16803,(#16795));
#16805=APPROVAL_STATUS('approved');
#16806=APPROVAL(#16805,'');
#16807=CC_DESIGN_APPROVAL(#16806,(#16803,#16795,#16796));
#16808=CALENDAR_DATE(108,4,4);
#16809=COORDINATED_UNIVERSAL_TIME_OFFSET(8,0,.AHEAD.);
#16810=LOCAL_TIME(13,50,1.5E1,#16809);
#16811=DATE_AND_TIME(#16808,#16810);
#16812=APPROVAL_DATE_TIME(#16811,#16806);
#16813=DATE_TIME_ROLE('creation_date');
#16814=CC_DESIGN_DATE_AND_TIME_ASSIGNMENT(#16811,#16813,(#16796));
#16815=DATE_TIME_ROLE('classification_date');
#16816=CC_DESIGN_DATE_AND_TIME_ASSIGNMENT(#16811,#16815,(#16803));
#16817=PERSON('UNSPECIFIED','UNSPECIFIED',$,$,$,$);
#16818=ORGANIZATION('UNSPECIFIED','UNSPECIFIED','UNSPECIFIED');
#16819=PERSON_AND_ORGANIZATION(#16817,#16818);
#16820=APPROVAL_ROLE('approver');
#16821=APPROVAL_PERSON_ORGANIZATION(#16819,#16806,#16820);
#16822=PERSON_AND_ORGANIZATION_ROLE('creator');
#16823=CC_DESIGN_PERSON_AND_ORGANIZATION_ASSIGNMENT(#16819,#16822,(#16795,
#16796));
#16824=PERSON_AND_ORGANIZATION_ROLE('design_supplier');
#16825=CC_DESIGN_PERSON_AND_ORGANIZATION_ASSIGNMENT(#16819,#16824,(#16795));
#16826=PERSON_AND_ORGANIZATION_ROLE('classification_officer');
#16827=CC_DESIGN_PERSON_AND_ORGANIZATION_ASSIGNMENT(#16819,#16826,(#16803));
#16828=PERSON_AND_ORGANIZATION_ROLE('design_owner');
#16829=CC_DESIGN_PERSON_AND_ORGANIZATION_ASSIGNMENT(#16819,#16828,(#16794));
#1263=B_SPLINE_CURVE_WITH_KNOTS('262788',3,(#1258,#1259,#1260,#1261,#1262),
.UNSPECIFIED.,.F.,.F.,(4,1,4),(0.E0,5.E-1,1.E0),.UNSPECIFIED.);
#1277=B_SPLINE_CURVE_WITH_KNOTS('265220',3,(#1272,#1273,#1274,#1275,#1276),
.UNSPECIFIED.,.F.,.F.,(4,1,4),(0.E0,5.E-1,1.E0),.UNSPECIFIED.);
#5902=CIRCLE('262802',#5901,1.5E-1);
#5911=CIRCLE('262806',#5910,1.E-1);
#5920=CIRCLE('262787',#5919,5.E-1);
#5929=CIRCLE('265221',#5928,5.E-1);
#5942=CIRCLE('265234',#5941,1.E-1);
#5947=CIRCLE('265232',#5946,1.5E-1);
#7910=EDGE_CURVE('266159',#7182,#7833,#485,.T.);
#7912=EDGE_CURVE('262725',#7182,#7183,#1117,.T.);
#7914=EDGE_CURVE('262726',#7162,#7183,#1113,.T.);
#7916=EDGE_CURVE('262715',#7162,#7163,#213,.T.);
#7918=EDGE_CURVE('266166',#7829,#7163,#1093,.T.);
#7920=EDGE_CURVE('265164',#7828,#7829,#1165,.T.);
#7922=EDGE_CURVE('265165',#7828,#7831,#1237,.T.);
#7924=EDGE_CURVE('265166',#7833,#7831,#1217,.T.);
#7928=EDGE_CURVE('263275',#7511,#7519,#5,.T.);
#7930=EDGE_CURVE('263278',#7519,#7527,#9,.T.);
#7932=EDGE_CURVE('263277',#7521,#7527,#13,.T.);
#7934=EDGE_CURVE('263276',#7521,#7511,#17,.T.);
#7938=EDGE_CURVE('263255',#7487,#7495,#21,.T.);
#7940=EDGE_CURVE('263258',#7495,#7503,#25,.T.);
#7942=EDGE_CURVE('263257',#7497,#7503,#29,.T.);
#7944=EDGE_CURVE('263256',#7497,#7487,#33,.T.);
#7948=EDGE_CURVE('263235',#7463,#7471,#37,.T.);
#7950=EDGE_CURVE('263238',#7471,#7479,#41,.T.);
#7952=EDGE_CURVE('263237',#7473,#7479,#45,.T.);
#7954=EDGE_CURVE('263236',#7473,#7463,#49,.T.);
#7958=EDGE_CURVE('263215',#7439,#7447,#53,.T.);
#7960=EDGE_CURVE('263218',#7447,#7455,#57,.T.);
#7962=EDGE_CURVE('263217',#7449,#7455,#61,.T.);
#7964=EDGE_CURVE('263216',#7449,#7439,#65,.T.);
#7968=EDGE_CURVE('263195',#7415,#7423,#69,.T.);
#7970=EDGE_CURVE('263198',#7423,#7431,#73,.T.);
#7972=EDGE_CURVE('263197',#7425,#7431,#77,.T.);
#7974=EDGE_CURVE('263196',#7425,#7415,#81,.T.);
#7978=EDGE_CURVE('263175',#7391,#7399,#85,.T.);
#7980=EDGE_CURVE('263178',#7399,#7407,#89,.T.);
#7982=EDGE_CURVE('263177',#7401,#7407,#93,.T.);
#7984=EDGE_CURVE('263176',#7401,#7391,#97,.T.);
#7988=EDGE_CURVE('263155',#7367,#7375,#101,.T.);
#7990=EDGE_CURVE('263158',#7375,#7383,#105,.T.);
#7992=EDGE_CURVE('263157',#7377,#7383,#109,.T.);
#7994=EDGE_CURVE('263156',#7377,#7367,#113,.T.);
#7998=EDGE_CURVE('263135',#7343,#7351,#117,.T.);
#8000=EDGE_CURVE('263138',#7351,#7359,#121,.T.);
#8002=EDGE_CURVE('263137',#7353,#7359,#125,.T.);
#8004=EDGE_CURVE('263136',#7353,#7343,#129,.T.);
#8008=EDGE_CURVE('263115',#7319,#7327,#133,.T.);
#8010=EDGE_CURVE('263118',#7327,#7335,#137,.T.);
#8012=EDGE_CURVE('263117',#7329,#7335,#141,.T.);
#8014=EDGE_CURVE('263116',#7329,#7319,#145,.T.);
#8018=EDGE_CURVE('263095',#7295,#7303,#149,.T.);
#8020=EDGE_CURVE('263098',#7303,#7311,#153,.T.);
#8022=EDGE_CURVE('263097',#7305,#7311,#157,.T.);
#8024=EDGE_CURVE('263096',#7305,#7295,#161,.T.);
#8028=EDGE_CURVE('263075',#7271,#7279,#165,.T.);
#8030=EDGE_CURVE('263078',#7279,#7287,#169,.T.);
#8032=EDGE_CURVE('263077',#7281,#7287,#173,.T.);
#8034=EDGE_CURVE('263076',#7281,#7271,#177,.T.);
#8038=EDGE_CURVE('263055',#7247,#7255,#181,.T.);
#8040=EDGE_CURVE('263058',#7255,#7263,#185,.T.);
#8042=EDGE_CURVE('263057',#7257,#7263,#189,.T.);
#8044=EDGE_CURVE('263056',#7257,#7247,#193,.T.);
#8048=EDGE_CURVE('263034',#7223,#7231,#197,.T.);
#8050=EDGE_CURVE('263037',#7231,#7239,#201,.T.);
#8052=EDGE_CURVE('263036',#7233,#7239,#205,.T.);
#8054=EDGE_CURVE('263035',#7233,#7223,#209,.T.);
#8064=EDGE_CURVE('262954',#7507,#6903,#217,.T.);
#8066=EDGE_CURVE('263285',#7515,#7507,#1013,.T.);
#8068=EDGE_CURVE('262958',#6931,#7515,#501,.T.);
#8070=EDGE_CURVE('262957',#7513,#6931,#497,.T.);
#8072=EDGE_CURVE('263279',#7513,#7517,#273,.T.);
#8074=EDGE_CURVE('262959',#6909,#7517,#265,.T.);
#8076=EDGE_CURVE('262562',#6903,#6909,#249,.T.);
#8086=EDGE_CURVE('262956',#6925,#7511,#3513,.T.);
#8088=EDGE_CURVE('262569',#6925,#6923,#221,.T.);
#8090=EDGE_CURVE('262568',#6923,#6921,#225,.T.);
#8092=EDGE_CURVE('262567',#6919,#6921,#3529,.T.);
#8094=EDGE_CURVE('262566',#6917,#6919,#3541,.T.);
#8096=EDGE_CURVE('262565',#6915,#6917,#3553,.T.);
#8098=EDGE_CURVE('262564',#6915,#6912,#229,.T.);
#8100=EDGE_CURVE('262563',#6912,#6913,#233,.T.);
#8102=EDGE_CURVE('262960',#7519,#6913,#3573,.T.);
#8113=EDGE_CURVE('263287',#7676,#7677,#1473,.T.);
#8115=EDGE_CURVE('263292',#7677,#6906,#237,.T.);
#8117=EDGE_CURVE('262561',#6906,#6907,#241,.T.);
#8119=EDGE_CURVE('263291',#6907,#7676,#245,.T.);
#8130=EDGE_CURVE('262560',#6902,#6903,#261,.T.);
#8132=EDGE_CURVE('262955',#6902,#7509,#3469,.T.);
#8134=EDGE_CURVE('263284',#7509,#7507,#1017,.T.);
#8145=EDGE_CURVE('262584',#6909,#6937,#253,.T.);
#8147=EDGE_CURVE('262575',#6937,#6902,#257,.T.);
#8159=EDGE_CURVE('263282',#7517,#7529,#285,.T.);
#8161=EDGE_CURVE('262965',#7529,#6937,#269,.T.);
#8172=EDGE_CURVE('266160',#7197,#7857,#609,.T.);
#8174=EDGE_CURVE('262739',#7182,#7197,#481,.T.);
#8177=EDGE_CURVE('265207',#7833,#7855,#489,.T.);
#8179=EDGE_CURVE('265191',#7855,#7857,#493,.T.);
#8184=EDGE_CURVE('263280',#7523,#7513,#277,.T.);
#8186=EDGE_CURVE('263281',#7523,#7529,#281,.T.);
#8191=EDGE_CURVE('263259',#7489,#7493,#289,.T.);
#8193=EDGE_CURVE('263260',#7499,#7489,#293,.T.);
#8195=EDGE_CURVE('263261',#7499,#7505,#297,.T.);
#8197=EDGE_CURVE('263262',#7493,#7505,#301,.T.);
#8201=EDGE_CURVE('263239',#7465,#7469,#305,.T.);
#8203=EDGE_CURVE('263240',#7475,#7465,#309,.T.);
#8205=EDGE_CURVE('263241',#7475,#7481,#313,.T.);
#8207=EDGE_CURVE('263242',#7469,#7481,#317,.T.);
#8211=EDGE_CURVE('263219',#7441,#7445,#321,.T.);
#8213=EDGE_CURVE('263220',#7451,#7441,#325,.T.);
#8215=EDGE_CURVE('263221',#7451,#7457,#329,.T.);
#8217=EDGE_CURVE('263222',#7445,#7457,#333,.T.);
#8221=EDGE_CURVE('263199',#7417,#7421,#337,.T.);
#8223=EDGE_CURVE('263200',#7427,#7417,#341,.T.);
#8225=EDGE_CURVE('263201',#7427,#7433,#345,.T.);
#8227=EDGE_CURVE('263202',#7421,#7433,#349,.T.);
#8231=EDGE_CURVE('263179',#7393,#7397,#353,.T.);
#8233=EDGE_CURVE('263180',#7403,#7393,#357,.T.);
#8235=EDGE_CURVE('263181',#7403,#7409,#361,.T.);
#8237=EDGE_CURVE('263182',#7397,#7409,#365,.T.);
#8241=EDGE_CURVE('263159',#7369,#7373,#369,.T.);
#8243=EDGE_CURVE('263160',#7379,#7369,#373,.T.);
#8245=EDGE_CURVE('263161',#7379,#7385,#377,.T.);
#8247=EDGE_CURVE('263162',#7373,#7385,#381,.T.);
#8251=EDGE_CURVE('263139',#7345,#7349,#385,.T.);
#8253=EDGE_CURVE('263140',#7355,#7345,#389,.T.);
#8255=EDGE_CURVE('263141',#7355,#7361,#393,.T.);
#8257=EDGE_CURVE('263142',#7349,#7361,#397,.T.);
#8261=EDGE_CURVE('263119',#7321,#7325,#401,.T.);
#8263=EDGE_CURVE('263120',#7331,#7321,#405,.T.);
#8265=EDGE_CURVE('263121',#7331,#7337,#409,.T.);
#8267=EDGE_CURVE('263122',#7325,#7337,#413,.T.);
#8271=EDGE_CURVE('263099',#7297,#7301,#417,.T.);
#8273=EDGE_CURVE('263100',#7307,#7297,#421,.T.);
#8275=EDGE_CURVE('263101',#7307,#7313,#425,.T.);
#8277=EDGE_CURVE('263102',#7301,#7313,#429,.T.);
#8281=EDGE_CURVE('263079',#7273,#7277,#433,.T.);
#8283=EDGE_CURVE('263080',#7283,#7273,#437,.T.);
#8285=EDGE_CURVE('263081',#7283,#7289,#441,.T.);
#8287=EDGE_CURVE('263082',#7277,#7289,#445,.T.);
#8291=EDGE_CURVE('263059',#7249,#7253,#449,.T.);
#8293=EDGE_CURVE('263060',#7259,#7249,#453,.T.);
#8295=EDGE_CURVE('263061',#7259,#7265,#457,.T.);
#8297=EDGE_CURVE('263062',#7253,#7265,#461,.T.);
#8301=EDGE_CURVE('263038',#7225,#7229,#465,.T.);
#8303=EDGE_CURVE('263039',#7235,#7225,#469,.T.);
#8305=EDGE_CURVE('263040',#7235,#7241,#473,.T.);
#8307=EDGE_CURVE('263041',#7229,#7241,#477,.T.);
#8318=EDGE_CURVE('262571',#6930,#6931,#505,.T.);
#8320=EDGE_CURVE('262962',#6930,#7523,#3473,.T.);
#8332=EDGE_CURVE('263283',#7525,#7515,#509,.T.);
#8334=EDGE_CURVE('262963',#7525,#6930,#3477,.T.);
#8345=EDGE_CURVE('266184',#7525,#7859,#1025,.T.);
#8348=EDGE_CURVE('263546',#7577,#7515,#1009,.T.);
#8350=EDGE_CURVE('263531',#7577,#7575,#513,.T.);
#8352=EDGE_CURVE('263545',#7501,#7575,#993,.T.);
#8354=EDGE_CURVE('263263',#7501,#7491,#517,.T.);
#8356=EDGE_CURVE('263530',#7573,#7491,#977,.T.);
#8358=EDGE_CURVE('263515',#7573,#7571,#521,.T.);
#8360=EDGE_CURVE('263529',#7477,#7571,#961,.T.);
#8362=EDGE_CURVE('263243',#7477,#7467,#525,.T.);
#8364=EDGE_CURVE('263514',#7569,#7467,#945,.T.);
#8366=EDGE_CURVE('263499',#7569,#7567,#529,.T.);
#8368=EDGE_CURVE('263513',#7453,#7567,#929,.T.);
#8370=EDGE_CURVE('263223',#7453,#7443,#533,.T.);
#8372=EDGE_CURVE('263498',#7565,#7443,#913,.T.);
#8374=EDGE_CURVE('263483',#7565,#7563,#537,.T.);
#8376=EDGE_CURVE('263497',#7429,#7563,#897,.T.);
#8378=EDGE_CURVE('263203',#7429,#7419,#541,.T.);
#8380=EDGE_CURVE('263482',#7561,#7419,#881,.T.);
#8382=EDGE_CURVE('263467',#7561,#7559,#545,.T.);
#8384=EDGE_CURVE('263481',#7405,#7559,#865,.T.);
#8386=EDGE_CURVE('263183',#7405,#7395,#549,.T.);
#8388=EDGE_CURVE('263466',#7557,#7395,#849,.T.);
#8390=EDGE_CURVE('263451',#7557,#7555,#553,.T.);
#8392=EDGE_CURVE('263465',#7381,#7555,#833,.T.);
#8394=EDGE_CURVE('263163',#7381,#7371,#557,.T.);
#8396=EDGE_CURVE('263450',#7553,#7371,#817,.T.);
#8398=EDGE_CURVE('263435',#7553,#7551,#561,.T.);
#8400=EDGE_CURVE('263449',#7357,#7551,#801,.T.);
#8402=EDGE_CURVE('263143',#7357,#7347,#565,.T.);
#8404=EDGE_CURVE('263434',#7549,#7347,#785,.T.);
#8406=EDGE_CURVE('263419',#7549,#7547,#569,.T.);
#8408=EDGE_CURVE('263433',#7333,#7547,#769,.T.);
#8410=EDGE_CURVE('263123',#7333,#7323,#573,.T.);
#8412=EDGE_CURVE('263418',#7545,#7323,#753,.T.);
#8414=EDGE_CURVE('263403',#7545,#7543,#577,.T.);
#8416=EDGE_CURVE('263417',#7309,#7543,#737,.T.);
#8418=EDGE_CURVE('263103',#7309,#7299,#581,.T.);
#8420=EDGE_CURVE('263402',#7541,#7299,#721,.T.);
#8422=EDGE_CURVE('263387',#7541,#7539,#585,.T.);
#8424=EDGE_CURVE('263401',#7285,#7539,#705,.T.);
#8426=EDGE_CURVE('263083',#7285,#7275,#589,.T.);
#8428=EDGE_CURVE('263386',#7537,#7275,#689,.T.);
#8430=EDGE_CURVE('263371',#7537,#7535,#593,.T.);
#8432=EDGE_CURVE('263385',#7261,#7535,#673,.T.);
#8434=EDGE_CURVE('263063',#7261,#7251,#597,.T.);
#8436=EDGE_CURVE('263370',#7533,#7251,#657,.T.);
#8438=EDGE_CURVE('263355',#7533,#7531,#601,.T.);
#8440=EDGE_CURVE('263369',#7237,#7531,#641,.T.);
#8442=EDGE_CURVE('263042',#7237,#7227,#605,.T.);
#8444=EDGE_CURVE('263054',#7195,#7227,#625,.T.);
#8446=EDGE_CURVE('262738',#7197,#7195,#1121,.T.);
#8449=EDGE_CURVE('265192',#7859,#7857,#1201,.T.);
#8459=EDGE_CURVE('266162',#7189,#7853,#1053,.T.);
#8461=EDGE_CURVE('262734',#7191,#7189,#613,.T.);
#8463=EDGE_CURVE('262760',#7175,#7191,#617,.T.);
#8465=EDGE_CURVE('262722',#7177,#7175,#621,.T.);
#8467=EDGE_CURVE('262774',#7177,#7195,#1137,.T.);
#8470=EDGE_CURVE('263044',#7227,#7219,#629,.T.);
#8472=EDGE_CURVE('263043',#7221,#7219,#633,.T.);
#8474=EDGE_CURVE('263045',#7221,#7237,#637,.T.);
#8477=EDGE_CURVE('263356',#7531,#7683,#645,.T.);
#8479=EDGE_CURVE('263358',#7685,#7683,#649,.T.);
#8481=EDGE_CURVE('263357',#7685,#7533,#653,.T.);
#8484=EDGE_CURVE('263065',#7251,#7243,#661,.T.);
#8486=EDGE_CURVE('263064',#7245,#7243,#665,.T.);
#8488=EDGE_CURVE('263066',#7245,#7261,#669,.T.);
#8491=EDGE_CURVE('263372',#7535,#7695,#677,.T.);
#8493=EDGE_CURVE('263374',#7697,#7695,#681,.T.);
#8495=EDGE_CURVE('263373',#7697,#7537,#685,.T.);
#8498=EDGE_CURVE('263085',#7275,#7267,#693,.T.);
#8500=EDGE_CURVE('263084',#7269,#7267,#697,.T.);
#8502=EDGE_CURVE('263086',#7269,#7285,#701,.T.);
#8505=EDGE_CURVE('263388',#7539,#7707,#709,.T.);
#8507=EDGE_CURVE('263390',#7709,#7707,#713,.T.);
#8509=EDGE_CURVE('263389',#7709,#7541,#717,.T.);
#8512=EDGE_CURVE('263105',#7299,#7291,#725,.T.);
#8514=EDGE_CURVE('263104',#7293,#7291,#729,.T.);
#8516=EDGE_CURVE('263106',#7293,#7309,#733,.T.);
#8519=EDGE_CURVE('263404',#7543,#7719,#741,.T.);
#8521=EDGE_CURVE('263406',#7721,#7719,#745,.T.);
#8523=EDGE_CURVE('263405',#7721,#7545,#749,.T.);
#8526=EDGE_CURVE('263125',#7323,#7315,#757,.T.);
#8528=EDGE_CURVE('263124',#7317,#7315,#761,.T.);
#8530=EDGE_CURVE('263126',#7317,#7333,#765,.T.);
#8533=EDGE_CURVE('263420',#7547,#7731,#773,.T.);
#8535=EDGE_CURVE('263422',#7733,#7731,#777,.T.);
#8537=EDGE_CURVE('263421',#7733,#7549,#781,.T.);
#8540=EDGE_CURVE('263145',#7347,#7339,#789,.T.);
#8542=EDGE_CURVE('263144',#7341,#7339,#793,.T.);
#8544=EDGE_CURVE('263146',#7341,#7357,#797,.T.);
#8547=EDGE_CURVE('263436',#7551,#7743,#805,.T.);
#8549=EDGE_CURVE('263438',#7745,#7743,#809,.T.);
#8551=EDGE_CURVE('263437',#7745,#7553,#813,.T.);
#8554=EDGE_CURVE('263165',#7371,#7363,#821,.T.);
#8556=EDGE_CURVE('263164',#7365,#7363,#825,.T.);
#8558=EDGE_CURVE('263166',#7365,#7381,#829,.T.);
#8561=EDGE_CURVE('263452',#7555,#7755,#837,.T.);
#8563=EDGE_CURVE('263454',#7757,#7755,#841,.T.);
#8565=EDGE_CURVE('263453',#7757,#7557,#845,.T.);
#8568=EDGE_CURVE('263185',#7395,#7387,#853,.T.);
#8570=EDGE_CURVE('263184',#7389,#7387,#857,.T.);
#8572=EDGE_CURVE('263186',#7389,#7405,#861,.T.);
#8575=EDGE_CURVE('263468',#7559,#7767,#869,.T.);
#8577=EDGE_CURVE('263470',#7769,#7767,#873,.T.);
#8579=EDGE_CURVE('263469',#7769,#7561,#877,.T.);
#8582=EDGE_CURVE('263205',#7419,#7411,#885,.T.);
#8584=EDGE_CURVE('263204',#7413,#7411,#889,.T.);
#8586=EDGE_CURVE('263206',#7413,#7429,#893,.T.);
#8589=EDGE_CURVE('263484',#7563,#7779,#901,.T.);
#8591=EDGE_CURVE('263486',#7781,#7779,#905,.T.);
#8593=EDGE_CURVE('263485',#7781,#7565,#909,.T.);
#8596=EDGE_CURVE('263225',#7443,#7435,#917,.T.);
#8598=EDGE_CURVE('263224',#7437,#7435,#921,.T.);
#8600=EDGE_CURVE('263226',#7437,#7453,#925,.T.);
#8603=EDGE_CURVE('263500',#7567,#7791,#933,.T.);
#8605=EDGE_CURVE('263502',#7793,#7791,#937,.T.);
#8607=EDGE_CURVE('263501',#7793,#7569,#941,.T.);
#8610=EDGE_CURVE('263245',#7467,#7459,#949,.T.);
#8612=EDGE_CURVE('263244',#7461,#7459,#953,.T.);
#8614=EDGE_CURVE('263246',#7461,#7477,#957,.T.);
#8617=EDGE_CURVE('263516',#7571,#7803,#965,.T.);
#8619=EDGE_CURVE('263518',#7805,#7803,#969,.T.);
#8621=EDGE_CURVE('263517',#7805,#7573,#973,.T.);
#8624=EDGE_CURVE('263265',#7491,#7483,#981,.T.);
#8626=EDGE_CURVE('263264',#7485,#7483,#985,.T.);
#8628=EDGE_CURVE('263266',#7485,#7501,#989,.T.);
#8631=EDGE_CURVE('263532',#7575,#7815,#997,.T.);
#8633=EDGE_CURVE('263534',#7817,#7815,#1001,.T.);
#8635=EDGE_CURVE('263533',#7817,#7577,#1005,.T.);
#8640=EDGE_CURVE('263286',#7509,#7525,#1021,.T.);
#8643=EDGE_CURVE('265212',#7871,#7859,#1193,.T.);
#8645=EDGE_CURVE('265203',#7861,#7871,#1029,.T.);
#8647=EDGE_CURVE('265195',#7851,#7861,#1033,.T.);
#8649=EDGE_CURVE('265188',#7853,#7851,#1037,.T.);
#8659=EDGE_CURVE('266163',#7169,#7869,#1073,.T.);
#8661=EDGE_CURVE('262719',#7169,#7171,#1041,.T.);
#8663=EDGE_CURVE('262749',#7171,#7187,#1045,.T.);
#8665=EDGE_CURVE('262733',#7187,#7189,#1049,.T.);
#8668=EDGE_CURVE('265189',#7853,#7836,#1057,.T.);
#8670=EDGE_CURVE('265179',#7836,#7841,#1061,.T.);
#8672=EDGE_CURVE('265202',#7841,#7869,#1065,.T.);
#8682=EDGE_CURVE('266164',#7167,#7867,#1085,.T.);
#8684=EDGE_CURVE('262718',#7167,#7169,#1069,.T.);
#8687=EDGE_CURVE('265201',#7869,#7867,#1077,.T.);
#8691=EDGE_CURVE('266133',#7894,#7876,#1271,.T.);
#8693=EDGE_CURVE('266149',#7201,#7894,#1267,.T.);
#8695=EDGE_CURVE('262780',#7200,#7201,#5893,.T.);
#8697=EDGE_CURVE('266167',#7877,#7200,#5885,.T.);
#8699=EDGE_CURVE('265218',#7876,#7877,#5951,.T.);
#8709=EDGE_CURVE('266165',#7165,#7865,#1097,.T.);
#8711=EDGE_CURVE('262717',#7167,#7165,#1081,.T.);
#8714=EDGE_CURVE('265200',#7865,#7867,#1089,.T.);
#8725=EDGE_CURVE('262716',#7165,#7163,#1101,.T.);
#8728=EDGE_CURVE('265199',#7865,#7829,#1169,.T.);
#8739=EDGE_CURVE('262724',#7179,#7162,#1109,.T.);
#8741=EDGE_CURVE('262723',#7179,#7177,#1125,.T.);
#8744=EDGE_CURVE('262721',#7175,#7173,#1149,.T.);
#8746=EDGE_CURVE('262720',#7171,#7173,#1153,.T.);
#8760=EDGE_CURVE('262736',#7183,#7193,#1105,.T.);
#8762=EDGE_CURVE('262750',#7193,#7179,#1129,.T.);
#8778=EDGE_CURVE('262737',#7195,#7193,#1133,.T.);
#8800=EDGE_CURVE('262735',#7186,#7191,#1141,.T.);
#8802=EDGE_CURVE('262748',#7173,#7186,#1145,.T.);
#8814=EDGE_CURVE('262732',#7186,#7187,#1157,.T.);
#8839=EDGE_CURVE('265180',#7844,#7845,#1161,.T.);
#8841=EDGE_CURVE('265197',#7845,#7863,#1205,.T.);
#8843=EDGE_CURVE('265198',#7863,#7828,#1225,.T.);
#8850=EDGE_CURVE('265178',#7841,#7839,#1173,.T.);
#8852=EDGE_CURVE('265194',#7839,#7861,#1177,.T.);
#8855=EDGE_CURVE('265204',#7871,#7844,#1189,.T.);
#8866=EDGE_CURVE('265181',#7844,#7847,#1185,.T.);
#8868=EDGE_CURVE('265182',#7847,#7849,#1197,.T.);
#8870=EDGE_CURVE('265183',#7849,#7845,#1209,.T.);
#8880=EDGE_CURVE('265193',#7847,#7859,#1181,.T.);
#8893=EDGE_CURVE('265190',#7849,#7855,#1213,.T.);
#8910=EDGE_CURVE('265206',#7855,#7873,#1221,.T.);
#8912=EDGE_CURVE('265205',#7873,#7863,#1229,.T.);
#8924=EDGE_CURVE('265208',#7831,#7873,#1233,.T.);
#8947=EDGE_CURVE('265176',#7836,#7837,#1241,.T.);
#8949=EDGE_CURVE('265177',#7837,#7839,#1245,.T.);
#8961=EDGE_CURVE('265187',#7851,#7837,#1249,.T.);
#8986=EDGE_CURVE('266136',#7880,#7896,#1253,.T.);
#8988=EDGE_CURVE('266152',#7896,#7204,#1257,.T.);
#8990=EDGE_CURVE('262787',#7204,#7205,#5920,.T.);
#8992=EDGE_CURVE('262788',#7205,#7201,#1263,.T.);
#8996=EDGE_CURVE('265220',#7876,#7878,#1277,.T.);
#8998=EDGE_CURVE('265221',#7880,#7878,#5929,.T.);
#9008=EDGE_CURVE('266138',#7886,#7898,#5849,.T.);
#9010=EDGE_CURVE('266154',#7898,#7211,#5845,.T.);
#9012=EDGE_CURVE('262800',#7211,#7204,#5924,.T.);
#9016=EDGE_CURVE('265231',#7880,#7886,#1681,.T.);
#9020=EDGE_CURVE('263535',#7820,#7821,#1281,.T.);
#9022=EDGE_CURVE('263536',#7823,#7820,#1285,.T.);
#9024=EDGE_CURVE('263538',#7823,#7825,#1289,.T.);
#9026=EDGE_CURVE('263537',#7821,#7825,#1293,.T.);
#9030=EDGE_CURVE('263519',#7808,#7809,#1297,.T.);
#9032=EDGE_CURVE('263520',#7811,#7808,#1301,.T.);
#9034=EDGE_CURVE('263522',#7811,#7813,#1305,.T.);
#9036=EDGE_CURVE('263521',#7809,#7813,#1309,.T.);
#9040=EDGE_CURVE('263503',#7796,#7797,#1313,.T.);
#9042=EDGE_CURVE('263504',#7799,#7796,#1317,.T.);
#9044=EDGE_CURVE('263506',#7799,#7801,#1321,.T.);
#9046=EDGE_CURVE('263505',#7797,#7801,#1325,.T.);
#9050=EDGE_CURVE('263487',#7784,#7785,#1329,.T.);
#9052=EDGE_CURVE('263488',#7787,#7784,#1333,.T.);
#9054=EDGE_CURVE('263490',#7787,#7789,#1337,.T.);
#9056=EDGE_CURVE('263489',#7785,#7789,#1341,.T.);
#9060=EDGE_CURVE('263471',#7772,#7773,#1345,.T.);
#9062=EDGE_CURVE('263472',#7775,#7772,#1349,.T.);
#9064=EDGE_CURVE('263474',#7775,#7777,#1353,.T.);
#9066=EDGE_CURVE('263473',#7773,#7777,#1357,.T.);
#9070=EDGE_CURVE('263455',#7760,#7761,#1361,.T.);
#9072=EDGE_CURVE('263456',#7763,#7760,#1365,.T.);
#9074=EDGE_CURVE('263458',#7763,#7765,#1369,.T.);
#9076=EDGE_CURVE('263457',#7761,#7765,#1373,.T.);
#9080=EDGE_CURVE('263439',#7748,#7749,#1377,.T.);
#9082=EDGE_CURVE('263440',#7751,#7748,#1381,.T.);
#9084=EDGE_CURVE('263442',#7751,#7753,#1385,.T.);
#9086=EDGE_CURVE('263441',#7749,#7753,#1389,.T.);
#9090=EDGE_CURVE('263423',#7736,#7737,#1393,.T.);
#9092=EDGE_CURVE('263424',#7739,#7736,#1397,.T.);
#9094=EDGE_CURVE('263426',#7739,#7741,#1401,.T.);
#9096=EDGE_CURVE('263425',#7737,#7741,#1405,.T.);
#9100=EDGE_CURVE('263407',#7724,#7725,#1409,.T.);
#9102=EDGE_CURVE('263408',#7727,#7724,#1413,.T.);
#9104=EDGE_CURVE('263410',#7727,#7729,#1417,.T.);
#9106=EDGE_CURVE('263409',#7725,#7729,#1421,.T.);
#9110=EDGE_CURVE('263391',#7712,#7713,#1425,.T.);
#9112=EDGE_CURVE('263392',#7715,#7712,#1429,.T.);
#9114=EDGE_CURVE('263394',#7715,#7717,#1433,.T.);
#9116=EDGE_CURVE('263393',#7713,#7717,#1437,.T.);
#9120=EDGE_CURVE('263375',#7700,#7701,#1441,.T.);
#9122=EDGE_CURVE('263376',#7703,#7700,#1445,.T.);
#9124=EDGE_CURVE('263378',#7703,#7705,#1449,.T.);
#9126=EDGE_CURVE('263377',#7701,#7705,#1453,.T.);
#9130=EDGE_CURVE('263359',#7688,#7689,#1457,.T.);
#9132=EDGE_CURVE('263360',#7691,#7688,#1461,.T.);
#9134=EDGE_CURVE('263362',#7691,#7693,#1465,.T.);
#9136=EDGE_CURVE('263361',#7689,#7693,#1469,.T.);
#9141=EDGE_CURVE('263288',#7679,#7676,#1477,.T.);
#9143=EDGE_CURVE('263290',#7679,#7681,#1481,.T.);
#9145=EDGE_CURVE('263289',#7677,#7681,#1485,.T.);
#9149=EDGE_CURVE('263267',#7668,#7669,#1489,.T.);
#9151=EDGE_CURVE('263268',#7671,#7668,#1493,.T.);
#9153=EDGE_CURVE('263270',#7671,#7673,#1497,.T.);
#9155=EDGE_CURVE('263269',#7669,#7673,#1501,.T.);
#9159=EDGE_CURVE('263247',#7660,#7661,#1505,.T.);
#9161=EDGE_CURVE('263248',#7663,#7660,#1509,.T.);
#9163=EDGE_CURVE('263250',#7663,#7665,#1513,.T.);
#9165=EDGE_CURVE('263249',#7661,#7665,#1517,.T.);
#9169=EDGE_CURVE('263227',#7652,#7653,#1521,.T.);
#9171=EDGE_CURVE('263228',#7655,#7652,#1525,.T.);
#9173=EDGE_CURVE('263230',#7655,#7657,#1529,.T.);
#9175=EDGE_CURVE('263229',#7653,#7657,#1533,.T.);
#9179=EDGE_CURVE('263207',#7644,#7645,#1537,.T.);
#9181=EDGE_CURVE('263208',#7647,#7644,#1541,.T.);
#9183=EDGE_CURVE('263210',#7647,#7649,#1545,.T.);
#9185=EDGE_CURVE('263209',#7645,#7649,#1549,.T.);
#9189=EDGE_CURVE('263187',#7636,#7637,#1553,.T.);
#9191=EDGE_CURVE('263188',#7639,#7636,#1557,.T.);
#9193=EDGE_CURVE('263190',#7639,#7641,#1561,.T.);
#9195=EDGE_CURVE('263189',#7637,#7641,#1565,.T.);
#9199=EDGE_CURVE('263167',#7628,#7629,#1569,.T.);
#9201=EDGE_CURVE('263168',#7631,#7628,#1573,.T.);
#9203=EDGE_CURVE('263170',#7631,#7633,#1577,.T.);
#9205=EDGE_CURVE('263169',#7629,#7633,#1581,.T.);
#9209=EDGE_CURVE('263147',#7620,#7621,#1585,.T.);
#9211=EDGE_CURVE('263148',#7623,#7620,#1589,.T.);
#9213=EDGE_CURVE('263150',#7623,#7625,#1593,.T.);
#9215=EDGE_CURVE('263149',#7621,#7625,#1597,.T.);
#9219=EDGE_CURVE('263127',#7612,#7613,#1601,.T.);
#9221=EDGE_CURVE('263128',#7615,#7612,#1605,.T.);
#9223=EDGE_CURVE('263130',#7615,#7617,#1609,.T.);
#9225=EDGE_CURVE('263129',#7613,#7617,#1613,.T.);
#9229=EDGE_CURVE('263107',#7604,#7605,#1617,.T.);
#9231=EDGE_CURVE('263108',#7607,#7604,#1621,.T.);
#9233=EDGE_CURVE('263110',#7607,#7609,#1625,.T.);
#9235=EDGE_CURVE('263109',#7605,#7609,#1629,.T.);
#9239=EDGE_CURVE('263087',#7596,#7597,#1633,.T.);
#9241=EDGE_CURVE('263088',#7599,#7596,#1637,.T.);
#9243=EDGE_CURVE('263090',#7599,#7601,#1641,.T.);
#9245=EDGE_CURVE('263089',#7597,#7601,#1645,.T.);
#9249=EDGE_CURVE('263067',#7588,#7589,#1649,.T.);
#9251=EDGE_CURVE('263068',#7591,#7588,#1653,.T.);
#9253=EDGE_CURVE('263070',#7591,#7593,#1657,.T.);
#9255=EDGE_CURVE('263069',#7589,#7593,#1661,.T.);
#9259=EDGE_CURVE('263046',#7580,#7581,#1665,.T.);
#9261=EDGE_CURVE('263047',#7583,#7580,#1669,.T.);
#9263=EDGE_CURVE('263049',#7583,#7585,#1673,.T.);
#9265=EDGE_CURVE('263048',#7581,#7585,#1677,.T.);
#9275=EDGE_CURVE('263024',#6329,#7575,#1713,.T.);
#9277=EDGE_CURVE('262111',#6329,#6327,#1685,.T.);
#9279=EDGE_CURVE('262110',#6327,#6325,#1689,.T.);
#9281=EDGE_CURVE('262109',#6323,#6325,#1801,.T.);
#9283=EDGE_CURVE('262108',#6321,#6323,#1789,.T.);
#9285=EDGE_CURVE('262107',#6319,#6321,#1777,.T.);
#9287=EDGE_CURVE('262106',#6319,#6317,#1693,.T.);
#9289=EDGE_CURVE('262105',#6317,#6314,#1697,.T.);
#9291=EDGE_CURVE('262104',#6314,#6315,#1761,.T.);
#9293=EDGE_CURVE('263541',#7815,#6315,#1749,.T.);
#9305=EDGE_CURVE('263540',#7821,#6310,#1701,.T.);
#9307=EDGE_CURVE('262103',#6310,#6311,#1705,.T.);
#9309=EDGE_CURVE('263539',#6311,#7820,#1709,.T.);
#9321=EDGE_CURVE('263025',#7577,#6331,#1717,.T.);
#9323=EDGE_CURVE('262112',#6329,#6331,#1817,.T.);
#9335=EDGE_CURVE('263544',#6338,#7817,#1757,.T.);
#9337=EDGE_CURVE('262116',#6338,#6339,#1765,.T.);
#9339=EDGE_CURVE('262123',#6339,#6351,#1721,.T.);
#9341=EDGE_CURVE('262122',#6351,#6349,#1725,.T.);
#9343=EDGE_CURVE('262121',#6347,#6349,#1781,.T.);
#9345=EDGE_CURVE('262120',#6345,#6347,#1793,.T.);
#9347=EDGE_CURVE('262119',#6343,#6345,#1805,.T.);
#9349=EDGE_CURVE('262118',#6343,#6341,#1729,.T.);
#9351=EDGE_CURVE('262117',#6341,#6331,#1733,.T.);
#9362=EDGE_CURVE('263542',#7823,#6333,#1737,.T.);
#9364=EDGE_CURVE('262115',#6333,#6335,#1741,.T.);
#9366=EDGE_CURVE('263543',#6335,#7825,#1745,.T.);
#9378=EDGE_CURVE('262124',#6315,#6338,#1753,.T.);
#9390=EDGE_CURVE('262125',#6339,#6314,#1769,.T.);
#9403=EDGE_CURVE('262126',#6351,#6317,#1773,.T.);
#9416=EDGE_CURVE('262127',#6349,#6319,#1785,.T.);
#9429=EDGE_CURVE('262128',#6347,#6321,#1797,.T.);
#9442=EDGE_CURVE('262129',#6345,#6323,#1809,.T.);
#9455=EDGE_CURVE('262130',#6343,#6325,#1813,.T.);
#9468=EDGE_CURVE('262131',#6341,#6327,#1821,.T.);
#9494=EDGE_CURVE('262113',#6333,#6311,#1825,.T.);
#9506=EDGE_CURVE('262114',#6335,#6310,#1829,.T.);
#9530=EDGE_CURVE('263022',#6373,#7571,#1861,.T.);
#9532=EDGE_CURVE('262140',#6373,#6371,#1833,.T.);
#9534=EDGE_CURVE('262139',#6371,#6369,#1837,.T.);
#9536=EDGE_CURVE('262138',#6367,#6369,#1949,.T.);
#9538=EDGE_CURVE('262137',#6365,#6367,#1937,.T.);
#9540=EDGE_CURVE('262136',#6363,#6365,#1925,.T.);
#9542=EDGE_CURVE('262135',#6363,#6361,#1841,.T.);
#9544=EDGE_CURVE('262134',#6361,#6358,#1845,.T.);
#9546=EDGE_CURVE('262133',#6358,#6359,#1909,.T.);
#9548=EDGE_CURVE('263525',#7803,#6359,#1897,.T.);
#9560=EDGE_CURVE('263524',#7809,#6354,#1849,.T.);
#9562=EDGE_CURVE('262132',#6354,#6355,#1853,.T.);
#9564=EDGE_CURVE('263523',#6355,#7808,#1857,.T.);
#9576=EDGE_CURVE('263023',#7573,#6375,#1865,.T.);
#9578=EDGE_CURVE('262141',#6373,#6375,#1965,.T.);
#9590=EDGE_CURVE('263528',#6382,#7805,#1905,.T.);
#9592=EDGE_CURVE('262145',#6382,#6383,#1913,.T.);
#9594=EDGE_CURVE('262152',#6383,#6395,#1869,.T.);
#9596=EDGE_CURVE('262151',#6395,#6393,#1873,.T.);
#9598=EDGE_CURVE('262150',#6391,#6393,#1929,.T.);
#9600=EDGE_CURVE('262149',#6389,#6391,#1941,.T.);
#9602=EDGE_CURVE('262148',#6387,#6389,#1953,.T.);
#9604=EDGE_CURVE('262147',#6387,#6385,#1877,.T.);
#9606=EDGE_CURVE('262146',#6385,#6375,#1881,.T.);
#9617=EDGE_CURVE('263526',#7811,#6377,#1885,.T.);
#9619=EDGE_CURVE('262144',#6377,#6379,#1889,.T.);
#9621=EDGE_CURVE('263527',#6379,#7813,#1893,.T.);
#9633=EDGE_CURVE('262153',#6359,#6382,#1901,.T.);
#9645=EDGE_CURVE('262154',#6383,#6358,#1917,.T.);
#9658=EDGE_CURVE('262155',#6395,#6361,#1921,.T.);
#9671=EDGE_CURVE('262156',#6393,#6363,#1933,.T.);
#9684=EDGE_CURVE('262157',#6391,#6365,#1945,.T.);
#9697=EDGE_CURVE('262158',#6389,#6367,#1957,.T.);
#9710=EDGE_CURVE('262159',#6387,#6369,#1961,.T.);
#9723=EDGE_CURVE('262160',#6385,#6371,#1969,.T.);
#9749=EDGE_CURVE('262142',#6377,#6355,#1973,.T.);
#9761=EDGE_CURVE('262143',#6379,#6354,#1977,.T.);
#9785=EDGE_CURVE('263020',#6285,#7567,#2009,.T.);
#9787=EDGE_CURVE('261966',#6285,#6283,#1981,.T.);
#9789=EDGE_CURVE('261965',#6283,#6281,#1985,.T.);
#9791=EDGE_CURVE('261964',#6279,#6281,#2097,.T.);
#9793=EDGE_CURVE('261963',#6277,#6279,#2085,.T.);
#9795=EDGE_CURVE('261962',#6275,#6277,#2073,.T.);
#9797=EDGE_CURVE('261961',#6275,#6273,#1989,.T.);
#9799=EDGE_CURVE('261960',#6273,#6270,#1993,.T.);
#9801=EDGE_CURVE('261959',#6270,#6271,#2057,.T.);
#9803=EDGE_CURVE('263509',#7791,#6271,#2045,.T.);
#9815=EDGE_CURVE('263508',#7797,#6266,#1997,.T.);
#9817=EDGE_CURVE('261958',#6266,#6267,#2001,.T.);
#9819=EDGE_CURVE('263507',#6267,#7796,#2005,.T.);
#9831=EDGE_CURVE('263021',#7569,#6287,#2013,.T.);
#9833=EDGE_CURVE('261967',#6285,#6287,#2113,.T.);
#9845=EDGE_CURVE('263512',#6294,#7793,#2053,.T.);
#9847=EDGE_CURVE('261971',#6294,#6295,#2061,.T.);
#9849=EDGE_CURVE('261978',#6295,#6307,#2017,.T.);
#9851=EDGE_CURVE('261977',#6307,#6305,#2021,.T.);
#9853=EDGE_CURVE('261976',#6303,#6305,#2077,.T.);
#9855=EDGE_CURVE('261975',#6301,#6303,#2089,.T.);
#9857=EDGE_CURVE('261974',#6299,#6301,#2101,.T.);
#9859=EDGE_CURVE('261973',#6299,#6297,#2025,.T.);
#9861=EDGE_CURVE('261972',#6297,#6287,#2029,.T.);
#9872=EDGE_CURVE('263510',#7799,#6289,#2033,.T.);
#9874=EDGE_CURVE('261970',#6289,#6291,#2037,.T.);
#9876=EDGE_CURVE('263511',#6291,#7801,#2041,.T.);
#9888=EDGE_CURVE('261979',#6271,#6294,#2049,.T.);
#9900=EDGE_CURVE('261980',#6295,#6270,#2065,.T.);
#9913=EDGE_CURVE('261981',#6307,#6273,#2069,.T.);
#9926=EDGE_CURVE('261982',#6305,#6275,#2081,.T.);
#9939=EDGE_CURVE('261983',#6303,#6277,#2093,.T.);
#9952=EDGE_CURVE('261984',#6301,#6279,#2105,.T.);
#9965=EDGE_CURVE('261985',#6299,#6281,#2109,.T.);
#9978=EDGE_CURVE('261986',#6297,#6283,#2117,.T.);
#10004=EDGE_CURVE('261968',#6289,#6267,#2121,.T.);
#10016=EDGE_CURVE('261969',#6291,#6266,#2125,.T.);
#10040=EDGE_CURVE('263018',#6241,#7563,#2157,.T.);
#10042=EDGE_CURVE('261937',#6241,#6239,#2129,.T.);
#10044=EDGE_CURVE('261936',#6239,#6237,#2133,.T.);
#10046=EDGE_CURVE('261935',#6235,#6237,#2245,.T.);
#10048=EDGE_CURVE('261934',#6233,#6235,#2233,.T.);
#10050=EDGE_CURVE('261933',#6231,#6233,#2221,.T.);
#10052=EDGE_CURVE('261932',#6231,#6229,#2137,.T.);
#10054=EDGE_CURVE('261931',#6229,#6226,#2141,.T.);
#10056=EDGE_CURVE('261930',#6226,#6227,#2205,.T.);
#10058=EDGE_CURVE('263493',#7779,#6227,#2193,.T.);
#10070=EDGE_CURVE('263492',#7785,#6222,#2145,.T.);
#10072=EDGE_CURVE('261929',#6222,#6223,#2149,.T.);
#10074=EDGE_CURVE('263491',#6223,#7784,#2153,.T.);
#10086=EDGE_CURVE('263019',#7565,#6243,#2161,.T.);
#10088=EDGE_CURVE('261938',#6241,#6243,#2261,.T.);
#10100=EDGE_CURVE('263496',#6250,#7781,#2201,.T.);
#10102=EDGE_CURVE('261942',#6250,#6251,#2209,.T.);
#10104=EDGE_CURVE('261949',#6251,#6263,#2165,.T.);
#10106=EDGE_CURVE('261948',#6263,#6261,#2169,.T.);
#10108=EDGE_CURVE('261947',#6259,#6261,#2225,.T.);
#10110=EDGE_CURVE('261946',#6257,#6259,#2237,.T.);
#10112=EDGE_CURVE('261945',#6255,#6257,#2249,.T.);
#10114=EDGE_CURVE('261944',#6255,#6253,#2173,.T.);
#10116=EDGE_CURVE('261943',#6253,#6243,#2177,.T.);
#10127=EDGE_CURVE('263494',#7787,#6245,#2181,.T.);
#10129=EDGE_CURVE('261941',#6245,#6247,#2185,.T.);
#10131=EDGE_CURVE('263495',#6247,#7789,#2189,.T.);
#10143=EDGE_CURVE('261950',#6227,#6250,#2197,.T.);
#10155=EDGE_CURVE('261951',#6251,#6226,#2213,.T.);
#10168=EDGE_CURVE('261952',#6263,#6229,#2217,.T.);
#10181=EDGE_CURVE('261953',#6261,#6231,#2229,.T.);
#10194=EDGE_CURVE('261954',#6259,#6233,#2241,.T.);
#10207=EDGE_CURVE('261955',#6257,#6235,#2253,.T.);
#10220=EDGE_CURVE('261956',#6255,#6237,#2257,.T.);
#10233=EDGE_CURVE('261957',#6253,#6239,#2265,.T.);
#10259=EDGE_CURVE('261939',#6245,#6223,#2269,.T.);
#10271=EDGE_CURVE('261940',#6247,#6222,#2273,.T.);
#10295=EDGE_CURVE('263016',#6197,#7559,#2305,.T.);
#10297=EDGE_CURVE('261908',#6197,#6195,#2277,.T.);
#10299=EDGE_CURVE('261907',#6195,#6193,#2281,.T.);
#10301=EDGE_CURVE('261906',#6191,#6193,#2393,.T.);
#10303=EDGE_CURVE('261905',#6189,#6191,#2381,.T.);
#10305=EDGE_CURVE('261904',#6187,#6189,#2369,.T.);
#10307=EDGE_CURVE('261903',#6187,#6185,#2285,.T.);
#10309=EDGE_CURVE('261902',#6185,#6182,#2289,.T.);
#10311=EDGE_CURVE('261901',#6182,#6183,#2353,.T.);
#10313=EDGE_CURVE('263477',#7767,#6183,#2341,.T.);
#10325=EDGE_CURVE('263476',#7773,#6178,#2293,.T.);
#10327=EDGE_CURVE('261900',#6178,#6179,#2297,.T.);
#10329=EDGE_CURVE('263475',#6179,#7772,#2301,.T.);
#10341=EDGE_CURVE('263017',#7561,#6199,#2309,.T.);
#10343=EDGE_CURVE('261909',#6197,#6199,#2409,.T.);
#10355=EDGE_CURVE('263480',#6206,#7769,#2349,.T.);
#10357=EDGE_CURVE('261913',#6206,#6207,#2357,.T.);
#10359=EDGE_CURVE('261920',#6207,#6219,#2313,.T.);
#10361=EDGE_CURVE('261919',#6219,#6217,#2317,.T.);
#10363=EDGE_CURVE('261918',#6215,#6217,#2373,.T.);
#10365=EDGE_CURVE('261917',#6213,#6215,#2385,.T.);
#10367=EDGE_CURVE('261916',#6211,#6213,#2397,.T.);
#10369=EDGE_CURVE('261915',#6211,#6209,#2321,.T.);
#10371=EDGE_CURVE('261914',#6209,#6199,#2325,.T.);
#10382=EDGE_CURVE('263478',#7775,#6201,#2329,.T.);
#10384=EDGE_CURVE('261912',#6201,#6203,#2333,.T.);
#10386=EDGE_CURVE('263479',#6203,#7777,#2337,.T.);
#10398=EDGE_CURVE('261921',#6183,#6206,#2345,.T.);
#10410=EDGE_CURVE('261922',#6207,#6182,#2361,.T.);
#10423=EDGE_CURVE('261923',#6219,#6185,#2365,.T.);
#10436=EDGE_CURVE('261924',#6217,#6187,#2377,.T.);
#10449=EDGE_CURVE('261925',#6215,#6189,#2389,.T.);
#10462=EDGE_CURVE('261926',#6213,#6191,#2401,.T.);
#10475=EDGE_CURVE('261927',#6211,#6193,#2405,.T.);
#10488=EDGE_CURVE('261928',#6209,#6195,#2413,.T.);
#10514=EDGE_CURVE('261910',#6201,#6179,#2417,.T.);
#10526=EDGE_CURVE('261911',#6203,#6178,#2421,.T.);
#10550=EDGE_CURVE('263014',#6153,#7555,#2453,.T.);
#10552=EDGE_CURVE('261879',#6153,#6151,#2425,.T.);
#10554=EDGE_CURVE('261878',#6151,#6149,#2429,.T.);
#10556=EDGE_CURVE('261877',#6147,#6149,#2541,.T.);
#10558=EDGE_CURVE('261876',#6145,#6147,#2529,.T.);
#10560=EDGE_CURVE('261875',#6143,#6145,#2517,.T.);
#10562=EDGE_CURVE('261874',#6143,#6141,#2433,.T.);
#10564=EDGE_CURVE('261873',#6141,#6138,#2437,.T.);
#10566=EDGE_CURVE('261872',#6138,#6139,#2501,.T.);
#10568=EDGE_CURVE('263461',#7755,#6139,#2489,.T.);
#10580=EDGE_CURVE('263460',#7761,#6134,#2441,.T.);
#10582=EDGE_CURVE('261871',#6134,#6135,#2445,.T.);
#10584=EDGE_CURVE('263459',#6135,#7760,#2449,.T.);
#10596=EDGE_CURVE('263015',#7557,#6155,#2457,.T.);
#10598=EDGE_CURVE('261880',#6153,#6155,#2557,.T.);
#10610=EDGE_CURVE('263464',#6162,#7757,#2497,.T.);
#10612=EDGE_CURVE('261884',#6162,#6163,#2505,.T.);
#10614=EDGE_CURVE('261891',#6163,#6175,#2461,.T.);
#10616=EDGE_CURVE('261890',#6175,#6173,#2465,.T.);
#10618=EDGE_CURVE('261889',#6171,#6173,#2521,.T.);
#10620=EDGE_CURVE('261888',#6169,#6171,#2533,.T.);
#10622=EDGE_CURVE('261887',#6167,#6169,#2545,.T.);
#10624=EDGE_CURVE('261886',#6167,#6165,#2469,.T.);
#10626=EDGE_CURVE('261885',#6165,#6155,#2473,.T.);
#10637=EDGE_CURVE('263462',#7763,#6157,#2477,.T.);
#10639=EDGE_CURVE('261883',#6157,#6159,#2481,.T.);
#10641=EDGE_CURVE('263463',#6159,#7765,#2485,.T.);
#10653=EDGE_CURVE('261892',#6139,#6162,#2493,.T.);
#10665=EDGE_CURVE('261893',#6163,#6138,#2509,.T.);
#10678=EDGE_CURVE('261894',#6175,#6141,#2513,.T.);
#10691=EDGE_CURVE('261895',#6173,#6143,#2525,.T.);
#10704=EDGE_CURVE('261896',#6171,#6145,#2537,.T.);
#10717=EDGE_CURVE('261897',#6169,#6147,#2549,.T.);
#10730=EDGE_CURVE('261898',#6167,#6149,#2553,.T.);
#10743=EDGE_CURVE('261899',#6165,#6151,#2561,.T.);
#10769=EDGE_CURVE('261881',#6157,#6135,#2565,.T.);
#10781=EDGE_CURVE('261882',#6159,#6134,#2569,.T.);
#10805=EDGE_CURVE('263012',#6109,#7551,#2601,.T.);
#10807=EDGE_CURVE('261850',#6109,#6107,#2573,.T.);
#10809=EDGE_CURVE('261849',#6107,#6105,#2577,.T.);
#10811=EDGE_CURVE('261848',#6103,#6105,#2689,.T.);
#10813=EDGE_CURVE('261847',#6101,#6103,#2677,.T.);
#10815=EDGE_CURVE('261846',#6099,#6101,#2665,.T.);
#10817=EDGE_CURVE('261845',#6099,#6097,#2581,.T.);
#10819=EDGE_CURVE('261844',#6097,#6094,#2585,.T.);
#10821=EDGE_CURVE('261843',#6094,#6095,#2649,.T.);
#10823=EDGE_CURVE('263445',#7743,#6095,#2637,.T.);
#10835=EDGE_CURVE('263444',#7749,#6090,#2589,.T.);
#10837=EDGE_CURVE('261842',#6090,#6091,#2593,.T.);
#10839=EDGE_CURVE('263443',#6091,#7748,#2597,.T.);
#10851=EDGE_CURVE('263013',#7553,#6111,#2605,.T.);
#10853=EDGE_CURVE('261851',#6109,#6111,#2705,.T.);
#10865=EDGE_CURVE('263448',#6118,#7745,#2645,.T.);
#10867=EDGE_CURVE('261855',#6118,#6119,#2653,.T.);
#10869=EDGE_CURVE('261862',#6119,#6131,#2609,.T.);
#10871=EDGE_CURVE('261861',#6131,#6129,#2613,.T.);
#10873=EDGE_CURVE('261860',#6127,#6129,#2669,.T.);
#10875=EDGE_CURVE('261859',#6125,#6127,#2681,.T.);
#10877=EDGE_CURVE('261858',#6123,#6125,#2693,.T.);
#10879=EDGE_CURVE('261857',#6123,#6121,#2617,.T.);
#10881=EDGE_CURVE('261856',#6121,#6111,#2621,.T.);
#10892=EDGE_CURVE('263446',#7751,#6113,#2625,.T.);
#10894=EDGE_CURVE('261854',#6113,#6115,#2629,.T.);
#10896=EDGE_CURVE('263447',#6115,#7753,#2633,.T.);
#10908=EDGE_CURVE('261863',#6095,#6118,#2641,.T.);
#10920=EDGE_CURVE('261864',#6119,#6094,#2657,.T.);
#10933=EDGE_CURVE('261865',#6131,#6097,#2661,.T.);
#10946=EDGE_CURVE('261866',#6129,#6099,#2673,.T.);
#10959=EDGE_CURVE('261867',#6127,#6101,#2685,.T.);
#10972=EDGE_CURVE('261868',#6125,#6103,#2697,.T.);
#10985=EDGE_CURVE('261869',#6123,#6105,#2701,.T.);
#10998=EDGE_CURVE('261870',#6121,#6107,#2709,.T.);
#11024=EDGE_CURVE('261852',#6113,#6091,#2713,.T.);
#11036=EDGE_CURVE('261853',#6115,#6090,#2717,.T.);
#11060=EDGE_CURVE('263010',#6065,#7547,#2749,.T.);
#11062=EDGE_CURVE('261821',#6065,#6063,#2721,.T.);
#11064=EDGE_CURVE('261820',#6063,#6061,#2725,.T.);
#11066=EDGE_CURVE('261819',#6059,#6061,#2837,.T.);
#11068=EDGE_CURVE('261818',#6057,#6059,#2825,.T.);
#11070=EDGE_CURVE('261817',#6055,#6057,#2813,.T.);
#11072=EDGE_CURVE('261816',#6055,#6053,#2729,.T.);
#11074=EDGE_CURVE('261815',#6053,#6050,#2733,.T.);
#11076=EDGE_CURVE('261814',#6050,#6051,#2797,.T.);
#11078=EDGE_CURVE('263429',#7731,#6051,#2785,.T.);
#11090=EDGE_CURVE('263428',#7737,#6046,#2737,.T.);
#11092=EDGE_CURVE('261813',#6046,#6047,#2741,.T.);
#11094=EDGE_CURVE('263427',#6047,#7736,#2745,.T.);
#11106=EDGE_CURVE('263011',#7549,#6067,#2753,.T.);
#11108=EDGE_CURVE('261822',#6065,#6067,#2853,.T.);
#11120=EDGE_CURVE('263432',#6074,#7733,#2793,.T.);
#11122=EDGE_CURVE('261826',#6074,#6075,#2801,.T.);
#11124=EDGE_CURVE('261833',#6075,#6087,#2757,.T.);
#11126=EDGE_CURVE('261832',#6087,#6085,#2761,.T.);
#11128=EDGE_CURVE('261831',#6083,#6085,#2817,.T.);
#11130=EDGE_CURVE('261830',#6081,#6083,#2829,.T.);
#11132=EDGE_CURVE('261829',#6079,#6081,#2841,.T.);
#11134=EDGE_CURVE('261828',#6079,#6077,#2765,.T.);
#11136=EDGE_CURVE('261827',#6077,#6067,#2769,.T.);
#11147=EDGE_CURVE('263430',#7739,#6069,#2773,.T.);
#11149=EDGE_CURVE('261825',#6069,#6071,#2777,.T.);
#11151=EDGE_CURVE('263431',#6071,#7741,#2781,.T.);
#11163=EDGE_CURVE('261834',#6051,#6074,#2789,.T.);
#11175=EDGE_CURVE('261835',#6075,#6050,#2805,.T.);
#11188=EDGE_CURVE('261836',#6087,#6053,#2809,.T.);
#11201=EDGE_CURVE('261837',#6085,#6055,#2821,.T.);
#11214=EDGE_CURVE('261838',#6083,#6057,#2833,.T.);
#11227=EDGE_CURVE('261839',#6081,#6059,#2845,.T.);
#11240=EDGE_CURVE('261840',#6079,#6061,#2849,.T.);
#11253=EDGE_CURVE('261841',#6077,#6063,#2857,.T.);
#11279=EDGE_CURVE('261823',#6069,#6047,#2861,.T.);
#11291=EDGE_CURVE('261824',#6071,#6046,#2865,.T.);
#11315=EDGE_CURVE('263008',#6021,#7543,#2897,.T.);
#11317=EDGE_CURVE('261792',#6021,#6019,#2869,.T.);
#11319=EDGE_CURVE('261791',#6019,#6017,#2873,.T.);
#11321=EDGE_CURVE('261790',#6015,#6017,#2985,.T.);
#11323=EDGE_CURVE('261789',#6013,#6015,#2973,.T.);
#11325=EDGE_CURVE('261788',#6011,#6013,#2961,.T.);
#11327=EDGE_CURVE('261787',#6011,#6009,#2877,.T.);
#11329=EDGE_CURVE('261786',#6009,#6006,#2881,.T.);
#11331=EDGE_CURVE('261785',#6006,#6007,#2945,.T.);
#11333=EDGE_CURVE('263413',#7719,#6007,#2933,.T.);
#11345=EDGE_CURVE('263412',#7725,#6002,#2885,.T.);
#11347=EDGE_CURVE('261784',#6002,#6003,#2889,.T.);
#11349=EDGE_CURVE('263411',#6003,#7724,#2893,.T.);
#11361=EDGE_CURVE('263009',#7545,#6023,#2901,.T.);
#11363=EDGE_CURVE('261793',#6021,#6023,#3001,.T.);
#11375=EDGE_CURVE('263416',#6030,#7721,#2941,.T.);
#11377=EDGE_CURVE('261797',#6030,#6031,#2949,.T.);
#11379=EDGE_CURVE('261804',#6031,#6043,#2905,.T.);
#11381=EDGE_CURVE('261803',#6043,#6041,#2909,.T.);
#11383=EDGE_CURVE('261802',#6039,#6041,#2965,.T.);
#11385=EDGE_CURVE('261801',#6037,#6039,#2977,.T.);
#11387=EDGE_CURVE('261800',#6035,#6037,#2989,.T.);
#11389=EDGE_CURVE('261799',#6035,#6033,#2913,.T.);
#11391=EDGE_CURVE('261798',#6033,#6023,#2917,.T.);
#11402=EDGE_CURVE('263414',#7727,#6025,#2921,.T.);
#11404=EDGE_CURVE('261796',#6025,#6027,#2925,.T.);
#11406=EDGE_CURVE('263415',#6027,#7729,#2929,.T.);
#11418=EDGE_CURVE('261805',#6007,#6030,#2937,.T.);
#11430=EDGE_CURVE('261806',#6031,#6006,#2953,.T.);
#11443=EDGE_CURVE('261807',#6043,#6009,#2957,.T.);
#11456=EDGE_CURVE('261808',#6041,#6011,#2969,.T.);
#11469=EDGE_CURVE('261809',#6039,#6013,#2981,.T.);
#11482=EDGE_CURVE('261810',#6037,#6015,#2993,.T.);
#11495=EDGE_CURVE('261811',#6035,#6017,#2997,.T.);
#11508=EDGE_CURVE('261812',#6033,#6019,#3005,.T.);
#11534=EDGE_CURVE('261794',#6025,#6003,#3009,.T.);
#11546=EDGE_CURVE('261795',#6027,#6002,#3013,.T.);
#11570=EDGE_CURVE('263006',#5977,#7539,#3045,.T.);
#11572=EDGE_CURVE('261763',#5977,#5975,#3017,.T.);
#11574=EDGE_CURVE('261762',#5975,#5973,#3021,.T.);
#11576=EDGE_CURVE('261761',#5971,#5973,#3133,.T.);
#11578=EDGE_CURVE('261760',#5969,#5971,#3121,.T.);
#11580=EDGE_CURVE('261759',#5967,#5969,#3109,.T.);
#11582=EDGE_CURVE('261758',#5967,#5965,#3025,.T.);
#11584=EDGE_CURVE('261757',#5965,#5962,#3029,.T.);
#11586=EDGE_CURVE('261756',#5962,#5963,#3093,.T.);
#11588=EDGE_CURVE('263397',#7707,#5963,#3081,.T.);
#11600=EDGE_CURVE('263396',#7713,#5958,#3033,.T.);
#11602=EDGE_CURVE('261755',#5958,#5959,#3037,.T.);
#11604=EDGE_CURVE('263395',#5959,#7712,#3041,.T.);
#11616=EDGE_CURVE('263007',#7541,#5979,#3049,.T.);
#11618=EDGE_CURVE('261764',#5977,#5979,#3149,.T.);
#11630=EDGE_CURVE('263400',#5986,#7709,#3089,.T.);
#11632=EDGE_CURVE('261768',#5986,#5987,#3097,.T.);
#11634=EDGE_CURVE('261775',#5987,#5999,#3053,.T.);
#11636=EDGE_CURVE('261774',#5999,#5997,#3057,.T.);
#11638=EDGE_CURVE('261773',#5995,#5997,#3113,.T.);
#11640=EDGE_CURVE('261772',#5993,#5995,#3125,.T.);
#11642=EDGE_CURVE('261771',#5991,#5993,#3137,.T.);
#11644=EDGE_CURVE('261770',#5991,#5989,#3061,.T.);
#11646=EDGE_CURVE('261769',#5989,#5979,#3065,.T.);
#11657=EDGE_CURVE('263398',#7715,#5981,#3069,.T.);
#11659=EDGE_CURVE('261767',#5981,#5983,#3073,.T.);
#11661=EDGE_CURVE('263399',#5983,#7717,#3077,.T.);
#11673=EDGE_CURVE('261776',#5963,#5986,#3085,.T.);
#11685=EDGE_CURVE('261777',#5987,#5962,#3101,.T.);
#11698=EDGE_CURVE('261778',#5999,#5965,#3105,.T.);
#11711=EDGE_CURVE('261779',#5997,#5967,#3117,.T.);
#11724=EDGE_CURVE('261780',#5995,#5969,#3129,.T.);
#11737=EDGE_CURVE('261781',#5993,#5971,#3141,.T.);
#11750=EDGE_CURVE('261782',#5991,#5973,#3145,.T.);
#11763=EDGE_CURVE('261783',#5989,#5975,#3153,.T.);
#11789=EDGE_CURVE('261765',#5981,#5959,#3157,.T.);
#11801=EDGE_CURVE('261766',#5983,#5958,#3161,.T.);
#11825=EDGE_CURVE('263004',#6417,#7535,#3193,.T.);
#11827=EDGE_CURVE('262169',#6417,#6415,#3165,.T.);
#11829=EDGE_CURVE('262168',#6415,#6413,#3169,.T.);
#11831=EDGE_CURVE('262167',#6411,#6413,#3281,.T.);
#11833=EDGE_CURVE('262166',#6409,#6411,#3269,.T.);
#11835=EDGE_CURVE('262165',#6407,#6409,#3257,.T.);
#11837=EDGE_CURVE('262164',#6407,#6405,#3173,.T.);
#11839=EDGE_CURVE('262163',#6405,#6402,#3177,.T.);
#11841=EDGE_CURVE('262162',#6402,#6403,#3241,.T.);
#11843=EDGE_CURVE('263381',#7695,#6403,#3229,.T.);
#11855=EDGE_CURVE('263380',#7701,#6398,#3181,.T.);
#11857=EDGE_CURVE('262161',#6398,#6399,#3185,.T.);
#11859=EDGE_CURVE('263379',#6399,#7700,#3189,.T.);
#11871=EDGE_CURVE('263005',#7537,#6419,#3197,.T.);
#11873=EDGE_CURVE('262170',#6417,#6419,#3297,.T.);
#11885=EDGE_CURVE('263384',#6426,#7697,#3237,.T.);
#11887=EDGE_CURVE('262174',#6426,#6427,#3245,.T.);
#11889=EDGE_CURVE('262181',#6427,#6439,#3201,.T.);
#11891=EDGE_CURVE('262180',#6439,#6437,#3205,.T.);
#11893=EDGE_CURVE('262179',#6435,#6437,#3261,.T.);
#11895=EDGE_CURVE('262178',#6433,#6435,#3273,.T.);
#11897=EDGE_CURVE('262177',#6431,#6433,#3285,.T.);
#11899=EDGE_CURVE('262176',#6431,#6429,#3209,.T.);
#11901=EDGE_CURVE('262175',#6429,#6419,#3213,.T.);
#11912=EDGE_CURVE('263382',#7703,#6421,#3217,.T.);
#11914=EDGE_CURVE('262173',#6421,#6423,#3221,.T.);
#11916=EDGE_CURVE('263383',#6423,#7705,#3225,.T.);
#11928=EDGE_CURVE('262182',#6403,#6426,#3233,.T.);
#11940=EDGE_CURVE('262183',#6427,#6402,#3249,.T.);
#11953=EDGE_CURVE('262184',#6439,#6405,#3253,.T.);
#11966=EDGE_CURVE('262185',#6437,#6407,#3265,.T.);
#11979=EDGE_CURVE('262186',#6435,#6409,#3277,.T.);
#11992=EDGE_CURVE('262187',#6433,#6411,#3289,.T.);
#12005=EDGE_CURVE('262188',#6431,#6413,#3293,.T.);
#12018=EDGE_CURVE('262189',#6429,#6415,#3301,.T.);
#12044=EDGE_CURVE('262171',#6421,#6399,#3305,.T.);
#12056=EDGE_CURVE('262172',#6423,#6398,#3309,.T.);
#12080=EDGE_CURVE('263002',#6461,#7531,#3341,.T.);
#12082=EDGE_CURVE('262198',#6461,#6459,#3313,.T.);
#12084=EDGE_CURVE('262197',#6459,#6457,#3317,.T.);
#12086=EDGE_CURVE('262196',#6455,#6457,#3429,.T.);
#12088=EDGE_CURVE('262195',#6453,#6455,#3417,.T.);
#12090=EDGE_CURVE('262194',#6451,#6453,#3405,.T.);
#12092=EDGE_CURVE('262193',#6451,#6449,#3321,.T.);
#12094=EDGE_CURVE('262192',#6449,#6446,#3325,.T.);
#12096=EDGE_CURVE('262191',#6446,#6447,#3389,.T.);
#12098=EDGE_CURVE('263365',#7683,#6447,#3377,.T.);
#12110=EDGE_CURVE('263364',#7689,#6442,#3329,.T.);
#12112=EDGE_CURVE('262190',#6442,#6443,#3333,.T.);
#12114=EDGE_CURVE('263363',#6443,#7688,#3337,.T.);
#12126=EDGE_CURVE('263003',#7533,#6463,#3345,.T.);
#12128=EDGE_CURVE('262199',#6461,#6463,#3445,.T.);
#12140=EDGE_CURVE('263368',#6470,#7685,#3385,.T.);
#12142=EDGE_CURVE('262203',#6470,#6471,#3393,.T.);
#12144=EDGE_CURVE('262210',#6471,#6483,#3349,.T.);
#12146=EDGE_CURVE('262209',#6483,#6481,#3353,.T.);
#12148=EDGE_CURVE('262208',#6479,#6481,#3409,.T.);
#12150=EDGE_CURVE('262207',#6477,#6479,#3421,.T.);
#12152=EDGE_CURVE('262206',#6475,#6477,#3433,.T.);
#12154=EDGE_CURVE('262205',#6475,#6473,#3357,.T.);
#12156=EDGE_CURVE('262204',#6473,#6463,#3361,.T.);
#12167=EDGE_CURVE('263366',#7691,#6465,#3365,.T.);
#12169=EDGE_CURVE('262202',#6465,#6467,#3369,.T.);
#12171=EDGE_CURVE('263367',#6467,#7693,#3373,.T.);
#12183=EDGE_CURVE('262211',#6447,#6470,#3381,.T.);
#12195=EDGE_CURVE('262212',#6471,#6446,#3397,.T.);
#12208=EDGE_CURVE('262213',#6483,#6449,#3401,.T.);
#12221=EDGE_CURVE('262214',#6481,#6451,#3413,.T.);
#12234=EDGE_CURVE('262215',#6479,#6453,#3425,.T.);
#12247=EDGE_CURVE('262216',#6477,#6455,#3437,.T.);
#12260=EDGE_CURVE('262217',#6475,#6457,#3441,.T.);
#12273=EDGE_CURVE('262218',#6473,#6459,#3449,.T.);
#12299=EDGE_CURVE('262200',#6465,#6443,#3453,.T.);
#12311=EDGE_CURVE('262201',#6467,#6442,#3457,.T.);
#12337=EDGE_CURVE('262572',#6933,#6907,#3461,.T.);
#12339=EDGE_CURVE('263293',#7679,#6933,#3501,.T.);
#12350=EDGE_CURVE('262573',#6935,#6906,#3465,.T.);
#12352=EDGE_CURVE('262574',#6933,#6935,#3505,.T.);
#12364=EDGE_CURVE('263294',#6935,#7681,#3509,.T.);
#12391=EDGE_CURVE('262961',#7521,#6927,#3481,.T.);
#12394=EDGE_CURVE('262964',#6951,#7527,#3577,.T.);
#12396=EDGE_CURVE('262582',#6951,#6949,#3485,.T.);
#12398=EDGE_CURVE('262581',#6949,#6947,#3489,.T.);
#12400=EDGE_CURVE('262580',#6945,#6947,#3557,.T.);
#12402=EDGE_CURVE('262579',#6943,#6945,#3545,.T.);
#12404=EDGE_CURVE('262578',#6941,#6943,#3533,.T.);
#12406=EDGE_CURVE('262577',#6941,#6939,#3493,.T.);
#12408=EDGE_CURVE('262576',#6939,#6927,#3497,.T.);
#12433=EDGE_CURVE('262570',#6925,#6927,#3517,.T.);
#12446=EDGE_CURVE('262590',#6939,#6923,#3521,.T.);
#12459=EDGE_CURVE('262589',#6941,#6921,#3525,.T.);
#12472=EDGE_CURVE('262588',#6943,#6919,#3537,.T.);
#12485=EDGE_CURVE('262587',#6945,#6917,#3549,.T.);
#12498=EDGE_CURVE('262586',#6947,#6915,#3561,.T.);
#12511=EDGE_CURVE('262585',#6949,#6912,#3565,.T.);
#12524=EDGE_CURVE('262583',#6951,#6913,#3569,.T.);
#12546=EDGE_CURVE('262942',#7483,#6955,#3581,.T.);
#12549=EDGE_CURVE('262946',#6983,#7491,#3685,.T.);
#12551=EDGE_CURVE('262945',#7489,#6983,#3681,.T.);
#12554=EDGE_CURVE('262947',#6961,#7493,#3629,.T.);
#12556=EDGE_CURVE('262593',#6955,#6961,#3613,.T.);
#12566=EDGE_CURVE('262944',#6977,#7487,#3693,.T.);
#12568=EDGE_CURVE('262600',#6977,#6975,#3585,.T.);
#12570=EDGE_CURVE('262599',#6975,#6973,#3589,.T.);
#12572=EDGE_CURVE('262598',#6971,#6973,#3709,.T.);
#12574=EDGE_CURVE('262597',#6969,#6971,#3721,.T.);
#12576=EDGE_CURVE('262596',#6967,#6969,#3733,.T.);
#12578=EDGE_CURVE('262595',#6967,#6964,#3593,.T.);
#12580=EDGE_CURVE('262594',#6964,#6965,#3597,.T.);
#12582=EDGE_CURVE('262948',#7495,#6965,#3753,.T.);
#12594=EDGE_CURVE('263272',#7669,#6958,#3601,.T.);
#12596=EDGE_CURVE('262592',#6958,#6959,#3605,.T.);
#12598=EDGE_CURVE('263271',#6959,#7668,#3609,.T.);
#12609=EDGE_CURVE('262591',#6954,#6955,#3625,.T.);
#12611=EDGE_CURVE('262943',#6954,#7485,#3637,.T.);
#12623=EDGE_CURVE('262615',#6961,#6989,#3617,.T.);
#12625=EDGE_CURVE('262606',#6989,#6954,#3621,.T.);
#12638=EDGE_CURVE('262953',#7505,#6989,#3633,.T.);
#12653=EDGE_CURVE('262950',#6982,#7499,#3641,.T.);
#12655=EDGE_CURVE('262951',#7501,#6982,#3645,.T.);
#12666=EDGE_CURVE('262949',#7497,#6979,#3649,.T.);
#12669=EDGE_CURVE('262952',#7003,#7503,#3757,.T.);
#12671=EDGE_CURVE('262613',#7003,#7001,#3653,.T.);
#12673=EDGE_CURVE('262612',#7001,#6999,#3657,.T.);
#12675=EDGE_CURVE('262611',#6997,#6999,#3737,.T.);
#12677=EDGE_CURVE('262610',#6995,#6997,#3725,.T.);
#12679=EDGE_CURVE('262609',#6993,#6995,#3713,.T.);
#12681=EDGE_CURVE('262608',#6993,#6991,#3661,.T.);
#12683=EDGE_CURVE('262607',#6991,#6979,#3665,.T.);
#12694=EDGE_CURVE('263273',#7671,#6985,#3669,.T.);
#12696=EDGE_CURVE('262605',#6985,#6987,#3673,.T.);
#12698=EDGE_CURVE('263274',#6987,#7673,#3677,.T.);
#12709=EDGE_CURVE('262602',#6982,#6983,#3689,.T.);
#12736=EDGE_CURVE('262601',#6977,#6979,#3697,.T.);
#12749=EDGE_CURVE('262621',#6991,#6975,#3701,.T.);
#12762=EDGE_CURVE('262620',#6993,#6973,#3705,.T.);
#12775=EDGE_CURVE('262619',#6995,#6971,#3717,.T.);
#12788=EDGE_CURVE('262618',#6997,#6969,#3729,.T.);
#12801=EDGE_CURVE('262617',#6999,#6967,#3741,.T.);
#12814=EDGE_CURVE('262616',#7001,#6964,#3745,.T.);
#12827=EDGE_CURVE('262614',#7003,#6965,#3749,.T.);
#12851=EDGE_CURVE('262603',#6985,#6959,#3761,.T.);
#12863=EDGE_CURVE('262604',#6987,#6958,#3765,.T.);
#12887=EDGE_CURVE('262930',#7459,#7007,#3769,.T.);
#12890=EDGE_CURVE('262934',#7035,#7467,#3873,.T.);
#12892=EDGE_CURVE('262933',#7465,#7035,#3869,.T.);
#12895=EDGE_CURVE('262935',#7013,#7469,#3817,.T.);
#12897=EDGE_CURVE('262624',#7007,#7013,#3801,.T.);
#12907=EDGE_CURVE('262932',#7029,#7463,#3881,.T.);
#12909=EDGE_CURVE('262631',#7029,#7027,#3773,.T.);
#12911=EDGE_CURVE('262630',#7027,#7025,#3777,.T.);
#12913=EDGE_CURVE('262629',#7023,#7025,#3897,.T.);
#12915=EDGE_CURVE('262628',#7021,#7023,#3909,.T.);
#12917=EDGE_CURVE('262627',#7019,#7021,#3921,.T.);
#12919=EDGE_CURVE('262626',#7019,#7016,#3781,.T.);
#12921=EDGE_CURVE('262625',#7016,#7017,#3785,.T.);
#12923=EDGE_CURVE('262936',#7471,#7017,#3941,.T.);
#12935=EDGE_CURVE('263252',#7661,#7010,#3789,.T.);
#12937=EDGE_CURVE('262623',#7010,#7011,#3793,.T.);
#12939=EDGE_CURVE('263251',#7011,#7660,#3797,.T.);
#12950=EDGE_CURVE('262622',#7006,#7007,#3813,.T.);
#12952=EDGE_CURVE('262931',#7006,#7461,#3825,.T.);
#12964=EDGE_CURVE('262646',#7013,#7041,#3805,.T.);
#12966=EDGE_CURVE('262637',#7041,#7006,#3809,.T.);
#12979=EDGE_CURVE('262941',#7481,#7041,#3821,.T.);
#12994=EDGE_CURVE('262938',#7034,#7475,#3829,.T.);
#12996=EDGE_CURVE('262939',#7477,#7034,#3833,.T.);
#13007=EDGE_CURVE('262937',#7473,#7031,#3837,.T.);
#13010=EDGE_CURVE('262940',#7055,#7479,#3945,.T.);
#13012=EDGE_CURVE('262644',#7055,#7053,#3841,.T.);
#13014=EDGE_CURVE('262643',#7053,#7051,#3845,.T.);
#13016=EDGE_CURVE('262642',#7049,#7051,#3925,.T.);
#13018=EDGE_CURVE('262641',#7047,#7049,#3913,.T.);
#13020=EDGE_CURVE('262640',#7045,#7047,#3901,.T.);
#13022=EDGE_CURVE('262639',#7045,#7043,#3849,.T.);
#13024=EDGE_CURVE('262638',#7043,#7031,#3853,.T.);
#13035=EDGE_CURVE('263253',#7663,#7037,#3857,.T.);
#13037=EDGE_CURVE('262636',#7037,#7039,#3861,.T.);
#13039=EDGE_CURVE('263254',#7039,#7665,#3865,.T.);
#13050=EDGE_CURVE('262633',#7034,#7035,#3877,.T.);
#13077=EDGE_CURVE('262632',#7029,#7031,#3885,.T.);
#13090=EDGE_CURVE('262652',#7043,#7027,#3889,.T.);
#13103=EDGE_CURVE('262651',#7045,#7025,#3893,.T.);
#13116=EDGE_CURVE('262650',#7047,#7023,#3905,.T.);
#13129=EDGE_CURVE('262649',#7049,#7021,#3917,.T.);
#13142=EDGE_CURVE('262648',#7051,#7019,#3929,.T.);
#13155=EDGE_CURVE('262647',#7053,#7016,#3933,.T.);
#13168=EDGE_CURVE('262645',#7055,#7017,#3937,.T.);
#13192=EDGE_CURVE('262634',#7037,#7011,#3949,.T.);
#13204=EDGE_CURVE('262635',#7039,#7010,#3953,.T.);
#13228=EDGE_CURVE('262918',#7435,#6851,#3957,.T.);
#13231=EDGE_CURVE('262922',#6879,#7443,#4061,.T.);
#13233=EDGE_CURVE('262921',#7441,#6879,#4057,.T.);
#13236=EDGE_CURVE('262923',#6857,#7445,#4005,.T.);
#13238=EDGE_CURVE('262438',#6851,#6857,#3989,.T.);
#13248=EDGE_CURVE('262920',#6873,#7439,#4069,.T.);
#13250=EDGE_CURVE('262445',#6873,#6871,#3961,.T.);
#13252=EDGE_CURVE('262444',#6871,#6869,#3965,.T.);
#13254=EDGE_CURVE('262443',#6867,#6869,#4085,.T.);
#13256=EDGE_CURVE('262442',#6865,#6867,#4097,.T.);
#13258=EDGE_CURVE('262441',#6863,#6865,#4109,.T.);
#13260=EDGE_CURVE('262440',#6863,#6860,#3969,.T.);
#13262=EDGE_CURVE('262439',#6860,#6861,#3973,.T.);
#13264=EDGE_CURVE('262924',#7447,#6861,#4129,.T.);
#13276=EDGE_CURVE('263232',#7653,#6854,#3977,.T.);
#13278=EDGE_CURVE('262437',#6854,#6855,#3981,.T.);
#13280=EDGE_CURVE('263231',#6855,#7652,#3985,.T.);
#13291=EDGE_CURVE('262436',#6850,#6851,#4001,.T.);
#13293=EDGE_CURVE('262919',#6850,#7437,#4013,.T.);
#13305=EDGE_CURVE('262460',#6857,#6885,#3993,.T.);
#13307=EDGE_CURVE('262451',#6885,#6850,#3997,.T.);
#13320=EDGE_CURVE('262929',#7457,#6885,#4009,.T.);
#13335=EDGE_CURVE('262926',#6878,#7451,#4017,.T.);
#13337=EDGE_CURVE('262927',#7453,#6878,#4021,.T.);
#13348=EDGE_CURVE('262925',#7449,#6875,#4025,.T.);
#13351=EDGE_CURVE('262928',#6899,#7455,#4133,.T.);
#13353=EDGE_CURVE('262458',#6899,#6897,#4029,.T.);
#13355=EDGE_CURVE('262457',#6897,#6895,#4033,.T.);
#13357=EDGE_CURVE('262456',#6893,#6895,#4113,.T.);
#13359=EDGE_CURVE('262455',#6891,#6893,#4101,.T.);
#13361=EDGE_CURVE('262454',#6889,#6891,#4089,.T.);
#13363=EDGE_CURVE('262453',#6889,#6887,#4037,.T.);
#13365=EDGE_CURVE('262452',#6887,#6875,#4041,.T.);
#13376=EDGE_CURVE('263233',#7655,#6881,#4045,.T.);
#13378=EDGE_CURVE('262450',#6881,#6883,#4049,.T.);
#13380=EDGE_CURVE('263234',#6883,#7657,#4053,.T.);
#13391=EDGE_CURVE('262447',#6878,#6879,#4065,.T.);
#13418=EDGE_CURVE('262446',#6873,#6875,#4073,.T.);
#13431=EDGE_CURVE('262466',#6887,#6871,#4077,.T.);
#13444=EDGE_CURVE('262465',#6889,#6869,#4081,.T.);
#13457=EDGE_CURVE('262464',#6891,#6867,#4093,.T.);
#13470=EDGE_CURVE('262463',#6893,#6865,#4105,.T.);
#13483=EDGE_CURVE('262462',#6895,#6863,#4117,.T.);
#13496=EDGE_CURVE('262461',#6897,#6860,#4121,.T.);
#13509=EDGE_CURVE('262459',#6899,#6861,#4125,.T.);
#13533=EDGE_CURVE('262448',#6881,#6855,#4137,.T.);
#13545=EDGE_CURVE('262449',#6883,#6854,#4141,.T.);
#13569=EDGE_CURVE('262906',#7411,#6799,#4145,.T.);
#13572=EDGE_CURVE('262910',#6827,#7419,#4249,.T.);
#13574=EDGE_CURVE('262909',#7417,#6827,#4245,.T.);
#13577=EDGE_CURVE('262911',#6805,#7421,#4193,.T.);
#13579=EDGE_CURVE('262407',#6799,#6805,#4177,.T.);
#13589=EDGE_CURVE('262908',#6821,#7415,#4257,.T.);
#13591=EDGE_CURVE('262414',#6821,#6819,#4149,.T.);
#13593=EDGE_CURVE('262413',#6819,#6817,#4153,.T.);
#13595=EDGE_CURVE('262412',#6815,#6817,#4273,.T.);
#13597=EDGE_CURVE('262411',#6813,#6815,#4285,.T.);
#13599=EDGE_CURVE('262410',#6811,#6813,#4297,.T.);
#13601=EDGE_CURVE('262409',#6811,#6808,#4157,.T.);
#13603=EDGE_CURVE('262408',#6808,#6809,#4161,.T.);
#13605=EDGE_CURVE('262912',#7423,#6809,#4317,.T.);
#13617=EDGE_CURVE('263212',#7645,#6802,#4165,.T.);
#13619=EDGE_CURVE('262406',#6802,#6803,#4169,.T.);
#13621=EDGE_CURVE('263211',#6803,#7644,#4173,.T.);
#13632=EDGE_CURVE('262405',#6798,#6799,#4189,.T.);
#13634=EDGE_CURVE('262907',#6798,#7413,#4201,.T.);
#13646=EDGE_CURVE('262429',#6805,#6833,#4181,.T.);
#13648=EDGE_CURVE('262420',#6833,#6798,#4185,.T.);
#13661=EDGE_CURVE('262917',#7433,#6833,#4197,.T.);
#13676=EDGE_CURVE('262914',#6826,#7427,#4205,.T.);
#13678=EDGE_CURVE('262915',#7429,#6826,#4209,.T.);
#13689=EDGE_CURVE('262913',#7425,#6823,#4213,.T.);
#13692=EDGE_CURVE('262916',#6847,#7431,#4321,.T.);
#13694=EDGE_CURVE('262427',#6847,#6845,#4217,.T.);
#13696=EDGE_CURVE('262426',#6845,#6843,#4221,.T.);
#13698=EDGE_CURVE('262425',#6841,#6843,#4301,.T.);
#13700=EDGE_CURVE('262424',#6839,#6841,#4289,.T.);
#13702=EDGE_CURVE('262423',#6837,#6839,#4277,.T.);
#13704=EDGE_CURVE('262422',#6837,#6835,#4225,.T.);
#13706=EDGE_CURVE('262421',#6835,#6823,#4229,.T.);
#13717=EDGE_CURVE('263213',#7647,#6829,#4233,.T.);
#13719=EDGE_CURVE('262419',#6829,#6831,#4237,.T.);
#13721=EDGE_CURVE('263214',#6831,#7649,#4241,.T.);
#13732=EDGE_CURVE('262416',#6826,#6827,#4253,.T.);
#13759=EDGE_CURVE('262415',#6821,#6823,#4261,.T.);
#13772=EDGE_CURVE('262435',#6835,#6819,#4265,.T.);
#13785=EDGE_CURVE('262434',#6837,#6817,#4269,.T.);
#13798=EDGE_CURVE('262433',#6839,#6815,#4281,.T.);
#13811=EDGE_CURVE('262432',#6841,#6813,#4293,.T.);
#13824=EDGE_CURVE('262431',#6843,#6811,#4305,.T.);
#13837=EDGE_CURVE('262430',#6845,#6808,#4309,.T.);
#13850=EDGE_CURVE('262428',#6847,#6809,#4313,.T.);
#13874=EDGE_CURVE('262417',#6829,#6803,#4325,.T.);
#13886=EDGE_CURVE('262418',#6831,#6802,#4329,.T.);
#13910=EDGE_CURVE('262894',#7387,#6747,#4333,.T.);
#13913=EDGE_CURVE('262898',#6775,#7395,#4437,.T.);
#13915=EDGE_CURVE('262897',#7393,#6775,#4433,.T.);
#13918=EDGE_CURVE('262899',#6753,#7397,#4381,.T.);
#13920=EDGE_CURVE('262376',#6747,#6753,#4365,.T.);
#13930=EDGE_CURVE('262896',#6769,#7391,#4445,.T.);
#13932=EDGE_CURVE('262383',#6769,#6767,#4337,.T.);
#13934=EDGE_CURVE('262382',#6767,#6765,#4341,.T.);
#13936=EDGE_CURVE('262381',#6763,#6765,#4461,.T.);
#13938=EDGE_CURVE('262380',#6761,#6763,#4473,.T.);
#13940=EDGE_CURVE('262379',#6759,#6761,#4485,.T.);
#13942=EDGE_CURVE('262378',#6759,#6756,#4345,.T.);
#13944=EDGE_CURVE('262377',#6756,#6757,#4349,.T.);
#13946=EDGE_CURVE('262900',#7399,#6757,#4505,.T.);
#13958=EDGE_CURVE('263192',#7637,#6750,#4353,.T.);
#13960=EDGE_CURVE('262375',#6750,#6751,#4357,.T.);
#13962=EDGE_CURVE('263191',#6751,#7636,#4361,.T.);
#13973=EDGE_CURVE('262374',#6746,#6747,#4377,.T.);
#13975=EDGE_CURVE('262895',#6746,#7389,#4389,.T.);
#13987=EDGE_CURVE('262398',#6753,#6781,#4369,.T.);
#13989=EDGE_CURVE('262389',#6781,#6746,#4373,.T.);
#14002=EDGE_CURVE('262905',#7409,#6781,#4385,.T.);
#14017=EDGE_CURVE('262902',#6774,#7403,#4393,.T.);
#14019=EDGE_CURVE('262903',#7405,#6774,#4397,.T.);
#14030=EDGE_CURVE('262901',#7401,#6771,#4401,.T.);
#14033=EDGE_CURVE('262904',#6795,#7407,#4509,.T.);
#14035=EDGE_CURVE('262396',#6795,#6793,#4405,.T.);
#14037=EDGE_CURVE('262395',#6793,#6791,#4409,.T.);
#14039=EDGE_CURVE('262394',#6789,#6791,#4489,.T.);
#14041=EDGE_CURVE('262393',#6787,#6789,#4477,.T.);
#14043=EDGE_CURVE('262392',#6785,#6787,#4465,.T.);
#14045=EDGE_CURVE('262391',#6785,#6783,#4413,.T.);
#14047=EDGE_CURVE('262390',#6783,#6771,#4417,.T.);
#14058=EDGE_CURVE('263193',#7639,#6777,#4421,.T.);
#14060=EDGE_CURVE('262388',#6777,#6779,#4425,.T.);
#14062=EDGE_CURVE('263194',#6779,#7641,#4429,.T.);
#14073=EDGE_CURVE('262385',#6774,#6775,#4441,.T.);
#14100=EDGE_CURVE('262384',#6769,#6771,#4449,.T.);
#14113=EDGE_CURVE('262404',#6783,#6767,#4453,.T.);
#14126=EDGE_CURVE('262403',#6785,#6765,#4457,.T.);
#14139=EDGE_CURVE('262402',#6787,#6763,#4469,.T.);
#14152=EDGE_CURVE('262401',#6789,#6761,#4481,.T.);
#14165=EDGE_CURVE('262400',#6791,#6759,#4493,.T.);
#14178=EDGE_CURVE('262399',#6793,#6756,#4497,.T.);
#14191=EDGE_CURVE('262397',#6795,#6757,#4501,.T.);
#14215=EDGE_CURVE('262386',#6777,#6751,#4513,.T.);
#14227=EDGE_CURVE('262387',#6779,#6750,#4517,.T.);
#14251=EDGE_CURVE('262882',#7363,#6695,#4521,.T.);
#14254=EDGE_CURVE('262886',#6723,#7371,#4625,.T.);
#14256=EDGE_CURVE('262885',#7369,#6723,#4621,.T.);
#14259=EDGE_CURVE('262887',#6701,#7373,#4569,.T.);
#14261=EDGE_CURVE('262345',#6695,#6701,#4553,.T.);
#14271=EDGE_CURVE('262884',#6717,#7367,#4633,.T.);
#14273=EDGE_CURVE('262352',#6717,#6715,#4525,.T.);
#14275=EDGE_CURVE('262351',#6715,#6713,#4529,.T.);
#14277=EDGE_CURVE('262350',#6711,#6713,#4649,.T.);
#14279=EDGE_CURVE('262349',#6709,#6711,#4661,.T.);
#14281=EDGE_CURVE('262348',#6707,#6709,#4673,.T.);
#14283=EDGE_CURVE('262347',#6707,#6704,#4533,.T.);
#14285=EDGE_CURVE('262346',#6704,#6705,#4537,.T.);
#14287=EDGE_CURVE('262888',#7375,#6705,#4693,.T.);
#14299=EDGE_CURVE('263172',#7629,#6698,#4541,.T.);
#14301=EDGE_CURVE('262344',#6698,#6699,#4545,.T.);
#14303=EDGE_CURVE('263171',#6699,#7628,#4549,.T.);
#14314=EDGE_CURVE('262343',#6694,#6695,#4565,.T.);
#14316=EDGE_CURVE('262883',#6694,#7365,#4577,.T.);
#14328=EDGE_CURVE('262367',#6701,#6729,#4557,.T.);
#14330=EDGE_CURVE('262358',#6729,#6694,#4561,.T.);
#14343=EDGE_CURVE('262893',#7385,#6729,#4573,.T.);
#14358=EDGE_CURVE('262890',#6722,#7379,#4581,.T.);
#14360=EDGE_CURVE('262891',#7381,#6722,#4585,.T.);
#14371=EDGE_CURVE('262889',#7377,#6719,#4589,.T.);
#14374=EDGE_CURVE('262892',#6743,#7383,#4697,.T.);
#14376=EDGE_CURVE('262365',#6743,#6741,#4593,.T.);
#14378=EDGE_CURVE('262364',#6741,#6739,#4597,.T.);
#14380=EDGE_CURVE('262363',#6737,#6739,#4677,.T.);
#14382=EDGE_CURVE('262362',#6735,#6737,#4665,.T.);
#14384=EDGE_CURVE('262361',#6733,#6735,#4653,.T.);
#14386=EDGE_CURVE('262360',#6733,#6731,#4601,.T.);
#14388=EDGE_CURVE('262359',#6731,#6719,#4605,.T.);
#14399=EDGE_CURVE('263173',#7631,#6725,#4609,.T.);
#14401=EDGE_CURVE('262357',#6725,#6727,#4613,.T.);
#14403=EDGE_CURVE('263174',#6727,#7633,#4617,.T.);
#14414=EDGE_CURVE('262354',#6722,#6723,#4629,.T.);
#14441=EDGE_CURVE('262353',#6717,#6719,#4637,.T.);
#14454=EDGE_CURVE('262373',#6731,#6715,#4641,.T.);
#14467=EDGE_CURVE('262372',#6733,#6713,#4645,.T.);
#14480=EDGE_CURVE('262371',#6735,#6711,#4657,.T.);
#14493=EDGE_CURVE('262370',#6737,#6709,#4669,.T.);
#14506=EDGE_CURVE('262369',#6739,#6707,#4681,.T.);
#14519=EDGE_CURVE('262368',#6741,#6704,#4685,.T.);
#14532=EDGE_CURVE('262366',#6743,#6705,#4689,.T.);
#14556=EDGE_CURVE('262355',#6725,#6699,#4701,.T.);
#14568=EDGE_CURVE('262356',#6727,#6698,#4705,.T.);
#14592=EDGE_CURVE('262870',#7339,#6643,#4709,.T.);
#14595=EDGE_CURVE('262874',#6671,#7347,#4813,.T.);
#14597=EDGE_CURVE('262873',#7345,#6671,#4809,.T.);
#14600=EDGE_CURVE('262875',#6649,#7349,#4757,.T.);
#14602=EDGE_CURVE('262314',#6643,#6649,#4741,.T.);
#14612=EDGE_CURVE('262872',#6665,#7343,#4821,.T.);
#14614=EDGE_CURVE('262321',#6665,#6663,#4713,.T.);
#14616=EDGE_CURVE('262320',#6663,#6661,#4717,.T.);
#14618=EDGE_CURVE('262319',#6659,#6661,#4837,.T.);
#14620=EDGE_CURVE('262318',#6657,#6659,#4849,.T.);
#14622=EDGE_CURVE('262317',#6655,#6657,#4861,.T.);
#14624=EDGE_CURVE('262316',#6655,#6652,#4721,.T.);
#14626=EDGE_CURVE('262315',#6652,#6653,#4725,.T.);
#14628=EDGE_CURVE('262876',#7351,#6653,#4881,.T.);
#14640=EDGE_CURVE('263152',#7621,#6646,#4729,.T.);
#14642=EDGE_CURVE('262313',#6646,#6647,#4733,.T.);
#14644=EDGE_CURVE('263151',#6647,#7620,#4737,.T.);
#14655=EDGE_CURVE('262312',#6642,#6643,#4753,.T.);
#14657=EDGE_CURVE('262871',#6642,#7341,#4765,.T.);
#14669=EDGE_CURVE('262336',#6649,#6677,#4745,.T.);
#14671=EDGE_CURVE('262327',#6677,#6642,#4749,.T.);
#14684=EDGE_CURVE('262881',#7361,#6677,#4761,.T.);
#14699=EDGE_CURVE('262878',#6670,#7355,#4769,.T.);
#14701=EDGE_CURVE('262879',#7357,#6670,#4773,.T.);
#14712=EDGE_CURVE('262877',#7353,#6667,#4777,.T.);
#14715=EDGE_CURVE('262880',#6691,#7359,#4885,.T.);
#14717=EDGE_CURVE('262334',#6691,#6689,#4781,.T.);
#14719=EDGE_CURVE('262333',#6689,#6687,#4785,.T.);
#14721=EDGE_CURVE('262332',#6685,#6687,#4865,.T.);
#14723=EDGE_CURVE('262331',#6683,#6685,#4853,.T.);
#14725=EDGE_CURVE('262330',#6681,#6683,#4841,.T.);
#14727=EDGE_CURVE('262329',#6681,#6679,#4789,.T.);
#14729=EDGE_CURVE('262328',#6679,#6667,#4793,.T.);
#14740=EDGE_CURVE('263153',#7623,#6673,#4797,.T.);
#14742=EDGE_CURVE('262326',#6673,#6675,#4801,.T.);
#14744=EDGE_CURVE('263154',#6675,#7625,#4805,.T.);
#14755=EDGE_CURVE('262323',#6670,#6671,#4817,.T.);
#14782=EDGE_CURVE('262322',#6665,#6667,#4825,.T.);
#14795=EDGE_CURVE('262342',#6679,#6663,#4829,.T.);
#14808=EDGE_CURVE('262341',#6681,#6661,#4833,.T.);
#14821=EDGE_CURVE('262340',#6683,#6659,#4845,.T.);
#14834=EDGE_CURVE('262339',#6685,#6657,#4857,.T.);
#14847=EDGE_CURVE('262338',#6687,#6655,#4869,.T.);
#14860=EDGE_CURVE('262337',#6689,#6652,#4873,.T.);
#14873=EDGE_CURVE('262335',#6691,#6653,#4877,.T.);
#14897=EDGE_CURVE('262324',#6673,#6647,#4889,.T.);
#14909=EDGE_CURVE('262325',#6675,#6646,#4893,.T.);
#14933=EDGE_CURVE('262858',#7315,#6591,#4897,.T.);
#14936=EDGE_CURVE('262862',#6619,#7323,#5001,.T.);
#14938=EDGE_CURVE('262861',#7321,#6619,#4997,.T.);
#14941=EDGE_CURVE('262863',#6597,#7325,#4945,.T.);
#14943=EDGE_CURVE('262283',#6591,#6597,#4929,.T.);
#14953=EDGE_CURVE('262860',#6613,#7319,#5009,.T.);
#14955=EDGE_CURVE('262290',#6613,#6611,#4901,.T.);
#14957=EDGE_CURVE('262289',#6611,#6609,#4905,.T.);
#14959=EDGE_CURVE('262288',#6607,#6609,#5025,.T.);
#14961=EDGE_CURVE('262287',#6605,#6607,#5037,.T.);
#14963=EDGE_CURVE('262286',#6603,#6605,#5049,.T.);
#14965=EDGE_CURVE('262285',#6603,#6600,#4909,.T.);
#14967=EDGE_CURVE('262284',#6600,#6601,#4913,.T.);
#14969=EDGE_CURVE('262864',#7327,#6601,#5069,.T.);
#14981=EDGE_CURVE('263132',#7613,#6594,#4917,.T.);
#14983=EDGE_CURVE('262282',#6594,#6595,#4921,.T.);
#14985=EDGE_CURVE('263131',#6595,#7612,#4925,.T.);
#14996=EDGE_CURVE('262281',#6590,#6591,#4941,.T.);
#14998=EDGE_CURVE('262859',#6590,#7317,#4953,.T.);
#15010=EDGE_CURVE('262305',#6597,#6625,#4933,.T.);
#15012=EDGE_CURVE('262296',#6625,#6590,#4937,.T.);
#15025=EDGE_CURVE('262869',#7337,#6625,#4949,.T.);
#15040=EDGE_CURVE('262866',#6618,#7331,#4957,.T.);
#15042=EDGE_CURVE('262867',#7333,#6618,#4961,.T.);
#15053=EDGE_CURVE('262865',#7329,#6615,#4965,.T.);
#15056=EDGE_CURVE('262868',#6639,#7335,#5073,.T.);
#15058=EDGE_CURVE('262303',#6639,#6637,#4969,.T.);
#15060=EDGE_CURVE('262302',#6637,#6635,#4973,.T.);
#15062=EDGE_CURVE('262301',#6633,#6635,#5053,.T.);
#15064=EDGE_CURVE('262300',#6631,#6633,#5041,.T.);
#15066=EDGE_CURVE('262299',#6629,#6631,#5029,.T.);
#15068=EDGE_CURVE('262298',#6629,#6627,#4977,.T.);
#15070=EDGE_CURVE('262297',#6627,#6615,#4981,.T.);
#15081=EDGE_CURVE('263133',#7615,#6621,#4985,.T.);
#15083=EDGE_CURVE('262295',#6621,#6623,#4989,.T.);
#15085=EDGE_CURVE('263134',#6623,#7617,#4993,.T.);
#15096=EDGE_CURVE('262292',#6618,#6619,#5005,.T.);
#15123=EDGE_CURVE('262291',#6613,#6615,#5013,.T.);
#15136=EDGE_CURVE('262311',#6627,#6611,#5017,.T.);
#15149=EDGE_CURVE('262310',#6629,#6609,#5021,.T.);
#15162=EDGE_CURVE('262309',#6631,#6607,#5033,.T.);
#15175=EDGE_CURVE('262308',#6633,#6605,#5045,.T.);
#15188=EDGE_CURVE('262307',#6635,#6603,#5057,.T.);
#15201=EDGE_CURVE('262306',#6637,#6600,#5061,.T.);
#15214=EDGE_CURVE('262304',#6639,#6601,#5065,.T.);
#15238=EDGE_CURVE('262293',#6621,#6595,#5077,.T.);
#15250=EDGE_CURVE('262294',#6623,#6594,#5081,.T.);
#15274=EDGE_CURVE('262846',#7291,#6539,#5085,.T.);
#15277=EDGE_CURVE('262850',#6567,#7299,#5189,.T.);
#15279=EDGE_CURVE('262849',#7297,#6567,#5185,.T.);
#15282=EDGE_CURVE('262851',#6545,#7301,#5133,.T.);
#15284=EDGE_CURVE('262252',#6539,#6545,#5117,.T.);
#15294=EDGE_CURVE('262848',#6561,#7295,#5197,.T.);
#15296=EDGE_CURVE('262259',#6561,#6559,#5089,.T.);
#15298=EDGE_CURVE('262258',#6559,#6557,#5093,.T.);
#15300=EDGE_CURVE('262257',#6555,#6557,#5213,.T.);
#15302=EDGE_CURVE('262256',#6553,#6555,#5225,.T.);
#15304=EDGE_CURVE('262255',#6551,#6553,#5237,.T.);
#15306=EDGE_CURVE('262254',#6551,#6548,#5097,.T.);
#15308=EDGE_CURVE('262253',#6548,#6549,#5101,.T.);
#15310=EDGE_CURVE('262852',#7303,#6549,#5257,.T.);
#15322=EDGE_CURVE('263112',#7605,#6542,#5105,.T.);
#15324=EDGE_CURVE('262251',#6542,#6543,#5109,.T.);
#15326=EDGE_CURVE('263111',#6543,#7604,#5113,.T.);
#15337=EDGE_CURVE('262250',#6538,#6539,#5129,.T.);
#15339=EDGE_CURVE('262847',#6538,#7293,#5141,.T.);
#15351=EDGE_CURVE('262274',#6545,#6573,#5121,.T.);
#15353=EDGE_CURVE('262265',#6573,#6538,#5125,.T.);
#15366=EDGE_CURVE('262857',#7313,#6573,#5137,.T.);
#15381=EDGE_CURVE('262854',#6566,#7307,#5145,.T.);
#15383=EDGE_CURVE('262855',#7309,#6566,#5149,.T.);
#15394=EDGE_CURVE('262853',#7305,#6563,#5153,.T.);
#15397=EDGE_CURVE('262856',#6587,#7311,#5261,.T.);
#15399=EDGE_CURVE('262272',#6587,#6585,#5157,.T.);
#15401=EDGE_CURVE('262271',#6585,#6583,#5161,.T.);
#15403=EDGE_CURVE('262270',#6581,#6583,#5241,.T.);
#15405=EDGE_CURVE('262269',#6579,#6581,#5229,.T.);
#15407=EDGE_CURVE('262268',#6577,#6579,#5217,.T.);
#15409=EDGE_CURVE('262267',#6577,#6575,#5165,.T.);
#15411=EDGE_CURVE('262266',#6575,#6563,#5169,.T.);
#15422=EDGE_CURVE('263113',#7607,#6569,#5173,.T.);
#15424=EDGE_CURVE('262264',#6569,#6571,#5177,.T.);
#15426=EDGE_CURVE('263114',#6571,#7609,#5181,.T.);
#15437=EDGE_CURVE('262261',#6566,#6567,#5193,.T.);
#15464=EDGE_CURVE('262260',#6561,#6563,#5201,.T.);
#15477=EDGE_CURVE('262280',#6575,#6559,#5205,.T.);
#15490=EDGE_CURVE('262279',#6577,#6557,#5209,.T.);
#15503=EDGE_CURVE('262278',#6579,#6555,#5221,.T.);
#15516=EDGE_CURVE('262277',#6581,#6553,#5233,.T.);
#15529=EDGE_CURVE('262276',#6583,#6551,#5245,.T.);
#15542=EDGE_CURVE('262275',#6585,#6548,#5249,.T.);
#15555=EDGE_CURVE('262273',#6587,#6549,#5253,.T.);
#15579=EDGE_CURVE('262262',#6569,#6543,#5265,.T.);
#15591=EDGE_CURVE('262263',#6571,#6542,#5269,.T.);
#15615=EDGE_CURVE('262834',#7267,#6487,#5273,.T.);
#15618=EDGE_CURVE('262838',#6515,#7275,#5377,.T.);
#15620=EDGE_CURVE('262837',#7273,#6515,#5373,.T.);
#15623=EDGE_CURVE('262839',#6493,#7277,#5321,.T.);
#15625=EDGE_CURVE('262221',#6487,#6493,#5305,.T.);
#15635=EDGE_CURVE('262836',#6509,#7271,#5385,.T.);
#15637=EDGE_CURVE('262228',#6509,#6507,#5277,.T.);
#15639=EDGE_CURVE('262227',#6507,#6505,#5281,.T.);
#15641=EDGE_CURVE('262226',#6503,#6505,#5401,.T.);
#15643=EDGE_CURVE('262225',#6501,#6503,#5413,.T.);
#15645=EDGE_CURVE('262224',#6499,#6501,#5425,.T.);
#15647=EDGE_CURVE('262223',#6499,#6496,#5285,.T.);
#15649=EDGE_CURVE('262222',#6496,#6497,#5289,.T.);
#15651=EDGE_CURVE('262840',#7279,#6497,#5445,.T.);
#15663=EDGE_CURVE('263092',#7597,#6490,#5293,.T.);
#15665=EDGE_CURVE('262220',#6490,#6491,#5297,.T.);
#15667=EDGE_CURVE('263091',#6491,#7596,#5301,.T.);
#15678=EDGE_CURVE('262219',#6486,#6487,#5317,.T.);
#15680=EDGE_CURVE('262835',#6486,#7269,#5329,.T.);
#15692=EDGE_CURVE('262243',#6493,#6521,#5309,.T.);
#15694=EDGE_CURVE('262234',#6521,#6486,#5313,.T.);
#15707=EDGE_CURVE('262845',#7289,#6521,#5325,.T.);
#15722=EDGE_CURVE('262842',#6514,#7283,#5333,.T.);
#15724=EDGE_CURVE('262843',#7285,#6514,#5337,.T.);
#15735=EDGE_CURVE('262841',#7281,#6511,#5341,.T.);
#15738=EDGE_CURVE('262844',#6535,#7287,#5449,.T.);
#15740=EDGE_CURVE('262241',#6535,#6533,#5345,.T.);
#15742=EDGE_CURVE('262240',#6533,#6531,#5349,.T.);
#15744=EDGE_CURVE('262239',#6529,#6531,#5429,.T.);
#15746=EDGE_CURVE('262238',#6527,#6529,#5417,.T.);
#15748=EDGE_CURVE('262237',#6525,#6527,#5405,.T.);
#15750=EDGE_CURVE('262236',#6525,#6523,#5353,.T.);
#15752=EDGE_CURVE('262235',#6523,#6511,#5357,.T.);
#15763=EDGE_CURVE('263093',#7599,#6517,#5361,.T.);
#15765=EDGE_CURVE('262233',#6517,#6519,#5365,.T.);
#15767=EDGE_CURVE('263094',#6519,#7601,#5369,.T.);
#15778=EDGE_CURVE('262230',#6514,#6515,#5381,.T.);
#15805=EDGE_CURVE('262229',#6509,#6511,#5389,.T.);
#15818=EDGE_CURVE('262249',#6523,#6507,#5393,.T.);
#15831=EDGE_CURVE('262248',#6525,#6505,#5397,.T.);
#15844=EDGE_CURVE('262247',#6527,#6503,#5409,.T.);
#15857=EDGE_CURVE('262246',#6529,#6501,#5421,.T.);
#15870=EDGE_CURVE('262245',#6531,#6499,#5433,.T.);
#15883=EDGE_CURVE('262244',#6533,#6496,#5437,.T.);
#15896=EDGE_CURVE('262242',#6535,#6497,#5441,.T.);
#15920=EDGE_CURVE('262231',#6517,#6491,#5453,.T.);
#15932=EDGE_CURVE('262232',#6519,#6490,#5457,.T.);
#15956=EDGE_CURVE('262822',#7243,#7059,#5461,.T.);
#15959=EDGE_CURVE('262826',#7087,#7251,#5565,.T.);
#15961=EDGE_CURVE('262825',#7249,#7087,#5561,.T.);
#15964=EDGE_CURVE('262827',#7065,#7253,#5509,.T.);
#15966=EDGE_CURVE('262655',#7059,#7065,#5493,.T.);
#15976=EDGE_CURVE('262824',#7081,#7247,#5573,.T.);
#15978=EDGE_CURVE('262662',#7081,#7079,#5465,.T.);
#15980=EDGE_CURVE('262661',#7079,#7077,#5469,.T.);
#15982=EDGE_CURVE('262660',#7075,#7077,#5589,.T.);
#15984=EDGE_CURVE('262659',#7073,#7075,#5601,.T.);
#15986=EDGE_CURVE('262658',#7071,#7073,#5613,.T.);
#15988=EDGE_CURVE('262657',#7071,#7068,#5473,.T.);
#15990=EDGE_CURVE('262656',#7068,#7069,#5477,.T.);
#15992=EDGE_CURVE('262828',#7255,#7069,#5633,.T.);
#16004=EDGE_CURVE('263072',#7589,#7062,#5481,.T.);
#16006=EDGE_CURVE('262654',#7062,#7063,#5485,.T.);
#16008=EDGE_CURVE('263071',#7063,#7588,#5489,.T.);
#16019=EDGE_CURVE('262653',#7058,#7059,#5505,.T.);
#16021=EDGE_CURVE('262823',#7058,#7245,#5517,.T.);
#16033=EDGE_CURVE('262677',#7065,#7093,#5497,.T.);
#16035=EDGE_CURVE('262668',#7093,#7058,#5501,.T.);
#16048=EDGE_CURVE('262833',#7265,#7093,#5513,.T.);
#16063=EDGE_CURVE('262830',#7086,#7259,#5521,.T.);
#16065=EDGE_CURVE('262831',#7261,#7086,#5525,.T.);
#16076=EDGE_CURVE('262829',#7257,#7083,#5529,.T.);
#16079=EDGE_CURVE('262832',#7107,#7263,#5637,.T.);
#16081=EDGE_CURVE('262675',#7107,#7105,#5533,.T.);
#16083=EDGE_CURVE('262674',#7105,#7103,#5537,.T.);
#16085=EDGE_CURVE('262673',#7101,#7103,#5617,.T.);
#16087=EDGE_CURVE('262672',#7099,#7101,#5605,.T.);
#16089=EDGE_CURVE('262671',#7097,#7099,#5593,.T.);
#16091=EDGE_CURVE('262670',#7097,#7095,#5541,.T.);
#16093=EDGE_CURVE('262669',#7095,#7083,#5545,.T.);
#16104=EDGE_CURVE('263073',#7591,#7089,#5549,.T.);
#16106=EDGE_CURVE('262667',#7089,#7091,#5553,.T.);
#16108=EDGE_CURVE('263074',#7091,#7593,#5557,.T.);
#16119=EDGE_CURVE('262664',#7086,#7087,#5569,.T.);
#16146=EDGE_CURVE('262663',#7081,#7083,#5577,.T.);
#16159=EDGE_CURVE('262683',#7095,#7079,#5581,.T.);
#16172=EDGE_CURVE('262682',#7097,#7077,#5585,.T.);
#16185=EDGE_CURVE('262681',#7099,#7075,#5597,.T.);
#16198=EDGE_CURVE('262680',#7101,#7073,#5609,.T.);
#16211=EDGE_CURVE('262679',#7103,#7071,#5621,.T.);
#16224=EDGE_CURVE('262678',#7105,#7068,#5625,.T.);
#16237=EDGE_CURVE('262676',#7107,#7069,#5629,.T.);
#16261=EDGE_CURVE('262665',#7089,#7063,#5641,.T.);
#16273=EDGE_CURVE('262666',#7091,#7062,#5645,.T.);
#16297=EDGE_CURVE('262810',#7219,#7111,#5649,.T.);
#16300=EDGE_CURVE('262814',#7139,#7227,#5753,.T.);
#16302=EDGE_CURVE('262813',#7225,#7139,#5749,.T.);
#16305=EDGE_CURVE('262815',#7117,#7229,#5697,.T.);
#16307=EDGE_CURVE('262686',#7111,#7117,#5681,.T.);
#16317=EDGE_CURVE('262812',#7133,#7223,#5761,.T.);
#16319=EDGE_CURVE('262693',#7133,#7131,#5653,.T.);
#16321=EDGE_CURVE('262692',#7131,#7129,#5657,.T.);
#16323=EDGE_CURVE('262691',#7127,#7129,#5777,.T.);
#16325=EDGE_CURVE('262690',#7125,#7127,#5789,.T.);
#16327=EDGE_CURVE('262689',#7123,#7125,#5801,.T.);
#16329=EDGE_CURVE('262688',#7123,#7120,#5661,.T.);
#16331=EDGE_CURVE('262687',#7120,#7121,#5665,.T.);
#16333=EDGE_CURVE('262816',#7231,#7121,#5821,.T.);
#16345=EDGE_CURVE('263051',#7581,#7114,#5669,.T.);
#16347=EDGE_CURVE('262685',#7114,#7115,#5673,.T.);
#16349=EDGE_CURVE('263050',#7115,#7580,#5677,.T.);
#16360=EDGE_CURVE('262684',#7110,#7111,#5693,.T.);
#16362=EDGE_CURVE('262811',#7110,#7221,#5705,.T.);
#16374=EDGE_CURVE('262708',#7117,#7145,#5685,.T.);
#16376=EDGE_CURVE('262699',#7145,#7110,#5689,.T.);
#16389=EDGE_CURVE('262821',#7241,#7145,#5701,.T.);
#16404=EDGE_CURVE('262818',#7138,#7235,#5709,.T.);
#16406=EDGE_CURVE('262819',#7237,#7138,#5713,.T.);
#16417=EDGE_CURVE('262817',#7233,#7135,#5717,.T.);
#16420=EDGE_CURVE('262820',#7159,#7239,#5825,.T.);
#16422=EDGE_CURVE('262706',#7159,#7157,#5721,.T.);
#16424=EDGE_CURVE('262705',#7157,#7155,#5725,.T.);
#16426=EDGE_CURVE('262704',#7153,#7155,#5805,.T.);
#16428=EDGE_CURVE('262703',#7151,#7153,#5793,.T.);
#16430=EDGE_CURVE('262702',#7149,#7151,#5781,.T.);
#16432=EDGE_CURVE('262701',#7149,#7147,#5729,.T.);
#16434=EDGE_CURVE('262700',#7147,#7135,#5733,.T.);
#16445=EDGE_CURVE('263052',#7583,#7141,#5737,.T.);
#16447=EDGE_CURVE('262698',#7141,#7143,#5741,.T.);
#16449=EDGE_CURVE('263053',#7143,#7585,#5745,.T.);
#16460=EDGE_CURVE('262695',#7138,#7139,#5757,.T.);
#16487=EDGE_CURVE('262694',#7133,#7135,#5765,.T.);
#16500=EDGE_CURVE('262714',#7147,#7131,#5769,.T.);
#16513=EDGE_CURVE('262713',#7149,#7129,#5773,.T.);
#16526=EDGE_CURVE('262712',#7151,#7127,#5785,.T.);
#16539=EDGE_CURVE('262711',#7153,#7125,#5797,.T.);
#16552=EDGE_CURVE('262710',#7155,#7123,#5809,.T.);
#16565=EDGE_CURVE('262709',#7157,#7120,#5813,.T.);
#16578=EDGE_CURVE('262707',#7159,#7121,#5817,.T.);
#16602=EDGE_CURVE('262696',#7141,#7115,#5829,.T.);
#16614=EDGE_CURVE('262697',#7143,#7114,#5833,.T.);
#16638=EDGE_CURVE('266139',#7900,#7888,#5837,.T.);
#16640=EDGE_CURVE('266155',#7213,#7900,#5841,.T.);
#16642=EDGE_CURVE('262802',#7213,#7211,#5902,.T.);
#16646=EDGE_CURVE('265232',#7888,#7886,#5947,.T.);
#16656=EDGE_CURVE('266140',#7890,#7902,#5869,.T.);
#16658=EDGE_CURVE('266156',#7902,#7215,#5865,.T.);
#16660=EDGE_CURVE('262804',#7215,#7213,#5906,.T.);
#16664=EDGE_CURVE('265233',#7888,#7890,#5853,.T.);
#16674=EDGE_CURVE('266141',#7904,#7892,#5857,.T.);
#16676=EDGE_CURVE('266157',#7217,#7904,#5861,.T.);
#16678=EDGE_CURVE('262806',#7217,#7215,#5911,.T.);
#16682=EDGE_CURVE('265234',#7892,#7890,#5942,.T.);
#16692=EDGE_CURVE('266168',#7884,#7209,#5873,.T.);
#16694=EDGE_CURVE('262808',#7209,#7217,#5877,.T.);
#16698=EDGE_CURVE('265235',#7892,#7884,#5881,.T.);
#16709=EDGE_CURVE('262792',#7207,#7200,#5889,.T.);
#16711=EDGE_CURVE('262793',#7207,#7209,#5915,.T.);
#16714=EDGE_CURVE('265227',#7882,#7884,#5937,.T.);
#16716=EDGE_CURVE('265225',#7882,#7877,#5955,.T.);
#16728=EDGE_CURVE('262809',#7205,#7207,#5897,.T.);
#16757=EDGE_CURVE('265226',#7882,#7878,#5933,.T.);
#16789=ADVANCED_BREP_SHAPE_REPRESENTATION('',(#16780),#16788);
#16796=PRODUCT_DEFINITION('design','',#16795,#16792);
#16797=PRODUCT_DEFINITION_SHAPE('','SHAPE FOR HLW_R-2C7_LF.',#16796);
#16798=SHAPE_DEFINITION_REPRESENTATION(#16797,#16789);
ENDSEC;
END-ISO-10303-21;
